{
	"format_version": "1.21.0",
	"minecraft:geometry": [
		{
			"description": {
				"identifier": "geometry.unknown",
				"texture_width": 256,
				"texture_height": 256,
				"visible_bounds_width": 5,
				"visible_bounds_height": 4.5,
				"visible_bounds_offset": [0, 1.75, 0]
			},
			"bones": [
				{
					"name": "LeftArm",
					"pivot": [1.4, 32.025, 0],
					"cubes": [
						{"origin": [0.6, 31.075, -1.2], "size": [2.55, 1, 2.5], "uv": [222, 22], "mirror": true},
						{"origin": [0.35, 25.575, -1.3], "size": [2.85, 4.5, 2.7], "uv": [228, 28], "mirror": true},
						{"origin": [0.35, 30.075, -1.3], "size": [2.85, 1, 2.7], "uv": [224, 29], "mirror": true},
						{"origin": [0.45, 30.9, -1.2], "size": [2.5, 1.2, 2.5], "uv": [219, 29], "mirror": true},
						{"origin": [0.25, 31.5, -1.2], "size": [2.5, 1.3, 2.5], "pivot": [1.95, 31.55, -0.2], "rotation": [0, 0, 27.5], "uv": [11, 14], "mirror": true},
						{"origin": [0.25, 31.6, -1.3], "size": [2.7, 1.3, 2.7], "pivot": [1.95, 31.55, -0.2], "rotation": [0, 0, 27.5], "uv": [197, 21], "mirror": true},
						{"origin": [0.6, 25.175, -1.2], "size": [2.55, 2, 2.2], "uv": [229, 155], "mirror": true},
						{"origin": [0.8, 25.125, -1.2], "size": [2.2, 2.05, 1.8], "uv": [228, 153], "mirror": true}
					]
				},
				{
					"name": "bone77",
					"parent": "LeftArm",
					"pivot": [1.66772, 29.23673, -0.59813],
					"cubes": [
						{"origin": [3.1177, 26.0367, -2.7981], "size": [1, 4.4, 4.4], "pivot": [1.66772, 29.23673, -0.59813], "rotation": [76.19271, 1.44548, 80.27183], "uv": [229, 191]},
						{"origin": [4.1177, 30.1367, -1.7981], "size": [0.2, 0.4, 1.4], "pivot": [1.66772, 29.23673, -0.59813], "rotation": [76.19271, 1.44548, 80.27183], "uv": [221, 23]},
						{"origin": [3.1177, 30.1367, -1.7981], "size": [1.2, 0.4, 0.2], "pivot": [1.66772, 29.23673, -0.59813], "rotation": [76.19271, 1.44548, 80.27183], "uv": [222, 25]},
						{"origin": [3.1177, 30.1367, -0.5981], "size": [1.2, 0.4, 0.2], "pivot": [1.66772, 29.23673, -0.59813], "rotation": [76.19271, 1.44548, 80.27183], "uv": [222, 25]},
						{"origin": [2.9177, 30.1367, -1.7981], "size": [0.2, 0.4, 1.4], "pivot": [1.66772, 29.23673, -0.59813], "rotation": [76.19271, 1.44548, 80.27183], "uv": [221, 23]}
					]
				},
				{
					"name": "bone50",
					"parent": "LeftArm",
					"pivot": [-0.8, 26.575, -2.9625],
					"cubes": [
						{"origin": [-1.83228, 27.4367, -2.0981], "size": [8, 4, 4], "pivot": [1.66772, 30.23673, -0.59813], "rotation": [76.63909, -1.20013, 90.00163], "uv": [63, 113]},
						{"origin": [2.1177, 27.23673, -2.59813], "size": [1.5, 2, 4], "pivot": [1.66772, 30.23673, -0.59813], "rotation": [76.19271, 1.44548, 80.27183], "uv": [61, 113]},
						{"origin": [2.1177, 27.23673, -2.59813], "size": [1.5, 2, 4], "pivot": [1.66772, 30.23673, -0.59813], "rotation": [76.19271, 1.44548, 80.27183], "uv": [61, 113]}
					]
				},
				{
					"name": "LeftForeArm3",
					"parent": "LeftArm",
					"pivot": [2.125, 25.075, 0.025],
					"cubes": [
						{"origin": [0.35, 21.075, -1.3], "size": [2.85, 4.5, 2.7], "uv": [236, 11], "mirror": true},
						{"origin": [0.5, 20.075, -1.4], "size": [2.95, 2, 2.9], "uv": [233, 29], "mirror": true},
						{"origin": [0.525, 20.375, -1.2], "size": [2.5, 5, 2.5], "pivot": [1.775, 22.875, 0.05], "rotation": [0, 0, -5], "uv": [211, 19], "mirror": true},
						{"origin": [-0.795, 23.975, -1.2], "size": [1, 1, 2.5], "pivot": [1.775, 22.875, 0.05], "rotation": [0, 0, 35], "uv": [104, 5], "mirror": true},
						{"origin": [0.625, 18.075, -1.2], "size": [2.5, 7, 2.5], "uv": [10, 14], "mirror": true},
						{"origin": [0.625, 25.075, -1.2], "size": [2.5, 1, 2.5], "uv": [220, 150], "mirror": true}
					]
				},
				{
					"name": "bone58",
					"parent": "LeftForeArm3",
					"pivot": [-2, -5, 0],
					"cubes": [
						{"origin": [6.16772, 27.23673, -2.59813], "size": [7, 4, 4], "pivot": [1.66772, 30.23673, -0.59813], "rotation": [76.63909, 3.79987, 90.00163], "uv": [62, 113]},
						{"origin": [5.16772, 27.23673, -2.59813], "size": [7, 4, 4], "pivot": [1.66772, 30.23673, -0.59813], "rotation": [76.19271, 1.44548, 80.27183], "uv": [62, 113]}
					]
				},
				{
					"name": "bone79",
					"parent": "LeftForeArm3",
					"pivot": [1.66772, 32.23673, -0.59813],
					"cubes": [
						{"origin": [9.1177, 29.0367, -3.7981], "size": [1, 4.4, 5.4], "pivot": [1.66772, 32.23673, -0.59813], "rotation": [76.19271, 1.44548, 80.27183], "uv": [228, 190]},
						{"origin": [10.1177, 33.1367, -1.7981], "size": [0.2, 0.4, 1.4], "pivot": [1.66772, 32.23673, -0.59813], "rotation": [76.19271, 1.44548, 80.27183], "uv": [221, 23]},
						{"origin": [9.1177, 33.1367, -1.7981], "size": [1.2, 0.4, 0.2], "pivot": [1.66772, 32.23673, -0.59813], "rotation": [76.19271, 1.44548, 80.27183], "uv": [222, 25]},
						{"origin": [9.1177, 33.1367, -0.5981], "size": [1.2, 0.4, 0.2], "pivot": [1.66772, 32.23673, -0.59813], "rotation": [76.19271, 1.44548, 80.27183], "uv": [222, 25]},
						{"origin": [8.9177, 33.1367, -1.7981], "size": [0.2, 0.4, 1.4], "pivot": [1.66772, 32.23673, -0.59813], "rotation": [76.19271, 1.44548, 80.27183], "uv": [221, 23]}
					]
				},
				{
					"name": "LeftForeArm4",
					"parent": "LeftForeArm3",
					"pivot": [2.125, 25.075, 0.025],
					"cubes": [
						{"origin": [0.5, 19.975, -1.4], "size": [2.95, 0.1, 2.9], "uv": [212, 65], "mirror": true},
						{"origin": [2.5, 22.075, -0.9], "size": [0.95, 3, 1.9], "uv": [201, 20], "mirror": true}
					]
				},
				{
					"name": "LeftHandLocator2",
					"parent": "LeftForeArm3",
					"pivot": [2.125, 19.575, 0.025]
				},
				{
					"name": "RightArm",
					"pivot": [-1.4, 32.025, 0],
					"cubes": [
						{"origin": [-3.15, 26.075, -1.2], "size": [2.55, 6, 2.5], "uv": [9, 12]},
						{"origin": [-3.3, 25.575, -1.3], "size": [2.85, 4.5, 2.7], "uv": [202, 24]},
						{"origin": [-3.3, 30.075, -1.3], "size": [2.85, 1, 2.7], "uv": [209, 17]},
						{"origin": [-3.3, 31.075, -1.3], "size": [2.85, 1.2, 2.7], "uv": [211, 21]},
						{"origin": [-2.95, 25.9, -1.2], "size": [1.5, 6.3, 2.5], "uv": [107, 2]},
						{"origin": [-2.75, 31.5, -1.2], "size": [2.5, 1.3, 2.5], "pivot": [-1.95, 31.55, -0.2], "rotation": [0, 0, -27.5], "uv": [11, 14]},
						{"origin": [-2.95, 31.6, -1.3], "size": [2.7, 1.3, 2.7], "pivot": [-1.95, 31.55, -0.2], "rotation": [0, 0, -27.5], "uv": [210, 13]},
						{"origin": [-3.15, 25.175, -1.2], "size": [2.55, 2, 2.2], "uv": [226, 152]},
						{"origin": [-3, 25.125, -1.2], "size": [2.2, 2.05, 1.8], "uv": [223, 152]}
					]
				},
				{
					"name": "bone75",
					"parent": "RightArm",
					"pivot": [-1.66772, 29.23673, -0.59813],
					"cubes": [
						{"origin": [-4.1177, 26.0367, -2.7981], "size": [1, 4.4, 4.4], "pivot": [-1.66772, 29.23673, -0.59813], "rotation": [76.19271, -1.44548, -80.27183], "uv": [229, 191], "mirror": true},
						{"origin": [-4.3177, 30.1367, -1.7981], "size": [0.2, 0.4, 1.4], "pivot": [-1.66772, 29.23673, -0.59813], "rotation": [76.19271, -1.44548, -80.27183], "uv": [221, 23], "mirror": true},
						{"origin": [-4.3177, 30.1367, -1.7981], "size": [1.2, 0.4, 0.2], "pivot": [-1.66772, 29.23673, -0.59813], "rotation": [76.19271, -1.44548, -80.27183], "uv": [222, 25], "mirror": true},
						{"origin": [-4.3177, 30.1367, -0.5981], "size": [1.2, 0.4, 0.2], "pivot": [-1.66772, 29.23673, -0.59813], "rotation": [76.19271, -1.44548, -80.27183], "uv": [222, 25], "mirror": true},
						{"origin": [-3.1177, 30.1367, -1.7981], "size": [0.2, 0.4, 1.4], "pivot": [-1.66772, 29.23673, -0.59813], "rotation": [76.19271, -1.44548, -80.27183], "uv": [221, 23], "mirror": true}
					]
				},
				{
					"name": "bone45",
					"parent": "RightArm",
					"pivot": [2, -5, 0],
					"cubes": [
						{"origin": [-5.16772, 26.23673, -2.59813], "size": [1, 4, 4], "pivot": [-1.66772, 29.23673, -0.59813], "rotation": [76.19271, -1.44548, -80.27183], "uv": [66, 111], "mirror": true},
						{"origin": [-5.16772, 26.23673, -2.59813], "size": [2, 4, 4], "pivot": [-1.66772, 29.23673, -0.59813], "rotation": [76.63909, -3.79987, -90.00163], "uv": [68, 113], "mirror": true},
						{"origin": [-4.6177, 26.23673, -2.59813], "size": [2.5, 4, 4], "pivot": [-1.66772, 29.23673, -0.59813], "rotation": [76.19271, -1.44548, -80.27183], "uv": [67, 111], "mirror": true}
					]
				},
				{
					"name": "bone60",
					"parent": "bone45",
					"pivot": [0.8, 28.575, -3.9625],
					"rotation": [-37.5, 0, 0],
					"cubes": [
						{"origin": [-2.95, 25.375, -6.15], "size": [0.25, 2, 4], "pivot": [-3.2, 28.575, -3.9625], "rotation": [77.64141, 48.11659, -86.35071], "uv": [75, 112], "mirror": true},
						{"origin": [-4.95, 26.375, -6.15], "size": [0.25, 3, 2], "pivot": [-3.2, 28.575, -3.9625], "rotation": [36.87231, 79.71074, -129.7667], "uv": [77, 114], "mirror": true}
					]
				},
				{
					"name": "bone73",
					"parent": "bone60",
					"pivot": [-3.2, 28.575, -3.9625],
					"cubes": [
						{"origin": [-4.85, 28.375, -4.85], "size": [0.25, 0.6, 0.6], "pivot": [-3.2, 28.575, -3.9625], "rotation": [36.87231, 79.71074, -129.7667], "uv": [204, 15], "mirror": true},
						{"origin": [-4.8, 28.425, -4.8], "size": [0.25, 0.5, 0.5], "pivot": [-3.2, 28.575, -3.9625], "rotation": [36.87231, 79.71074, -129.7667], "uv": [69, 117], "mirror": true}
					]
				},
				{
					"name": "bone74",
					"parent": "bone60",
					"pivot": [-3.2, 28.575, -3.9625],
					"cubes": [
						{"origin": [-4.85, 28.375, -6.05], "size": [0.25, 0.6, 0.6], "pivot": [-3.2, 28.575, -3.9625], "rotation": [36.87231, 79.71074, -129.7667], "uv": [204, 15], "mirror": true},
						{"origin": [-4.8, 28.425, -6], "size": [0.25, 0.5, 0.5], "pivot": [-3.2, 28.575, -3.9625], "rotation": [36.87231, 79.71074, -129.7667], "uv": [69, 117], "mirror": true}
					]
				},
				{
					"name": "RightForeArm2",
					"parent": "RightArm",
					"pivot": [-2.125, 25.075, 0.025],
					"cubes": [
						{"origin": [-3.3, 21.075, -1.3], "size": [2.85, 4.5, 2.7], "uv": [215, 10]},
						{"origin": [-3.45, 20.075, -1.4], "size": [2.95, 2, 2.9], "uv": [196, 28]},
						{"origin": [-3.45, 22.075, -0.9], "size": [0.95, 3, 1.9], "uv": [208, 18]},
						{"origin": [-3.45, 19.975, -1.4], "size": [2.95, 0.1, 2.9], "uv": [212, 65]},
						{"origin": [-3.025, 20.375, -1.2], "size": [2.5, 5, 2.5], "pivot": [-1.775, 22.875, 0.05], "rotation": [0, 0, 5], "uv": [207, 23]},
						{"origin": [-0.205, 23.975, -1.2], "size": [1, 1, 2.5], "pivot": [-1.775, 22.875, 0.05], "rotation": [0, 0, -35], "uv": [210, 22]},
						{"origin": [-3.125, 18.075, -1.2], "size": [2.5, 7, 2.5], "uv": [9, 12]},
						{"origin": [-3.125, 25.075, -1.2], "size": [2.5, 1, 2.5], "uv": [230, 157]}
					]
				},
				{
					"name": "bone59",
					"parent": "RightForeArm2",
					"pivot": [0.8, 25.575, -2.9625],
					"rotation": [5, 0, 7.5],
					"cubes": [
						{"origin": [-11.16772, 26.23673, -2.59813], "size": [6, 4, 4], "pivot": [-1.66772, 29.23673, -0.59813], "rotation": [76.19271, -1.44548, -80.27183], "uv": [61, 111], "mirror": true},
						{"origin": [-11.16772, 26.23673, 0.40187], "size": [6, 4, 2], "pivot": [-1.66772, 29.23673, -0.59813], "rotation": [77.01137, -4.94017, -94.88415], "uv": [63, 113], "mirror": true},
						{"origin": [-4.666, 18.24765, -1.92739], "size": [3, 4, 4], "pivot": [-2.666, 20.24765, 0.07261], "rotation": [77.27461, 5.59203, -51.0709], "uv": [67, 109], "mirror": true},
						{"origin": [-11.16772, 26.23673, -2.59813], "size": [6, 4, 4], "pivot": [-1.66772, 29.23673, -0.59813], "rotation": [76.63909, -3.79987, -90.00163], "uv": [64, 113], "mirror": true},
						{"origin": [-13.16772, 26.23673, -2.59813], "size": [8, 4, 4], "pivot": [-1.66772, 29.23673, -0.59813], "rotation": [76.63909, -3.79987, -90.00163], "uv": [63, 113], "mirror": true}
					]
				},
				{
					"name": "RightHandLocator2",
					"parent": "RightForeArm2",
					"pivot": [-2.125, 19.575, 0.025]
				},
				{
					"name": "bone76",
					"parent": "RightForeArm2",
					"pivot": [-1.66772, 32.23673, -0.59813],
					"cubes": [
						{"origin": [-10.1177, 29.0367, -3.7981], "size": [1, 4.4, 5.4], "pivot": [-1.66772, 32.23673, -0.59813], "rotation": [76.19271, -1.44548, -80.27183], "uv": [228, 190], "mirror": true},
						{"origin": [-10.3177, 33.1367, -1.7981], "size": [0.2, 0.4, 1.4], "pivot": [-1.66772, 32.23673, -0.59813], "rotation": [76.19271, -1.44548, -80.27183], "uv": [221, 23], "mirror": true},
						{"origin": [-10.3177, 33.1367, -1.7981], "size": [1.2, 0.4, 0.2], "pivot": [-1.66772, 32.23673, -0.59813], "rotation": [76.19271, -1.44548, -80.27183], "uv": [222, 25], "mirror": true},
						{"origin": [-10.3177, 33.1367, -0.5981], "size": [1.2, 0.4, 0.2], "pivot": [-1.66772, 32.23673, -0.59813], "rotation": [76.19271, -1.44548, -80.27183], "uv": [222, 25], "mirror": true},
						{"origin": [-9.1177, 33.1367, -1.7981], "size": [0.2, 0.4, 1.4], "pivot": [-1.66772, 32.23673, -0.59813], "rotation": [76.19271, -1.44548, -80.27183], "uv": [221, 23], "mirror": true}
					]
				}
			]
		}
	]
}