{
	"format_version": "1.12.0",
	"minecraft:geometry": [
		{
			"description": {
				"identifier": "geometry.unknown",
				"texture_width": 128,
				"texture_height": 128,
				"visible_bounds_width": 7,
				"visible_bounds_height": 5,
				"visible_bounds_offset": [0, 1.5, 0]
			},
			"bones": [
				{
					"name": "Root",
					"pivot": [0, 0, 0]
				},
				{
					"name": "MAllBody",
					"parent": "Root",
					"pivot": [0, 20.65, 0]
				},
				{
					"name": "AllBody",
					"parent": "MAllBody",
					"pivot": [0, 20.65, 0]
				},
				{
					"name": "UpBody",
					"parent": "AllBody",
					"pivot": [0, 20.65, 0]
				},
				{
					"name": "MUpperBody",
					"parent": "UpBody",
					"pivot": [0, 20.65, 0]
				},
				{
					"name": "UpperBody",
					"parent": "MUpperBody",
					"pivot": [0, 20.65, 0],
					"cubes": [
						{"origin": [-3.5, 20.75, -2.025], "size": [7, 11, 4.05], "uv": [0, 24]},
						{"origin": [-3.8, 24.6, -2.225], "size": [7.5, 1, 4.65], "pivot": [0, 24.925, 0], "rotation": [0, 0, 1], "uv": [66, 37]},
						{"origin": [-1.05391, 24.44375, -2.4], "size": [1.97656, 1.23828, 4.925], "pivot": [-0.45312, 24.925, 0], "rotation": [0, 0, 2], "uv": [63, 1]},
						{"origin": [-4.51094, 23.90078, -3.15], "size": [0.41016, 2.21875, 2.925], "pivot": [-5.47656, 24.38203, -2.75], "rotation": [0, 0, 15], "uv": [68, 3]},
						{"origin": [4.58906, 24.65391, -3.61094], "size": [1.41797, 1.51172, 2.925], "pivot": [5.80469, 22.79375, -3.21094], "rotation": [0, 22, -6], "uv": [67, 3], "mirror": true},
						{"origin": [5.60469, 19.91953, -3.61094], "size": [0.66406, 5.79297, 2.925], "pivot": [6.06641, 22.34063, -3.21094], "rotation": [0, 22, -6], "uv": [67, 3], "mirror": true},
						{"origin": [4.41328, 19.44687, -3.61094], "size": [1.57813, 7.73828, 2.925], "pivot": [5.78906, 22.34063, -3.21094], "rotation": [0, 22, -6], "uv": [67, 3], "mirror": true},
						{"origin": [5.61641, 24.65391, 0.51016], "size": [1.41797, 1.51172, 2.925], "pivot": [6.83203, 22.79375, 0.91016], "rotation": [0, -31, -6], "uv": [67, 3], "mirror": true},
						{"origin": [6.63203, 19.91953, 0.51016], "size": [0.66406, 5.79297, 2.925], "pivot": [7.09375, 22.34063, 0.91016], "rotation": [0, -31, -6], "uv": [67, 3], "mirror": true},
						{"origin": [5.44063, 19.44687, 0.51016], "size": [1.57813, 7.73828, 2.925], "pivot": [6.81641, 22.34063, 0.91016], "rotation": [0, -31, -6], "uv": [67, 3], "mirror": true},
						{"origin": [3.78828, 24.18906, -3.15], "size": [0.57813, 3.16016, 2.925], "pivot": [5.16406, 25.92656, -2.75], "rotation": [0, 0, -1], "uv": [68, 3], "mirror": true},
						{"origin": [-6.05391, 21.43594, -3.15], "size": [1.61719, 5.32422, 2.925], "pivot": [-5.8125, 23.86641, -2.75], "rotation": [0, 0, 10], "uv": [67, 3]},
						{"origin": [-6.33125, 21.43594, -3.15], "size": [0.70313, 4.85156, 2.925], "pivot": [-6.08984, 23.86641, -2.75], "rotation": [0, 0, 10], "uv": [67, 3]},
						{"origin": [-6.06953, 20.98281, -3.15], "size": [1.45703, 0.57031, 2.925], "pivot": [-5.82812, 23.41328, -2.75], "rotation": [0, 0, 10], "uv": [67, 3]},
						{"origin": [-4.51094, 23.90078, -3.15], "size": [0.41016, 2.21875, 2.925], "pivot": [-5.47656, 24.38203, -2.75], "rotation": [0, 0, 15], "uv": [68, 3]},
						{"origin": [0.30156, 25.49063, -2.475], "size": [1, 0.33594, 5.075], "pivot": [0.85156, 25.81563, 0], "rotation": [0, 0, 2], "uv": [87, 21]},
						{"origin": [-1.45625, 25.49063, -2.475], "size": [1, 0.33594, 5.075], "pivot": [-0.90625, 25.81563, 0], "rotation": [0, 0, 2], "uv": [87, 21]},
						{"origin": [0.30156, 24.27578, -2.475], "size": [1, 0.33594, 5.075], "pivot": [0.85156, 24.60078, 0], "rotation": [0, 0, 2], "uv": [87, 21]},
						{"origin": [-1.45234, 24.26016, -2.475], "size": [1, 0.33594, 5.075], "pivot": [-0.90234, 24.58516, 0], "rotation": [0, 0, 2], "uv": [87, 21]},
						{"origin": [-1.5, 19.75, -2.025], "size": [3, 1, 4.05], "uv": [81, 0]},
						{"origin": [8.63672, 22.07422, -2.29453], "size": [3, 1, 0.7375], "pivot": [10.13672, 2.32422, -3.58203], "rotation": [0, 0, -25], "uv": [85, 4]},
						{"origin": [-0.33203, 20.62891, -2.48594], "size": [3, 1, 0.92891], "pivot": [1.16797, 0.87891, -3.58203], "rotation": [0, 0, -2.5], "uv": [85, 4]},
						{"origin": [9.125, 56.95313, -2.44688], "size": [3, 1, 0.88985], "pivot": [10.625, 37.20313, -3.58203], "rotation": [0, 0, -144], "uv": [85, 4]},
						{"origin": [-4, 31.575, -1.9], "size": [8, 1, 4.2], "uv": [42, 9]}
					]
				},
				{
					"name": "AllHead",
					"parent": "UpperBody",
					"pivot": [0, 32.425, -0.025],
					"cubes": [
						{"origin": [-1.5, 31.925, -1.525], "size": [3, 2, 3], "uv": [68, 0]}
					]
				},
				{
					"name": "MHead",
					"parent": "AllHead",
					"pivot": [0, 33.05, 0]
				},
				{
					"name": "Head",
					"parent": "MHead",
					"pivot": [0, 33.05, 0],
					"cubes": [
						{"origin": [-3.5, 33.05, -3.5], "size": [7, 7, 7], "uv": [0, 10]}
					]
				},
				{
					"name": "Hair",
					"parent": "Head",
					"pivot": [-0.14783, 37.76957, 0.42174],
					"cubes": [
						{"origin": [-2.975, 41.3, -3.8], "size": [6, 1, 7], "uv": [27, 0]},
						{"origin": [-2.46484, 40, -4.48594], "size": [3.71093, 1.46875, 1.08594], "uv": [0, 63]},
						{"origin": [-4, 40.6, -3.90625], "size": [8, 1, 7.90625], "uv": [4, 1]},
						{"origin": [-2, 42.3, -2.8], "size": [4, 1, 5], "uv": [0, 43]},
						{"origin": [-2, 42.79609, -7.63984], "size": [4, 1, 1], "pivot": [0, 0.49609, -4.83984], "rotation": [-13, 0, 0], "uv": [4, 47]},
						{"origin": [-3, 42.3, -1.8], "size": [1, 1, 3], "uv": [58, 21]},
						{"origin": [2, 42.3, -1.8], "size": [1, 1, 3], "uv": [0, 4]},
						{"origin": [-3.975, 41.3, -2.8], "size": [1, 1, 5], "uv": [15, 39]},
						{"origin": [3.025, 41.3, -2.8], "size": [1, 1, 5], "uv": [30, 27]},
						{"origin": [-5.5, 34.4, 0.825], "size": [1, 6, 2], "uv": [8, 55]},
						{"origin": [4.5, 34.4, 0.825], "size": [1, 6, 2], "uv": [0, 9]},
						{"origin": [-5.5, 32.4, -0.175], "size": [1, 8, 1], "uv": [32, 60]},
						{"origin": [-5.5, 35.4, -1.175], "size": [1, 4, 1], "uv": [42, 8]},
						{"origin": [3.5, 34.25938, -2.65], "size": [1, 7.14062, 6], "uv": [22, 27], "mirror": true},
						{"origin": [4.5, 35.32969, -0.175], "size": [1, 5.07031, 1], "uv": [32, 60], "mirror": true},
						{"origin": [4.5, 35.4, -1.99922], "size": [1, 3.29297, 1.82422], "uv": [42, 8], "mirror": true},
						{"origin": [-5.31406, 36, -2.94844], "size": [1, 4, 2], "uv": [22, 27]},
						{"origin": [1.84924, 33.14972, 7.48277], "size": [2, 6, 1], "pivot": [2.36604, 17.10616, 2.88004], "rotation": [49.1895, 86.7138, 42.8839], "uv": [27, 0]},
						{"origin": [-5.65695, 33.09554, 2.99112], "size": [2, 6.52344, 1], "pivot": [-4.65695, 36.61898, 3.44112], "rotation": [1.2933, -55.2049, 3.0808], "uv": [60, 14], "mirror": true},
						{"origin": [3.65695, 33.61898, 2.99112], "size": [2, 6, 1], "pivot": [4.65695, 36.61898, 3.44112], "rotation": [1.2933, 55.2049, -3.0808], "uv": [60, 14]},
						{"origin": [-3.84924, 33.14972, 7.48276], "size": [2, 6, 1], "pivot": [-2.36604, 17.10616, 2.88003], "rotation": [49.1895, -86.7138, -42.8839], "uv": [27, 0], "mirror": true},
						{"origin": [-4.5, 33.4, -3.07187], "size": [1, 8, 6.42187], "uv": [23, 28]},
						{"origin": [-2.5, 37.95539, 8.35042], "size": [3.71094, 5, 2.16016], "pivot": [0, 23.75539, 3.35042], "rotation": [10.5, 0, 0], "uv": [52, 40]},
						{"origin": [-4, 32.71328, 3], "size": [8, 7.88672, 1], "uv": [36, 34]},
						{"origin": [-3, 34.6, 4], "size": [6, 6, 1], "uv": [46, 16]}
					]
				},
				{
					"name": "front_h1",
					"parent": "Hair",
					"pivot": [0, 40.5, -4.2],
					"cubes": [
						{"origin": [-5.25156, 36.825, -3.29844], "size": [1, 4, 3], "uv": [0, 55]},
						{"origin": [-8.72266, 37.38984, -4.00078], "size": [1.39844, 2.48828, 1], "pivot": [-4.64844, 0.46484, 0.57422], "rotation": [0, 0, 7], "uv": [62, 0]},
						{"origin": [-8.23719, 39.64219, -4.71016], "size": [0.57813, 0.99219, 1], "pivot": [-5.74219, 1.61719, -0.03516], "rotation": [0, 0, 9], "uv": [25, 46]},
						{"origin": [-8.51063, 39.64219, -4.71016], "size": [0.85157, 0.99219, 1], "pivot": [-5.74219, 1.61719, -0.03516], "rotation": [0, 0, 9], "uv": [25, 46]},
						{"origin": [-27.29969, 47.62656, -4.75312], "size": [0.74219, 1.19141, 1.09375], "pivot": [-24.64063, 9.80078, 0.01563], "rotation": [0, 0, 40], "uv": [26, 47]},
						{"origin": [-28.96375, 46.86875, -3.96797], "size": [1.35156, 1.19141, 1.09375], "pivot": [-25.69531, 9.04297, 0.80078], "rotation": [0, 0, 40], "uv": [26, 47]},
						{"origin": [-28.92078, 49.31406, -4.64766], "size": [0.57812, 0.99219, 1], "pivot": [-26.42578, 11.28906, 0.02734], "rotation": [0, 0, 44], "uv": [25, 46]},
						{"origin": [-2.47156, 38.24766, -4.75312], "size": [0.85156, 1.84765, 1], "uv": [25, 46]},
						{"origin": [-8.75781, 39.23594, -4.825], "size": [0.33593, 2, 1], "pivot": [-7.25781, 0.21094, 0], "rotation": [0, 0, 10], "uv": [77, 0]},
						{"origin": [-14.38281, 41.94688, -4.825], "size": [0.33593, 0.80468, 1], "pivot": [-12.88281, 0.92188, 0], "rotation": [0, 0, 18], "uv": [77, 0]},
						{"origin": [24.96484, 51.36094, -4.825], "size": [0.33594, 0.80469, 1], "pivot": [26.46484, 10.33594, 0], "rotation": [0, 0, -40], "uv": [77, 0]},
						{"origin": [4.66697, 43.93516, -27.89844], "size": [1, 3, 1], "pivot": [3.16797, 5.91016, -22.89844], "rotation": [-40, 0, 0], "uv": [62, 8]},
						{"origin": [2.525, 36.925, -4.12187], "size": [1.29297, 4, 1], "uv": [41, 27]},
						{"origin": [3.80937, 36.825, -4.02812], "size": [1, 4, 3], "uv": [54, 34]},
						{"origin": [3.7125, 36.91016, -5.10547], "size": [0.57031, 0.69531, 1], "pivot": [4.0625, 39.18516, -4.68047], "rotation": [0, 0, 15.5], "uv": [0, 43]},
						{"origin": [2.35703, 37.34375, -5.14844], "size": [0.57031, 3.32031, 1], "pivot": [2.70703, 39.61875, -4.72344], "rotation": [0, 0, -22.5], "uv": [0, 43]},
						{"origin": [1.91953, 40.39844, -5.14844], "size": [0.57031, 1.18359, 1], "pivot": [2.26953, 40.53672, -4.72344], "rotation": [0, 0, -52.5], "uv": [0, 43]},
						{"origin": [1.75547, 37.49609, -5.14844], "size": [1, 3, 1], "pivot": [3.10547, 38.77109, -4.72344], "rotation": [0, 0, -22.5], "uv": [61, 28]},
						{"origin": [1.75547, 36.92969, -5.14844], "size": [1, 1.125, 1], "pivot": [3.10547, 38.20469, -4.72344], "rotation": [0, 0, -43.5], "uv": [61, 28]},
						{"origin": [1.30234, 40.51172, -5.14844], "size": [0.95703, 1.44531, 1], "pivot": [2.65234, 40.23203, -4.72344], "rotation": [0, 0, -40.5], "uv": [61, 28]},
						{"origin": [-0.2, 37.125, -5.2], "size": [1, 2.13281, 1], "pivot": [0, 38.25, -4.7], "rotation": [0, 0, 12.5], "uv": [21, 45]},
						{"origin": [0.05781, 39.08594, -5.2], "size": [1, 1.05078, 1], "pivot": [0.25781, 40.21094, -4.7], "rotation": [0, 0, 4.5], "uv": [21, 45]},
						{"origin": [-0.12578, 39.83594, -5.2], "size": [1, 1.05078, 1], "pivot": [0.07422, 40.96094, -4.7], "rotation": [0, 0, -9.5], "uv": [21, 45]},
						{"origin": [-0.02031, 40.08203, -5.2], "size": [0.47265, 0.39844, 1], "pivot": [-0.34766, 40.55469, -4.7], "rotation": [0, 0, -83], "uv": [22, 45]},
						{"origin": [-0.03984, 39.97656, -5.2], "size": [0.47265, 0.39844, 1], "pivot": [-0.36719, 40.44922, -4.7], "rotation": [0, 0, -109], "uv": [22, 45]},
						{"origin": [-0.40312, 39.87109, -5.2], "size": [0.47265, 0.39844, 1], "pivot": [-0.73047, 40.34375, -4.7], "rotation": [0, 0, -109], "uv": [22, 45]},
						{"origin": [-0.45, 39.83984, -5.2], "size": [0.47266, 0.39844, 1], "pivot": [-0.77734, 40.3125, -4.7], "rotation": [0, 0, -121], "uv": [22, 45]},
						{"origin": [0.26875, 40.25391, -5.2], "size": [0.47266, 0.39843, 1], "pivot": [-0.05859, 40.72656, -4.7], "rotation": [0, 0, -45.5], "uv": [22, 45]},
						{"origin": [0.17109, 36, -5.18437], "size": [0.38672, 1.14453, 1], "pivot": [0.37109, 37.125, -4.68437], "rotation": [0, 0, 12.5], "uv": [21, 45]},
						{"origin": [-6.43437, 32.15234, -2.09063], "size": [0.38671, 1.14454, 1], "pivot": [-6.23438, 33.27734, -1.59063], "rotation": [0, 0, 12.5], "uv": [21, 45]},
						{"origin": [-6.64922, 31.08594, -2.09063], "size": [0.38672, 1.14453, 1], "pivot": [-6.44922, 32.21094, -1.59063], "rotation": [0, 0, 2.5], "uv": [21, 45]},
						{"origin": [-0.28984, 36, -5.18437], "size": [0.38672, 1.14453, 1], "pivot": [-0.08984, 37.125, -4.68437], "rotation": [0, 0, -10], "uv": [21, 45]},
						{"origin": [-0.82891, 36.17188, -5.21953], "size": [0.38672, 1.14453, 1], "pivot": [-0.62891, 37.29688, -4.71953], "rotation": [0, 0, -10], "uv": [21, 45]},
						{"origin": [-2.50859, 37.125, -4.79766], "size": [0.28515, 1.14453, 1], "pivot": [-2.30859, 38.25, -4.29766], "rotation": [0, 0, -15], "uv": [21, 45]},
						{"origin": [-2.02422, 37.125, -4.79766], "size": [0.38672, 1.14453, 1], "pivot": [-1.82422, 38.25, -4.29766], "rotation": [0, 0, -10], "uv": [21, 45]},
						{
							"origin": [-0.23516, 35.79688, -5.18437],
							"size": [0.47266, 0.42578, 1],
							"pivot": [0.05078, 37.05078, -4.68437],
							"rotation": [0, 0, 45],
							"uv": {
								"north": {"uv": [22, 46.79787], "uv_size": [0, 0.20213]},
								"east": {"uv": [21, 46.79787], "uv_size": [1, 0.20213]},
								"south": {"uv": [23, 46.79787], "uv_size": [0, 0.20213]},
								"west": {"uv": [22, 46.79787], "uv_size": [1, 0.20213]},
								"up": {"uv": [22, 45], "uv_size": [0, 1]},
								"down": {"uv": [22, 46], "uv_size": [0, -1]}
							}
						},
						{"origin": [-4.81328, 30.03906, -3.22734], "size": [0.49609, 1.30078, 1], "pivot": [-4.61328, 31.16406, -2.72734], "rotation": [0, 0, -10], "uv": [21, 45]},
						{"origin": [-5.24297, 28.98047, -2.22734], "size": [0.4961, 1.30078, 1], "pivot": [-5.04297, 30.10547, -1.72734], "rotation": [0, 0, -10], "uv": [21, 45]},
						{
							"origin": [-5.19609, 30.31641, -3.19219],
							"size": [0.38672, 1.17187, 1],
							"pivot": [-4.99609, 31.14453, -2.69219],
							"rotation": [0, 0, -21],
							"uv": {
								"north": {"uv": [22, 46], "uv_size": [0, 0.79787]},
								"east": {"uv": [21, 46], "uv_size": [1, 0.79787]},
								"south": {"uv": [23, 46], "uv_size": [0, 0.79787]},
								"west": {"uv": [22, 46], "uv_size": [1, 0.79787]},
								"up": {"uv": [22, 45], "uv_size": [0, 1]},
								"down": {"uv": [22, 46], "uv_size": [0, -1]}
							}
						},
						{
							"origin": [-5.73516, 29.92188, -2.41484],
							"size": [0.38672, 1.17187, 1],
							"pivot": [-5.53516, 30.75, -1.91484],
							"rotation": [0, 0, -21],
							"uv": {
								"north": {"uv": [22, 46], "uv_size": [0, 0.79787]},
								"east": {"uv": [21, 46], "uv_size": [1, 0.79787]},
								"south": {"uv": [23, 46], "uv_size": [0, 0.79787]},
								"west": {"uv": [22, 46], "uv_size": [1, 0.79787]},
								"up": {"uv": [22, 45], "uv_size": [0, 1]},
								"down": {"uv": [22, 46], "uv_size": [0, -1]}
							}
						},
						{
							"origin": [-5.48125, 29.99219, -2.41484],
							"size": [0.38672, 1.17187, 1],
							"pivot": [-5.28125, 30.82031, -1.91484],
							"rotation": [0, 0, -3],
							"uv": {
								"north": {"uv": [22, 46], "uv_size": [0, 0.79787]},
								"east": {"uv": [21, 46], "uv_size": [1, 0.79787]},
								"south": {"uv": [23, 46], "uv_size": [0, 0.79787]},
								"west": {"uv": [22, 46], "uv_size": [1, 0.79787]},
								"up": {"uv": [22, 45], "uv_size": [0, 1]},
								"down": {"uv": [22, 46], "uv_size": [0, -1]}
							}
						},
						{
							"origin": [-4.13359, 29.79297, -3.19219],
							"size": [0.38672, 0.29687, 1],
							"pivot": [-3.93359, 30.91797, -2.69219],
							"rotation": [0, 0, 45],
							"uv": {
								"north": {"uv": [22, 46.79787], "uv_size": [0, 0.20213]},
								"east": {"uv": [21, 46.79787], "uv_size": [1, 0.20213]},
								"south": {"uv": [23, 46.79787], "uv_size": [0, 0.20213]},
								"west": {"uv": [22, 46.79787], "uv_size": [1, 0.20213]},
								"up": {"uv": [22, 45], "uv_size": [0, 1]},
								"down": {"uv": [22, 46], "uv_size": [0, -1]}
							}
						},
						{
							"origin": [-1.35625, 36.44922, -5.18437],
							"size": [0.53125, 1.17187, 1],
							"pivot": [-1.01172, 37.27734, -4.68437],
							"rotation": [0, 0, -21],
							"uv": {
								"north": {"uv": [22, 46], "uv_size": [0, 0.79787]},
								"east": {"uv": [21, 46], "uv_size": [1, 0.79787]},
								"south": {"uv": [23, 46], "uv_size": [0, 0.79787]},
								"west": {"uv": [22, 46], "uv_size": [1, 0.79787]},
								"up": {"uv": [22, 45], "uv_size": [0, 1]},
								"down": {"uv": [22, 46], "uv_size": [0, -1]}
							}
						},
						{"origin": [-4.14531, 36.56641, -4.06328], "size": [1.03515, 1.14453, 1], "pivot": [-3.28906, 37.69141, -3.56328], "rotation": [0, 0, 10], "uv": [21, 45]},
						{
							"origin": [-4.81719, 36.16406, -4.02812],
							"size": [1.03516, 0.30078, 1],
							"pivot": [-3.96094, 37.28906, -3.52812],
							"rotation": [0, 0, -40],
							"uv": {
								"north": {"uv": [22, 46.79787], "uv_size": [0, 0.20213]},
								"east": {"uv": [21, 46.79787], "uv_size": [1, 0.20213]},
								"south": {"uv": [23, 46.79787], "uv_size": [0, 0.20213]},
								"west": {"uv": [22, 46.79787], "uv_size": [1, 0.20213]},
								"up": {"uv": [22, 45], "uv_size": [0, 1]},
								"down": {"uv": [22, 46], "uv_size": [0, -1]}
							}
						},
						{
							"origin": [-4.81719, 36.50781, -4.02812],
							"size": [0.53907, 0.45313, 1],
							"pivot": [-3.96094, 37.63281, -3.52812],
							"rotation": [0, 0, -40],
							"uv": {
								"north": {"uv": [22, 46.79787], "uv_size": [0, 0.20213]},
								"east": {"uv": [21, 46.79787], "uv_size": [1, 0.20213]},
								"south": {"uv": [23, 46.79787], "uv_size": [0, 0.20213]},
								"west": {"uv": [22, 46.79787], "uv_size": [1, 0.20213]},
								"up": {"uv": [22, 45], "uv_size": [0, 1]},
								"down": {"uv": [22, 46], "uv_size": [0, -1]}
							}
						},
						{
							"origin": [-5.91484, 35.46484, -4.02812],
							"size": [1.03515, 0.21094, 1],
							"pivot": [-5.05859, 36.50391, -3.52812],
							"rotation": [0, 0, -104.5],
							"uv": {
								"north": {"uv": [22, 46.79787], "uv_size": [0, 0.20213]},
								"east": {"uv": [21, 46.79787], "uv_size": [1, 0.20213]},
								"south": {"uv": [23, 46.79787], "uv_size": [0, 0.20213]},
								"west": {"uv": [22, 46.79787], "uv_size": [1, 0.20213]},
								"up": {"uv": [22, 45], "uv_size": [0, 1]},
								"down": {"uv": [22, 46], "uv_size": [0, -1]}
							}
						},
						{
							"origin": [-3.93828, 36.44922, -4.02812],
							"size": [1.03516, 1.17187, 1],
							"pivot": [-3.08203, 37.27734, -3.52812],
							"rotation": [0, 0, 21],
							"uv": {
								"north": {"uv": [22, 46], "uv_size": [0, 0.79787]},
								"east": {"uv": [21, 46], "uv_size": [1, 0.79787]},
								"south": {"uv": [23, 46], "uv_size": [0, 0.79787]},
								"west": {"uv": [22, 46], "uv_size": [1, 0.79787]},
								"up": {"uv": [22, 45], "uv_size": [0, 1]},
								"down": {"uv": [22, 46], "uv_size": [0, -1]}
							}
						},
						{
							"origin": [-2.10234, 37.23438, -4.78984],
							"size": [0.38671, 1.17187, 1],
							"pivot": [-1.90234, 38.0625, -4.28984],
							"rotation": [0, 0, -15],
							"uv": {
								"north": {"uv": [22, 46], "uv_size": [0, 0.79787]},
								"east": {"uv": [21, 46], "uv_size": [1, 0.79787]},
								"south": {"uv": [23, 46], "uv_size": [0, 0.79787]},
								"west": {"uv": [22, 46], "uv_size": [1, 0.79787]},
								"up": {"uv": [22, 45], "uv_size": [0, 1]},
								"down": {"uv": [22, 46], "uv_size": [0, -1]}
							}
						},
						{"origin": [-0.06719, 36.11328, -5.18437], "size": [0.38672, 1.14453, 1], "pivot": [0.13281, 37.23828, -4.68437], "rotation": [0, 0, -1], "uv": [21, 45]},
						{"origin": [-1.2, 37.14219, -5.2], "size": [0.54297, 4.00781, 1], "pivot": [0, 38.25, -4.7], "rotation": [0, 0, 12.5], "uv": [21, 9]},
						{"origin": [-1.41094, 37.36094, -5.2], "size": [0.54297, 2.04687, 1], "pivot": [-0.21094, 38.46875, -4.7], "rotation": [0, 0, 1.5], "uv": [21, 9]},
						{"origin": [-1.27422, 38.82188, -5.2], "size": [0.54297, 2.04687, 1], "pivot": [-0.07422, 39.92969, -4.7], "rotation": [0, 0, 8.5], "uv": [21, 9]},
						{"origin": [-0.69609, 37.00547, -5.2], "size": [0.54297, 4.14453, 1], "pivot": [0.50391, 38.25, -4.7], "rotation": [0, 0, 12.5], "uv": [21, 9]}
					]
				},
				{
					"name": "corner_h1",
					"parent": "Hair",
					"pivot": [-4.37735, 36.62243, -2.86577],
					"cubes": [
						{"origin": [-5.38891, 36.44593, -2.84592], "size": [1.025, 2, 1], "pivot": [-5.29141, 36.62243, -2.01421], "rotation": [-0.4948, 0.2395, 7.4885], "uv": [61, 25], "mirror": true},
						{"origin": [3.83324, 32.09775, -3.95436], "size": [1.025, 2, 1], "pivot": [4.21055, 31.91337, -3.36686], "rotation": [-6.0826, -1.7565, 4.4725], "uv": [61, 25]},
						{"origin": [4.63225, 29.96864, -2.95592], "size": [0.67343, 2.35937, 1], "pivot": [4.21055, 31.91337, -2.46842], "rotation": [-6.0826, -1.7565, 4.4725], "uv": [1, 24]},
						{"origin": [4.90959, 28.96864, -2.95592], "size": [0.45859, 2.35937, 1], "pivot": [4.27305, 30.91337, -2.46842], "rotation": [-6.28152, -0.78533, 13.42226], "uv": [2, 24]},
						{"origin": [4.8337, 32.91888, -2.9848], "size": [1.025, 3, 1], "pivot": [5.13341, 32.58917, -2.89858], "rotation": [-3.5529, -1.8007, -0.0898], "uv": [0, 39]},
						{"origin": [4.62456, 31.06569, -2.98457], "size": [1.025, 2, 1], "pivot": [5.00954, 32.6054, -2.90297], "rotation": [-3.8112, -1.1568, 9.8928], "uv": [61, 25]},
						{"origin": [4.84779, 35.66357, -2.92341], "size": [1.025, 2, 1], "pivot": [5.3502, 35.99488, -2.83741], "rotation": [-0.4995, 0.0219, -4.9792], "uv": [61, 25]},
						{"origin": [4.9504, 37.45397, -2.92152], "size": [1.025, 3, 1], "pivot": [4.94374, 36.69327, -2.86585], "rotation": [-0.4958, -0.0652, -14.9788], "uv": [18, 24]},
						{"origin": [3.90805, 33.51399, -3.67248], "size": [1.02501, 3, 1], "pivot": [4.79922, 36.62243, -2.86577], "rotation": [-0.5218, -0.1729, 0.0112], "uv": [18, 24]},
						{"origin": [3.87172, 36.44593, -3.69748], "size": [1.025, 2, 1], "pivot": [4.79922, 36.62243, -2.86577], "rotation": [-0.4948, -0.2395, -7.4885], "uv": [61, 25]},
						{"origin": [-6.14175, 31.06569, -2.13301], "size": [1.025, 2, 1], "pivot": [-5.50173, 32.60539, -2.0514], "rotation": [-3.8111, 1.1568, -9.8928], "uv": [61, 25], "mirror": true},
						{"origin": [-6.35089, 32.91888, -2.13324], "size": [1.025, 3, 1], "pivot": [-5.6256, 32.58917, -2.04702], "rotation": [-3.5529, 1.8006, 0.0899], "uv": [0, 39], "mirror": true},
						{"origin": [0.64439, 43.08154, -1.08357], "size": [0.63282, 1, 1], "pivot": [1.00136, 43.41285, -0.99757], "rotation": [-0.4996, -0.0219, 17.9792], "uv": [63, 25], "mirror": true},
						{"origin": [0.28006, 43.76647, -1.08168], "size": [1.08985, 1, 1], "pivot": [1.28672, 43.00577, -1.02601], "rotation": [-0.4958, 0.0652, 27.9788], "uv": [19, 24], "mirror": true},
						{"origin": [1.00272, 44.1571, -1.08168], "size": [0.6875, 1, 1], "pivot": [2.00938, 43.3964, -1.02601], "rotation": [-0.4996, 0.02174, 22.97899], "uv": [19, 24], "mirror": true},
						{"origin": [0.39725, 44.54772, -1.08168], "size": [0.6875, 1, 1], "pivot": [1.40391, 43.78702, -1.02601], "rotation": [-0.45862, 0.19933, 43.97828], "uv": [19, 24], "mirror": true},
						{"origin": [-5.501, 31.2616, -3.00279], "size": [1.025, 3, 1], "pivot": [-4.71837, 33.84696, -2.51529], "rotation": [-6.0826, 1.7564, -4.4725], "uv": [0, 24], "mirror": true},
						{"origin": [-5.35043, 32.09775, -3.10279], "size": [1.025, 2, 1], "pivot": [-4.70274, 31.91337, -2.51529], "rotation": [-6.0826, 1.7564, -4.4725], "uv": [61, 25], "mirror": true},
						{"origin": [-6.46759, 37.45397, -2.06996], "size": [1.025, 3, 1], "pivot": [-5.43593, 36.69327, -2.01429], "rotation": [-0.4958, 0.0652, 14.9788], "uv": [18, 24], "mirror": true},
						{"origin": [-6.36498, 35.66357, -2.07185], "size": [1.025, 2, 1], "pivot": [-5.84239, 35.99488, -1.98585], "rotation": [-0.4996, -0.0219, 4.9792], "uv": [61, 25], "mirror": true},
						{"origin": [-5.42524, 33.51399, -2.82092], "size": [1.025, 3, 1], "pivot": [-5.29141, 36.62243, -2.01421], "rotation": [-0.5218, 0.1729, -0.0112], "uv": [18, 24], "mirror": true}
					]
				},
				{
					"name": "FLongHair",
					"parent": "Hair",
					"pivot": [0.325, 35.56866, 5.28289]
				},
				{
					"name": "MLongHair",
					"parent": "FLongHair",
					"pivot": [0.325, 35.5687, 5.28289]
				},
				{
					"name": "LongHair",
					"parent": "MLongHair",
					"pivot": [0.325, 35.5687, 5.28289]
				},
				{
					"name": "hl_side",
					"parent": "LongHair",
					"pivot": [0, 32.71651, 5.24811]
				},
				{
					"name": "hl_m",
					"parent": "LongHair",
					"pivot": [0, 38.12846, 4.81781],
					"cubes": [
						{"origin": [-2.76953, 24.86233, 3.63964], "size": [4.11328, 1, 2.16016], "pivot": [-2, 11.66233, -1.11036], "rotation": [-7.5, 0, 0], "uv": [32, 7]},
						{"origin": [-2.57031, 24.18264, 3.63964], "size": [3.78906, 0.71484, 2.16016], "pivot": [-2, 10.69748, -1.11036], "rotation": [-7.5, 0, 0], "uv": [33, 7]},
						{"origin": [-2.39453, 23.44826, 3.63964], "size": [3.47656, 0.71485, 2.16016], "pivot": [-2, 9.96311, -1.11036], "rotation": [-7.5, 0, 0], "uv": [34, 7]},
						{"origin": [-2.28906, 22.67092, 3.63964], "size": [3.21875, 0.71484, 2.16016], "pivot": [-2, 9.18576, -1.11036], "rotation": [-7.5, 0, 0], "uv": [35, 7]},
						{"origin": [-2.20703, 21.96389, 3.63964], "size": [3.05469, 0.71484, 2.16016], "pivot": [-2, 8.47873, -1.11036], "rotation": [-7.5, 0, 0], "uv": [36, 7]},
						{"origin": [-2.13281, 21.25686, 3.63964], "size": [2.89843, 0.71484, 2.16016], "pivot": [-2, 7.7717, -1.11036], "rotation": [-7.5, 0, 0], "uv": [37, 7]},
						{"origin": [-2.03906, 20.36623, 3.63964], "size": [2.68359, 0.99219, 2.16016], "pivot": [-2, 7.15842, -1.11036], "rotation": [-7.5, 0, 0], "uv": [38, 7]},
						{"origin": [-1.74219, 19.84279, 3.63964], "size": [2.07813, 0.51172, 2.16016], "pivot": [-2, 6.15451, -1.11036], "rotation": [-7.5, 0, 0], "uv": [39, 7]},
						{"origin": [-2.94141, 25.86233, 3.63964], "size": [4.39844, 2, 2.16016], "pivot": [-2.5, 11.66233, -1.11036], "rotation": [-7.5, 0, 0], "uv": [52, 5]},
						{"origin": [-3.13672, 27.86233, 3.54589], "size": [4.78516, 3, 2.16016], "pivot": [-2, 11.66233, -1.20411], "rotation": [-7.5, 0, 0], "uv": [34, 41]},
						{"origin": [-3.23438, 30.14103, 4.7545], "size": [5.05079, 3, 2.16016], "pivot": [-1.5, 15.94103, 0.0045], "rotation": [-5, 0, 0], "uv": [50, 69]},
						{"origin": [-3.09766, 31.61802, 6.1336], "size": [4.73047, 5, 2.16016], "uv": [46, -1]},
						{"origin": [-2.89844, 35.01615, 7.65096], "size": [4.36719, 5, 2.16016], "pivot": [0.5, 22.81615, 2.90096], "rotation": [7.5, 0, 0], "uv": [1, 48]}
					]
				},
				{
					"name": "Ribbon",
					"parent": "Hair",
					"pivot": [-4.75, 37.95, 3.6],
					"rotation": [-1.82257, 33.0231, 8.40116],
					"cubes": [
						{"origin": [-4.96094, 42.95128, 4.12339], "size": [1.44922, 2.26172, 1], "pivot": [-4.01172, 44.75128, 9.79839], "rotation": [14.62996, -36.15257, -14.38413], "uv": [17, 45]},
						{"origin": [-6.72656, 42.69347, 4.06089], "size": [1.44922, 2.26172, 1], "pivot": [-5.77734, 44.49347, 9.73589], "rotation": [14.62996, -36.15257, -14.38413], "uv": [17, 45]},
						{"origin": [-5.60156, 42.97081, 4.92026], "size": [1.44922, 2.26172, 1], "pivot": [-4.65234, 44.77081, 10.59526], "rotation": [14.62996, -36.15257, -14.38413], "uv": [17, 45]},
						{"origin": [-6.08594, 42.67394, 3.26401], "size": [1.44922, 2.26172, 1], "pivot": [-5.13672, 44.47394, 8.93901], "rotation": [14.62996, -36.15257, -14.38413], "uv": [17, 45]}
					]
				},
				{
					"name": "Face",
					"parent": "Head",
					"pivot": [-1.05, 16.05, -4.5]
				},
				{
					"name": "Eyes",
					"parent": "Face",
					"pivot": [-1.05, 16.05, -4.5]
				},
				{
					"name": "Eyebrow",
					"parent": "Eyes",
					"pivot": [0, 36, -3]
				},
				{
					"name": "RightEyebrow",
					"parent": "Eyebrow",
					"pivot": [-2.875, 35.85, -3.2],
					"cubes": [
						{"origin": [-3.675, 35.85, -3.7], "size": [2.3, 0.69922, 1], "uv": [47, 42]},
						{"origin": [-3.30391, 36.51797, -3.7], "size": [1.62422, 0.10156, 1], "uv": [49, 42]},
						{"origin": [9.41094, 37.92031, -3.7], "size": [0.34297, 0.62891, 1], "pivot": [11.08594, 2, 0], "rotation": [0, 0, -17.5], "uv": [49, 42]},
						{"origin": [7.74297, 38.54141, -3.7], "size": [0.01484, 0.49218, 1], "pivot": [9.41797, 2.62109, 0], "rotation": [0, 0, -17.5], "uv": [49, 42]},
						{"origin": [7.90312, 38.46719, -3.7], "size": [0.01485, 0.49219, 1], "pivot": [9.57812, 2.54688, 0], "rotation": [0, 0, -17.5], "uv": [49, 42]},
						{"origin": [8.07891, 38.43984, -3.7], "size": [0.01484, 0.49219, 1], "pivot": [9.75391, 2.51953, 0], "rotation": [0, 0, -17.5], "uv": [49, 42]},
						{"origin": [-2.27031, 35.575, -3.65703], "size": [0.17422, 1, 0.71484], "pivot": [1.27734, 0, 0.00781], "rotation": [0, 0, -2], "uv": [51, 48]}
					]
				},
				{
					"name": "LeftEyebrow",
					"parent": "Eyebrow",
					"pivot": [2.875, 35.85, -3.2],
					"cubes": [
						{"origin": [1.375, 35.85, -3.7], "size": [2.3, 0.60938, 1], "uv": [47, 42]},
						{"origin": [1.5, 36.38516, -3.7], "size": [1.81953, 0.13281, 1], "uv": [48, 42]},
						{"origin": [1.00625, 35.62969, -3.70312], "size": [0.19766, 0.96094, 1], "pivot": [-2.34375, 0.10938, 0.17188], "rotation": [0, 0, 4], "uv": [49, 47]},
						{"origin": [15.35, 36.7, -3.70703], "size": [0.36172, 0.625, 1], "pivot": [12, 1.125, 0.16797], "rotation": [0, 0, -19], "uv": [49, 47]},
						{"origin": [-8.025, 37.95, -3.71094], "size": [0.36172, 0.625, 1], "pivot": [-11.375, 2.375, 0.16406], "rotation": [0, 0, 15], "uv": [49, 47]},
						{"origin": [-6.32187, 38.09844, -3.66797], "size": [0.05312, 0.625, 1], "pivot": [-9.67188, 2.52344, 0.20703], "rotation": [0, 0, 15], "uv": [49, 47]},
						{"origin": [-6.07187, 38.11016, -3.66797], "size": [0.05312, 0.625, 1], "pivot": [-9.42188, 2.53516, 0.20703], "rotation": [0, 0, 15], "uv": [49, 47]},
						{"origin": [-5.88047, 38.16484, -3.66797], "size": [0.05313, 0.625, 1], "pivot": [-9.23047, 2.58984, 0.20703], "rotation": [0, 0, 15], "uv": [49, 47]}
					]
				},
				{
					"name": "Eyelid",
					"parent": "Eyes",
					"pivot": [0, 35.05, -3.075]
				},
				{
					"name": "RightEyelid",
					"parent": "Eyelid",
					"pivot": [-2.325, 34.55, -3.075],
					"cubes": [
						{"origin": [-3.5, 34.05, -3.525], "size": [2, 2, 1], "uv": [22, 41]}
					]
				},
				{
					"name": "RightEyesBase",
					"parent": "RightEyelid",
					"pivot": [-2.2875, 35.05, -3.0875],
					"cubes": [
						{"origin": [-3.025, 34.05, -3.575], "size": [1.4, 2, 1], "uv": [49, 44]},
						{"origin": [-1.95, 35.4, -3.6], "size": [0.4, 0.3, 1], "uv": [9, 81]}
					]
				},
				{
					"name": "RightPupil",
					"parent": "RightEyesBase",
					"pivot": [-2.325, 35.05, -3.125],
					"cubes": [
						{"origin": [-2.5, 34.55, -3.625], "size": [0.475, 1, 1], "uv": [55, 47], "mirror": true}
					]
				},
				{
					"name": "LeftEyelid",
					"parent": "Eyelid",
					"pivot": [2.325, 34.55, -3.075],
					"cubes": [
						{"origin": [1.5, 34.05, -3.525], "size": [2, 2, 1], "uv": [22, 41]}
					]
				},
				{
					"name": "LeftEyesBase",
					"parent": "LeftEyelid",
					"pivot": [2.35, 35.05, -3.0875],
					"cubes": [
						{"origin": [2.675, 35.4, -3.6], "size": [0.4, 0.3, 1], "uv": [9, 81]},
						{"origin": [1.625, 34.05, -3.575], "size": [1.4, 2, 1], "uv": [49, 44]}
					]
				},
				{
					"name": "LeftPupil",
					"parent": "LeftEyesBase",
					"pivot": [2.325, 35.05, -3.125],
					"cubes": [
						{"origin": [2.025, 34.55, -3.625], "size": [0.48672, 1, 1], "uv": [54, 47]}
					]
				},
				{
					"name": "LeftShoulderLocator",
					"parent": "Head",
					"pivot": [3, 42.8, 0]
				},
				{
					"name": "RightShoulderLocator",
					"parent": "Head",
					"pivot": [-3, 42.8, 0]
				},
				{
					"name": "Breast",
					"parent": "UpperBody",
					"pivot": [-0.0125, 28.74747, -2.15834],
					"rotation": [-32.5, 0, 0],
					"cubes": [
						{"origin": [-3.55, 27.24747, -3.15834], "size": [7.075, 3, 3], "uv": [67, 31]},
						{"origin": [-1.55234, 28.60606, -3.23334], "size": [3.73125, 1.58282, 0.7], "uv": [1, 83]}
					]
				},
				{
					"name": "Arm",
					"parent": "UpperBody",
					"pivot": [-0.2, 31.275, 0]
				},
				{
					"name": "LeftArm",
					"parent": "Arm",
					"pivot": [3.4, 31.025, 0],
					"rotation": [0, 0, -18],
					"cubes": [
						{"origin": [2.61406, 24.9, -1.46953], "size": [2.96094, 7.3, 3.01328], "uv": [51, 62]},
						{"origin": [2.6, 25.075, -1.5], "size": [3.02656, 7, 3.01953], "uv": [60, 60]},
						{"origin": [2.9, 24.175, -1.1], "size": [2.55, 2, 2.2], "uv": [67, 56]},
						{"origin": [2.8, 24.125, -1.125], "size": [2.7, 2.05, 2.3], "uv": [63, 47]}
					]
				},
				{
					"name": "LeftForeArm",
					"parent": "LeftArm",
					"pivot": [4.125, 25.075, 0.025],
					"cubes": [
						{"origin": [2.625, 18.075, -1.475], "size": [3, 7, 3], "uv": [84, 61]}
					]
				},
				{
					"name": "LeftHand",
					"parent": "LeftForeArm",
					"pivot": [4.125, 19.575, 0.025]
				},
				{
					"name": "LeftHandLocator",
					"parent": "LeftHand",
					"pivot": [4.125, 19.575, 0.025]
				},
				{
					"name": "SheathLocator",
					"parent": "LeftHand",
					"pivot": [4.125, 19.575, 0.025]
				},
				{
					"name": "LeftWaistLocator",
					"parent": "LeftHand",
					"pivot": [4.125, 19.575, 0.025]
				},
				{
					"name": "RightArm",
					"parent": "Arm",
					"pivot": [-3.4, 31.025, 0],
					"rotation": [0, 0, 18],
					"cubes": [
						{"origin": [-5.64922, 24.9, -1.41875], "size": [2.98828, 7.3, 3.07188], "uv": [94, 53]},
						{"origin": [-5.45, 24.175, -1.1], "size": [2.55, 2, 2.2], "uv": [27, 42]},
						{"origin": [-5.5, 24.125, -1.125], "size": [2.7, 2.05, 2.3], "uv": [0, 0]}
					]
				},
				{
					"name": "RightForeArm",
					"parent": "RightArm",
					"pivot": [-4.125, 25.075, 0.025],
					"cubes": [
						{"origin": [-5.625, 18.075, -1.475], "size": [3, 7, 3], "uv": [72, 60]}
					]
				},
				{
					"name": "RightHand",
					"parent": "RightForeArm",
					"pivot": [-4.125, 19.575, 0.025]
				},
				{
					"name": "RightHandLocator",
					"parent": "RightHand",
					"pivot": [-4.125, 19.575, 0.025]
				},
				{
					"name": "BladeLocator",
					"parent": "RightHand",
					"pivot": [-4.125, 19.575, 0.025]
				},
				{
					"name": "Collar",
					"parent": "UpperBody",
					"pivot": [0, 30.925, -0.025],
					"rotation": [-15, 0, 0],
					"cubes": [
						{"origin": [0.49687, 30.125, -2.9], "size": [3.4, 2, 2.2], "pivot": [1.79687, 31.125, -1.525], "rotation": [12.2084, -10.35575, -12.2084], "uv": [6, 39]},
						{"origin": [-1.14518, 30.68555, -2.4466], "size": [1.99765, 1, 1.98516], "pivot": [0.15247, 31.18555, -1.56144], "rotation": [15.87952, -1.60065, -130.32119], "uv": [64, 39]},
						{"origin": [-1.44232, 30.21289, -2.86457], "size": [1.99766, 1, 2.42266], "pivot": [-1.14466, 30.71289, -1.54191], "rotation": [16.6939, 10.36623, -39.17129], "uv": [64, 39], "mirror": true},
						{"origin": [-4.04141, 30.125, -2.9], "size": [3.4, 2, 2.2], "pivot": [-1.94141, 31.125, -1.525], "rotation": [12.2084, 10.35575, 12.2084], "uv": [6, 39], "mirror": true},
						{"origin": [0.4, 31.45, -3.025], "size": [0.5, 0.5, 1], "pivot": [1.5, 31.125, -1.525], "rotation": [12.2084, -10.35575, -12.2084], "uv": [14, 82]}
					]
				},
				{
					"name": "ElytraLocator",
					"parent": "UpperBody",
					"pivot": [0, 31.65, 2]
				},
				{
					"name": "RifleLocator",
					"parent": "UpperBody",
					"pivot": [0, 25.15, 2.3],
					"rotation": [0, 0, 45]
				},
				{
					"name": "BackpackLocator",
					"parent": "UpperBody",
					"pivot": [0, 30, 0]
				},
				{
					"name": "PistolLocator",
					"parent": "UpBody",
					"pivot": [-4, 24.75, -1.6],
					"rotation": [-30, 0, 0]
				},
				{
					"name": "RightWaistLocator",
					"parent": "UpBody",
					"pivot": [-4, 23, 0],
					"rotation": [-5, 0, 0]
				},
				{
					"name": "DownBody",
					"parent": "AllBody",
					"pivot": [0, 20.65, 0]
				},
				{
					"name": "Leg",
					"parent": "DownBody",
					"pivot": [0, 21.15, 0]
				},
				{
					"name": "LeftLeg",
					"parent": "Leg",
					"pivot": [2.4, 21.15, 0],
					"cubes": [
						{"origin": [0.375, 11.65, -2], "size": [3.65, 10, 4], "uv": [39, 46]}
					]
				},
				{
					"name": "LeftLowerLeg",
					"parent": "LeftLeg",
					"pivot": [2.2, 11.7, 0],
					"cubes": [
						{"origin": [0.5, 2, -1.9], "size": [3.4, 10, 4], "uv": [53, 47]},
						{"origin": [0.5, 5.07031, -2.3375], "size": [1.87656, 6.59766, 0.42969], "uv": [58, 52]},
						{"origin": [2.5, 6.91797, -2.3375], "size": [1.87656, 0.73438, 0.42969], "uv": [58, 52]},
						{"origin": [0.11328, 10.01172, 2.33438], "size": [4.26328, 0.73438, 0.42969], "uv": [56, 52]},
						{"origin": [0.11328, 6.91797, 2.33438], "size": [4.26328, 0.73438, 0.42969], "uv": [56, 52]},
						{"origin": [2.5, 10.01172, -2.3375], "size": [1.87656, 0.73438, 0.42969], "uv": [58, 52]},
						{"origin": [2.5, 6.91797, -2.3375], "size": [1.87656, 0.73438, 0.42969], "uv": [58, 52]},
						{"origin": [2.95313, 6.91797, -4.3375], "size": [4.13047, 0.73438, 0.42969], "pivot": [2.45313, 1.84766, -2.48828], "rotation": [0, -90, 0], "uv": [58, 52]},
						{"origin": [-0.6875, 6.91797, -4.3375], "size": [4.13047, 0.73438, 0.42969], "pivot": [-1.1875, 1.84766, -2.48828], "rotation": [0, -90, 0], "uv": [58, 52]},
						{"origin": [2.95313, 9.89453, -4.3375], "size": [4.13047, 0.73438, 0.42969], "pivot": [2.45313, 4.82422, -2.48828], "rotation": [0, -90, 0], "uv": [58, 52]},
						{"origin": [-0.78516, 9.89453, -4.3375], "size": [4.13047, 0.73438, 0.42969], "pivot": [-1.28516, 4.82422, -2.48828], "rotation": [0, -90, 0], "uv": [58, 52]},
						{"origin": [2.51172, 5.07031, -2.3375], "size": [1.87656, 6.59766, 0.42969], "pivot": [2.01172, 0, -0.48828], "rotation": [0, 90, 0], "uv": [58, 52]}
					]
				},
				{
					"name": "LeftFoot",
					"parent": "LeftLowerLeg",
					"pivot": [2.1875, 2.5, 0.1375],
					"cubes": [
						{"origin": [0.25, 0, -2.1], "size": [3.875, 4, 4.375], "uv": [84, 33]},
						{"origin": [0.35, 0, -4.4], "size": [3.675, 3, 3], "uv": [68, 70]},
						{"origin": [0.95, 2.575, -3.2], "size": [2.675, 1, 2], "pivot": [2.6875, 2.5, -2.9], "rotation": [22.5, 0, 0], "uv": [59, 34]}
					]
				},
				{
					"name": "RightLeg",
					"parent": "Leg",
					"pivot": [-2.4, 21.15, 0],
					"cubes": [
						{"origin": [-4.025, 11.65, -2], "size": [3.65, 10, 4], "uv": [25, 46]}
					]
				},
				{
					"name": "RightLowerLeg",
					"parent": "RightLeg",
					"pivot": [-2.2, 11.7, 0],
					"cubes": [
						{"origin": [-3.9, 2, -1.9], "size": [3.4, 10, 4], "uv": [14, 56]}
					]
				},
				{
					"name": "RightFoot",
					"parent": "RightLowerLeg",
					"pivot": [-2.1875, 2.5, -0.1375],
					"cubes": [
						{"origin": [-4.125, 0, -2.1], "size": [3.875, 4, 4.375], "uv": [67, 47]},
						{"origin": [-4.025, 0, -4.4], "size": [3.675, 3, 3], "uv": [14, 69]},
						{"origin": [-3.625, 2.575, -3.2], "size": [2.675, 1, 2], "pivot": [-2.6875, 2.5, -2.9], "rotation": [22.5, 0, 0], "uv": [52, 24]}
					]
				},
				{
					"name": "Skirt",
					"parent": "DownBody",
					"pivot": [0, 23.85, 0.1]
				},
				{
					"name": "RightSkirt",
					"parent": "Skirt",
					"pivot": [-3.525, 23.9, 0.0375],
					"rotation": [0, 0, 17.5],
					"cubes": [
						{"origin": [-3.625, 21.175, -1.9625], "size": [1, 3, 4], "uv": [32, 66]}
					]
				},
				{
					"name": "LeftSkirt",
					"parent": "Skirt",
					"pivot": [3.6, 23.9, 0.0375],
					"rotation": [0, 0, -17.5],
					"cubes": [
						{"origin": [2.7, 21.075, -1.9625], "size": [1, 3, 4], "uv": [78, 5]}
					]
				},
				{
					"name": "FrontSkirt",
					"parent": "Skirt",
					"pivot": [0, 24.25, -2.0125],
					"rotation": [-20, 0, 0],
					"cubes": [
						{"origin": [-4.05469, 21.61719, 0.61719], "size": [8.24844, 3, 1.1], "pivot": [0, 0.36719, 2.67969], "rotation": [6, 0, 0], "uv": [73, 22]}
					]
				},
				{
					"name": "BackSkirt",
					"parent": "Skirt",
					"pivot": [0, 24.1, 2.4125],
					"rotation": [12.5, 0, 0],
					"cubes": [
						{"origin": [-4.25, 20.42031, 1.3625], "size": [8.475, 3.67969, 0.89297], "uv": [71, 27]}
					]
				},
				{
					"name": "molang",
					"parent": "Root",
					"pivot": [0, -0.35, 0]
				}
			]
		}
	]
}