{
	"format_version": "1.21.0",
	"minecraft:geometry": [
		{
			"description": {
				"identifier": "geometry.unknown",
				"texture_width": 256,
				"texture_height": 256,
				"visible_bounds_width": 5,
				"visible_bounds_height": 4.5,
				"visible_bounds_offset": [0, 1.75, 0]
			},
			"bones": [
				{
					"name": "RightArm",
					"pivot": [-1.4, 32.025, 0],
					"cubes": [
						{"origin": [-3.15, 26.075, -1.2], "size": [2.55, 6, 2.5], "uv": [9, 12]},
						{"origin": [-3.3, 25.575, -1.3], "size": [2.85, 4.5, 2.7], "uv": [196, 18]},
						{"origin": [-3.3, 30.075, -1.3], "size": [2.85, 1, 2.7], "uv": [138, 13]},
						{"origin": [-3.3, 31.075, -1.3], "size": [2.85, 1.2, 2.7], "uv": [215, 22]},
						{"origin": [-2.95, 25.9, -1.2], "size": [1.5, 6.3, 2.5], "uv": [107, 2]},
						{"origin": [-2.75, 31.5, -1.2], "size": [2.5, 1.3, 2.5], "pivot": [-1.95, 31.55, -0.2], "rotation": [0, 0, -27.5], "uv": [11, 14]},
						{"origin": [-2.95, 31.6, -1.3], "size": [2.7, 1.3, 2.7], "pivot": [-1.95, 31.55, -0.2], "rotation": [0, 0, -27.5], "uv": [201, 26]},
						{"origin": [-3.15, 25.175, -1.2], "size": [2.55, 2, 2.2], "uv": [226, 152]},
						{"origin": [-3, 25.125, -1.2], "size": [2.2, 2.05, 1.8], "uv": [223, 152]}
					]
				},
				{
					"name": "RightForeArm2",
					"parent": "RightArm",
					"pivot": [-2.125, 25.075, 0.025],
					"cubes": [
						{"origin": [-3.3, 21.075, -1.3], "size": [2.85, 4.5, 2.7], "uv": [60, 146]},
						{"origin": [-4.1, 20.075, -1.35], "size": [2.85, 4.5, 2.8], "pivot": [-2.875, 22.325, 0.05], "rotation": [0, 0, 17.5], "uv": [59, 143]},
						{"origin": [-2.8, 25.075, 1.4], "size": [1.85, 1.5, 0.3], "uv": [110, 6]},
						{"origin": [-3.3, 25.275, 1.4], "size": [2.85, 1.1, 0.3], "uv": [109, 6]},
						{"origin": [-3.45, 20.075, -1.4], "size": [2.95, 2, 2.9], "uv": [57, 142]},
						{"origin": [-3.45, 22.075, -0.9], "size": [0.95, 3, 1.9], "uv": [155, 61]},
						{"origin": [-3.45, 24.075, -0.9], "size": [0.95, 1.9, 1.9], "pivot": [-2.975, 25.025, 0.05], "rotation": [-45, 0, 0], "uv": [155, 61]},
						{"origin": [-3.025, 20.375, -1.2], "size": [2.5, 5, 2.5], "pivot": [-1.775, 22.875, 0.05], "rotation": [0, 0, 5], "uv": [105, 0]},
						{"origin": [-0.205, 23.975, -1.2], "size": [1, 1, 2.5], "pivot": [-1.775, 22.875, 0.05], "rotation": [0, 0, -35], "uv": [106, 1]},
						{"origin": [-3.125, 18.075, -1.2], "size": [2.5, 7, 2.5], "uv": [140, 11]},
						{"origin": [-3.125, 25.075, -1.2], "size": [2.5, 1, 2.5], "uv": [230, 157]}
					]
				},
				{
					"name": "bone43",
					"parent": "RightForeArm2",
					"pivot": [-6, -3, 0],
					"cubes": [
						{"origin": [-3.375, 18.275, 0.8], "size": [2.6, 0.3, 0.1], "uv": [65, 108], "mirror": true},
						{"origin": [-3.375, 18.775, -0.7], "size": [2.6, 0.1, 0.1], "uv": [65, 108], "mirror": true},
						{"origin": [-3.375, 18.775, 0.3], "size": [2.6, 0.1, 0.1], "uv": [65, 108], "mirror": true},
						{"origin": [-3.375, 18.275, 0.3], "size": [2.6, 0.3, 0.1], "uv": [65, 108], "mirror": true},
						{"origin": [-3.375, 18.775, -0.2], "size": [2.6, 0.1, 0.1], "uv": [65, 108], "mirror": true},
						{"origin": [-3.375, 18.275, -0.7], "size": [2.6, 0.3, 0.1], "uv": [65, 108], "mirror": true},
						{"origin": [-3.375, 18.775, 0.8], "size": [2.6, 0.1, 0.1], "uv": [65, 108], "mirror": true},
						{"origin": [-3.375, 18.275, -0.2], "size": [2.6, 0.3, 0.1], "uv": [65, 108], "mirror": true}
					]
				},
				{
					"name": "RightHandLocator2",
					"parent": "RightForeArm2",
					"pivot": [-2.125, 19.575, 0.025]
				},
				{
					"name": "LeftArm",
					"pivot": [1.4, 32.025, 0],
					"cubes": [
						{"origin": [0.6, 31.075, -1.2], "size": [2.55, 1, 2.5], "uv": [206, 28], "mirror": true},
						{"origin": [0.35, 25.575, -1.3], "size": [2.85, 4.5, 2.7], "uv": [228, 28], "mirror": true},
						{"origin": [0.15, 26.475, -1.5], "size": [3.25, 2.5, 3.1], "uv": [63, 108], "mirror": true},
						{"origin": [0.35, 30.075, -1.3], "size": [2.85, 1, 2.7], "uv": [229, 135], "mirror": true},
						{"origin": [0.45, 30.9, -1.2], "size": [2.5, 1.2, 2.5], "uv": [200, 16], "mirror": true},
						{"origin": [0.25, 31.5, -1.2], "size": [2.5, 1.3, 2.5], "pivot": [1.95, 31.55, -0.2], "rotation": [0, 0, 27.5], "uv": [11, 14], "mirror": true},
						{"origin": [0.25, 31.6, -1.3], "size": [2.7, 1.3, 2.7], "pivot": [1.95, 31.55, -0.2], "rotation": [0, 0, 27.5], "uv": [217, 25], "mirror": true},
						{"origin": [0.6, 25.175, -1.2], "size": [2.55, 2, 2.2], "uv": [229, 155], "mirror": true},
						{"origin": [0.8, 25.125, -1.2], "size": [2.2, 2.05, 1.8], "uv": [228, 153], "mirror": true}
					]
				},
				{
					"name": "bone42",
					"parent": "LeftArm",
					"pivot": [3.37, 27.66635, -0.90714],
					"rotation": [90, 0, -180],
					"cubes": [
						{"origin": [3.2, 27.075, -1.4], "size": [0.5, 0.8, 0.05], "pivot": [3.35, 27.675, -1.275], "rotation": [-67.5, 0, 0], "uv": [68, 106]},
						{"origin": [3.25, 27.475, -2], "size": [0.5, 0.4, 0.9], "uv": [236, 132]},
						{"origin": [3.2, 27.475, -0.6], "size": [0.5, 0.2, 0.05], "pivot": [3.35, 27.575, -0.575], "rotation": [-40, 0, 0], "uv": [69, 111]},
						{"origin": [3.2, 27.575, -0.5], "size": [0.5, 0.2, 0.05], "pivot": [3.35, 27.575, -0.575], "rotation": [40, 0, 0], "uv": [67, 106]},
						{"origin": [3.25, 27.475, -0.8], "size": [0.5, 0.4, 0.9], "uv": [229, 139]},
						{"origin": [3.25, 26.275, -0.7], "size": [0.5, 0.6, 0.8], "uv": [230, 140]},
						{"origin": [3.25, 26.375, -1.7], "size": [0.5, 0.4, 1], "uv": [230, 140]},
						{"origin": [3.2, 26.375, -0.7], "size": [0.5, 0.4, 0.3], "pivot": [3.5, 26.575, -0.6], "rotation": [-20, 0, 0], "uv": [72, 110]}
					]
				},
				{
					"name": "bone44",
					"parent": "LeftArm",
					"pivot": [1.95, 32.55, -0.2],
					"rotation": [53.12994, 5.07855, 14.13272],
					"cubes": [
						{"origin": [1.15, 32.7, -1], "size": [1.5, 1.3, 2], "pivot": [1.95, 32.55, -0.2], "rotation": [0, 0, 27.5], "uv": [220, 26], "mirror": true},
						{"origin": [2.15, 33.2, 1], "size": [0.5, 0.5, 2], "pivot": [1.95, 32.55, -0.2], "rotation": [0, 0, 27.5], "uv": [221, 26], "mirror": true},
						{"origin": [1.75, 32.8, -0.7], "size": [0.3, 1.3, 0.3], "pivot": [1.95, 32.55, -0.2], "rotation": [0, 0, 27.5], "uv": [65, 110], "mirror": true},
						{"origin": [2.15, 32.8, -0.4], "size": [0.3, 1.3, 0.3], "pivot": [1.95, 32.55, -0.2], "rotation": [0, 0, 27.5], "uv": [65, 110], "mirror": true},
						{"origin": [1.75, 32.8, -0.2], "size": [0.3, 1.3, 0.3], "pivot": [1.95, 32.55, -0.2], "rotation": [0, 0, 27.5], "uv": [65, 110], "mirror": true},
						{"origin": [1.35, 32.8, -0.4], "size": [0.3, 1.3, 0.3], "pivot": [1.95, 32.55, -0.2], "rotation": [0, 0, 27.5], "uv": [65, 110], "mirror": true},
						{"origin": [1.25, 32.8, 0.3], "size": [1.3, 1.3, 0.5], "pivot": [1.95, 32.55, -0.2], "rotation": [0, 0, 27.5], "uv": [231, 104], "mirror": true}
					]
				},
				{
					"name": "LeftForeArm",
					"parent": "LeftArm",
					"pivot": [2.125, 25.075, 0.025],
					"cubes": [
						{"origin": [0.35, 21.075, -1.3], "size": [2.85, 4.5, 2.7], "uv": [58, 139], "mirror": true},
						{"origin": [0.5, 20.075, -1.4], "size": [2.95, 2, 2.9], "uv": [62, 143], "mirror": true},
						{"origin": [0.525, 20.375, -1.2], "size": [2.5, 5, 2.5], "pivot": [1.775, 22.875, 0.05], "rotation": [0, 0, -5], "uv": [106, 1], "mirror": true},
						{"origin": [-0.795, 23.975, -1.2], "size": [1, 1, 2.5], "pivot": [1.775, 22.875, 0.05], "rotation": [0, 0, 35], "uv": [104, 5], "mirror": true},
						{"origin": [0.625, 18.075, -1.2], "size": [2.5, 7, 2.5], "uv": [144, 12], "mirror": true},
						{"origin": [1.25, 20.075, -1.35], "size": [2.85, 4.5, 2.8], "pivot": [2.875, 22.325, 0.05], "rotation": [0, 0, -17.5], "uv": [62, 171], "mirror": true},
						{"origin": [0.625, 25.075, -1.2], "size": [2.5, 1, 2.5], "uv": [220, 150], "mirror": true}
					]
				},
				{
					"name": "bone41",
					"parent": "LeftForeArm",
					"pivot": [6, -3, 0],
					"cubes": [
						{"origin": [0.775, 18.275, 0.8], "size": [2.6, 0.3, 0.1], "uv": [65, 108]},
						{"origin": [0.775, 18.775, -0.7], "size": [2.6, 0.1, 0.1], "uv": [65, 108]},
						{"origin": [0.775, 18.775, 0.3], "size": [2.6, 0.1, 0.1], "uv": [65, 108]},
						{"origin": [0.775, 18.275, 0.3], "size": [2.6, 0.3, 0.1], "uv": [65, 108]},
						{"origin": [0.775, 18.775, -0.2], "size": [2.6, 0.1, 0.1], "uv": [65, 108]},
						{"origin": [0.775, 18.275, -0.7], "size": [2.6, 0.3, 0.1], "uv": [65, 108]},
						{"origin": [0.775, 18.775, 0.8], "size": [2.6, 0.1, 0.1], "uv": [65, 108]},
						{"origin": [0.775, 18.275, -0.2], "size": [2.6, 0.3, 0.1], "uv": [65, 108]}
					]
				},
				{
					"name": "LeftForeArm2",
					"parent": "LeftForeArm",
					"pivot": [2.125, 25.075, 0.025],
					"cubes": [
						{"origin": [2.5, 24.075, -0.9], "size": [0.95, 1.9, 1.9], "pivot": [2.975, 25.025, 0.05], "rotation": [-45, 0, 0], "uv": [155, 61], "mirror": true},
						{"origin": [2.5, 22.075, -0.9], "size": [0.95, 3, 1.9], "uv": [155, 61], "mirror": true},
						{"origin": [0.35, 23.075, -0.2], "size": [0.15, 2.5, 0.5], "uv": [14, 103], "mirror": true}
					]
				},
				{
					"name": "LeftHandLocator",
					"parent": "LeftForeArm",
					"pivot": [2.125, 19.575, 0.025]
				}
			]
		}
	]
}