{
	"format_version": "1.12.0",
	"minecraft:geometry": [
		{
			"description": {
				"identifier": "geometry.unknown",
				"texture_width": 128,
				"texture_height": 128,
				"visible_bounds_width": 2,
				"visible_bounds_height": 3.5,
				"visible_bounds_offset": [0, 1.25, 0]
			},
			"bones": [
				{
					"name": "arms",
					"pivot": [0, 13.75, 0.25]
				},
				{
					"name": "RightArm",
					"parent": "arms",
					"pivot": [-2.75, 28.75, 0.25],
					"cubes": [
						{
							"origin": [-4.35, 16.55, -1.15],
							"size": [3, 13.6, 3],
							"uv": {
								"north": {"uv": [59, 7], "uv_size": [1.5, 7]},
								"east": {"uv": [59, 25], "uv_size": [1.5, 7]},
								"south": {"uv": [59, 32], "uv_size": [1.5, 7]},
								"west": {"uv": [59, 39], "uv_size": [1.5, 7]},
								"up": {"uv": [63, 60], "uv_size": [1.5, 1.5]},
								"down": {"uv": [63, 63.5], "uv_size": [1.5, -1.5]}
							}
						}
					]
				},
				{
					"name": "RightHand",
					"parent": "RightArm",
					"pivot": [-2.75, 16.25, 0.25]
				},
				{
					"name": "RightHandLocator",
					"parent": "RightHand",
					"pivot": [-2.75, 16.25, 0.25]
				},
				{
					"name": "RightSleeve",
					"parent": "RightArm",
					"pivot": [-2.75, 28.75, 0.25],
					"cubes": [
						{
							"origin": [-4.65, 25.35, -1.35],
							"size": [3.4, 5, 3.4],
							"uv": {
								"north": {"uv": [62, 0], "uv_size": [1.5, 2.5]},
								"east": {"uv": [62, 3], "uv_size": [1.5, 2.5]},
								"south": {"uv": [17, 62], "uv_size": [1.5, 2.5]},
								"west": {"uv": [19, 62], "uv_size": [1.5, 2.5]},
								"up": {"uv": [64, 0], "uv_size": [1.5, 1.5]},
								"down": {"uv": [64, 3.5], "uv_size": [1.5, -1.5]}
							}
						}
					]
				},
				{
					"name": "RightSleeveEnd",
					"parent": "RightSleeve",
					"pivot": [-2.8, 22.05, 0.4],
					"cubes": [
						{
							"origin": [-4.55, 20.55, -1.35],
							"size": [3.4, 3.6, 3.4],
							"uv": {
								"north": {"uv": [57, 14], "uv_size": [1.5, 2]},
								"east": {"uv": [63, 10], "uv_size": [1.5, 2]},
								"south": {"uv": [63, 12], "uv_size": [1.5, 2]},
								"west": {"uv": [63, 14], "uv_size": [1.5, 2]},
								"up": {"uv": [64, 4], "uv_size": [1.5, 1.5]},
								"down": {"uv": [7, 65.5], "uv_size": [1.5, -1.5]}
							}
						}
					]
				},
				{
					"name": "RightSleeveEnd2",
					"parent": "RightSleeveEnd",
					"pivot": [-2.8, 22.05, 0.4],
					"cubes": [
						{
							"origin": [-5.55, 17.25, -2.35],
							"size": [5.5, 2.4, 5.5],
							"uv": {
								"north": {"uv": [42, 15], "uv_size": [3, 1]},
								"east": {"uv": [45, 15], "uv_size": [3, 1]},
								"south": {"uv": [48, 15], "uv_size": [3, 1]},
								"west": {"uv": [51, 15], "uv_size": [3, 1]},
								"up": {"uv": [54, 0], "uv_size": [3, 3]},
								"down": {"uv": [54, 16], "uv_size": [3, -3]}
							}
						},
						{
							"origin": [-5.05, 19.65, -1.85],
							"size": [4.5, 2.4, 4.5],
							"uv": {
								"north": {"uv": [62, 6], "uv_size": [2.5, 1]},
								"east": {"uv": [63, 36], "uv_size": [2.5, 1]},
								"south": {"uv": [63, 37], "uv_size": [2.5, 1]},
								"west": {"uv": [63, 38], "uv_size": [2.5, 1]},
								"up": {"uv": [7, 61], "uv_size": [2.5, 2.5]},
								"down": {"uv": [61, 9.5], "uv_size": [2.5, -2.5]}
							}
						}
					]
				},
				{
					"name": "LeftArm",
					"parent": "arms",
					"pivot": [2.75, 28.75, 0.25],
					"cubes": [
						{
							"origin": [1.35, 16.55, -1.15],
							"size": [3, 13.6, 3],
							"uv": {
								"north": {"uv": [42, 59], "uv_size": [1.5, 7]},
								"east": {"uv": [44, 59], "uv_size": [1.5, 7]},
								"south": {"uv": [46, 59], "uv_size": [1.5, 7]},
								"west": {"uv": [59, 46], "uv_size": [1.5, 7]},
								"up": {"uv": [64, 7], "uv_size": [1.5, 1.5]},
								"down": {"uv": [9, 65.5], "uv_size": [1.5, -1.5]}
							}
						}
					]
				},
				{
					"name": "LeftHand",
					"parent": "LeftArm",
					"pivot": [2.75, 16.25, 0.25]
				},
				{
					"name": "LeftHandLocator",
					"parent": "LeftHand",
					"pivot": [2.75, 16.25, 0.25]
				},
				{
					"name": "LeftSleeve",
					"parent": "LeftArm",
					"pivot": [2.75, 28.75, 0.25],
					"cubes": [
						{
							"origin": [1.15, 25.35, -1.35],
							"size": [3.4, 5, 3.4],
							"uv": {
								"north": {"uv": [21, 62], "uv_size": [1.5, 2.5]},
								"east": {"uv": [23, 62], "uv_size": [1.5, 2.5]},
								"south": {"uv": [25, 62], "uv_size": [1.5, 2.5]},
								"west": {"uv": [27, 62], "uv_size": [1.5, 2.5]},
								"up": {"uv": [11, 64], "uv_size": [1.5, 1.5]},
								"down": {"uv": [64, 25.5], "uv_size": [1.5, -1.5]}
							}
						}
					]
				},
				{
					"name": "LeftSleeveEnd",
					"parent": "LeftSleeve",
					"pivot": [2.8, 22.05, 0.4],
					"cubes": [
						{
							"origin": [1.15, 20.55, -1.35],
							"size": [3.4, 3.6, 3.4],
							"uv": {
								"north": {"uv": [63, 16], "uv_size": [1.5, 2]},
								"east": {"uv": [63, 18], "uv_size": [1.5, 2]},
								"south": {"uv": [63, 20], "uv_size": [1.5, 2]},
								"west": {"uv": [63, 22], "uv_size": [1.5, 2]},
								"up": {"uv": [64, 26], "uv_size": [1.5, 1.5]},
								"down": {"uv": [64, 29.5], "uv_size": [1.5, -1.5]}
							}
						}
					]
				},
				{
					"name": "LeftSleeveEnd2",
					"parent": "LeftSleeveEnd",
					"pivot": [2.8, 22.05, 0.4],
					"cubes": [
						{
							"origin": [0.05, 17.25, -2.35],
							"size": [5.5, 2.4, 5.5],
							"uv": {
								"north": {"uv": [42, 15], "uv_size": [3, 1]},
								"east": {"uv": [51, 15], "uv_size": [3, 1]},
								"south": {"uv": [48, 15], "uv_size": [3, 1]},
								"west": {"uv": [45, 15], "uv_size": [3, 1]},
								"up": {"uv": [48, 59], "uv_size": [3, 3]},
								"down": {"uv": [57, 13], "uv_size": [-3, 3]}
							}
						},
						{
							"origin": [0.55, 19.65, -1.85],
							"size": [4.5, 2.4, 4.5],
							"uv": {
								"north": {"uv": [62, 6], "uv_size": [2.5, 1]},
								"east": {"uv": [63, 38], "uv_size": [2.5, 1]},
								"south": {"uv": [63, 37], "uv_size": [2.5, 1]},
								"west": {"uv": [63, 36], "uv_size": [2.5, 1]},
								"up": {"uv": [10, 61], "uv_size": [2.5, 2.5]},
								"down": {"uv": [63.5, 7], "uv_size": [-2.5, 2.5]}
							}
						}
					]
				}
			]
		}
	]
}