{
	"format_version": "1.8.0",
	"animations": {
		"idle": {
			"animation_length": 0.7917,
			"bones": {
				"Root": {
					"rotation": {
						"0.0": [0, 0, 0],
						"0.7917": [0, 0, 0]
					},
					"scale": {
						"0.0": [1, 1, 1],
						"0.7917": [1, 1, 1]
					}
				},
				"UpBody": {
					"rotation": {
						"0.0": [0, 0, 0],
						"0.7917": [0, 0, 0]
					},
					"position": {
						"0.0": [0, 0, 0],
						"0.7917": [0, 0, 0]
					}
				},
				"LeftArm": {
					"rotation": {
						"0.0": [0, 0, -10],
						"0.4167": [0, 0, -15],
						"0.7917": [0, 0, -10]
					},
					"position": {
						"0.0": [0, 0, 0],
						"0.7917": [0, 0, 0]
					}
				},
				"LeftForeArm": {
					"rotation": {
						"0.0": [0, 0, 0],
						"0.7917": [0, 0, 0]
					},
					"position": {
						"0.0": [0, 0, 0],
						"0.7917": [0, 0, 0]
					}
				},
				"RightArm": {
					"rotation": {
						"0.0": [0, 0, 7.5],
						"0.4167": [0, 0, 12.5],
						"0.7917": [0, 0, 7.5]
					},
					"position": {
						"0.0": [0, 0, 0],
						"0.7917": [0, 0, 0]
					}
				},
				"RightForeArm": {
					"rotation": {
						"0.0": [0, 0, 0],
						"0.7917": [0, 0, 0]
					},
					"position": {
						"0.0": [0, 0, 0],
						"0.7917": [0, 0, 0]
					}
				},
				"LeftLeg": {
					"rotation": {
						"0.0": [0, 0, -7.5],
						"0.7917": [0, 0, -7.5]
					},
					"position": {
						"0.0": [0, 0, 0],
						"0.7917": [0, 0, 0]
					}
				},
				"LeftLowerLeg": {
					"rotation": {
						"0.0": [0, 0, 0],
						"0.7917": [0, 0, 0]
					},
					"position": {
						"0.0": [0, 0, 0],
						"0.7917": [0, 0, 0]
					}
				},
				"LeftFoot": {
					"rotation": {
						"0.0": [0, 0, 0],
						"0.7917": [0, 0, 0]
					},
					"position": {
						"0.0": [0, 0, 0],
						"0.7917": [0, 0, 0]
					}
				},
				"RightLeg": {
					"rotation": {
						"0.0": [0, 0, 10],
						"0.7917": [0, 0, 10]
					},
					"position": {
						"0.0": [0, 0, 0],
						"0.7917": [0, 0, 0]
					}
				},
				"RightLowerLeg": {
					"rotation": {
						"0.0": [0, 0, 0],
						"0.7917": [0, 0, 0]
					},
					"position": {
						"0.0": [0, 0, 0],
						"0.7917": [0, 0, 0]
					}
				},
				"RightFoot": {
					"rotation": {
						"0.0": [0, 0, 0],
						"0.7917": [0, 0, 0]
					},
					"position": {
						"0.0": [0, 0, 0],
						"0.7917": [0, 0, 0]
					}
				},
				"AllBody": {
					"rotation": [0, 0, 0],
					"position": [0, 0, 0],
					"scale": 1
				},
				"AllHead": {
					"rotation": {
						"0.0": [0, 0, 0],
						"0.7917": [0, 0, 0]
					},
					"position": {
						"0.0": [0, 0, 0],
						"0.7917": [0, 0, 0]
					}
				},
				"Head": {
					"rotation": {
						"0.0": [0, 0, 0],
						"0.7917": [0, 0, 0]
					},
					"position": {
						"0.0": [0, 0, 0],
						"0.7917": [0, 0, 0]
					}
				},
				"Headball": {
					"rotation": {
						"0.0": [0, 0, 0],
						"0.4167": [5, 0, 0],
						"0.7917": [0, 0, 0]
					}
				},
				"Body": {
					"position": {
						"0.0": [0, 0, 0],
						"0.4167": [0, -0.5, 0],
						"0.7917": [0, 0, 0]
					}
				}
			}
		},
		"jump": {
			"loop": true,
			"animation_length": 0.75,
			"bones": {
				"LeftArm": {
					"rotation": {
						"0.0": [0, 0, -75],
						"0.25": [0, 0, -85],
						"0.5": [0, 0, -75]
					}
				},
				"RightArm": {
					"rotation": {
						"0.0": [0, 0, 77.5],
						"0.25": [0, 0, 85],
						"0.5": [0, 0, 77.5]
					}
				},
				"LeftLeg": {
					"rotation": {
						"0.0": [-70.81754, -23.7695, -15.48205],
						"0.25": [-65.81754, -23.7695, -15.48205],
						"0.5": [-70.81754, -23.7695, -15.48205]
					}
				},
				"RightLeg": {
					"rotation": {
						"0.0": [-79.52521, 17.22575, 13.13388],
						"0.25": [-74.52521, 17.22575, 13.13388],
						"0.5": [-79.52521, 17.22575, 13.13388]
					}
				},
				"Root": {
					"rotation": [10, 0, 0]
				},
				"AllHead": {
					"rotation": [12.5, 0, 0]
				},
				"Headball": {
					"rotation": [20, 0, 0]
				}
			}
		},
		"fly": {
			"loop": true,
			"animation_length": 0.9583,
			"bones": {
				"LeftArm": {
					"rotation": [0, 0, -75]
				},
				"RightArm": {
					"rotation": [0, 0, 77.5]
				},
				"LeftLeg": {
					"rotation": [-70.81754, -23.7695, -15.48205]
				},
				"RightLeg": {
					"rotation": [-79.52521, 17.22575, 13.13388]
				},
				"Root": {
					"rotation": [10, 0, 0]
				},
				"AllHead": {
					"rotation": [12.5, 0, 0]
				},
				"Headball": {
					"rotation": [-2.5, 0, 0]
				},
				"Copter": {
					"rotation": {
						"0.0": {
							"post": [0, 0, 5],
							"lerp_mode": "catmullrom"
						},
						"0.0417": {
							"post": [0, 0, 30],
							"lerp_mode": "catmullrom"
						},
						"0.0833": {
							"post": [0, 0, 55],
							"lerp_mode": "catmullrom"
						},
						"0.125": {
							"post": [0, 0, 80],
							"lerp_mode": "catmullrom"
						},
						"0.1667": {
							"post": [0, 0, 105],
							"lerp_mode": "catmullrom"
						},
						"0.2083": {
							"post": [0, 0, 130],
							"lerp_mode": "catmullrom"
						},
						"0.25": {
							"post": [0, 0, 155],
							"lerp_mode": "catmullrom"
						},
						"0.2917": {
							"post": [0, 0, 180],
							"lerp_mode": "catmullrom"
						},
						"0.3333": {
							"post": [0, 0, 205],
							"lerp_mode": "catmullrom"
						},
						"0.375": {
							"post": [0, 0, 232.5],
							"lerp_mode": "catmullrom"
						},
						"0.4167": {
							"post": [0, 0, 257.5],
							"lerp_mode": "catmullrom"
						},
						"0.4583": {
							"post": [0, 0, 282.5],
							"lerp_mode": "catmullrom"
						},
						"0.5": {
							"post": [0, 0, 5],
							"lerp_mode": "catmullrom"
						},
						"0.5417": {
							"post": [0, 0, 30],
							"lerp_mode": "catmullrom"
						},
						"0.5833": {
							"post": [0, 0, 55],
							"lerp_mode": "catmullrom"
						},
						"0.625": {
							"post": [0, 0, 80],
							"lerp_mode": "catmullrom"
						},
						"0.6667": {
							"post": [0, 0, 105],
							"lerp_mode": "catmullrom"
						},
						"0.7083": {
							"post": [0, 0, 130],
							"lerp_mode": "catmullrom"
						},
						"0.75": {
							"post": [0, 0, 155],
							"lerp_mode": "catmullrom"
						},
						"0.7917": {
							"post": [0, 0, 180],
							"lerp_mode": "catmullrom"
						},
						"0.8333": {
							"post": [0, 0, 205],
							"lerp_mode": "catmullrom"
						},
						"0.875": {
							"post": [0, 0, 232.5],
							"lerp_mode": "catmullrom"
						},
						"0.9167": {
							"post": [0, 0, 257.5],
							"lerp_mode": "catmullrom"
						},
						"0.9583": {
							"post": [0, 0, 282.5],
							"lerp_mode": "catmullrom"
						}
					},
					"position": {
						"0.0": {
							"post": [0, 0, -1.2],
							"lerp_mode": "catmullrom"
						}
					},
					"scale": {
						"0.0": {
							"post": [1, 1, 1],
							"lerp_mode": "catmullrom"
						}
					}
				}
			}
		},
		"run": {
			"loop": true,
			"animation_length": 0.5,
			"bones": {
				"LeftArm": {
					"rotation": {
						"0.0": {
							"post": [-51.56568, -19.7426, -1.94213],
							"lerp_mode": "catmullrom"
						},
						"0.25": {
							"post": [39.46831, 10.20297, -19.75501],
							"lerp_mode": "catmullrom"
						},
						"0.5": {
							"post": [-51.56568, -19.7426, -1.94213],
							"lerp_mode": "catmullrom"
						}
					}
				},
				"LeftForeArm": {
					"rotation": {
						"0.0": {
							"post": [-46.45859, 21.07785, 18.86921],
							"lerp_mode": "catmullrom"
						},
						"0.25": {
							"post": [27.5, 0, 0],
							"lerp_mode": "catmullrom"
						},
						"0.5": {
							"post": [-46.45859, 21.07785, 18.86921],
							"lerp_mode": "catmullrom"
						}
					},
					"position": {
						"0.0": {
							"post": [0, -0.2, -0.3],
							"lerp_mode": "catmullrom"
						},
						"0.25": {
							"post": [0, 0.8, -0.3],
							"lerp_mode": "catmullrom"
						},
						"0.375": {
							"post": [0, 0.8, 0.1],
							"lerp_mode": "catmullrom"
						},
						"0.5": {
							"post": [0, -0.2, -0.3],
							"lerp_mode": "catmullrom"
						}
					}
				},
				"RightArm": {
					"rotation": {
						"0.0": {
							"post": [39.46831, -10.20297, 19.75501],
							"lerp_mode": "catmullrom"
						},
						"0.25": {
							"post": [-51.56568, 19.7426, 1.94213],
							"lerp_mode": "catmullrom"
						},
						"0.5": {
							"post": [39.46831, -10.20297, 19.75501],
							"lerp_mode": "catmullrom"
						}
					}
				},
				"RightForeArm": {
					"rotation": {
						"0.0": {
							"post": [27.5, 0, 0],
							"lerp_mode": "catmullrom"
						},
						"0.25": {
							"post": [-47.20513, -18.88952, -16.68541],
							"lerp_mode": "catmullrom"
						},
						"0.5": {
							"post": [27.5, 0, 0],
							"lerp_mode": "catmullrom"
						}
					},
					"position": {
						"0.0": {
							"post": [0, -0.2, 0.2],
							"lerp_mode": "catmullrom"
						},
						"0.25": {
							"post": [0, -0.2, -0.57],
							"lerp_mode": "catmullrom"
						},
						"0.375": {
							"post": [0, -0.2, -0.2],
							"lerp_mode": "catmullrom"
						},
						"0.5": {
							"post": [0, -0.2, 0.2],
							"lerp_mode": "catmullrom"
						}
					}
				},
				"LeftLeg": {
					"rotation": {
						"0.0": {
							"post": [20, 0, -7.5],
							"lerp_mode": "catmullrom"
						},
						"0.25": {
							"post": [-55, 0, 10],
							"lerp_mode": "catmullrom"
						},
						"0.5": {
							"post": [20, 0, -7.5],
							"lerp_mode": "catmullrom"
						}
					},
					"position": [1, 0, 0]
				},
				"LeftLowerLeg": {
					"rotation": {
						"0.0": {
							"post": [30, 0, 0],
							"lerp_mode": "catmullrom"
						},
						"0.25": {
							"post": [0, 0, 0],
							"lerp_mode": "catmullrom"
						},
						"0.5": {
							"post": [30, 0, 0],
							"lerp_mode": "catmullrom"
						}
					}
				},
				"RightLeg": {
					"rotation": {
						"0.0": {
							"post": [-47.5, 0, 10],
							"lerp_mode": "catmullrom"
						},
						"0.25": {
							"post": [30, 0, 0],
							"lerp_mode": "catmullrom"
						},
						"0.5": {
							"post": [-47.5, 0, 10],
							"lerp_mode": "catmullrom"
						}
					},
					"position": [-0.4, 0, 0]
				},
				"RightLowerLeg": {
					"rotation": {
						"0.0": {
							"post": [0, 0, 0],
							"lerp_mode": "catmullrom"
						},
						"0.25": {
							"post": [52.5, 0, 0],
							"lerp_mode": "catmullrom"
						},
						"0.5": {
							"post": [0, 0, 0],
							"lerp_mode": "catmullrom"
						}
					}
				},
				"AllBody": {
					"rotation": {
						"0.0": {
							"post": [0, 0, 0],
							"lerp_mode": "catmullrom"
						}
					},
					"position": {
						"0.0": {
							"post": [0, 0, 0],
							"lerp_mode": "catmullrom"
						}
					},
					"scale": {
						"0.0": {
							"post": [1, 1, 1],
							"lerp_mode": "catmullrom"
						}
					}
				},
				"Head": {
					"rotation": {
						"0.0": [0, 0, 0],
						"0.25": [0, -20, 0],
						"0.5": [0, 0, 0]
					}
				},
				"Headball": {
					"rotation": {
						"0.0": {
							"post": [0, 0, 0],
							"lerp_mode": "catmullrom"
						},
						"0.125": {
							"post": [0, -25, 0],
							"lerp_mode": "catmullrom"
						},
						"0.25": {
							"post": [0, 25, 0],
							"lerp_mode": "catmullrom"
						},
						"0.5": {
							"post": [0, 0, 0],
							"lerp_mode": "catmullrom"
						}
					},
					"position": {
						"0.0": {
							"post": [0, 0, 0],
							"lerp_mode": "catmullrom"
						},
						"0.375": {
							"post": [-0.8, 0, -0.3],
							"lerp_mode": "catmullrom"
						},
						"0.5": {
							"post": [0, 0, 0],
							"lerp_mode": "catmullrom"
						}
					}
				},
				"ball": {
					"position": {
						"0.0": [0, 0, 0],
						"0.125": [0, 0.4, 0],
						"0.25": [0, -0.5, 0],
						"0.375": [0, -1, 0],
						"0.5": [0, 0, 0]
					}
				},
				"Body": {
					"position": {
						"0.0": [0, 0, 0],
						"0.25": [0, 0.7, 0],
						"0.5": [0, 0, 0]
					}
				},
				"Leftfoot2": {
					"position": {
						"0.0": [0, 0, 1],
						"0.25": [0, 0, 0],
						"0.5": [0, 0, 1]
					}
				},
				"Rightfoot2": {
					"position": {
						"0.0": [0, 0, -1],
						"0.25": [0, 0, 1],
						"0.5": [0, 0, -1]
					}
				},
				"Root": {
					"position": {
						"0.0": [0, 0, 0],
						"0.0833": [0, 0.5, 0],
						"0.1667": [0, 0, 0],
						"0.25": [0, 0.5, 0],
						"0.3333": [0, 0, 0],
						"0.4167": [0, 0.5, 0],
						"0.5": [0, 0, 0]
					}
				},
				"UpBody": {
					"rotation": {
						"0.0": [-2.55404, -2.48791, -1.43938],
						"0.0417": [-1.67356, -2.3087, -1.95696],
						"0.0833": [-1.91033, -0.37961, -0.24383],
						"0.2083": [-2.84486, 2.38303, 1.15151],
						"0.25": [-2.55404, 2.48791, 1.43938],
						"0.2917": [-1.67356, 2.3087, 1.95696],
						"0.3333": [-1.91033, 0.37961, 0.24383],
						"0.4583": [-2.84486, -2.38303, -1.15151],
						"0.5": [-2.55404, -2.48791, -1.43938]
					}
				}
			}
		},
		"walk": {
			"loop": true,
			"animation_length": 1,
			"bones": {
				"LeftArm": {
					"rotation": {
						"0.0": {
							"post": [-51.56568, -19.7426, -1.94213],
							"lerp_mode": "catmullrom"
						},
						"0.5": {
							"post": [39.46831, 10.20297, -19.75501],
							"lerp_mode": "catmullrom"
						},
						"1.0": {
							"post": [-51.56568, -19.7426, -1.94213],
							"lerp_mode": "catmullrom"
						}
					}
				},
				"LeftForeArm": {
					"rotation": {
						"0.0": {
							"post": [-46.45859, 21.07785, 18.86921],
							"lerp_mode": "catmullrom"
						},
						"0.5": {
							"post": [27.5, 0, 0],
							"lerp_mode": "catmullrom"
						},
						"1.0": {
							"post": [-46.45859, 21.07785, 18.86921],
							"lerp_mode": "catmullrom"
						}
					},
					"position": {
						"0.0": {
							"post": [0, -0.2, -0.3],
							"lerp_mode": "catmullrom"
						},
						"0.5": {
							"post": [0, 0.8, -0.3],
							"lerp_mode": "catmullrom"
						},
						"0.75": {
							"post": [0, 0.8, 0.1],
							"lerp_mode": "catmullrom"
						},
						"1.0": {
							"post": [0, -0.2, -0.3],
							"lerp_mode": "catmullrom"
						}
					}
				},
				"RightArm": {
					"rotation": {
						"0.0": {
							"post": [39.46831, -10.20297, 19.75501],
							"lerp_mode": "catmullrom"
						},
						"0.5": {
							"post": [-51.56568, 19.7426, 1.94213],
							"lerp_mode": "catmullrom"
						},
						"1.0": {
							"post": [39.46831, -10.20297, 19.75501],
							"lerp_mode": "catmullrom"
						}
					}
				},
				"RightForeArm": {
					"rotation": {
						"0.0": {
							"post": [27.5, 0, 0],
							"lerp_mode": "catmullrom"
						},
						"0.5": {
							"post": [-47.20513, -18.88952, -16.68541],
							"lerp_mode": "catmullrom"
						},
						"1.0": {
							"post": [27.5, 0, 0],
							"lerp_mode": "catmullrom"
						}
					},
					"position": {
						"0.0": {
							"post": [0, -0.2, 0.2],
							"lerp_mode": "catmullrom"
						},
						"0.5": {
							"post": [0, -0.2, -0.57],
							"lerp_mode": "catmullrom"
						},
						"0.75": {
							"post": [0, -0.2, -0.2],
							"lerp_mode": "catmullrom"
						},
						"1.0": {
							"post": [0, -0.2, 0.2],
							"lerp_mode": "catmullrom"
						}
					}
				},
				"LeftLeg": {
					"rotation": {
						"0.0": {
							"post": [20, 0, -7.5],
							"lerp_mode": "catmullrom"
						},
						"0.5": {
							"post": [-55, 0, 10],
							"lerp_mode": "catmullrom"
						},
						"1.0": {
							"post": [20, 0, -7.5],
							"lerp_mode": "catmullrom"
						}
					},
					"position": [1, 0, 0]
				},
				"LeftLowerLeg": {
					"rotation": {
						"0.0": {
							"post": [30, 0, 0],
							"lerp_mode": "catmullrom"
						},
						"0.5": {
							"post": [0, 0, 0],
							"lerp_mode": "catmullrom"
						},
						"1.0": {
							"post": [30, 0, 0],
							"lerp_mode": "catmullrom"
						}
					}
				},
				"RightLeg": {
					"rotation": {
						"0.0": {
							"post": [-47.5, 0, 10],
							"lerp_mode": "catmullrom"
						},
						"0.5": {
							"post": [30, 0, 0],
							"lerp_mode": "catmullrom"
						},
						"1.0": {
							"post": [-47.5, 0, 10],
							"lerp_mode": "catmullrom"
						}
					},
					"position": [-0.4, 0, 0]
				},
				"RightLowerLeg": {
					"rotation": {
						"0.0": {
							"post": [0, 0, 0],
							"lerp_mode": "catmullrom"
						},
						"0.5": {
							"post": [52.5, 0, 0],
							"lerp_mode": "catmullrom"
						},
						"1.0": {
							"post": [0, 0, 0],
							"lerp_mode": "catmullrom"
						}
					}
				},
				"AllBody": {
					"rotation": {
						"0.0": {
							"post": [0, 0, 0],
							"lerp_mode": "catmullrom"
						}
					},
					"position": {
						"0.0": {
							"post": [0, 0, 0],
							"lerp_mode": "catmullrom"
						}
					},
					"scale": {
						"0.0": {
							"post": [1, 1, 1],
							"lerp_mode": "catmullrom"
						}
					}
				},
				"Head": {
					"rotation": {
						"0.0": [0, 0, 0],
						"0.25": [0, -20, 0],
						"0.75": [0, 20, 0],
						"1.0": [0, 0, 0]
					}
				},
				"Headball": {
					"rotation": {
						"0.0": {
							"post": [0, 0, 0],
							"lerp_mode": "catmullrom"
						},
						"0.25": {
							"post": [0, -25, 0],
							"lerp_mode": "catmullrom"
						},
						"0.5": {
							"post": [0, 25, 0],
							"lerp_mode": "catmullrom"
						},
						"1.0": {
							"post": [0, 0, 0],
							"lerp_mode": "catmullrom"
						}
					},
					"position": {
						"0.0": {
							"post": [0, 0, 0],
							"lerp_mode": "catmullrom"
						},
						"0.75": {
							"post": [-0.8, 0, -0.3],
							"lerp_mode": "catmullrom"
						},
						"1.0": {
							"post": [0, 0, 0],
							"lerp_mode": "catmullrom"
						}
					}
				},
				"ball": {
					"position": {
						"0.0": [0, 0, 0],
						"0.25": [0, 0.4, 0],
						"0.5": [0, -0.5, 0],
						"0.75": [0, -1, 0],
						"1.0": [0, 0, 0]
					}
				},
				"Body": {
					"position": {
						"0.0": [0, 0, 0],
						"0.5": [0, 0.7, 0],
						"1.0": [0, 0, 0]
					}
				},
				"Leftfoot2": {
					"position": {
						"0.0": [0, 0, 1],
						"0.5": [0, 0, 0],
						"1.0": [0, 0, 1]
					}
				},
				"Rightfoot2": {
					"position": {
						"0.0": [0, 0, -1],
						"0.5": [0, 0, 1],
						"1.0": [0, 0, -1]
					}
				},
				"Root": {
					"position": {
						"0.0": [0, 0, 0],
						"0.1667": [0, 0.5, 0],
						"0.3333": [0, 0, 0],
						"0.5": [0, 0.5, 0],
						"0.6667": [0, 0, 0],
						"0.8333": [0, 0.5, 0],
						"1.0": [0, 0, 0]
					}
				},
				"UpBody": {
					"rotation": {
						"0.0": [-2.55404, -2.48791, -1.43938],
						"0.0833": [-1.67356, -2.3087, -1.95696],
						"0.1667": [-1.91033, -0.37961, -0.24383],
						"0.4167": [-2.84486, 2.38303, 1.15151],
						"0.5": [-2.55404, 2.48791, 1.43938],
						"0.5833": [-1.67356, 2.3087, 1.95696],
						"0.6667": [-1.91033, 0.37961, 0.24383],
						"0.9167": [-2.84486, -2.38303, -1.15151],
						"1.0": [-2.55404, -2.48791, -1.43938]
					}
				}
			}
		},
		"attacked": {
			"animation_length": 0.5,
			"bones": {
				"Root": {
					"rotation": {
						"0.0": [0, 0, 0],
						"0.25": [10, 0, 0],
						"0.5": [0, 0, 0]
					},
					"position": {
						"0.0": [0, 0, 0],
						"0.5": [0, 0, 0]
					},
					"scale": {
						"0.0": [1, 1, 1],
						"0.5": [1, 1, 1]
					}
				},
				"UpBody": {
					"rotation": {
						"0.0": [0, 0, 0],
						"0.5": [0, 0, 0]
					},
					"position": {
						"0.0": [0, 0, 0],
						"0.5": [0, 0, 0]
					}
				},
				"LeftArm": {
					"rotation": {
						"0.0": [0, 0, -10],
						"0.25": [0, 0, -75],
						"0.5": [0, 0, -10]
					},
					"position": {
						"0.0": [0, 0, 0],
						"0.5": [0, 0, 0]
					}
				},
				"LeftForeArm": {
					"rotation": {
						"0.0": [0, 0, 0],
						"0.5": [0, 0, 0]
					},
					"position": {
						"0.0": [0, 0, 0],
						"0.5": [0, 0, 0]
					}
				},
				"RightArm": {
					"rotation": {
						"0.0": [0, 0, 7.5],
						"0.25": [0, 0, 77.5],
						"0.5": [0, 0, 7.5]
					},
					"position": {
						"0.0": [0, 0, 0],
						"0.5": [0, 0, 0]
					}
				},
				"RightForeArm": {
					"rotation": {
						"0.0": [0, 0, 0],
						"0.5": [0, 0, 0]
					},
					"position": {
						"0.0": [0, 0, 0],
						"0.5": [0, 0, 0]
					}
				},
				"LeftLeg": {
					"rotation": {
						"0.0": [0, 0, -7.5],
						"0.25": [-70.81754, -23.7695, -15.48205],
						"0.5": [0, 0, -7.5]
					},
					"position": {
						"0.0": [0, 0, 0],
						"0.5": [0, 0, 0]
					}
				},
				"LeftLowerLeg": {
					"rotation": {
						"0.0": [0, 0, 0],
						"0.5": [0, 0, 0]
					},
					"position": {
						"0.0": [0, 0, 0],
						"0.5": [0, 0, 0]
					}
				},
				"LeftFoot": {
					"rotation": {
						"0.0": [0, 0, 0],
						"0.5": [0, 0, 0]
					},
					"position": {
						"0.0": [0, 0, 0],
						"0.5": [0, 0, 0]
					}
				},
				"RightLeg": {
					"rotation": {
						"0.0": [0, 0, 10],
						"0.25": [-79.52521, 17.22575, 13.13388],
						"0.5": [0, 0, 10]
					},
					"position": {
						"0.0": [0, 0, 0],
						"0.5": [0, 0, 0]
					}
				},
				"RightLowerLeg": {
					"rotation": {
						"0.0": [0, 0, 0],
						"0.5": [0, 0, 0]
					},
					"position": {
						"0.0": [0, 0, 0],
						"0.5": [0, 0, 0]
					}
				},
				"RightFoot": {
					"rotation": {
						"0.0": [0, 0, 0],
						"0.5": [0, 0, 0]
					},
					"position": {
						"0.0": [0, 0, 0],
						"0.5": [0, 0, 0]
					}
				},
				"AllHead": {
					"rotation": {
						"0.0": [0, 0, 0],
						"0.25": [12.5, 0, 0],
						"0.5": [0, 0, 0]
					}
				},
				"Head": {
					"rotation": {
						"0.0": [0, 0, 0],
						"0.5": [0, 0, 0]
					},
					"position": {
						"0.0": [0, 0, 0],
						"0.5": [0, 0, 0]
					}
				},
				"Headball": {
					"rotation": {
						"0.0": [0, 0, 0],
						"0.25": [20, 0, 0],
						"0.5": [0, 0, 0]
					}
				},
				"Lefteye": {
					"rotation": {
						"0.0": [0, 0, 0],
						"0.1667": {"pre": [0, 0, 0], "post": [0, 0, 0]},
						"0.25": {"pre": [0, 0, 0], "post": [-3.51352, 5.49329, 58.65993]},
						"0.3333": {"pre": [-3.51352, 5.49329, 58.65993], "post": [-3.51352, 5.49329, 58.65993]},
						"0.4167": {"pre": [-3.51352, 5.49329, 58.65993], "post": [-3.51352, 5.49329, 58.65993]},
						"0.5": {"pre": [-3.51352, 5.49329, 58.65993], "post": [0, 0, 0]}
					},
					"position": {
						"0.0": [0, 0, 0],
						"0.1667": {"pre": [0, 0, 0], "post": [0, 0, 0]},
						"0.25": {"pre": [0, 0, 0], "post": [2, 0, -0.5]},
						"0.3333": {"pre": [2, 0, -0.5], "post": [2, 0, 0.5]},
						"0.4167": {"pre": [2, 0, 0.5], "post": [2, 0, 0.5]},
						"0.5": {"pre": [2, 0, 0.5], "post": [0, 0, 0]}
					},
					"scale": {
						"0.0": [1, 1, 1],
						"0.1667": {"pre": [1, 1, 1], "post": [1, 1, 1]},
						"0.25": {"pre": [1, 1, 1], "post": [1, 1.48, 0.85]},
						"0.3333": {"pre": [1, 1.48, 0.85], "post": [1, 1.48, 1]},
						"0.4167": {"pre": [1, 1.48, 1], "post": [1, 1.48, 1]},
						"0.5": {"pre": [1, 1.48, 1], "post": [1, 1, 1]}
					}
				},
				"RightEye": {
					"rotation": {
						"0.0": [0, 0, 0],
						"0.1667": {"pre": [0, 0, 0], "post": [0, 0, 0]},
						"0.25": {"pre": [0, 0, 0], "post": [0, 0, -61]},
						"0.3333": {"pre": [0, 0, -61], "post": [0, 0, -61]},
						"0.4167": {"pre": [0, 0, -61], "post": [0, 0, -61]},
						"0.5": {"pre": [0, 0, -61], "post": [0, 0, 0]}
					},
					"position": {
						"0.0": [0, 0, 0],
						"0.1667": {"pre": [0, 0, 0], "post": [0, 0, 0]},
						"0.25": {"pre": [0, 0, 0], "post": [-2, 0.3, 0.9]},
						"0.3333": {"pre": [-2, 0.3, 0.9], "post": [-2, 0.3, 0.7]},
						"0.4167": {"pre": [-2, 0.3, 0.7], "post": [-2, 0.3, 0.7]},
						"0.5": {"pre": [-2, 0.3, 0.7], "post": [0, 0, 0]}
					},
					"scale": {
						"0.0": [1, 1, 1],
						"0.1667": {"pre": [1, 1, 1], "post": [1, 1, 1]},
						"0.25": {"pre": [1, 1, 1], "post": [1, 1.46, 0.83]},
						"0.3333": {"pre": [1, 1.46, 0.83], "post": [1, 1.46, 1]},
						"0.4167": {"pre": [1, 1.46, 1], "post": [1, 1.46, 1]},
						"0.5": {"pre": [1, 1.46, 1], "post": [1, 1, 1]}
					}
				},
				"Eyes": {
					"position": {
						"0.0": [0, 0, 0],
						"0.25": [0, 0, -2]
					}
				}
			}
		},
		"sneak": {
			"loop": true,
			"animation_length": 1.5,
			"bones": {
				"Root": {
					"rotation": [0, 17.5, 0],
					"position": {
						"0.0": [1.35, -6, 3],
						"0.0417": [1.35, -5.95, 3],
						"0.0833": [1.35, -5.86, 3],
						"0.125": [1.35, -5.77, 3],
						"0.1667": [1.35, -5.66, 3],
						"0.2083": [1.35, -5.55, 3],
						"0.25": [1.35, -5.46, 3],
						"0.2917": [1.35, -5.37, 3],
						"0.3333": [1.35, -5.32, 3],
						"0.375": [1.35, -5.3, 3],
						"0.4167": [1.35, -5.32, 3],
						"0.4583": [1.35, -5.37, 3],
						"0.5": [1.35, -5.45, 3],
						"0.5417": [1.35, -5.55, 3],
						"0.5833": [1.35, -5.65, 3],
						"0.625": [1.35, -5.75, 3],
						"0.6667": [1.35, -5.85, 3],
						"0.7083": [1.35, -5.93, 3],
						"0.75": [1.35, -5.98, 3],
						"0.7917": [1.35, -6, 3],
						"0.8333": [1.35, -5.98, 3],
						"0.875": [1.35, -5.91, 3],
						"0.9167": [1.35, -5.82, 3],
						"0.9583": [1.35, -5.71, 3],
						"1.0": [1.35, -5.59, 3],
						"1.0417": [1.35, -5.48, 3],
						"1.0833": [1.35, -5.39, 3],
						"1.125": [1.35, -5.32, 3],
						"1.1667": [1.35, -5.3, 3],
						"1.2083": [1.36, -5.34, 3.02],
						"1.25": [1.38, -5.43, 3.07],
						"1.2917": [1.41, -5.56, 3.13],
						"1.3333": [1.43, -5.71, 3.19],
						"1.375": [1.45, -5.85, 3.22],
						"1.4167": [1.44, -5.96, 3.21],
						"1.4583": [1.41, -6.01, 3.14],
						"1.5": [1.35, -6, 3]
					},
					"scale": [1, 1, 1]
				},
				"UpBody": {
					"rotation": {
						"0.0": [31.79, 12.47, -0.48],
						"0.0417": [32.15, 12.32, -0.55],
						"0.0833": [32.69, 12.12, -0.65],
						"0.125": [33.34, 11.89, -0.76],
						"0.1667": [34.05, 11.63, -0.88],
						"0.2083": [34.75, 11.35, -1.02],
						"0.25": [35.39, 11.06, -1.17],
						"0.2917": [35.91, 10.77, -1.32],
						"0.3333": [36.24, 10.48, -1.48],
						"0.375": [36.33, 10.21, -1.64],
						"0.4167": [36.14, 9.96, -1.81],
						"0.4583": [35.71, 9.66, -2.02],
						"0.5": [35.08, 9.35, -2.25],
						"0.5417": [34.34, 9.03, -2.48],
						"0.5833": [33.54, 8.72, -2.72],
						"0.625": [32.74, 8.43, -2.94],
						"0.6667": [32.01, 8.18, -3.14],
						"0.7083": [31.41, 7.98, -3.29],
						"0.75": [31.01, 7.85, -3.39],
						"0.7917": [30.86, 7.81, -3.43],
						"0.8333": [31.04, 7.86, -3.38],
						"0.875": [31.53, 8.02, -3.26],
						"0.9167": [32.24, 8.26, -3.08],
						"0.9583": [33.09, 8.55, -2.85],
						"1.0": [33.99, 8.89, -2.59],
						"1.0417": [34.85, 9.24, -2.33],
						"1.0833": [35.58, 9.6, -2.07],
						"1.125": [36.11, 9.93, -1.83],
						"1.1667": [36.33, 10.21, -1.64],
						"1.2083": [36.21, 10.56, -1.47],
						"1.25": [35.76, 10.99, -1.31],
						"1.2917": [35.1, 11.45, -1.17],
						"1.3333": [34.32, 11.89, -1.03],
						"1.375": [33.5, 12.26, -0.9],
						"1.4167": [32.74, 12.51, -0.76],
						"1.4583": [32.14, 12.6, -0.62],
						"1.5": [31.79, 12.47, -0.48]
					},
					"position": [0, 0, 0]
				},
				"LeftArm": {
					"rotation": {
						"0.0": [-48.71, -26.19, -24.09],
						"0.0417": [-49.3, -26, -24.38],
						"0.0833": [-50.08, -25.76, -24.76],
						"0.125": [-51, -25.47, -25.22],
						"0.1667": [-52.07, -25.13, -25.75],
						"0.2083": [-53.24, -24.76, -26.33],
						"0.25": [-54.49, -24.36, -26.95],
						"0.2917": [-55.81, -23.95, -27.6],
						"0.3333": [-57.16, -23.52, -28.26],
						"0.375": [-58.52, -23.09, -28.94],
						"0.4167": [-59.87, -22.67, -29.6],
						"0.4583": [-61.17, -22.25, -30.25],
						"0.5": [-62.42, -21.86, -30.87],
						"0.5417": [-63.58, -21.49, -31.44],
						"0.5833": [-64.63, -21.16, -31.96],
						"0.625": [-65.54, -20.88, -32.41],
						"0.6667": [-66.3, -20.64, -32.78],
						"0.7083": [-66.86, -20.46, -33.06],
						"0.75": [-67.22, -20.34, -33.24],
						"0.7917": [-67.35, -20.31, -33.3],
						"0.8333": [-67.19, -20.35, -33.23],
						"0.875": [-66.75, -20.49, -33.01],
						"0.9167": [-66.05, -20.71, -32.66],
						"0.9583": [-65.13, -21, -32.21],
						"1.0": [-64.03, -21.35, -31.66],
						"1.0417": [-62.77, -21.75, -31.04],
						"1.0833": [-61.4, -22.18, -30.36],
						"1.125": [-59.95, -22.64, -29.64],
						"1.1667": [-58.44, -23.12, -28.9],
						"1.2083": [-56.92, -23.6, -28.15],
						"1.25": [-55.42, -24.07, -27.4],
						"1.2917": [-53.97, -24.53, -26.69],
						"1.3333": [-52.61, -24.96, -26.01],
						"1.375": [-51.37, -25.35, -25.4],
						"1.4167": [-50.28, -25.69, -24.86],
						"1.4583": [-49.39, -25.98, -24.42],
						"1.5": [-48.71, -26.19, -24.09]
					},
					"position": {
						"0.0": [0, 0, 0],
						"0.0417": [0, 0, 0],
						"0.0833": [0, 0, 0],
						"0.125": [0, 0, 0],
						"0.1667": [0, 0, 0],
						"0.2083": [0, 0, 0],
						"0.25": [0, 0, 0],
						"0.2917": [0, 0, 0],
						"0.3333": [0, 0, 0],
						"0.375": [0, 0, 0],
						"0.4167": [0, 0, 0],
						"0.4583": [0, 0, 0],
						"0.5": [0, 0, 0],
						"0.5417": [0, 0, 0],
						"0.5833": [0, 0, 0],
						"0.625": [0, 0, 0],
						"0.6667": [0, 0, 0],
						"0.7083": [0, 0, 0],
						"0.75": [0, 0, 0],
						"0.7917": [0, 0, 0],
						"0.8333": [0, 0, 0],
						"0.875": [0, 0, 0],
						"0.9167": [0, 0, 0],
						"0.9583": [0, 0, 0],
						"1.0": [0, 0, 0],
						"1.0417": [0, 0, 0],
						"1.0833": [0, 0, 0],
						"1.125": [0, 0, 0],
						"1.1667": [0, 0, 0],
						"1.2083": [0, 0, 0],
						"1.25": [0, 0, 0],
						"1.2917": [0, 0, 0],
						"1.3333": [0, 0, 0],
						"1.375": [0, 0, 0],
						"1.4167": [0, 0, 0],
						"1.4583": [0, 0, 0],
						"1.5": [0, 0, 0]
					}
				},
				"LeftForeArm": {
					"rotation": {
						"0.0": [-77.5, 0, 0],
						"0.0417": [-77.18, 0, 0],
						"0.0833": [-76.77, 0, 0],
						"0.125": [-76.27, 0, 0],
						"0.1667": [-75.7, 0, 0],
						"0.2083": [-75.07, 0, 0],
						"0.25": [-74.4, 0, 0],
						"0.2917": [-73.69, 0, 0],
						"0.3333": [-72.97, 0, 0],
						"0.375": [-72.24, 0, 0],
						"0.4167": [-71.52, 0, 0],
						"0.4583": [-70.81, 0, 0],
						"0.5": [-70.14, 0, 0],
						"0.5417": [-69.52, 0, 0],
						"0.5833": [-68.96, 0, 0],
						"0.625": [-68.47, 0, 0],
						"0.6667": [-68.06, 0, 0],
						"0.7083": [-67.76, 0, 0],
						"0.75": [-67.57, 0, 0],
						"0.7917": [-67.5, 0, 0],
						"0.8333": [-67.58, 0, 0],
						"0.875": [-67.82, 0, 0],
						"0.9167": [-68.2, 0, 0],
						"0.9583": [-68.69, 0, 0],
						"1.0": [-69.28, 0, 0],
						"1.0417": [-69.95, 0, 0],
						"1.0833": [-70.69, 0, 0],
						"1.125": [-71.47, 0, 0],
						"1.1667": [-72.28, 0, 0],
						"1.2083": [-73.1, 0, 0],
						"1.25": [-73.9, 0, 0],
						"1.2917": [-74.68, 0, 0],
						"1.3333": [-75.41, 0, 0],
						"1.375": [-76.08, 0, 0],
						"1.4167": [-76.66, 0, 0],
						"1.4583": [-77.14, 0, 0],
						"1.5": [-77.5, 0, 0]
					},
					"position": {
						"0.0": [0, 0, 0],
						"0.0417": [0, 0, 0],
						"0.0833": [0, 0, 0],
						"0.125": [0, 0, 0],
						"0.1667": [0, 0, 0],
						"0.2083": [0, 0, 0],
						"0.25": [0, 0, 0],
						"0.2917": [0, 0, 0],
						"0.3333": [0, 0, 0],
						"0.375": [0, 0, 0],
						"0.4167": [0, 0, 0],
						"0.4583": [0, 0, 0],
						"0.5": [0, 0, 0],
						"0.5417": [0, 0, 0],
						"0.5833": [0, 0, 0],
						"0.625": [0, 0, 0],
						"0.6667": [0, 0, 0],
						"0.7083": [0, 0, 0],
						"0.75": [0, 0, 0],
						"0.7917": [0, 0, 0],
						"0.8333": [0, 0, 0],
						"0.875": [0, 0, 0],
						"0.9167": [0, 0, 0],
						"0.9583": [0, 0, 0],
						"1.0": [0, 0, 0],
						"1.0417": [0, 0, 0],
						"1.0833": [0, 0, 0],
						"1.125": [0, 0, 0],
						"1.1667": [0, 0, 0],
						"1.2083": [0, 0, 0],
						"1.25": [0, 0, 0],
						"1.2917": [0, 0, 0],
						"1.3333": [0, 0, 0],
						"1.375": [0, 0, 0],
						"1.4167": [0, 0, 0],
						"1.4583": [0, 0, 0],
						"1.5": [0, 0, 0]
					}
				},
				"RightArm": {
					"rotation": [29.48, -24.58, 1.76],
					"position": [0, 0, 0]
				},
				"RightForeArm": {
					"rotation": [-45, 0, 0],
					"position": [0, 0, 0]
				},
				"LeftLeg": {
					"rotation": {
						"0.0": [-63.79, -17.26, 4.64],
						"0.0417": [-61.7, -17.42, 4.62],
						"0.0833": [-59.09, -17.64, 4.61],
						"0.125": [-56.03, -17.9, 4.6],
						"0.1667": [-52.55, -18.18, 4.58],
						"0.2083": [-48.74, -18.49, 4.54],
						"0.25": [-44.64, -18.8, 4.49],
						"0.2917": [-40.31, -19.11, 4.39],
						"0.3333": [-35.81, -19.41, 4.26],
						"0.375": [-31.2, -19.68, 4.08],
						"0.4167": [-26.34, -19.89, 3.88],
						"0.4583": [-20.36, -20.07, 3.67],
						"0.5": [-13.66, -20.22, 3.44],
						"0.5417": [-6.65, -20.37, 3.19],
						"0.5833": [0.28, -20.52, 2.9],
						"0.625": [6.73, -20.69, 2.58],
						"0.6667": [12.31, -20.9, 2.22],
						"0.7083": [16.61, -21.16, 1.81],
						"0.75": [19.25, -21.48, 1.34],
						"0.7917": [19.82, -21.87, 0.82],
						"0.8333": [17.12, -22.6, -0.07],
						"0.875": [11.11, -23.61, -1.26],
						"0.9167": [2.71, -24.78, -2.62],
						"0.9583": [-7.17, -25.97, -4],
						"1.0": [-17.61, -27.05, -5.27],
						"1.0417": [-27.69, -27.91, -6.28],
						"1.0833": [-36.5, -28.4, -6.89],
						"1.125": [-43.13, -28.4, -6.97],
						"1.1667": [-47.39, -27.88, -6.46],
						"1.2083": [-50.96, -26.9, -5.47],
						"1.25": [-53.91, -25.58, -4.1],
						"1.2917": [-56.35, -24.05, -2.5],
						"1.3333": [-58.34, -22.42, -0.78],
						"1.375": [-60, -20.8, 0.92],
						"1.4167": [-61.4, -19.33, 2.47],
						"1.4583": [-62.63, -18.11, 3.76],
						"1.5": [-63.79, -17.26, 4.64]
					},
					"position": {
						"0.0": [0, 0, 0],
						"0.0417": [0, 0, 0],
						"0.0833": [0, 0, 0],
						"0.125": [0, 0, 0],
						"0.1667": [0, 0, 0],
						"0.2083": [0, 0, 0],
						"0.25": [0, 0, 0],
						"0.2917": [0, 0, 0],
						"0.3333": [0, 0, 0],
						"0.375": [0, 0, 0],
						"0.4167": [0, 0, 0],
						"0.4583": [0, 0, 0],
						"0.5": [0, 0, 0],
						"0.5417": [0, 0, 0],
						"0.5833": [0, 0, 0],
						"0.625": [0, 0, 0],
						"0.6667": [0, 0, 0],
						"0.7083": [0, 0, 0],
						"0.75": [0, 0, 0],
						"0.7917": [0, 0, 0],
						"0.8333": [0, 0, 0],
						"0.875": [0, 0, 0],
						"0.9167": [0, 0, 0],
						"0.9583": [0, 0, 0],
						"1.0": [0, 0, 0],
						"1.0417": [0, 0, 0],
						"1.0833": [0, 0, 0],
						"1.125": [0, 0, 0],
						"1.1667": [0, 0, 0],
						"1.2083": [0, 0, 0],
						"1.25": [0, 0, 0],
						"1.2917": [0, 0, 0],
						"1.3333": [0, 0, 0],
						"1.375": [0, 0, 0],
						"1.4167": [0, 0, 0],
						"1.4583": [0, 0, 0],
						"1.5": [0, 0, 0]
					}
				},
				"LeftLowerLeg": {
					"rotation": {
						"0.0": [98, 0, 0],
						"0.0417": [97.14, 0.04, 0.06],
						"0.0833": [96.15, 0.07, 0.13],
						"0.125": [95.01, 0.11, 0.22],
						"0.1667": [93.69, 0.16, 0.31],
						"0.2083": [92.16, 0.22, 0.42],
						"0.25": [90.41, 0.3, 0.53],
						"0.2917": [88.41, 0.4, 0.65],
						"0.3333": [86.13, 0.52, 0.77],
						"0.375": [83.55, 0.68, 0.89],
						"0.4167": [80.52, 0.86, 1.01],
						"0.4583": [76.59, 1.08, 1.14],
						"0.5": [72.04, 1.35, 1.29],
						"0.5417": [67.18, 1.63, 1.44],
						"0.5833": [62.33, 1.92, 1.6],
						"0.625": [57.77, 2.21, 1.74],
						"0.6667": [53.83, 2.47, 1.88],
						"0.7083": [50.8, 2.71, 1.99],
						"0.75": [48.98, 2.9, 2.08],
						"0.7917": [48.69, 3.03, 2.15],
						"0.8333": [55.32, 3.14, 2.19],
						"0.875": [68.82, 3.05, 2.11],
						"0.9167": [83.81, 2.85, 1.98],
						"0.9583": [94.95, 2.63, 1.83],
						"1.0": [100.07, 2.47, 1.71],
						"1.0417": [103.71, 2.27, 1.57],
						"1.0833": [106.11, 2.04, 1.42],
						"1.125": [107.5, 1.8, 1.25],
						"1.1667": [108.11, 1.54, 1.07],
						"1.2083": [107.89, 1.36, 0.94],
						"1.25": [106.98, 1.15, 0.8],
						"1.2917": [105.58, 0.93, 0.64],
						"1.3333": [103.88, 0.7, 0.49],
						"1.375": [102.07, 0.48, 0.34],
						"1.4167": [100.36, 0.29, 0.2],
						"1.4583": [98.94, 0.12, 0.08],
						"1.5": [98, 0, 0]
					},
					"position": {
						"0.0": [0, 0, 0],
						"0.0417": [0, 0, 0],
						"0.0833": [0, 0, 0],
						"0.125": [0, 0, 0],
						"0.1667": [0, 0, 0],
						"0.2083": [0, 0, 0],
						"0.25": [0, 0, 0],
						"0.2917": [0, 0, 0],
						"0.3333": [0, 0, 0],
						"0.375": [0, 0, 0],
						"0.4167": [0, 0, 0],
						"0.4583": [0, 0, 0],
						"0.5": [0, 0, 0],
						"0.5417": [0, 0, 0],
						"0.5833": [0, 0, 0],
						"0.625": [0, 0, 0],
						"0.6667": [0, 0, 0],
						"0.7083": [0, 0, 0],
						"0.75": [0, 0, 0],
						"0.7917": [0, 0, 0],
						"0.8333": [0, 0, 0],
						"0.875": [0, 0, 0],
						"0.9167": [0, 0, 0],
						"0.9583": [0, 0, 0],
						"1.0": [0, 0, 0],
						"1.0417": [0, 0, 0],
						"1.0833": [0, 0, 0],
						"1.125": [0, 0, 0],
						"1.1667": [0, 0, 0],
						"1.2083": [0, 0, 0],
						"1.25": [0, 0, 0],
						"1.2917": [0, 0, 0],
						"1.3333": [0, 0, 0],
						"1.375": [0, 0, 0],
						"1.4167": [0, 0, 0],
						"1.4583": [0, 0, 0],
						"1.5": [0, 0, 0]
					}
				},
				"LeftFoot": {
					"rotation": {
						"0.0": [-34.9, -2.87, -4.1],
						"0.0417": [-36.52, -2.88, -4.09],
						"0.0833": [-39.02, -2.91, -4.08],
						"0.125": [-42.07, -2.94, -4.07],
						"0.1667": [-45.36, -2.97, -4.06],
						"0.2083": [-48.57, -3, -4.05],
						"0.25": [-51.4, -3.03, -4.04],
						"0.2917": [-53.52, -3.05, -4.03],
						"0.3333": [-54.63, -3.06, -4.02],
						"0.375": [-54.4, -3.06, -4.02],
						"0.4167": [-52.87, -3.04, -4.04],
						"0.4583": [-50.23, -3.01, -4.11],
						"0.5": [-46.7, -2.97, -4.2],
						"0.5417": [-42.54, -2.92, -4.29],
						"0.5833": [-37.95, -2.87, -4.37],
						"0.625": [-33.18, -2.82, -4.43],
						"0.6667": [-28.46, -2.77, -4.45],
						"0.7083": [-24.02, -2.73, -4.42],
						"0.75": [-20.09, -2.69, -4.31],
						"0.7917": [-16.9, -2.67, -4.11],
						"0.8333": [-13.75, -2.67, -3.74],
						"0.875": [-10.51, -2.67, -3.19],
						"0.9167": [-7.34, -2.68, -2.52],
						"0.9583": [-4.42, -2.7, -1.79],
						"1.0": [-1.92, -2.72, -1.06],
						"1.0417": [-0.02, -2.74, -0.37],
						"1.0833": [1.12, -2.77, 0.23],
						"1.125": [1.31, -2.79, 0.66],
						"1.1667": [0.4, -2.8, 0.9],
						"1.2083": [-5.46, -2.81, 0.78],
						"1.25": [-15.67, -2.83, 0.2],
						"1.2917": [-27.43, -2.83, -0.63],
						"1.3333": [-37.95, -2.84, -1.48],
						"1.375": [-44.44, -2.85, -2.15],
						"1.4167": [-44.93, -2.86, -2.96],
						"1.4583": [-39.38, -2.86, -3.64],
						"1.5": [-34.9, -2.87, -4.1]
					},
					"position": {
						"0.0": [0, 0, 0],
						"0.0417": [0, 0, 0],
						"0.0833": [0, 0, 0],
						"0.125": [0, 0, 0],
						"0.1667": [0, 0, 0],
						"0.2083": [0, 0, 0],
						"0.25": [0, 0, 0],
						"0.2917": [0, 0, 0],
						"0.3333": [0, 0, 0],
						"0.375": [0, 0, 0],
						"0.4167": [0, 0, 0],
						"0.4583": [0, 0, 0],
						"0.5": [0, 0, 0],
						"0.5417": [0, 0, 0],
						"0.5833": [0, 0, 0],
						"0.625": [0, 0, 0],
						"0.6667": [0, 0, 0],
						"0.7083": [0, 0, 0],
						"0.75": [0, 0, 0],
						"0.7917": [0, 0, 0],
						"0.8333": [0, 0, 0],
						"0.875": [0, 0, 0],
						"0.9167": [0, 0, 0],
						"0.9583": [0, 0, 0],
						"1.0": [0, 0, 0],
						"1.0417": [0, 0, 0],
						"1.0833": [0, 0, 0],
						"1.125": [0, 0, 0],
						"1.1667": [0, 0, 0],
						"1.2083": [0, 0, 0],
						"1.25": [0, 0, 0],
						"1.2917": [0, 0, 0],
						"1.3333": [0, 0, 0],
						"1.375": [0, 0, 0],
						"1.4167": [0, 0, 0],
						"1.4583": [0, 0, 0],
						"1.5": [0, 0, 0]
					}
				},
				"RightLeg": {
					"rotation": {
						"0.0": [15, 0, 7.5],
						"0.0417": [10.75, 0.11, 7.57],
						"0.0833": [4.88, 0.37, 7.73],
						"0.125": [-2.14, 0.69, 7.94],
						"0.1667": [-9.81, 0.97, 8.12],
						"0.2083": [-17.66, 1.14, 8.23],
						"0.25": [-25.21, 1.1, 8.2],
						"0.2917": [-31.99, 0.75, 7.98],
						"0.3333": [-37.5, 0, 7.5],
						"0.375": [-45.82, -3.29, 5.69],
						"0.4167": [-52.16, -8.12, 3.08],
						"0.4583": [-56.95, -12.79, 0.2],
						"0.5": [-60.62, -15.6, -2.45],
						"0.5417": [-62.35, -15.96, -3.9],
						"0.5833": [-63.77, -15.65, -5.48],
						"0.625": [-64.8, -14.86, -7.08],
						"0.6667": [-65.37, -13.77, -8.59],
						"0.7083": [-65.41, -12.57, -9.87],
						"0.75": [-64.85, -11.42, -10.81],
						"0.7917": [-63.61, -10.53, -11.3],
						"0.8333": [-62.2, -9.98, -11.34],
						"0.875": [-60.43, -9.45, -11.14],
						"0.9167": [-58.32, -8.92, -10.73],
						"0.9583": [-55.85, -8.39, -10.14],
						"1.0": [-53.03, -7.86, -9.39],
						"1.0417": [-49.87, -7.32, -8.53],
						"1.0833": [-46.36, -6.78, -7.58],
						"1.125": [-42.51, -6.22, -6.57],
						"1.1667": [-38.31, -5.64, -5.53],
						"1.2083": [-32.63, -4.94, -4.16],
						"1.25": [-25.71, -4.15, -2.48],
						"1.2917": [-18.03, -3.34, -0.6],
						"1.3333": [-10.08, -2.52, 1.35],
						"1.375": [-2.32, -1.74, 3.25],
						"1.4167": [4.76, -1.03, 4.99],
						"1.4583": [10.7, -0.44, 6.45],
						"1.5": [15, 0, 7.5]
					},
					"position": {
						"0.0": [0, 0, 0],
						"0.0417": [0, 0, 0],
						"0.0833": [0, 0, 0],
						"0.125": [0, 0, 0],
						"0.1667": [0, 0, 0],
						"0.2083": [0, 0, 0],
						"0.25": [0, 0, 0],
						"0.2917": [0, 0, 0],
						"0.3333": [0, 0, 0],
						"0.375": [0, 0, 0],
						"0.4167": [0, 0, 0],
						"0.4583": [0, 0, 0],
						"0.5": [0, 0, 0],
						"0.5417": [0, 0, 0],
						"0.5833": [0, 0, 0],
						"0.625": [0, 0, 0],
						"0.6667": [0, 0, 0],
						"0.7083": [0, 0, 0],
						"0.75": [0, 0, 0],
						"0.7917": [0, 0, 0],
						"0.8333": [0, 0, 0],
						"0.875": [0, 0, 0],
						"0.9167": [0, 0, 0],
						"0.9583": [0, 0, 0],
						"1.0": [0, 0, 0],
						"1.0417": [0, 0, 0],
						"1.0833": [0, 0, 0],
						"1.125": [0, 0, 0],
						"1.1667": [0, 0, 0],
						"1.2083": [0, 0, 0],
						"1.25": [0, 0, 0],
						"1.2917": [0, 0, 0],
						"1.3333": [0, 0, 0],
						"1.375": [0, 0, 0],
						"1.4167": [0, 0, 0],
						"1.4583": [0, 0, 0],
						"1.5": [0, 0, 0]
					}
				},
				"RightLowerLeg": {
					"rotation": {
						"0.0": [55, 0, 0],
						"0.0417": [60.45, 0, 0],
						"0.0833": [68.25, 0, 0],
						"0.125": [77.69, 0, 0],
						"0.1667": [88.01, 0, 0],
						"0.2083": [98.5, 0, 0],
						"0.25": [108.43, 0, 0],
						"0.2917": [117.05, 0, 0],
						"0.3333": [123.66, 0, 0],
						"0.375": [127.5, 0, 0],
						"0.4167": [127.16, 0, 0],
						"0.4583": [120.38, 0, 0],
						"0.5": [110.52, 0, 0],
						"0.5417": [100.93, 0, 0],
						"0.5833": [95, 0, 0],
						"0.625": [93.43, 0.02, -0.05],
						"0.6667": [93.99, 0.06, -0.15],
						"0.7083": [95.58, 0.09, -0.23],
						"0.75": [97.12, 0.08, -0.2],
						"0.7917": [97.5, 0, 0],
						"0.8333": [97.21, -0.1, 0.25],
						"0.875": [96.92, -0.24, 0.61],
						"0.9167": [96.57, -0.41, 1.05],
						"0.9583": [96.08, -0.6, 1.52],
						"1.0": [95.4, -0.79, 2],
						"1.0417": [94.46, -0.96, 2.44],
						"1.0833": [93.19, -1.11, 2.8],
						"1.125": [91.53, -1.2, 3.05],
						"1.1667": [89.42, -1.24, 3.14],
						"1.2083": [86.14, -1.19, 3.02],
						"1.25": [81.86, -1.07, 2.72],
						"1.2917": [76.93, -0.9, 2.28],
						"1.3333": [71.71, -0.7, 1.76],
						"1.375": [66.55, -0.48, 1.22],
						"1.4167": [61.8, -0.28, 0.71],
						"1.4583": [57.84, -0.11, 0.28],
						"1.5": [55, 0, 0]
					},
					"position": {
						"0.0": [0, 0, 0],
						"0.0417": [0, 0, 0],
						"0.0833": [0, 0, 0],
						"0.125": [0, 0, 0],
						"0.1667": [0, 0, 0],
						"0.2083": [0, 0, 0],
						"0.25": [0, 0, 0],
						"0.2917": [0, 0, 0],
						"0.3333": [0, 0, 0],
						"0.375": [0, 0, 0],
						"0.4167": [0, 0, 0],
						"0.4583": [0, 0, 0],
						"0.5": [0, 0, 0],
						"0.5417": [0, 0, 0],
						"0.5833": [0, 0, 0],
						"0.625": [0, 0, 0],
						"0.6667": [0, 0, 0],
						"0.7083": [0, 0, 0],
						"0.75": [0, 0, 0],
						"0.7917": [0, 0, 0],
						"0.8333": [0, 0, 0],
						"0.875": [0, 0, 0],
						"0.9167": [0, 0, 0],
						"0.9583": [0, 0, 0],
						"1.0": [0, 0, 0],
						"1.0417": [0, 0, 0],
						"1.0833": [0, 0, 0],
						"1.125": [0, 0, 0],
						"1.1667": [0, 0, 0],
						"1.2083": [0, 0, 0],
						"1.25": [0, 0, 0],
						"1.2917": [0, 0, 0],
						"1.3333": [0, 0, 0],
						"1.375": [0, 0, 0],
						"1.4167": [0, 0, 0],
						"1.4583": [0, 0, 0],
						"1.5": [0, 0, 0]
					}
				},
				"RightFoot": {
					"rotation": {
						"0.0": [-27.5, 0, 0],
						"0.0417": [-24.13, 0.11, 0.09],
						"0.0833": [-18.93, 0.25, 0.19],
						"0.125": [-12.82, 0.43, 0.32],
						"0.1667": [-6.69, 0.62, 0.47],
						"0.2083": [-1.44, 0.82, 0.64],
						"0.25": [2.02, 1.03, 0.83],
						"0.2917": [2.79, 1.23, 1.05],
						"0.3333": [0.02, 1.42, 1.24],
						"0.375": [-5.79, 1.61, 1.39],
						"0.4167": [-13.48, 1.81, 1.54],
						"0.4583": [-21.88, 2.02, 1.75],
						"0.5": [-29.83, 2.24, 2.06],
						"0.5417": [-36.15, 2.47, 2.51],
						"0.5833": [-39.7, 2.71, 3.15],
						"0.625": [-39.26, 3.18, 4.68],
						"0.6667": [-34.7, 3.78, 6.83],
						"0.7083": [-28.59, 4.34, 9.05],
						"0.75": [-23.5, 4.72, 10.81],
						"0.7917": [-22.02, 4.75, 11.58],
						"0.8333": [-23.51, 4.55, 11.42],
						"0.875": [-26.42, 4.2, 10.91],
						"0.9167": [-30.32, 3.73, 10.12],
						"0.9583": [-34.81, 3.19, 9.13],
						"1.0": [-39.46, 2.62, 8.03],
						"1.0417": [-43.87, 2.04, 6.89],
						"1.0833": [-47.62, 1.51, 5.79],
						"1.125": [-50.29, 1.05, 4.81],
						"1.1667": [-51.48, 0.72, 4.04],
						"1.2083": [-50.88, 0.46, 3.34],
						"1.25": [-48.68, 0.29, 2.69],
						"1.2917": [-45.35, 0.17, 2.09],
						"1.3333": [-41.33, 0.11, 1.55],
						"1.375": [-37.09, 0.07, 1.07],
						"1.4167": [-33.06, 0.05, 0.64],
						"1.4583": [-29.72, 0.03, 0.29],
						"1.5": [-27.5, 0, 0]
					},
					"position": {
						"0.0": [0, 0, 0],
						"0.0417": [0, 0, 0],
						"0.0833": [0, 0, 0],
						"0.125": [0, 0, 0],
						"0.1667": [0, 0, 0],
						"0.2083": [0, 0, 0],
						"0.25": [0, 0, 0],
						"0.2917": [0, 0, 0],
						"0.3333": [0, 0, 0],
						"0.375": [0, 0, 0],
						"0.4167": [0, 0, 0],
						"0.4583": [0, 0, 0],
						"0.5": [0, 0, 0],
						"0.5417": [0, 0, 0],
						"0.5833": [0, 0, 0],
						"0.625": [0, 0, 0],
						"0.6667": [0, 0, 0],
						"0.7083": [0, 0, 0],
						"0.75": [0, 0, 0],
						"0.7917": [0, 0, 0],
						"0.8333": [0, 0, 0],
						"0.875": [0, 0, 0],
						"0.9167": [0, 0, 0],
						"0.9583": [0, 0, 0],
						"1.0": [0, 0, 0],
						"1.0417": [0, 0, 0],
						"1.0833": [0, 0, 0],
						"1.125": [0, 0, 0],
						"1.1667": [0, 0, 0],
						"1.2083": [0, 0, 0],
						"1.25": [0, 0, 0],
						"1.2917": [0, 0, 0],
						"1.3333": [0, 0, 0],
						"1.375": [0, 0, 0],
						"1.4167": [0, 0, 0],
						"1.4583": [0, 0, 0],
						"1.5": [0, 0, 0]
					}
				},
				"AllBody": {
					"rotation": [0, 0, 0],
					"position": [0, 2, 0],
					"scale": [1, 1, 1]
				},
				"AllHead": {
					"rotation": [12.30817, -5.16847, -0.68147],
					"position": [0, 0, 0]
				},
				"Head": {
					"rotation": {
						"0.0": [-39.42, -16.84, 18.38],
						"0.0417": [-39.72, -16.62, 18.07],
						"0.0833": [-40.17, -16.34, 17.64],
						"0.125": [-40.71, -15.99, 17.12],
						"0.1667": [-41.3, -15.61, 16.55],
						"0.2083": [-41.89, -15.21, 15.95],
						"0.25": [-42.4, -14.81, 15.36],
						"0.2917": [-42.8, -14.42, 14.8],
						"0.3333": [-43.03, -14.07, 14.31],
						"0.375": [-43.02, -13.76, 13.91],
						"0.4167": [-42.76, -13.52, 13.61],
						"0.4583": [-42.24, -13.26, 13.34],
						"0.5": [-41.54, -13.01, 13.09],
						"0.5417": [-40.72, -12.77, 12.88],
						"0.5833": [-39.85, -12.55, 12.69],
						"0.625": [-38.99, -12.35, 12.53],
						"0.6667": [-38.21, -12.19, 12.4],
						"0.7083": [-37.57, -12.06, 12.31],
						"0.75": [-37.14, -11.98, 12.25],
						"0.7917": [-36.98, -11.95, 12.23],
						"0.8333": [-37.18, -11.98, 12.26],
						"0.875": [-37.7, -12.08, 12.33],
						"0.9167": [-38.46, -12.24, 12.44],
						"0.9583": [-39.37, -12.44, 12.59],
						"1.0": [-40.34, -12.67, 12.79],
						"1.0417": [-41.28, -12.93, 13.02],
						"1.0833": [-42.1, -13.21, 13.28],
						"1.125": [-42.71, -13.49, 13.58],
						"1.1667": [-43.02, -13.76, 13.91],
						"1.2083": [-43.01, -14.11, 14.36],
						"1.25": [-42.72, -14.52, 14.93],
						"1.2917": [-42.22, -14.96, 15.58],
						"1.3333": [-41.6, -15.41, 16.25],
						"1.375": [-40.93, -15.85, 16.91],
						"1.4167": [-40.29, -16.26, 17.51],
						"1.4583": [-39.77, -16.59, 18.02],
						"1.5": [-39.42, -16.84, 18.38]
					}
				}
			}
		},
		"sneaking": {
			"loop": "hold_on_last_frame",
			"bones": {
				"Root": {
					"rotation": [0, 17.5, 0],
					"position": [1.35, -4, 3],
					"scale": [1, 1, 1]
				},
				"UpBody": {
					"rotation": [31.79, 12.47, -0.48],
					"position": [0, 0, 0]
				},
				"LeftArm": {
					"rotation": [-48.71, -26.19, -24.09],
					"position": [0, 0, 0]
				},
				"LeftForeArm": {
					"rotation": [-77.5, 0, 0],
					"position": [0, 0, 0]
				},
				"RightArm": {
					"rotation": [29.48, -24.58, 1.76],
					"position": [0, 0, 0]
				},
				"RightForeArm": {
					"rotation": [-45, 0, 0],
					"position": [0, 0, 0]
				},
				"LeftLeg": {
					"rotation": [-63.79, -17.26, 4.64],
					"position": [0, 0, 0]
				},
				"LeftLowerLeg": {
					"rotation": [98, 0, 0],
					"position": [0, 0, 0]
				},
				"LeftFoot": {
					"rotation": [-34.9, -2.87, -4.1],
					"position": [0, 0, 0]
				},
				"RightLeg": {
					"rotation": [15, 0, 7.5],
					"position": [0, 0, 0]
				},
				"RightLowerLeg": {
					"rotation": [55, 0, 0],
					"position": [0, 0, 0]
				},
				"RightFoot": {
					"rotation": [-27.5, 0, 0],
					"position": [0, 0, 0]
				},
				"AllBody": {
					"rotation": [0, 0, 0],
					"position": [0, 0, 0],
					"scale": [1, 1, 1]
				},
				"AllHead": {
					"rotation": [12.30817, -5.16847, -0.68147],
					"position": [0, 0, 0]
				},
				"Head": {
					"rotation": [-39.42, -16.84, 18.38]
				}
			}
		},
		"swim": {
			"loop": true,
			"animation_length": 1,
			"bones": {
				"Root": {
					"rotation": [72.5, 0, 0],
					"position": [0, 0, 21],
					"scale": [1, 1, 1]
				},
				"UpBody": {
					"rotation": [-17.5, 0, 0],
					"position": [0, 0, 0]
				},
				"LeftArm": {
					"rotation": {
						"0.0": [-63.42, 11.12, -146.47],
						"0.0417": [-58.49, 12.06, -139.67],
						"0.0833": [-51.82, 13.38, -130.57],
						"0.125": [-43.77, 14.99, -119.63],
						"0.1667": [-34.71, 16.81, -107.3],
						"0.2083": [-24.99, 18.75, -94.07],
						"0.25": [-14.97, 20.72, -80.38],
						"0.2917": [-5.01, 22.63, -66.7],
						"0.3333": [4.54, 24.4, -53.5],
						"0.375": [13.3, 25.94, -41.25],
						"0.4167": [20.94, 27.17, -30.39],
						"0.4583": [27.08, 27.99, -21.41],
						"0.5": [31.36, 28.32, -14.76],
						"0.5417": [36.09, 27.02, -4.86],
						"0.5833": [35.54, 23.63, -0.56],
						"0.625": [30.91, 19.29, -1.59],
						"0.6667": [23.45, 15.17, -7.68],
						"0.7083": [14.38, 12.39, -18.54],
						"0.75": [4.91, 11.39, -33.26],
						"0.7917": [-8.54, 10.8, -55.87],
						"0.8333": [-23.93, 10.53, -82.36],
						"0.875": [-39.17, 10.51, -108.69],
						"0.9167": [-52.22, 10.66, -130.84],
						"0.9583": [-60.99, 10.89, -144.78],
						"1.0": [-63.42, 11.12, -146.47]
					},
					"position": [0, 0, 0]
				},
				"LeftForeArm": {
					"rotation": {
						"0.0": [0, 0, 0],
						"0.0417": [0.39, -0.06, -2.5],
						"0.0833": [1.17, -0.19, -5.7],
						"0.125": [1.76, -0.29, -9.9],
						"0.1667": [1.56, -0.25, -15.4],
						"0.2083": [0, 0, -22.5],
						"0.25": [-2.09, 0.15, -28.44],
						"0.2917": [-5.09, 0.18, -35.87],
						"0.3333": [-8.68, 0.2, -44.22],
						"0.375": [-12.54, 0.32, -52.94],
						"0.4167": [-16.36, 0.65, -61.44],
						"0.4583": [-19.82, 1.29, -69.17],
						"0.5": [-22.6, 2.37, -75.55],
						"0.5417": [-24.37, 3.98, -80.03],
						"0.5833": [-25.25, 7.11, -83.29],
						"0.625": [-25.31, 11.64, -85.41],
						"0.6667": [-24.71, 16.87, -86.3],
						"0.7083": [-23.6, 22.09, -85.87],
						"0.75": [-22.12, 26.61, -84.03],
						"0.7917": [-20.43, 29.73, -80.7],
						"0.8333": [-18.67, 30.73, -75.81],
						"0.875": [-14.47, 26.36, -60.1],
						"0.9167": [-8.98, 17.03, -37.63],
						"0.9583": [-3.66, 6.87, -15.3],
						"1.0": [0, 0, 0]
					},
					"position": [0, 0, 0]
				},
				"RightArm": {
					"rotation": {
						"0.0": [-63.42, -11.12, 146.47],
						"0.0417": [-58.49, -12.06, 139.67],
						"0.0833": [-51.82, -13.38, 130.57],
						"0.125": [-43.77, -14.99, 119.63],
						"0.1667": [-34.71, -16.81, 107.3],
						"0.2083": [-24.99, -18.75, 94.07],
						"0.25": [-14.97, -20.72, 80.38],
						"0.2917": [-5.01, -22.63, 66.7],
						"0.3333": [4.54, -24.4, 53.5],
						"0.375": [13.3, -25.94, 41.25],
						"0.4167": [20.94, -27.17, 30.39],
						"0.4583": [27.08, -27.99, 21.41],
						"0.5": [31.36, -28.32, 14.76],
						"0.5417": [36.09, -27.02, 4.86],
						"0.5833": [35.54, -23.63, 0.56],
						"0.625": [30.91, -19.29, 1.59],
						"0.6667": [23.45, -15.17, 7.68],
						"0.7083": [14.38, -12.39, 18.54],
						"0.75": [5.72, -11.43, 31.5],
						"0.7917": [-5.85, -10.92, 50.01],
						"0.8333": [-19.08, -10.74, 71.81],
						"0.875": [-32.71, -10.79, 94.63],
						"0.9167": [-45.48, -10.95, 116.2],
						"0.9583": [-56.14, -11.1, 134.23],
						"1.0": [-63.42, -11.12, 146.47]
					},
					"position": [0, 0, 0]
				},
				"RightForeArm": {
					"rotation": {
						"0.0": [0, 0, 0],
						"0.0417": [0.39, 0.06, 2.5],
						"0.0833": [1.17, 0.19, 5.7],
						"0.125": [1.76, 0.29, 9.9],
						"0.1667": [1.56, 0.25, 15.4],
						"0.2083": [0, 0, 22.5],
						"0.25": [-2.09, -0.15, 28.44],
						"0.2917": [-5.09, -0.18, 35.87],
						"0.3333": [-8.68, -0.2, 44.22],
						"0.375": [-12.54, -0.32, 52.94],
						"0.4167": [-16.36, -0.65, 61.44],
						"0.4583": [-19.82, -1.29, 69.17],
						"0.5": [-22.6, -2.37, 75.55],
						"0.5417": [-24.37, -3.98, 80.03],
						"0.5833": [-25.25, -7.11, 83.29],
						"0.625": [-25.31, -11.64, 85.41],
						"0.6667": [-24.71, -16.87, 86.3],
						"0.7083": [-23.6, -22.09, 85.87],
						"0.75": [-22.12, -26.61, 84.03],
						"0.7917": [-20.43, -29.73, 80.7],
						"0.8333": [-18.67, -30.73, 75.81],
						"0.875": [-14.47, -26.36, 60.1],
						"0.9167": [-8.98, -17.03, 37.63],
						"0.9583": [-3.66, -6.87, 15.3],
						"1.0": [0, 0, 0]
					},
					"position": [0, 0, 0]
				},
				"LeftLeg": {
					"rotation": {
						"0.0": [-20, 0, 5],
						"0.0417": [-17.86, 0.01, 4.46],
						"0.0833": [-14.85, 0.03, 3.72],
						"0.125": [-11.32, 0.04, 2.82],
						"0.1667": [-7.64, 0.03, 1.84],
						"0.2083": [-4.17, 0, 0.83],
						"0.25": [-1.45, -0.06, -0.01],
						"0.2917": [1.81, -0.15, -1.02],
						"0.3333": [5.21, -0.25, -2.09],
						"0.375": [8.36, -0.36, -3.14],
						"0.4167": [10.89, -0.45, -4.05],
						"0.4583": [12.39, -0.52, -4.73],
						"0.5": [12.49, -0.54, -5.06],
						"0.5417": [9.54, -0.49, -4.91],
						"0.5833": [3.81, -0.38, -4.24],
						"0.625": [-3.15, -0.23, -3.23],
						"0.6667": [-9.77, -0.09, -2.09],
						"0.7083": [-14.49, 0, -0.99],
						"0.75": [-16.7, 0.03, -0.07],
						"0.7917": [-18.62, 0.04, 1.12],
						"0.8333": [-20.14, 0.04, 2.41],
						"0.875": [-21.14, 0.03, 3.63],
						"0.9167": [-21.53, 0.02, 4.58],
						"0.9583": [-21.19, 0, 5.1],
						"1.0": [-20, 0, 5]
					},
					"position": {
						"0.0": [0, 0, 0],
						"0.0417": [0, 0, 0],
						"0.0833": [0, 0, 0],
						"0.125": [0, 0, 0],
						"0.1667": [0, 0, 0],
						"0.2083": [0, 0, 0],
						"0.25": [0, 0, 0],
						"0.2917": [0, 0, 0],
						"0.3333": [0, 0, 0],
						"0.375": [0, 0, 0],
						"0.4167": [0, 0, 0],
						"0.4583": [0, 0, 0],
						"0.5": [0, 0, 0],
						"0.5417": [0, 0, 0],
						"0.5833": [0, 0, 0],
						"0.625": [0, 0, 0],
						"0.6667": [0, 0, 0],
						"0.7083": [0, 0, 0],
						"0.75": [0, 0, 0],
						"0.7917": [0, 0, 0],
						"0.8333": [0, 0, 0],
						"0.875": [0, 0, 0],
						"0.9167": [0, 0, 0],
						"0.9583": [0, 0, 0],
						"1.0": [0, 0, 0]
					}
				},
				"LeftLowerLeg": {
					"rotation": {
						"0.0": [25, 0, 0],
						"0.0417": [19.92, 0, 0],
						"0.0833": [12.5, 0, 0],
						"0.125": [5.08, 0, 0],
						"0.1667": [0, 0, 0],
						"0.2083": [-2.17, 0, 0],
						"0.25": [-2.66, 0, 0],
						"0.2917": [-1.82, 0, 0],
						"0.3333": [0, 0, 0],
						"0.375": [2.86, 0, 0],
						"0.4167": [6.89, 0, 0],
						"0.4583": [11.85, 0, 0],
						"0.5": [17.5, 0, 0],
						"0.5417": [25.31, 0, 0],
						"0.5833": [34.91, 0, 0],
						"0.625": [43.26, 0, 0],
						"0.6667": [47.34, 0, 0],
						"0.7083": [46.89, 0, 0],
						"0.75": [44.9, 0, 0],
						"0.7917": [41.8, 0, 0],
						"0.8333": [38.04, 0, 0],
						"0.875": [34.04, 0, 0],
						"0.9167": [30.24, 0, 0],
						"0.9583": [27.08, 0, 0],
						"1.0": [25, 0, 0]
					},
					"position": {
						"0.0": [0, 0, 0],
						"0.0417": [0, 0, 0],
						"0.0833": [0, 0, 0],
						"0.125": [0, 0, 0],
						"0.1667": [0, 0, 0],
						"0.2083": [0, 0, 0],
						"0.25": [0, 0, 0],
						"0.2917": [0, 0, 0],
						"0.3333": [0, 0, 0],
						"0.375": [0, 0, 0],
						"0.4167": [0, 0, 0],
						"0.4583": [0, 0, 0],
						"0.5": [0, 0, 0],
						"0.5417": [0, 0, 0],
						"0.5833": [0, 0, 0],
						"0.625": [0, 0, 0],
						"0.6667": [0, 0, 0],
						"0.7083": [0, 0, 0],
						"0.75": [0, 0, 0],
						"0.7917": [0, 0, 0],
						"0.8333": [0, 0, 0],
						"0.875": [0, 0, 0],
						"0.9167": [0, 0, 0],
						"0.9583": [0, 0, 0],
						"1.0": [0, 0, 0]
					}
				},
				"LeftFoot": {
					"rotation": {
						"0.0": [25, 0, 0],
						"0.0417": [23.34, 0, 0],
						"0.0833": [20.74, 0, 0],
						"0.125": [17.81, 0, 0],
						"0.1667": [15.18, 0, 0],
						"0.2083": [13.48, 0, 0],
						"0.25": [13.33, 0, 0],
						"0.2917": [14.97, 0, 0],
						"0.3333": [17.95, 0, 0],
						"0.375": [21.86, 0, 0],
						"0.4167": [26.28, 0, 0],
						"0.4583": [30.8, 0, 0],
						"0.5": [35, 0, 0],
						"0.5417": [42.05, 0, 0],
						"0.5833": [50.03, 0, 0],
						"0.625": [56.8, 0, 0],
						"0.6667": [60.2, 0, 0],
						"0.7083": [57.61, 0, 0],
						"0.75": [50.31, 0, 0],
						"0.7917": [42.92, 0, 0],
						"0.8333": [39.09, 0, 0],
						"0.875": [34.94, 0, 0],
						"0.9167": [30.91, 0, 0],
						"0.9583": [27.45, 0, 0],
						"1.0": [25, 0, 0]
					},
					"position": {
						"0.0": [0, 0, 0],
						"0.0417": [0, 0, 0],
						"0.0833": [0, 0, 0],
						"0.125": [0, 0, 0],
						"0.1667": [0, 0, 0],
						"0.2083": [0, 0, 0],
						"0.25": [0, 0, 0],
						"0.2917": [0, 0, 0],
						"0.3333": [0, 0, 0],
						"0.375": [0, 0, 0],
						"0.4167": [0, 0, 0],
						"0.4583": [0, 0, 0],
						"0.5": [0, 0, 0],
						"0.5417": [0, 0, 0],
						"0.5833": [0, 0, 0],
						"0.625": [0, 0, 0],
						"0.6667": [0, 0, 0],
						"0.7083": [0, 0, 0],
						"0.75": [0, 0, 0],
						"0.7917": [0, 0, 0],
						"0.8333": [0, 0, 0],
						"0.875": [0, 0, 0],
						"0.9167": [0, 0, 0],
						"0.9583": [0, 0, 0],
						"1.0": [0, 0, 0]
					}
				},
				"RightLeg": {
					"rotation": {
						"0.0": [12.5, 0, 7.5],
						"0.0417": [8.48, 0, 6.61],
						"0.0833": [2.61, 0, 5.34],
						"0.125": [-3.95, 0, 3.87],
						"0.1667": [-10.04, 0, 2.36],
						"0.2083": [-14.49, 0, 0.99],
						"0.25": [-16.59, 0, 0.02],
						"0.2917": [-18.25, 0, -1.06],
						"0.3333": [-19.47, 0, -2.15],
						"0.375": [-20.26, 0, -3.17],
						"0.4167": [-20.61, 0, -4.04],
						"0.4583": [-20.52, 0, -4.68],
						"0.5": [-20, 0, -5],
						"0.5417": [-18.21, 0, -4.88],
						"0.5833": [-15.24, 0, -4.26],
						"0.625": [-11.58, 0, -3.29],
						"0.6667": [-7.73, 0, -2.1],
						"0.7083": [-4.17, 0, -0.83],
						"0.75": [-1.4, 0, 0.32],
						"0.7917": [1.95, 0, 1.85],
						"0.8333": [5.47, 0, 3.53],
						"0.875": [8.71, 0, 5.15],
						"0.9167": [11.25, 0, 6.5],
						"0.9583": [12.66, 0, 7.35],
						"1.0": [12.5, 0, 7.5]
					},
					"position": {
						"0.0": [0, 0, 0],
						"0.0417": [0, 0, 0],
						"0.0833": [0, 0, 0],
						"0.125": [0, 0, 0],
						"0.1667": [0, 0, 0],
						"0.2083": [0, 0, 0],
						"0.25": [0, 0, 0],
						"0.2917": [0, 0, 0],
						"0.3333": [0, 0, 0],
						"0.375": [0, 0, 0],
						"0.4167": [0, 0, 0],
						"0.4583": [0, 0, 0],
						"0.5": [0, 0, 0],
						"0.5417": [0, 0, 0],
						"0.5833": [0, 0, 0],
						"0.625": [0, 0, 0],
						"0.6667": [0, 0, 0],
						"0.7083": [0, 0, 0],
						"0.75": [0, 0, 0],
						"0.7917": [0, 0, 0],
						"0.8333": [0, 0, 0],
						"0.875": [0, 0, 0],
						"0.9167": [0, 0, 0],
						"0.9583": [0, 0, 0],
						"1.0": [0, 0, 0]
					}
				},
				"RightLowerLeg": {
					"rotation": {
						"0.0": [17.5, 0, 0],
						"0.0417": [24.08, 0, 0],
						"0.0833": [33.81, 0, 0],
						"0.125": [42.85, 0, 0],
						"0.1667": [47.34, 0, 0],
						"0.2083": [47.06, 0, 0],
						"0.25": [45.49, 0, 0],
						"0.2917": [42.9, 0, 0],
						"0.3333": [39.6, 0, 0],
						"0.375": [35.87, 0, 0],
						"0.4167": [32, 0, 0],
						"0.4583": [28.28, 0, 0],
						"0.5": [25, 0, 0],
						"0.5417": [18.35, 0, 0],
						"0.5833": [11.11, 0, 0],
						"0.625": [4.56, 0, 0],
						"0.6667": [0, 0, 0],
						"0.7083": [-2.17, 0, 0],
						"0.75": [-2.66, 0, 0],
						"0.7917": [-1.82, 0, 0],
						"0.8333": [0, 0, 0],
						"0.875": [3.56, 0, 0],
						"0.9167": [8.75, 0, 0],
						"0.9583": [13.95, 0, 0],
						"1.0": [17.5, 0, 0]
					},
					"position": {
						"0.0": [0, 0, 0],
						"0.0417": [0, 0, 0],
						"0.0833": [0, 0, 0],
						"0.125": [0, 0, 0],
						"0.1667": [0, 0, 0],
						"0.2083": [0, 0, 0],
						"0.25": [0, 0, 0],
						"0.2917": [0, 0, 0],
						"0.3333": [0, 0, 0],
						"0.375": [0, 0, 0],
						"0.4167": [0, 0, 0],
						"0.4583": [0, 0, 0],
						"0.5": [0, 0, 0],
						"0.5417": [0, 0, 0],
						"0.5833": [0, 0, 0],
						"0.625": [0, 0, 0],
						"0.6667": [0, 0, 0],
						"0.7083": [0, 0, 0],
						"0.75": [0, 0, 0],
						"0.7917": [0, 0, 0],
						"0.8333": [0, 0, 0],
						"0.875": [0, 0, 0],
						"0.9167": [0, 0, 0],
						"0.9583": [0, 0, 0],
						"1.0": [0, 0, 0]
					}
				},
				"RightFoot": {
					"rotation": {
						"0.0": [35, 0, 0],
						"0.0417": [40.52, 0, 0],
						"0.0833": [48.68, 0, 0],
						"0.125": [56.29, 0, 0],
						"0.1667": [60.2, 0, 0],
						"0.2083": [57.61, 0, 0],
						"0.25": [50.31, 0, 0],
						"0.2917": [42.92, 0, 0],
						"0.3333": [39.28, 0, 0],
						"0.375": [35.5, 0, 0],
						"0.4167": [31.75, 0, 0],
						"0.4583": [28.19, 0, 0],
						"0.5": [25, 0, 0],
						"0.5417": [22.31, 0, 0],
						"0.5833": [19.41, 0, 0],
						"0.625": [16.69, 0, 0],
						"0.6667": [14.52, 0, 0],
						"0.7083": [13.27, 0, 0],
						"0.75": [13.33, 0, 0],
						"0.7917": [15.26, 0, 0],
						"0.8333": [18.89, 0, 0],
						"0.875": [23.44, 0, 0],
						"0.9167": [28.15, 0, 0],
						"0.9583": [32.26, 0, 0],
						"1.0": [35, 0, 0]
					},
					"position": {
						"0.0": [0, 0, 0],
						"0.0417": [0, 0, 0],
						"0.0833": [0, 0, 0],
						"0.125": [0, 0, 0],
						"0.1667": [0, 0, 0],
						"0.2083": [0, 0, 0],
						"0.25": [0, 0, 0],
						"0.2917": [0, 0, 0],
						"0.3333": [0, 0, 0],
						"0.375": [0, 0, 0],
						"0.4167": [0, 0, 0],
						"0.4583": [0, 0, 0],
						"0.5": [0, 0, 0],
						"0.5417": [0, 0, 0],
						"0.5833": [0, 0, 0],
						"0.625": [0, 0, 0],
						"0.6667": [0, 0, 0],
						"0.7083": [0, 0, 0],
						"0.75": [0, 0, 0],
						"0.7917": [0, 0, 0],
						"0.8333": [0, 0, 0],
						"0.875": [0, 0, 0],
						"0.9167": [0, 0, 0],
						"0.9583": [0, 0, 0],
						"1.0": [0, 0, 0]
					}
				},
				"AllBody": {
					"rotation": [0, 0, 0],
					"position": [0, 0, 0],
					"scale": [1, 1, 1]
				},
				"AllHead": {
					"rotation": [0, 0, 0],
					"position": [0, 0, 0]
				},
				"Head": {
					"rotation": {
						"0.0": [-27.5, 0, 0],
						"0.0417": [-27.23, 0, 0],
						"0.0833": [-26.84, 0, 0],
						"0.125": [-26.37, 0, 0],
						"0.1667": [-25.83, 0, 0],
						"0.2083": [-25.26, 0, 0],
						"0.25": [-24.69, 0, 0],
						"0.2917": [-24.13, 0, 0],
						"0.3333": [-23.61, 0, 0],
						"0.375": [-23.16, 0, 0],
						"0.4167": [-22.81, 0, 0],
						"0.4583": [-22.58, 0, 0],
						"0.5": [-22.5, 0, 0],
						"0.5417": [-22.6, 0, 0],
						"0.5833": [-22.87, 0, 0],
						"0.625": [-23.28, 0, 0],
						"0.6667": [-23.8, 0, 0],
						"0.7083": [-24.38, 0, 0],
						"0.75": [-25, 0, 0],
						"0.7917": [-25.62, 0, 0],
						"0.8333": [-26.2, 0, 0],
						"0.875": [-26.72, 0, 0],
						"0.9167": [-27.13, 0, 0],
						"0.9583": [-27.4, 0, 0],
						"1.0": [-27.5, 0, 0]
					},
					"position": [0, 0, 0]
				},
				"DownBody": {
					"rotation": {
						"0.0": [0, 0, -5],
						"0.0417": [0, 0, -4.45],
						"0.0833": [0, 0, -3.68],
						"0.125": [0, 0, -2.73],
						"0.1667": [0, 0, -1.67],
						"0.2083": [0, 0, -0.53],
						"0.25": [0, 0, 0.63],
						"0.2917": [0, 0, 1.74],
						"0.3333": [0, 0, 2.78],
						"0.375": [0, 0, 3.67],
						"0.4167": [0, 0, 4.38],
						"0.4583": [0, 0, 4.84],
						"0.5": [0, 0, 5],
						"0.5417": [0, 0, 4.84],
						"0.5833": [0, 0, 4.38],
						"0.625": [0, 0, 3.67],
						"0.6667": [0, 0, 2.78],
						"0.7083": [0, 0, 1.74],
						"0.75": [0, 0, 0.63],
						"0.7917": [0, 0, -0.53],
						"0.8333": [0, 0, -1.67],
						"0.875": [0, 0, -2.73],
						"0.9167": [0, 0, -3.68],
						"0.9583": [0, 0, -4.45],
						"1.0": [0, 0, -5]
					}
				}
			}
		},
		"sit": {
			"animation_length": 1,
			"bones": {
				"Root": {
					"rotation": [0, 0, 0],
					"position": [0, -5, 6],
					"scale": 1
				},
				"UpBody": {
					"rotation": [20, 0, 0],
					"position": [0, 0, 0]
				},
				"LeftArm": {
					"rotation": [0, 0, -25]
				},
				"RightArm": {
					"rotation": [0, 0, 25]
				},
				"LeftLeg": {
					"rotation": {
						"0.0": [-54.23074, -13.56626, -6.46066],
						"0.5": [-54.23074, -13.56626, -6.46066],
						"1.0": [-54.23074, -13.56626, -6.46066]
					},
					"position": {
						"0.0": [1, 0, 0],
						"0.5": [1, 0, 0],
						"1.0": [1, 0, 0]
					}
				},
				"LeftLowerLeg": {
					"rotation": {
						"0.0": [90, 0, 0],
						"0.5": [-2.5, 0, 0],
						"1.0": [90, 0, 0]
					},
					"position": {
						"0.0": [0, 0, 0],
						"0.5": [0, 0, 0],
						"1.0": [0, 0, 0]
					}
				},
				"LeftFoot": {
					"rotation": [50, 0, 0],
					"position": [0, 0, 0]
				},
				"RightLeg": {
					"rotation": {
						"0.0": [-52.19076, 12.21412, 13.33132],
						"0.5": [-52.19076, 12.21412, 13.33132],
						"1.0": [-52.19076, 12.21412, 13.33132]
					},
					"position": {
						"0.0": [-1, 0, 0],
						"0.5": [-1, 0, 0],
						"1.0": [-1, 0, 0]
					}
				},
				"RightLowerLeg": {
					"rotation": {
						"0.0": [0, 0, 0],
						"0.5": [80, 0, 0],
						"1.0": [0, 0, 0]
					},
					"position": {
						"0.0": [0, 0, 0],
						"0.5": [0, 0, 0],
						"1.0": [0, 0, 0]
					}
				},
				"RightFoot": {
					"rotation": [55, 0, 0],
					"position": [0, 0, 0]
				},
				"AllBody": {
					"rotation": [0, 0, 0],
					"position": [0, 0, 0],
					"scale": 1
				},
				"AllHead": {
					"rotation": [15, 0, 0],
					"position": [0, 0, 0]
				},
				"Head": {
					"rotation": [-27.5, 0, 0],
					"position": [0, 0, 0]
				},
				"DownBody": {
					"rotation": [-17.5, 0, 0],
					"position": [0, -1, 2]
				}
			}
		},
		"ride": {
			"animation_length": 0.375,
			"bones": {
				"Root": {
					"rotation": [0, 0, 0],
					"position": [0, 0, 0],
					"scale": 1
				},
				"UpBody": {
					"rotation": [20, 0, 0],
					"position": [0, 0, 0]
				},
				"LeftArm": {
					"rotation": [-62.77832, 16.46617, 6.66031],
					"position": [0, 0, 0]
				},
				"LeftForeArm": {
					"rotation": [0, 0, 0],
					"position": [0, 0, 0]
				},
				"RightArm": {
					"rotation": [-62.29743, -19.33054, -11.49536],
					"position": [0, 0, 0]
				},
				"RightForeArm": {
					"rotation": [0, 0, 0],
					"position": [0, 0, 0]
				},
				"LeftLeg": {
					"rotation": [-82.67316, -38.89629, 2.95966],
					"position": [0, 0, 0]
				},
				"LeftLowerLeg": {
					"rotation": [72.5, 0, 0],
					"position": [0, 0, 0]
				},
				"LeftFoot": {
					"rotation": [20, 0, 0],
					"position": [0, 0, 0]
				},
				"RightLeg": {
					"rotation": [-82.67316, 38.89629, -2.95966],
					"position": [0, 0, 0]
				},
				"RightLowerLeg": {
					"rotation": [72.5, 0, 0],
					"position": [0, 0, 0]
				},
				"RightFoot": {
					"rotation": [20, 0, 0],
					"position": [0, 0, 0]
				},
				"AllBody": {
					"rotation": [0, 0, 0],
					"position": [0, 0, 0],
					"scale": 1
				},
				"AllHead": {
					"rotation": [7.5, 0, 0],
					"position": [0, 0, 0]
				},
				"Head": {
					"rotation": [-25, 0, 0],
					"position": [0, 0, 0]
				}
			}
		},
		"ride_pig": {
			"animation_length": 0.375,
			"bones": {
				"Root": {
					"rotation": [0, 0, 0],
					"position": [0, -3, 0],
					"scale": [1, 1, 1]
				},
				"UpBody": {
					"rotation": [35, 0, 0],
					"position": [0, 0, 0]
				},
				"LeftArm": {
					"rotation": [-59.68584, 19.01678, 12.09442],
					"position": [0, 0, -1]
				},
				"LeftForeArm": {
					"rotation": [-15, 0, 0],
					"position": [0, 0, 0]
				},
				"RightArm": {
					"rotation": [-59.68584, -19.01678, -12.09442],
					"position": [0, 0, -1]
				},
				"RightForeArm": {
					"rotation": [-15, 0, 0],
					"position": [0, 0, 0]
				},
				"LeftLeg": {
					"rotation": [-83.12926, -33.93453, 3.72726],
					"position": [0, 0, 0]
				},
				"LeftLowerLeg": {
					"rotation": [72.5, 0, 0],
					"position": [0, 0, 0]
				},
				"LeftFoot": {
					"rotation": [20, 0, 0],
					"position": [0, 0, 0]
				},
				"RightLeg": {
					"rotation": [-83.31861, 31.45198, -4.07773],
					"position": [0, 0, 0]
				},
				"RightLowerLeg": {
					"rotation": [72.5, 0, 0],
					"position": [0, 0, 0]
				},
				"RightFoot": {
					"rotation": [20, 0, 0],
					"position": [0, 0, 0]
				},
				"AllBody": {
					"rotation": [0, 0, 0],
					"position": [0, 0, 0],
					"scale": [1, 1, 1]
				},
				"AllHead": {
					"rotation": [-2.5, 0, 0],
					"position": [0, 0, 0]
				},
				"Head": {
					"rotation": [-32.5, 0, 0],
					"position": [0, 0, 0]
				}
			}
		},
		"sleep": {
			"animation_length": 0.375,
			"bones": {
				"Root": {
					"rotation": [-169.77882, -74.14876, 180.95547],
					"position": [-10, 0, 0],
					"scale": 1
				},
				"UpBody": {
					"rotation": [10, 0, 0],
					"position": [0, 0, 0]
				},
				"LeftArm": {
					"rotation": [-81.64326, 31.42992, 19.86445],
					"position": [0, 0, 0]
				},
				"LeftForeArm": {
					"rotation": [-47.5, 0, 0],
					"position": [0, 0, 0]
				},
				"RightArm": {
					"rotation": [-65, 0, 0],
					"position": [0, 0, 0]
				},
				"RightForeArm": {
					"rotation": [-47.5, 0, 0],
					"position": [0, 0, 0]
				},
				"LeftLeg": {
					"rotation": [-10, 12.5, 7.5],
					"position": [0, 0, 1]
				},
				"LeftLowerLeg": {
					"rotation": [50, 0, 0],
					"position": [0, 0, 0]
				},
				"LeftFoot": {
					"rotation": [32.59907, -4.21541, -2.69136],
					"position": [0, 0, 0]
				},
				"RightLeg": {
					"rotation": [-72.56255, 1.50179, -4.76968],
					"position": [0, 0, 1]
				},
				"RightLowerLeg": {
					"rotation": [82.5, 0, 0],
					"position": [0, 0, 0]
				},
				"RightFoot": {
					"rotation": [0, 7.5, 0],
					"position": [0, 0, 0]
				},
				"AllBody": {
					"rotation": [0, 0, 0],
					"position": [-3, 0, 0],
					"scale": 1
				},
				"AllHead": {
					"rotation": [0, 0, 0],
					"position": [0, 0, 0]
				},
				"Head": {
					"rotation": {
						"0.0": {
							"post": [5.16524, 27.0478, 11.24314],
							"lerp_mode": "catmullrom"
						}
					},
					"position": {
						"0.0": {
							"post": [0, 0, 0],
							"lerp_mode": "catmullrom"
						}
					}
				},
				"RightEyelid": {
					"scale": 0
				},
				"LeftEyelid": {
					"scale": 0
				},
				"DownBody": {
					"rotation": [-30, 0, 0]
				},
				"Eyes": {
					"rotation": [0, 0, -3],
					"position": [0.3, 0, 0]
				},
				"Lefteye": {
					"rotation": [-18.54835, 19.03771, 88.75395],
					"position": [-1.2, -0.6, 0]
				},
				"RightEye": {
					"rotation": [-18.54835, -19.03771, -88.75395],
					"position": [1, 0, 0]
				}
			}
		},
		"swim_stand": {
			"loop": true,
			"animation_length": 1,
			"bones": {
				"Root": {
					"rotation": [0, 0, 0],
					"scale": [1, 1, 1]
				},
				"UpBody": {
					"rotation": {
						"0.0": [0, 0, 0],
						"0.0417": [-0.14, 0, 0],
						"0.0833": [-0.33, 0, 0],
						"0.125": [-0.57, 0, 0],
						"0.1667": [-0.83, 0, 0],
						"0.2083": [-1.12, 0, 0],
						"0.25": [-1.41, 0, 0],
						"0.2917": [-1.69, 0, 0],
						"0.3333": [-1.94, 0, 0],
						"0.375": [-2.17, 0, 0],
						"0.4167": [-2.34, 0, 0],
						"0.4583": [-2.46, 0, 0],
						"0.5": [-2.5, 0, 0],
						"0.5417": [-2.45, 0, 0],
						"0.5833": [-2.31, 0, 0],
						"0.625": [-2.09, 0, 0],
						"0.6667": [-1.83, 0, 0],
						"0.7083": [-1.53, 0, 0],
						"0.75": [-1.21, 0, 0],
						"0.7917": [-0.9, 0, 0],
						"0.8333": [-0.6, 0, 0],
						"0.875": [-0.35, 0, 0],
						"0.9167": [-0.15, 0, 0],
						"0.9583": [-0.03, 0, 0],
						"1.0": [0, 0, 0]
					},
					"position": [0, 0, 0]
				},
				"LeftArm": {
					"rotation": {
						"0.0": [-10, 0, -45],
						"0.0417": [-8.09, 0, -45],
						"0.0833": [-5.38, 0, -45],
						"0.125": [-2.07, 0, -45],
						"0.1667": [1.67, 0, -45],
						"0.2083": [5.65, 0, -45],
						"0.25": [9.69, 0, -45],
						"0.2917": [13.61, 0, -45],
						"0.3333": [17.22, 0, -45],
						"0.375": [20.35, 0, -45],
						"0.4167": [22.81, 0, -45],
						"0.4583": [24.42, 0, -45],
						"0.5": [25, 0, -45],
						"0.5417": [24.25, 0, -45],
						"0.5833": [22.17, 0, -45],
						"0.625": [19.04, 0, -45],
						"0.6667": [15.16, 0, -45],
						"0.7083": [10.78, 0, -45],
						"0.75": [6.2, 0, -45],
						"0.7917": [1.69, 0, -45],
						"0.8333": [-2.47, 0, -45],
						"0.875": [-5.99, 0, -45],
						"0.9167": [-8.61, 0, -45],
						"0.9583": [-10.04, 0, -45],
						"1.0": [-10, 0, -45]
					},
					"position": [0, 0, 0]
				},
				"LeftForeArm": {
					"rotation": {
						"0.0": [-52.5, 0, 0],
						"0.0417": [-52.67, 0, 0],
						"0.0833": [-53.28, 0, 0],
						"0.125": [-53.46, 0, 0],
						"0.1667": [-52.32, 0, 0],
						"0.2083": [-48.97, 0, 0],
						"0.25": [-44.34, 0, 0],
						"0.2917": [-37.79, 0, 0],
						"0.3333": [-30.15, 0, 0],
						"0.375": [-22.23, 0, 0],
						"0.4167": [-14.85, 0, 0],
						"0.4583": [-8.83, 0, 0],
						"0.5": [-5, 0, 0],
						"0.5417": [-3.15, 0, 0],
						"0.5833": [-3.13, 0, 0],
						"0.625": [-4.6, 0, 0],
						"0.6667": [-7.2, 0, 0],
						"0.7083": [-10.6, 0, 0],
						"0.75": [-14.45, 0, 0],
						"0.7917": [-19.79, 0, 0],
						"0.8333": [-27.12, 0, 0],
						"0.875": [-35.24, 0, 0],
						"0.9167": [-42.97, 0, 0],
						"0.9583": [-49.12, 0, 0],
						"1.0": [-52.5, 0, 0]
					},
					"position": [0, 0, 0]
				},
				"RightArm": {
					"rotation": {
						"0.0": [-10, 0, 45],
						"0.0417": [-8.09, 0, 45],
						"0.0833": [-5.38, 0, 45],
						"0.125": [-2.07, 0, 45],
						"0.1667": [1.67, 0, 45],
						"0.2083": [5.65, 0, 45],
						"0.25": [9.69, 0, 45],
						"0.2917": [13.61, 0, 45],
						"0.3333": [17.22, 0, 45],
						"0.375": [20.35, 0, 45],
						"0.4167": [22.81, 0, 45],
						"0.4583": [24.42, 0, 45],
						"0.5": [25, 0, 45],
						"0.5417": [24.24, 0, 45],
						"0.5833": [22.15, 0, 45],
						"0.625": [19.01, 0, 45],
						"0.6667": [15.1, 0, 45],
						"0.7083": [10.7, 0, 45],
						"0.75": [6.1, 0, 45],
						"0.7917": [1.58, 0, 45],
						"0.8333": [-2.59, 0, 45],
						"0.875": [-6.11, 0, 45],
						"0.9167": [-8.7, 0, 45],
						"0.9583": [-10.1, 0, 45],
						"1.0": [-10, 0, 45]
					},
					"position": [0, 0, 0]
				},
				"RightForeArm": {
					"rotation": {
						"0.0": [-52.5, 0, 0],
						"0.0417": [-52.67, 0, 0],
						"0.0833": [-53.28, 0, 0],
						"0.125": [-53.46, 0, 0],
						"0.1667": [-52.32, 0, 0],
						"0.2083": [-48.97, 0, 0],
						"0.25": [-44.34, 0, 0],
						"0.2917": [-37.79, 0, 0],
						"0.3333": [-30.15, 0, 0],
						"0.375": [-22.23, 0, 0],
						"0.4167": [-14.85, 0, 0],
						"0.4583": [-8.83, 0, 0],
						"0.5": [-5, 0, 0],
						"0.5417": [-3.15, 0, 0],
						"0.5833": [-3.13, 0, 0],
						"0.625": [-4.6, 0, 0],
						"0.6667": [-7.2, 0, 0],
						"0.7083": [-10.6, 0, 0],
						"0.75": [-14.45, 0, 0],
						"0.7917": [-19.79, 0, 0],
						"0.8333": [-27.12, 0, 0],
						"0.875": [-35.24, 0, 0],
						"0.9167": [-42.97, 0, 0],
						"0.9583": [-49.12, 0, 0],
						"1.0": [-52.5, 0, 0]
					},
					"position": [0, 0, 0]
				},
				"LeftLeg": {
					"rotation": {
						"0.0": [-10, 0, 0],
						"0.0417": [-8.69, 0, 0],
						"0.0833": [-6.81, 0, 0],
						"0.125": [-4.67, 0, 0],
						"0.1667": [-2.56, 0, 0],
						"0.2083": [-0.79, 0, 0],
						"0.25": [0.33, 0, 0],
						"0.2917": [1.49, 0, 0],
						"0.3333": [2.61, 0, 0],
						"0.375": [3.6, 0, 0],
						"0.4167": [4.39, 0, 0],
						"0.4583": [4.88, 0, 0],
						"0.5": [5, 0, 0],
						"0.5417": [4.57, 0, 0],
						"0.5833": [3.6, 0, 0],
						"0.625": [2.28, 0, 0],
						"0.6667": [0.77, 0, 0],
						"0.7083": [-0.76, 0, 0],
						"0.75": [-2.14, 0, 0],
						"0.7917": [-3.71, 0, 0],
						"0.8333": [-5.66, 0, 0],
						"0.875": [-7.63, 0, 0],
						"0.9167": [-9.26, 0, 0],
						"0.9583": [-10.17, 0, 0],
						"1.0": [-10, 0, 0]
					},
					"position": {
						"0.0": [0, 0, 0],
						"0.0417": [0, 0, 0],
						"0.0833": [0, 0, 0],
						"0.125": [0, 0, 0],
						"0.1667": [0, 0, 0],
						"0.2083": [0, 0, 0],
						"0.25": [0, 0, 0],
						"0.2917": [0, 0, 0],
						"0.3333": [0, 0, 0],
						"0.375": [0, 0, 0],
						"0.4167": [0, 0, 0],
						"0.4583": [0, 0, 0],
						"0.5": [0, 0, 0],
						"0.5417": [0, 0, 0],
						"0.5833": [0, 0, 0],
						"0.625": [0, 0, 0],
						"0.6667": [0, 0, 0],
						"0.7083": [0, 0, 0],
						"0.75": [0, 0, 0],
						"0.7917": [0, 0, 0],
						"0.8333": [0, 0, 0],
						"0.875": [0, 0, 0],
						"0.9167": [0, 0, 0],
						"0.9583": [0, 0, 0],
						"1.0": [0, 0, 0]
					}
				},
				"LeftLowerLeg": {
					"rotation": {
						"0.0": [10, 0, 0],
						"0.0417": [8.17, 0, 0],
						"0.0833": [5.4, 0, 0],
						"0.125": [2.44, 0, 0],
						"0.1667": [0.02, 0, 0],
						"0.2083": [-1.12, 0, 0],
						"0.25": [-0.91, 0, 0],
						"0.2917": [-0.04, 0, 0],
						"0.3333": [1.29, 0, 0],
						"0.375": [2.9, 0, 0],
						"0.4167": [4.6, 0, 0],
						"0.4583": [6.19, 0, 0],
						"0.5": [7.5, 0, 0],
						"0.5417": [8.87, 0, 0],
						"0.5833": [10.31, 0, 0],
						"0.625": [11.7, 0, 0],
						"0.6667": [12.92, 0, 0],
						"0.7083": [13.82, 0, 0],
						"0.75": [14.29, 0, 0],
						"0.7917": [14.17, 0, 0],
						"0.8333": [13.52, 0, 0],
						"0.875": [12.57, 0, 0],
						"0.9167": [11.52, 0, 0],
						"0.9583": [10.59, 0, 0],
						"1.0": [10, 0, 0]
					},
					"position": {
						"0.0": [0, 0, 0],
						"0.0417": [0, 0, 0],
						"0.0833": [0, 0, 0],
						"0.125": [0, 0, 0],
						"0.1667": [0, 0, 0],
						"0.2083": [0, 0, 0],
						"0.25": [0, 0, 0],
						"0.2917": [0, 0, 0],
						"0.3333": [0, 0, 0],
						"0.375": [0, 0, 0],
						"0.4167": [0, 0, 0],
						"0.4583": [0, 0, 0],
						"0.5": [0, 0, 0],
						"0.5417": [0, 0, 0],
						"0.5833": [0, 0, 0],
						"0.625": [0, 0, 0],
						"0.6667": [0, 0, 0],
						"0.7083": [0, 0, 0],
						"0.75": [0, 0, 0],
						"0.7917": [0, 0, 0],
						"0.8333": [0, 0, 0],
						"0.875": [0, 0, 0],
						"0.9167": [0, 0, 0],
						"0.9583": [0, 0, 0],
						"1.0": [0, 0, 0]
					}
				},
				"LeftFoot": {
					"rotation": {
						"0.0": [30, 0, 0],
						"0.0417": [29.31, 0, 0],
						"0.0833": [28.34, 0, 0],
						"0.125": [27.14, 0, 0],
						"0.1667": [25.79, 0, 0],
						"0.2083": [24.35, 0, 0],
						"0.25": [22.89, 0, 0],
						"0.2917": [21.48, 0, 0],
						"0.3333": [20.18, 0, 0],
						"0.375": [19.07, 0, 0],
						"0.4167": [18.21, 0, 0],
						"0.4583": [17.66, 0, 0],
						"0.5": [17.5, 0, 0],
						"0.5417": [18.22, 0, 0],
						"0.5833": [19.97, 0, 0],
						"0.625": [22.37, 0, 0],
						"0.6667": [25.06, 0, 0],
						"0.7083": [27.69, 0, 0],
						"0.75": [29.89, 0, 0],
						"0.7917": [31.3, 0, 0],
						"0.8333": [31.99, 0, 0],
						"0.875": [31.81, 0, 0],
						"0.9167": [31.15, 0, 0],
						"0.9583": [30.42, 0, 0],
						"1.0": [30, 0, 0]
					},
					"position": {
						"0.0": [0, 0, 0],
						"0.0417": [0, 0, 0],
						"0.0833": [0, 0, 0],
						"0.125": [0, 0, 0],
						"0.1667": [0, 0, 0],
						"0.2083": [0, 0, 0],
						"0.25": [0, 0, 0],
						"0.2917": [0, 0, 0],
						"0.3333": [0, 0, 0],
						"0.375": [0, 0, 0],
						"0.4167": [0, 0, 0],
						"0.4583": [0, 0, 0],
						"0.5": [0, 0, 0],
						"0.5417": [0, 0, 0],
						"0.5833": [0, 0, 0],
						"0.625": [0, 0, 0],
						"0.6667": [0, 0, 0],
						"0.7083": [0, 0, 0],
						"0.75": [0, 0, 0],
						"0.7917": [0, 0, 0],
						"0.8333": [0, 0, 0],
						"0.875": [0, 0, 0],
						"0.9167": [0, 0, 0],
						"0.9583": [0, 0, 0],
						"1.0": [0, 0, 0]
					}
				},
				"RightLeg": {
					"rotation": {
						"0.0": [5, 0, 0],
						"0.0417": [4.23, 0, 0],
						"0.0833": [3.18, 0, 0],
						"0.125": [1.92, 0, 0],
						"0.1667": [0.56, 0, 0],
						"0.2083": [-0.83, 0, 0],
						"0.25": [-2.14, 0, 0],
						"0.2917": [-3.61, 0, 0],
						"0.3333": [-5.34, 0, 0],
						"0.375": [-7.09, 0, 0],
						"0.4167": [-8.62, 0, 0],
						"0.4583": [-9.67, 0, 0],
						"0.5": [-10, 0, 0],
						"0.5417": [-9.2, 0, 0],
						"0.5833": [-7.38, 0, 0],
						"0.625": [-5.05, 0, 0],
						"0.6667": [-2.68, 0, 0],
						"0.7083": [-0.79, 0, 0],
						"0.75": [0.4, 0, 0],
						"0.7917": [1.72, 0, 0],
						"0.8333": [3.02, 0, 0],
						"0.875": [4.16, 0, 0],
						"0.9167": [4.96, 0, 0],
						"0.9583": [5.3, 0, 0],
						"1.0": [5, 0, 0]
					},
					"position": {
						"0.0": [0, 0, 0],
						"0.0417": [0, 0, 0],
						"0.0833": [0, 0, 0],
						"0.125": [0, 0, 0],
						"0.1667": [0, 0, 0],
						"0.2083": [0, 0, 0],
						"0.25": [0, 0, 0],
						"0.2917": [0, 0, 0],
						"0.3333": [0, 0, 0],
						"0.375": [0, 0, 0],
						"0.4167": [0, 0, 0],
						"0.4583": [0, 0, 0],
						"0.5": [0, 0, 0],
						"0.5417": [0, 0, 0],
						"0.5833": [0, 0, 0],
						"0.625": [0, 0, 0],
						"0.6667": [0, 0, 0],
						"0.7083": [0, 0, 0],
						"0.75": [0, 0, 0],
						"0.7917": [0, 0, 0],
						"0.8333": [0, 0, 0],
						"0.875": [0, 0, 0],
						"0.9167": [0, 0, 0],
						"0.9583": [0, 0, 0],
						"1.0": [0, 0, 0]
					}
				},
				"RightLowerLeg": {
					"rotation": {
						"0.0": [7.5, 0, 0],
						"0.0417": [8.37, 0, 0],
						"0.0833": [9.67, 0, 0],
						"0.125": [11.16, 0, 0],
						"0.1667": [12.6, 0, 0],
						"0.2083": [13.72, 0, 0],
						"0.25": [14.29, 0, 0],
						"0.2917": [14.3, 0, 0],
						"0.3333": [13.93, 0, 0],
						"0.375": [13.26, 0, 0],
						"0.4167": [12.35, 0, 0],
						"0.4583": [11.24, 0, 0],
						"0.5": [10, 0, 0],
						"0.5417": [7.9, 0, 0],
						"0.5833": [5.1, 0, 0],
						"0.625": [2.23, 0, 0],
						"0.6667": [-0.05, 0, 0],
						"0.7083": [-1.12, 0, 0],
						"0.75": [-0.85, 0, 0],
						"0.7917": [0.16, 0, 0],
						"0.8333": [1.65, 0, 0],
						"0.875": [3.37, 0, 0],
						"0.9167": [5.09, 0, 0],
						"0.9583": [6.55, 0, 0],
						"1.0": [7.5, 0, 0]
					},
					"position": {
						"0.0": [0, 0, 0],
						"0.0417": [0, 0, 0],
						"0.0833": [0, 0, 0],
						"0.125": [0, 0, 0],
						"0.1667": [0, 0, 0],
						"0.2083": [0, 0, 0],
						"0.25": [0, 0, 0],
						"0.2917": [0, 0, 0],
						"0.3333": [0, 0, 0],
						"0.375": [0, 0, 0],
						"0.4167": [0, 0, 0],
						"0.4583": [0, 0, 0],
						"0.5": [0, 0, 0],
						"0.5417": [0, 0, 0],
						"0.5833": [0, 0, 0],
						"0.625": [0, 0, 0],
						"0.6667": [0, 0, 0],
						"0.7083": [0, 0, 0],
						"0.75": [0, 0, 0],
						"0.7917": [0, 0, 0],
						"0.8333": [0, 0, 0],
						"0.875": [0, 0, 0],
						"0.9167": [0, 0, 0],
						"0.9583": [0, 0, 0],
						"1.0": [0, 0, 0]
					}
				},
				"RightFoot": {
					"rotation": {
						"0.0": [17.5, 0, 0],
						"0.0417": [18.88, 0, 0],
						"0.0833": [20.88, 0, 0],
						"0.125": [23.24, 0, 0],
						"0.1667": [25.72, 0, 0],
						"0.2083": [28.05, 0, 0],
						"0.25": [30, 0, 0],
						"0.2917": [31.3, 0, 0],
						"0.3333": [32.19, 0, 0],
						"0.375": [32.4, 0, 0],
						"0.4167": [32.05, 0, 0],
						"0.4583": [31.22, 0, 0],
						"0.5": [30, 0, 0],
						"0.5417": [29.31, 0, 0],
						"0.5833": [28.42, 0, 0],
						"0.625": [27.37, 0, 0],
						"0.6667": [26.2, 0, 0],
						"0.7083": [24.95, 0, 0],
						"0.75": [23.67, 0, 0],
						"0.7917": [22.39, 0, 0],
						"0.8333": [21.16, 0, 0],
						"0.875": [20.01, 0, 0],
						"0.9167": [18.99, 0, 0],
						"0.9583": [18.14, 0, 0],
						"1.0": [17.5, 0, 0]
					},
					"position": {
						"0.0": [0, 0, 0],
						"0.0417": [0, 0, 0],
						"0.0833": [0, 0, 0],
						"0.125": [0, 0, 0],
						"0.1667": [0, 0, 0],
						"0.2083": [0, 0, 0],
						"0.25": [0, 0, 0],
						"0.2917": [0, 0, 0],
						"0.3333": [0, 0, 0],
						"0.375": [0, 0, 0],
						"0.4167": [0, 0, 0],
						"0.4583": [0, 0, 0],
						"0.5": [0, 0, 0],
						"0.5417": [0, 0, 0],
						"0.5833": [0, 0, 0],
						"0.625": [0, 0, 0],
						"0.6667": [0, 0, 0],
						"0.7083": [0, 0, 0],
						"0.75": [0, 0, 0],
						"0.7917": [0, 0, 0],
						"0.8333": [0, 0, 0],
						"0.875": [0, 0, 0],
						"0.9167": [0, 0, 0],
						"0.9583": [0, 0, 0],
						"1.0": [0, 0, 0]
					}
				},
				"AllBody": {
					"rotation": [0, 0, 0],
					"position": [0, 0, 0],
					"scale": [1, 1, 1]
				},
				"AllHead": {
					"rotation": [0, 0, 0],
					"position": [0, 0, 0]
				},
				"Head": {
					"rotation": {
						"0.0": [0, 0, 0],
						"0.0417": [0.14, 0, 0],
						"0.0833": [0.33, 0, 0],
						"0.125": [0.57, 0, 0],
						"0.1667": [0.83, 0, 0],
						"0.2083": [1.12, 0, 0],
						"0.25": [1.41, 0, 0],
						"0.2917": [1.69, 0, 0],
						"0.3333": [1.94, 0, 0],
						"0.375": [2.17, 0, 0],
						"0.4167": [2.34, 0, 0],
						"0.4583": [2.46, 0, 0],
						"0.5": [2.5, 0, 0],
						"0.5417": [2.46, 0, 0],
						"0.5833": [2.34, 0, 0],
						"0.625": [2.17, 0, 0],
						"0.6667": [1.94, 0, 0],
						"0.7083": [1.69, 0, 0],
						"0.75": [1.41, 0, 0],
						"0.7917": [1.12, 0, 0],
						"0.8333": [0.83, 0, 0],
						"0.875": [0.57, 0, 0],
						"0.9167": [0.33, 0, 0],
						"0.9583": [0.14, 0, 0],
						"1.0": [0, 0, 0]
					},
					"position": [0, 0, 0]
				}
			}
		},
		"boat": {
			"animation_length": 0.375,
			"bones": {
				"LeftArm": {
					"rotation": [0, 0, -25]
				},
				"LeftForeArm": {
					"rotation": [0, 0, -105]
				},
				"RightArm": {
					"rotation": [0, 0, 25]
				},
				"RightForeArm": {
					"rotation": [0, 0, 105],
					"position": [-0.9, 0, 0]
				},
				"LeftLeg": {
					"rotation": [-120.48005, -11.86554, -19.25656]
				},
				"LeftLowerLeg": {
					"rotation": [100, 0, 0]
				},
				"RightLeg": {
					"rotation": [-118.88636, 15.58394, 25.96295]
				},
				"RightLowerLeg": {
					"rotation": [100, 0, 0]
				},
				"Root": {
					"position": {
						"0.0": [0, 9, 0],
						"0.25": [0, 9, 0]
					}
				}
			}
		},
		"climbing": {
			"loop": true,
			"bones": {
				"Root": {
					"rotation": [90, 0, 0],
					"position": [0, 2, 19],
					"scale": [1, 1, 1]
				},
				"UpBody": {
					"rotation": [0, 0, 0],
					"position": [0, 0, 0]
				},
				"LeftArm": {
					"rotation": [0, 0, -145],
					"position": [0, 0, 0]
				},
				"LeftForeArm": {
					"rotation": [0, 0, -60],
					"position": [0, 0, 0]
				},
				"RightArm": {
					"rotation": [0, 0, 145],
					"position": [0, 0, 0]
				},
				"RightForeArm": {
					"rotation": [0, 0, 60],
					"position": [0, 0, 0]
				},
				"LeftLeg": {
					"rotation": [0, 0, 0],
					"position": [0, 0, 0]
				},
				"LeftLowerLeg": {
					"rotation": [0, 0, 0],
					"position": [0, 0, 0]
				},
				"LeftFoot": {
					"rotation": [45, 0, 0],
					"position": [0, 0, 0]
				},
				"RightLeg": {
					"rotation": [0, 0, 0],
					"position": [0, 0, 0]
				},
				"RightLowerLeg": {
					"rotation": [0, 0, 0],
					"position": [0, 0, 0]
				},
				"RightFoot": {
					"rotation": [45, 0, 0],
					"position": [0, 0, 0]
				},
				"AllBody": {
					"rotation": [0, 0, 0],
					"position": [0, 0, 0],
					"scale": [1, 1, 1]
				},
				"AllHead": {
					"rotation": [0, 0, 0],
					"position": [0, 0, 0]
				},
				"Head": {
					"rotation": [-90, 0, 0],
					"position": [0, 0, 0]
				}
			}
		},
		"pre_parallel0": {
			"loop": true,
			"animation_length": 0.375,
			"bones": {
				"RightEyebrow": {
					"position": [0, "ysm.is_close_eyes ? -1 : 0", 0]
				},
				"LeftEyebrow": {
					"position": [0, "ysm.is_close_eyes ? -1 : 0", 0]
				},
				"Eyelid": {
					"scale": "ysm.is_close_eyes ? 0 : 1"
				},
				"Copter": {
					"scale": 0
				}
			}
		},
		"pre_parallel1": {
			"loop": true,
			"animation_length": 0.375,
			"bones": {
				"RightEyebrow": {
					"position": [0, "ysm.is_close_eyes ? -1 : 0", 0]
				},
				"LeftEyebrow": {
					"position": [0, "ysm.is_close_eyes ? -1 : 0", 0]
				},
				"Eyelid": {
					"scale": "ysm.is_close_eyes ? 0 : 1"
				}
			}
		},
		"parallel0": {
			"loop": true,
			"animation_length": 4,
			"bones": {
				"RightEyebrow": {
					"position": [0, "ysm.is_close_eyes ? -1 : 0", 0]
				},
				"LeftEyebrow": {
					"position": [0, "ysm.is_close_eyes ? -1 : 0", 0]
				},
				"Eyelid": {
					"scale": "ysm.is_close_eyes ? 0 : 1"
				},
				"Lefteye": {
					"rotation": {
						"0.0": [0, 0, 0],
						"0.0417": {
							"pre": [0, 0, 0],
							"post": [21.27701, 26.34481, -99.13779]
						},
						"0.3333": {
							"pre": [21.27701, 26.34481, -99.13779],
							"post": [21.27701, 26.34481, -99.13779]
						},
						"0.375": {
							"pre": [21.27701, 26.34481, -99.13779],
							"post": [0, 0, 0]
						}
					},
					"position": {
						"0.0": {
							"post": [0, 0, 0],
							"lerp_mode": "catmullrom"
						},
						"0.0833": {
							"post": [0, -1.1, 0],
							"lerp_mode": "catmullrom"
						},
						"0.1667": {
							"post": [0, -1.4, 0],
							"lerp_mode": "catmullrom"
						},
						"0.2917": {
							"post": [0, 0, 0],
							"lerp_mode": "catmullrom"
						}
					},
					"scale": {
						"0.0": [1, 1, 1],
						"0.0417": {
							"pre": [1, 1, 1],
							"post": [1, 0.5, 1]
						},
						"0.3333": {
							"pre": [1, 0.5, 1],
							"post": [1, 0.5, 1]
						},
						"0.375": {
							"pre": [1, 0.5, 1],
							"post": [1, 1, 1]
						}
					}
				},
				"RightEye": {
					"rotation": {
						"0.0": [0, 0, 0],
						"0.0417": {
							"pre": [0, 0, 0],
							"post": [-16.78549, -8.58804, -86.13953]
						},
						"0.3333": {
							"pre": [-16.78549, -8.58804, -86.13953],
							"post": [-16.78549, -8.58804, -86.13953]
						},
						"0.375": {
							"pre": [-16.78549, -8.58804, -86.13953],
							"post": [0, 0, 0]
						}
					},
					"position": {
						"0.0": {
							"post": [0, 0, 0],
							"lerp_mode": "catmullrom"
						},
						"0.0833": {
							"post": [0, -1.1, 0],
							"lerp_mode": "catmullrom"
						},
						"0.1667": {
							"post": [0, -1.4, 0],
							"lerp_mode": "catmullrom"
						},
						"0.2917": {
							"post": [0, 0, 0],
							"lerp_mode": "catmullrom"
						}
					},
					"scale": {
						"0.0": [1, 1, 1],
						"0.0417": {
							"pre": [1, 1, 1],
							"post": [1, 0.5, 1]
						},
						"0.3333": {
							"pre": [1, 0.5, 1],
							"post": [1, 0.5, 1]
						},
						"0.375": {
							"pre": [1, 0.5, 1],
							"post": [1, 1, 1]
						}
					}
				}
			}
		},
		"parallel1": {
			"loop": true,
			"bones": {
				"LeftEyesBase": {
					"position": ["ysm.head_yaw/180", "ysm.head_pitch/360", 0]
				},
				"RightEyesBase": {
					"position": ["ysm.head_yaw/180", "ysm.head_pitch/360", 0]
				}
			}
		},
		"parallel2": {
			"loop": true
		},
		"parallel3": {
			"loop": true
		},
		"parallel4": {
			"loop": true
		},
		"parallel5": {
			"loop": true
		},
		"parallel6": {
			"loop": true
		},
		"parallel7": {
			"loop": true
		}
	}
}