{
	"format_version": "1.12.0",
	"minecraft:geometry": [
		{
			"description": {
				"identifier": "geometry.unknown",
				"texture_width": 512,
				"texture_height": 512,
				"visible_bounds_width": 103,
				"visible_bounds_height": 129,
				"visible_bounds_offset": [0, -7.5, 0]
			},
			"bones": [
				{
					"name": "Arm",
					"pivot": [-0.305, 28.164, -0.00571]
				},
				{
					"name": "LeftArm",
					"parent": "Arm",
					"pivot": [1.65, 27.8765, -0.00571],
					"cubes": [
						{
							"origin": [0.96, 21.034, -1.38571],
							"size": [3.0475, 5.405, 2.8175],
							"uv": {
								"north": {"uv": [164, 17], "uv_size": [2.5, 4.5]},
								"east": {"uv": [164, 22], "uv_size": [2.5, 4.5]},
								"south": {"uv": [28, 164], "uv_size": [2.5, 4.5]},
								"west": {"uv": [164, 34], "uv_size": [2.5, 4.5]},
								"up": {"uv": [193, 88], "uv_size": [2.5, 2.5]},
								"down": {"uv": [193, 106.5], "uv_size": [2.5, -2.5]}
							}
						},
						{
							"origin": [1.27072, 25.53184, -1.37421],
							"size": [2.4955, 3.197, 2.7945],
							"pivot": [2.67372, 26.30809, 0.10929],
							"rotation": [0, 0, -41],
							"uv": {
								"north": {"uv": [167, 194], "uv_size": [2, 3]},
								"east": {"uv": [186, 44], "uv_size": [2.5, 3]},
								"south": {"uv": [172, 194], "uv_size": [2, 3]},
								"west": {"uv": [186, 58], "uv_size": [2.5, 3]},
								"up": {"uv": [201, 65], "uv_size": [2, 2.5]},
								"down": {"uv": [66, 203.5], "uv_size": [2, -2.5]}
							}
						}
					]
				},
				{
					"name": "LeftFallArmUP",
					"parent": "LeftArm",
					"pivot": [1.72503, 26.72559, 0.02304],
					"cubes": [
						{
							"origin": [0.4274, 25.5118, -1.43171],
							"size": [2.93825, 3.243, 2.9095],
							"pivot": [1.89078, 27.10455, 0.02304],
							"rotation": [0, 0, -56.5],
							"uv": {
								"north": {"uv": [187, 70], "uv_size": [2.5, 3]},
								"east": {"uv": [187, 73], "uv_size": [2.5, 3]},
								"south": {"uv": [187, 76], "uv_size": [2.5, 3]},
								"west": {"uv": [187, 79], "uv_size": [2.5, 3]},
								"up": {"uv": [194, 151], "uv_size": [2.5, 2.5]},
								"down": {"uv": [194, 156.5], "uv_size": [2.5, -2.5]}
							}
						},
						{
							"origin": [0.90565, 21.01422, -1.44321],
							"size": [3.14525, 6.42275, 2.9325],
							"uv": {
								"north": {"uv": [99, 157], "uv_size": [2.5, 5]},
								"east": {"uv": [113, 157], "uv_size": [2.5, 5]},
								"south": {"uv": [116, 157], "uv_size": [2.5, 5]},
								"west": {"uv": [119, 157], "uv_size": [2.5, 5]},
								"up": {"uv": [194, 173], "uv_size": [2.5, 2.5]},
								"down": {"uv": [194, 178.5], "uv_size": [2.5, -2.5]}
							}
						}
					]
				},
				{
					"name": "LeftForeArm",
					"parent": "LeftArm",
					"pivot": [2.48375, 21.034, 0.02304],
					"cubes": [
						{
							"origin": [0.98875, 15.2265, -1.35696],
							"size": [2.99, 5.8075, 2.76],
							"uv": {
								"north": {"uv": [5, 157], "uv_size": [2.5, 5]},
								"east": {"uv": [157, 17], "uv_size": [2.5, 5]},
								"south": {"uv": [157, 22], "uv_size": [2.5, 5]},
								"west": {"uv": [157, 27], "uv_size": [2.5, 5]},
								"up": {"uv": [193, 165], "uv_size": [2.5, 2.5]},
								"down": {"uv": [194, 48.5], "uv_size": [2.5, -2.5]}
							}
						},
						{
							"origin": [0.9945, 20.09096, -0.29176],
							"size": [2.9785, 2.0125, 1.79975],
							"pivot": [2.57, 21.68659, 0.25449],
							"rotation": [-48, 0, 0],
							"uv": {
								"north": {"uv": [201, 69], "uv_size": [2.5, 2]},
								"east": {"uv": [218, 80], "uv_size": [1.5, 2]},
								"south": {"uv": [201, 71], "uv_size": [2.5, 2]},
								"west": {"uv": [218, 85], "uv_size": [1.5, 2]},
								"up": {"uv": [210, 188], "uv_size": [2.5, 1.5]},
								"down": {"uv": [210, 196.5], "uv_size": [2.5, -1.5]}
							}
						}
					]
				},
				{
					"name": "LeftFallArmDOWM",
					"parent": "LeftForeArm",
					"pivot": [-2.26, -3.37475, -0.00571],
					"cubes": [
						{
							"origin": [0.81625, 17.354, -1.52946],
							"size": [3.335, 1.035, 3.105],
							"uv": {
								"north": {"uv": [221, 7], "uv_size": [3, 1]},
								"east": {"uv": [227, 42], "uv_size": [2.5, 1]},
								"south": {"uv": [221, 32], "uv_size": [3, 1]},
								"west": {"uv": [227, 43], "uv_size": [2.5, 1]},
								"up": {"uv": [187, 82], "uv_size": [3, 2.5]},
								"down": {"uv": [187, 91.5], "uv_size": [3, -2.5]}
							}
						},
						{
							"origin": [0.81625, 18.619, -1.52946],
							"size": [3.335, 0.345, 3.105],
							"uv": {
								"north": {"uv": [239, 185], "uv_size": [3, 0.5]},
								"east": {"uv": [245, 190], "uv_size": [2.5, 0.5]},
								"south": {"uv": [187, 239], "uv_size": [3, 0.5]},
								"west": {"uv": [245, 191], "uv_size": [2.5, 0.5]},
								"up": {"uv": [187, 99], "uv_size": [3, 2.5]},
								"down": {"uv": [187, 104.5], "uv_size": [3, -2.5]}
							}
						},
						{
							"origin": [0.81625, 18.389, -1.52946],
							"size": [3.335, 0.23, 3.105],
							"uv": {
								"north": {"uv": [239, 187], "uv_size": [3, 0.5]},
								"east": {"uv": [245, 192], "uv_size": [2.5, 0.5]},
								"south": {"uv": [239, 188], "uv_size": [3, 0.5]},
								"west": {"uv": [245, 193], "uv_size": [2.5, 0.5]},
								"up": {"uv": [105, 187], "uv_size": [3, 2.5]},
								"down": {"uv": [187, 107.5], "uv_size": [3, -2.5]}
							}
						},
						{
							"origin": [0.93125, 18.5615, -1.41446],
							"size": [3.105, 2.4725, 2.875],
							"uv": {
								"north": {"uv": [202, 171], "uv_size": [2.5, 2]},
								"east": {"uv": [202, 173], "uv_size": [2.5, 2]},
								"south": {"uv": [202, 175], "uv_size": [2.5, 2]},
								"west": {"uv": [194, 202], "uv_size": [2.5, 2]},
								"up": {"uv": [194, 185], "uv_size": [2.5, 2.5]},
								"down": {"uv": [194, 190.5], "uv_size": [2.5, -2.5]}
							}
						},
						{
							"origin": [0.93125, 19.99498, -0.3345],
							"size": [3.105, 2.1275, 1.85725],
							"pivot": [2.6275, 21.64811, 0.26925],
							"rotation": [-48, 0, 0],
							"uv": {
								"north": {"uv": [202, 195], "uv_size": [2.5, 2]},
								"east": {"uv": [85, 221], "uv_size": [1.5, 2]},
								"south": {"uv": [202, 197], "uv_size": [2.5, 2]},
								"west": {"uv": [87, 221], "uv_size": [1.5, 2]},
								"up": {"uv": [65, 212], "uv_size": [2.5, 1.5]},
								"down": {"uv": [76, 213.5], "uv_size": [2.5, -1.5]}
							}
						}
					]
				},
				{
					"name": "LeftHand",
					"parent": "LeftForeArm",
					"pivot": [2.48375, 16.204, 0.02304]
				},
				{
					"name": "LeftHandLocator",
					"parent": "LeftHand",
					"pivot": [2.48375, 16.204, 0.02304]
				},
				{
					"name": "SheathLocator",
					"parent": "LeftHand",
					"pivot": [2.48375, 16.204, 0.02304]
				},
				{
					"name": "LeftWaistLocator",
					"parent": "LeftHand",
					"pivot": [2.48375, 16.204, 0.02304]
				},
				{
					"name": "RightArm",
					"parent": "Arm",
					"pivot": [-0.65, 27.8765, -0.00571],
					"cubes": [
						{
							"origin": [-3.0075, 21.034, -1.38571],
							"size": [3.0475, 5.405, 2.8175],
							"uv": {
								"north": {"uv": [35, 164], "uv_size": [2.5, 4.5]},
								"east": {"uv": [38, 164], "uv_size": [2.5, 4.5]},
								"south": {"uv": [164, 39], "uv_size": [2.5, 4.5]},
								"west": {"uv": [41, 164], "uv_size": [2.5, 4.5]},
								"up": {"uv": [194, 49], "uv_size": [2.5, 2.5]},
								"down": {"uv": [194, 54.5], "uv_size": [2.5, -2.5]}
							}
						},
						{
							"origin": [-2.76622, 25.53184, -1.37421],
							"size": [2.4955, 3.197, 2.7945],
							"pivot": [-1.67372, 26.30809, 0.10929],
							"rotation": [0, 0, 41],
							"uv": {
								"north": {"uv": [36, 195], "uv_size": [2, 3]},
								"east": {"uv": [186, 67], "uv_size": [2.5, 3]},
								"south": {"uv": [39, 195], "uv_size": [2, 3]},
								"west": {"uv": [186, 93], "uv_size": [2.5, 3]},
								"up": {"uv": [68, 201], "uv_size": [2, 2.5]},
								"down": {"uv": [201, 75.5], "uv_size": [2, -2.5]}
							}
						}
					]
				},
				{
					"name": "RightFallArmUP",
					"parent": "RightArm",
					"pivot": [-0.72503, 26.72559, 0.02304],
					"cubes": [
						{
							"origin": [-3.0509, 21.01422, -1.44321],
							"size": [3.14525, 6.44, 2.9325],
							"uv": {
								"north": {"uv": [157, 82], "uv_size": [2.5, 5]},
								"east": {"uv": [84, 157], "uv_size": [2.5, 5]},
								"south": {"uv": [157, 87], "uv_size": [2.5, 5]},
								"west": {"uv": [157, 92], "uv_size": [2.5, 5]},
								"up": {"uv": [194, 139], "uv_size": [2.5, 2.5]},
								"down": {"uv": [194, 144.5], "uv_size": [2.5, -2.5]}
							}
						},
						{
							"origin": [-2.36565, 25.5118, -1.43171],
							"size": [2.93825, 3.243, 2.9095],
							"pivot": [-0.89078, 27.10455, 0.02304],
							"rotation": [0, 0, 56.5],
							"uv": {
								"north": {"uv": [189.5, 70], "uv_size": [-2.5, 3]},
								"east": {"uv": [189.5, 79], "uv_size": [-2.5, 3]},
								"south": {"uv": [189.5, 76], "uv_size": [-2.5, 3]},
								"west": {"uv": [189.5, 73], "uv_size": [-2.5, 3]},
								"up": {"uv": [196.5, 151], "uv_size": [-2.5, 2.5]},
								"down": {"uv": [196.5, 156.5], "uv_size": [-2.5, -2.5]}
							}
						}
					]
				},
				{
					"name": "RightForeArm",
					"parent": "RightArm",
					"pivot": [-1.48375, 21.034, 0.02304],
					"cubes": [
						{
							"origin": [-2.973, 20.03346, -0.29176],
							"size": [2.9785, 2.07, 1.79975],
							"pivot": [-1.57, 21.68659, 0.25449],
							"rotation": [-48, 0, 0],
							"uv": {
								"north": {"uv": [201, 76], "uv_size": [2.5, 2]},
								"east": {"uv": [218, 87], "uv_size": [1.5, 2]},
								"south": {"uv": [201, 78], "uv_size": [2.5, 2]},
								"west": {"uv": [218, 89], "uv_size": [1.5, 2]},
								"up": {"uv": [202, 210], "uv_size": [2.5, 1.5]},
								"down": {"uv": [210, 206.5], "uv_size": [2.5, -1.5]}
							}
						},
						{
							"origin": [-2.97875, 15.2265, -1.35696],
							"size": [2.99, 5.8075, 2.76],
							"uv": {
								"north": {"uv": [157, 50], "uv_size": [2.5, 5]},
								"east": {"uv": [157, 55], "uv_size": [2.5, 5]},
								"south": {"uv": [157, 65], "uv_size": [2.5, 5]},
								"west": {"uv": [71, 157], "uv_size": [2.5, 5]},
								"up": {"uv": [194, 55], "uv_size": [2.5, 2.5]},
								"down": {"uv": [194, 60.5], "uv_size": [2.5, -2.5]}
							}
						}
					]
				},
				{
					"name": "RightFallArmDOWM",
					"parent": "RightForeArm",
					"pivot": [3.26, -3.37475, -0.00571],
					"cubes": [
						{
							"origin": [-3.15125, 17.354, -1.52946],
							"size": [3.335, 1.035, 3.105],
							"uv": {
								"north": {"uv": [220, 195], "uv_size": [3, 1]},
								"east": {"uv": [227, 40], "uv_size": [2.5, 1]},
								"south": {"uv": [220, 210], "uv_size": [3, 1]},
								"west": {"uv": [227, 41], "uv_size": [2.5, 1]},
								"up": {"uv": [23, 187], "uv_size": [3, 2.5]},
								"down": {"uv": [35, 189.5], "uv_size": [3, -2.5]}
							}
						},
						{
							"origin": [-3.15125, 18.619, -1.52946],
							"size": [3.335, 0.345, 3.105],
							"uv": {
								"north": {"uv": [178, 239], "uv_size": [3, 0.5]},
								"east": {"uv": [245, 174], "uv_size": [2.5, 0.5]},
								"south": {"uv": [181, 239], "uv_size": [3, 0.5]},
								"west": {"uv": [245, 177], "uv_size": [2.5, 0.5]},
								"up": {"uv": [187, 47], "uv_size": [3, 2.5]},
								"down": {"uv": [187, 52.5], "uv_size": [3, -2.5]}
							}
						},
						{
							"origin": [-3.15125, 18.389, -1.52946],
							"size": [3.335, 0.23, 3.105],
							"uv": {
								"north": {"uv": [184, 239], "uv_size": [3, 0.5]},
								"east": {"uv": [245, 187], "uv_size": [2.5, 0.5]},
								"south": {"uv": [239, 184], "uv_size": [3, 0.5]},
								"west": {"uv": [190, 245], "uv_size": [2.5, 0.5]},
								"up": {"uv": [53, 187], "uv_size": [3, 2.5]},
								"down": {"uv": [187, 55.5], "uv_size": [3, -2.5]}
							}
						},
						{
							"origin": [-3.03625, 18.5615, -1.41446],
							"size": [3.105, 2.4725, 2.875],
							"uv": {
								"north": {"uv": [202, 13], "uv_size": [2.5, 2]},
								"east": {"uv": [202, 157], "uv_size": [2.5, 2]},
								"south": {"uv": [202, 159], "uv_size": [2.5, 2]},
								"west": {"uv": [202, 165], "uv_size": [2.5, 2]},
								"up": {"uv": [194, 145], "uv_size": [2.5, 2.5]},
								"down": {"uv": [194, 150.5], "uv_size": [2.5, -2.5]}
							}
						},
						{
							"origin": [-3.03625, 19.99498, -0.3345],
							"size": [3.105, 2.1275, 1.85725],
							"pivot": [-1.6275, 21.64811, 0.26925],
							"rotation": [-48, 0, 0],
							"uv": {
								"north": {"uv": [202, 167], "uv_size": [2.5, 2]},
								"east": {"uv": [221, 19], "uv_size": [1.5, 2]},
								"south": {"uv": [202, 169], "uv_size": [2.5, 2]},
								"west": {"uv": [221, 54], "uv_size": [1.5, 2]},
								"up": {"uv": [212, 61], "uv_size": [2.5, 1.5]},
								"down": {"uv": [212, 64.5], "uv_size": [2.5, -1.5]}
							}
						}
					]
				},
				{
					"name": "RightHand",
					"parent": "RightForeArm",
					"pivot": [-1.48375, 16.089, 0.02304]
				},
				{
					"name": "BladeLocator",
					"parent": "RightHand",
					"pivot": [-1.48375, 16.089, 0.02304]
				},
				{
					"name": "RightHandLocator",
					"parent": "RightHand",
					"pivot": [-1.48375, 16.089, 0.02304]
				}
			]
		}
	]
}