{
	"format_version": "1.12.0",
	"minecraft:geometry": [
		{
			"description": {
				"identifier": "geometry.unknown",
				"texture_width": 512,
				"texture_height": 512,
				"visible_bounds_width": 8,
				"visible_bounds_height": 7.5,
				"visible_bounds_offset": [0, 3.25, 0]
			},
			"bones": [
				{
					"name": "LeftArm",
					"pivot": [0.9925, 27.04875, 0],
					"cubes": [
						{
							"origin": [0.49375, 25.03, -1.425],
							"size": [2.8975, 2.47, 2.85],
							"pivot": [1.68125, 27.09625, 0],
							"rotation": [0, 0, 32.25],
							"uv": {
								"north": {"uv": [273, 7], "uv_size": [3, 2]},
								"east": {"uv": [165, 273], "uv_size": [3, 2]},
								"south": {"uv": [273, 167], "uv_size": [3, 2]},
								"west": {"uv": [169, 273], "uv_size": [3, 2]},
								"up": {"uv": [206, 15], "uv_size": [3, 3]},
								"down": {"uv": [58, 229], "uv_size": [3, -3]}
							}
						},
						{
							"origin": [0.09, 21.23, -1.615],
							"size": [3.0875, 5.035, 3.23],
							"uv": {
								"north": {"uv": [175, 240], "uv_size": [3, 5]},
								"east": {"uv": [240, 178], "uv_size": [3, 5]},
								"south": {"uv": [179, 240], "uv_size": [3, 5]},
								"west": {"uv": [240, 184], "uv_size": [3, 5]},
								"up": {"uv": [100, 226], "uv_size": [3, 3]},
								"down": {"uv": [227, 173], "uv_size": [3, -3]}
							}
						},
						{
							"origin": [0.4225, 20.49375, -1.06875],
							"size": [2.565, 1.9475, 2.185],
							"uv": {
								"north": {"uv": [273, 170], "uv_size": [3, 2]},
								"east": {"uv": [79, 237], "uv_size": [2, 2]},
								"south": {"uv": [173, 273], "uv_size": [3, 2]},
								"west": {"uv": [237, 187], "uv_size": [2, 2]},
								"up": {"uv": [180, 273], "uv_size": [3, 2]},
								"down": {"uv": [273, 189], "uv_size": [3, -2]}
							}
						}
					]
				},
				{
					"name": "LeftForeArm",
					"parent": "LeftArm",
					"pivot": [1.68125, 21.39625, 0.02375],
					"cubes": [
						{
							"origin": [0.25625, 14.74625, -1.40125],
							"size": [2.85, 6.65, 2.85],
							"uv": {
								"north": {"uv": [7, 218], "uv_size": [3, 7]},
								"east": {"uv": [100, 218], "uv_size": [3, 7]},
								"south": {"uv": [154, 218], "uv_size": [3, 7]},
								"west": {"uv": [219, 38], "uv_size": [3, 7]},
								"up": {"uv": [236, 178], "uv_size": [3, 3]},
								"down": {"uv": [162, 263], "uv_size": [3, -3]}
							}
						},
						{
							"origin": [1.44375, 16.50375, -1.82875],
							"size": [1.9, 3.895, 3.68125],
							"pivot": [1.68125, 19.30625, 0.02375],
							"rotation": [0, 0, -17.75],
							"uv": {
								"north": {"uv": [199, 262], "uv_size": [2, 4]},
								"east": {"uv": [104, 69], "uv_size": [4, 4]},
								"south": {"uv": [209, 262], "uv_size": [2, 4]},
								"west": {"uv": [109, 82], "uv_size": [4, 4]},
								"up": {"uv": [39, 263], "uv_size": [2, 4]},
								"down": {"uv": [68, 267], "uv_size": [2, -4]}
							}
						},
						{
							"origin": [-0.07625, 16.93125, -1.73375],
							"size": [3.2775, 4.75, 3.515],
							"uv": {
								"north": {"uv": [240, 198], "uv_size": [3, 5]},
								"east": {"uv": [202, 223], "uv_size": [4, 5]},
								"south": {"uv": [240, 204], "uv_size": [3, 5]},
								"west": {"uv": [104, 224], "uv_size": [4, 5]},
								"up": {"uv": [114, 203], "uv_size": [3, 4]},
								"down": {"uv": [209, 4], "uv_size": [3, -4]}
							}
						},
						{
							"origin": [-0.1, 16.575, -1.805],
							"size": [2.44625, 0.95, 3.61],
							"uv": {
								"north": {"uv": [294, 183], "uv_size": [2, 1]},
								"east": {"uv": [281, 218], "uv_size": [4, 1]},
								"south": {"uv": [198, 294], "uv_size": [2, 1]},
								"west": {"uv": [281, 260], "uv_size": [4, 1]},
								"up": {"uv": [71, 263], "uv_size": [2, 4]},
								"down": {"uv": [74, 267], "uv_size": [2, -4]}
							}
						},
						{
							"origin": [0.16125, 15.91, -1.49625],
							"size": [3.04, 1.9, 3.04],
							"uv": {
								"north": {"uv": [273, 190], "uv_size": [3, 2]},
								"east": {"uv": [273, 193], "uv_size": [3, 2]},
								"south": {"uv": [273, 196], "uv_size": [3, 2]},
								"west": {"uv": [273, 199], "uv_size": [3, 2]},
								"up": {"uv": [226, 260], "uv_size": [3, 3]},
								"down": {"uv": [237, 263], "uv_size": [3, -3]}
							}
						}
					]
				},
				{
					"name": "LeftHand",
					"parent": "LeftForeArm",
					"pivot": [1.68125, 16.17125, 0.02375]
				},
				{
					"name": "LeftHandLocator",
					"parent": "LeftHand",
					"pivot": [1.68125, 16.17125, 0.02375]
				},
				{
					"name": "RightArm",
					"pivot": [-0.9925, 27.04875, 0],
					"cubes": [
						{
							"origin": [-3.39125, 25.03, -1.425],
							"size": [2.8975, 2.47, 2.85],
							"pivot": [-1.68125, 27.09625, 0],
							"rotation": [0, 0, -32.25],
							"uv": {
								"north": {"uv": [273, 202], "uv_size": [3, 2]},
								"east": {"uv": [203, 273], "uv_size": [3, 2]},
								"south": {"uv": [273, 205], "uv_size": [3, 2]},
								"west": {"uv": [273, 208], "uv_size": [3, 2]},
								"up": {"uv": [18, 261], "uv_size": [3, 3]},
								"down": {"uv": [22, 264], "uv_size": [3, -3]}
							}
						},
						{
							"origin": [-3.1775, 21.23, -1.615],
							"size": [3.0875, 5.035, 3.23],
							"uv": {
								"north": {"uv": [206, 240], "uv_size": [3, 5]},
								"east": {"uv": [220, 240], "uv_size": [3, 5]},
								"south": {"uv": [8, 241], "uv_size": [3, 5]},
								"west": {"uv": [12, 241], "uv_size": [3, 5]},
								"up": {"uv": [261, 26], "uv_size": [3, 3]},
								"down": {"uv": [261, 33], "uv_size": [3, -3]}
							}
						},
						{
							"origin": [-2.9875, 20.49375, -1.06875],
							"size": [2.565, 1.9475, 2.185],
							"uv": {
								"north": {"uv": [273, 211], "uv_size": [3, 2]},
								"east": {"uv": [282, 41], "uv_size": [2, 2]},
								"south": {"uv": [273, 214], "uv_size": [3, 2]},
								"west": {"uv": [282, 130], "uv_size": [2, 2]},
								"up": {"uv": [273, 217], "uv_size": [3, 2]},
								"down": {"uv": [273, 222], "uv_size": [3, -2]}
							}
						}
					]
				},
				{
					"name": "RightForeArm",
					"parent": "RightArm",
					"pivot": [-1.68125, 21.39625, 0.02375],
					"cubes": [
						{
							"origin": [-3.20125, 16.93125, -1.73375],
							"size": [3.2775, 4.75, 3.515],
							"uv": {
								"north": {"uv": [241, 20], "uv_size": [3, 5]},
								"east": {"uv": [124, 224], "uv_size": [4, 5]},
								"south": {"uv": [241, 34], "uv_size": [3, 5]},
								"west": {"uv": [224, 212], "uv_size": [4, 5]},
								"up": {"uv": [52, 227], "uv_size": [3, 4]},
								"down": {"uv": [246, 13], "uv_size": [3, -4]}
							}
						},
						{
							"origin": [-3.20125, 15.91, -1.49625],
							"size": [3.04, 1.9, 3.04],
							"uv": {
								"north": {"uv": [273, 223], "uv_size": [3, 2]},
								"east": {"uv": [226, 273], "uv_size": [3, 2]},
								"south": {"uv": [273, 226], "uv_size": [3, 2]},
								"west": {"uv": [273, 229], "uv_size": [3, 2]},
								"up": {"uv": [261, 48], "uv_size": [3, 3]},
								"down": {"uv": [54, 264], "uv_size": [3, -3]}
							}
						},
						{
							"origin": [-2.34625, 16.575, -1.805],
							"size": [2.44625, 0.95, 3.61],
							"uv": {
								"north": {"uv": [294, 198], "uv_size": [2, 1]},
								"east": {"uv": [282, 152], "uv_size": [4, 1]},
								"south": {"uv": [294, 200], "uv_size": [2, 1]},
								"west": {"uv": [282, 163], "uv_size": [4, 1]},
								"up": {"uv": [122, 263], "uv_size": [2, 4]},
								"down": {"uv": [131, 267], "uv_size": [2, -4]}
							}
						},
						{
							"origin": [-3.34375, 16.50375, -1.82875],
							"size": [1.9, 3.895, 3.68125],
							"pivot": [-1.68125, 19.30625, 0.02375],
							"rotation": [0, 0, 17.75],
							"uv": {
								"north": {"uv": [134, 263], "uv_size": [2, 4]},
								"east": {"uv": [28, 141], "uv_size": [4, 4]},
								"south": {"uv": [153, 263], "uv_size": [2, 4]},
								"west": {"uv": [154, 89], "uv_size": [4, 4]},
								"up": {"uv": [156, 263], "uv_size": [2, 4]},
								"down": {"uv": [166, 267], "uv_size": [2, -4]}
							}
						},
						{
							"origin": [-3.10625, 14.74625, -1.40125],
							"size": [2.85, 6.65, 2.85],
							"uv": {
								"north": {"uv": [40, 219], "uv_size": [3, 7]},
								"east": {"uv": [44, 219], "uv_size": [3, 7]},
								"south": {"uv": [48, 219], "uv_size": [3, 7]},
								"west": {"uv": [52, 219], "uv_size": [3, 7]},
								"up": {"uv": [261, 56], "uv_size": [3, 3]},
								"down": {"uv": [261, 71], "uv_size": [3, -3]}
							}
						}
					]
				},
				{
					"name": "RightHand",
					"parent": "RightForeArm",
					"pivot": [-1.68125, 16.17125, 0.02375]
				},
				{
					"name": "RightHandLocator",
					"parent": "RightHand",
					"pivot": [-1.68125, 16.17125, 0.02375]
				}
			]
		}
	]
}