{
	"format_version": "1.8.0",
	"animations": {
		"animation.unknown.new": {
			"loop": true,
			"bones": {
				"Face": {
					"position": [18, 0, 0]
				},
				"Eyelid": {
					"position": [0, 6, 0]
				},
				"EyebrowB": {
					"position": [0, -7, 0]
				},
				"Eyebrow": {
					"position": [0, 3, 0]
				},
				"mouth": {
					"position": [4, 0, 0]
				},
				"mouth2": {
					"position": [-3, 0, 0]
				},
				"cay": {
					"position": [0, 12, 0]
				},
				"astound": {
					"position": [11, 1, 0]
				},
				"mouth6": {
					"position": [0, 6, 0]
				},
				"Mouth7": {
					"position": [0, 2, 0]
				},
				"Mouth9": {
					"position": [3, 2, 0]
				},
				"mouth11": {
					"position": [0, -2, 0]
				},
				"mouth10": {
					"position": [3, 0, 0]
				}
			}
		},
		"animation6": {
			"loop": true,
			"bones": {
				"Sledgehammer": {
					"rotation": [-10.27872, 27.07873, -4.36958],
					"position": [0.54585, 0.00059, -2.79913]
				},
				"LeftHand2": {
					"position": [0, 0, -1]
				},
				"Gun": {
					"rotation": [2.5, 2.5, 0],
					"position": [1.33502, 0.0468, 1.08131]
				},
				"Head": {
					"rotation": [1.94678, 2.37383, 7.39837]
				},
				"Rightpupli": {
					"position": [0.1, 0, 0]
				},
				"LeftEyesBase": {
					"position": [0.1, 0, 0]
				},
				"Leftpupli": {
					"position": [0.1, 0, 0]
				},
				"Mouth8": {
					"position": [0, 0, 0]
				},
				"Mouth9": {
					"position": [0, 0, -1]
				},
				"Mouth7": {
					"position": [0, 0, -1],
					"scale": [1, -1, 1]
				},
				"mouth11": {
					"position": [0, 0, -1]
				},
				"LeftArm": {
					"rotation": [-16.13586, -14.83921, -17.94002]
				},
				"LeftForeArm": {
					"rotation": [-50.03121, 7.22764, 47.98531],
					"position": [-0.59308, -0.76616, 0.36725]
				},
				"LeftHand": {
					"rotation": [0, -90, 12.5]
				},
				"RightArm": {
					"rotation": [-151.65714, 46.98457, -127.34319]
				},
				"RightForeArm": {
					"rotation": [88.69953, -8.78902, -131.31078]
				},
				"RightHand": {
					"rotation": [-5.12547, -12.51417, -33.14197],
					"position": [0.05539, -0.41609, -0.19734]
				},
				"LeftLeg": {
					"rotation": [-7.38357, -28.25626, -5.59195],
					"position": [-0.15916, -0.06078, 0.30574]
				},
				"LeftLowerLeg": {
					"rotation": [15, 0, 0]
				},
				"leftfoot": {
					"rotation": [-4.98107, 0.43523, 4.98107]
				},
				"RightLeg": {
					"rotation": [-4.11955, 9.96156, 5.07673]
				},
				"RightLowerLeg": {
					"rotation": [5, 0, 0]
				},
				"rightfoot": {
					"rotation": [0, 0, -5]
				},
				"Gun3": {
					"rotation": [-0.00021, -2.38861, 4.89337]
				},
				"qiangtuo": {
					"rotation": [0, 0, -180]
				},
				"bone27": {
					"rotation": [0, 0, 87.5]
				}
			}
		},
		"animation2": {
			"loop": true,
			"bones": {
				"Sledgehammer": {
					"rotation": [-10.27872, 27.07873, -4.36958],
					"position": [0.54585, 0.00059, -2.79913]
				},
				"LeftHand2": {
					"position": [0, 0, -1]
				},
				"RootAll": {
					"rotation": [0, 0, 2.5],
					"scale": [-1, 1, 1]
				},
				"Gun": {
					"rotation": [2.5, 2.5, 0],
					"position": [1.33502, 0.0468, 1.08131]
				},
				"UpperBody": {
					"rotation": [0, 0, 2.5]
				},
				"Head": {
					"rotation": [6.94678, 2.37383, 7.39837]
				},
				"Mouth8": {
					"position": [0, 0, 0]
				},
				"Mouth9": {
					"position": [0, 0, -1]
				},
				"Mouth7": {
					"rotation": [0, 0, 170],
					"position": [0, 0, -2],
					"scale": [0.8, -0.4, 1]
				},
				"LeftArm": {
					"rotation": [17.5, -77.5, -57.5]
				},
				"LeftForeArm": {
					"rotation": [-10.86815, 6.21271, 21.90842]
				},
				"LeftHand": {
					"rotation": [-14.69985, -1.70818, 2.5701]
				},
				"RightArm": {
					"rotation": [-230.44836, 58.95507, -188.4744]
				},
				"RightForeArm": {
					"rotation": [101.57425, -0.88557, -282.25439],
					"position": [0.35925, 0.07684, -0.07523]
				},
				"RightHand": {
					"rotation": [4.08296, -12.12297, -63.86363],
					"position": [-0.01099, -0.48268, 0.21713]
				},
				"bag": {
					"rotation": [0, 0, -10],
					"position": [-0.00984, 0.05579, 0.64753]
				},
				"Rightbag": {
					"rotation": [0, -15, 0]
				},
				"bone16": {
					"rotation": [0, 5, 0]
				},
				"Body_Tail": {
					"rotation": [3.48074, 32.00182, -26.53613]
				},
				"Body_Tail3": {
					"rotation": [-11.96178, 17.08424, 18.29596]
				},
				"Body_Tail4": {
					"rotation": [-12.5, 0, 12.5]
				},
				"Body_Tail5": {
					"rotation": [0, 0, 17.5]
				},
				"LeftLeg": {
					"rotation": [124.63468, -69.46908, -113.05284],
					"position": [-0.15916, -0.06078, 0.30574]
				},
				"LeftLowerLeg": {
					"rotation": [52.5, 0, 0]
				},
				"leftfoot": {
					"rotation": [17.51893, 0.43523, 4.98107]
				},
				"RightLeg": {
					"rotation": [-6.39238, 19.03098, -6.12508],
					"position": [-0.0577, 0.81839, 0.08683]
				},
				"RightLowerLeg": {
					"rotation": [5, 0, 0]
				},
				"rightfoot": {
					"rotation": [0, 0, 7.5]
				},
				"Gun3": {
					"rotation": [-36.21112, -43.26526, -119.35396],
					"position": [-18.8487, 2.14633, -3.49694]
				},
				"bone24": {
					"rotation": [0, 0, 17.5],
					"scale": [1.1, 1, 1]
				},
				"Gun4": {
					"rotation": [224.28636, -25.78096, -137.50675],
					"position": [7.83375, -3.17627, -5.77488],
					"scale": 1.1
				},
				"qiangtuo": {
					"rotation": [0, 0, 180]
				},
				"bone27": {
					"rotation": [0, 0, 87.5]
				},
				"Gun5": {
					"rotation": [296.71096, -27.02421, 52.44706],
					"position": [-5.28433, 8.81813, -3.49092]
				},
				"BB": {
					"rotation": [181.58566, 76.23187, -158.85714],
					"position": [-16.53804, -2.60791, -5.13715]
				}
			}
		},
		"animation3": {
			"loop": true,
			"bones": {
				"Sledgehammer": {
					"rotation": [-10.27872, 27.07873, -4.36958],
					"position": [0.54585, 0.00059, -2.79913]
				},
				"LeftHand2": {
					"position": [0, 0, -1]
				},
				"RootAll": {
					"rotation": [0, 0, 0]
				},
				"Gun": {
					"rotation": [2.5, 2.5, 0],
					"position": [1.33502, 0.0468, 1.08131]
				},
				"UpperBody": {
					"rotation": [0, 0, 2.5]
				},
				"Head": {
					"rotation": [6.1007, 4.08777, -7.52781]
				},
				"Mouth8": {
					"position": [0, 0, 0]
				},
				"Mouth9": {
					"position": [0, 0, -1]
				},
				"Mouth7": {
					"rotation": [0, 0, 157.5],
					"position": [0, 0, -2],
					"scale": [0.8, -0.4, 1]
				},
				"hat": {
					"rotation": [-5, 0, 0]
				},
				"LeftArm": {
					"rotation": [17.5, -77.5, -57.5]
				},
				"LeftForeArm": {
					"rotation": [-11.5769, 20.92934, 18.9135]
				},
				"LeftHand": {
					"rotation": [-14.0012, 11.6294, 4.30124]
				},
				"RightArm": {
					"rotation": [-230.44836, 58.95507, -188.4744]
				},
				"RightForeArm": {
					"rotation": [101.63288, -5.78351, -283.26149],
					"position": [0.35925, 0.07684, -0.07523]
				},
				"RightHand": {
					"rotation": [4.08296, -12.12297, -63.86363],
					"position": [-0.01099, -0.48268, 0.21713]
				},
				"bag": {
					"rotation": [0, 0, -5],
					"position": [0.16315, -0.92527, 0.73468]
				},
				"Rightbag": {
					"rotation": [0, -15, 0]
				},
				"bone15": {
					"position": [0, 1.325, 0]
				},
				"bone16": {
					"rotation": [0, 5, 0],
					"position": [0.08716, 0.9, -0.99619]
				},
				"Body_Tail": {
					"rotation": [3.48074, 32.00182, -26.53613]
				},
				"Body_Tail3": {
					"rotation": [-11.96178, 17.08424, 18.29596]
				},
				"Body_Tail4": {
					"rotation": [-12.5, 0, 12.5]
				},
				"Body_Tail5": {
					"rotation": [0, 0, 17.5]
				},
				"LeftLeg": {
					"position": [-0.15916, -0.06078, 0.30574]
				},
				"LeftLowerLeg": {
					"rotation": [52.5, 0, 0]
				},
				"leftfoot": {
					"rotation": [17.51893, 0.43523, 4.98107]
				},
				"RightLeg": {
					"rotation": [-5.52826, 19.29063, -3.49275],
					"position": [-0.0577, 0.81839, 0.08683]
				},
				"RightLowerLeg": {
					"rotation": [5, 0, 0]
				},
				"rightfoot": {
					"rotation": [0, 0, 5]
				},
				"Gun3": {
					"rotation": [-57.25065, 6.23279, -152.18987],
					"position": [-14.41054, 6.18123, -2.06532],
					"scale": 1.1
				},
				"bone24": {
					"rotation": [0, 0, 17.5],
					"scale": [1.1, 1, 1]
				},
				"Gun4": {
					"rotation": [226.0197, -20.45913, -143.07007],
					"position": [7.83375, -3.17627, -5.77488],
					"scale": 1.1
				},
				"qiangtuo": {
					"rotation": [0, 0, 180]
				},
				"bone27": {
					"rotation": [0, 0, 87.5]
				},
				"Gun5": {
					"rotation": [296.71096, -27.02421, 52.44706],
					"position": [-5.28433, 8.81813, -3.49092]
				},
				"BB": {
					"rotation": [181.58566, 76.23187, -158.85714],
					"position": [-16.53804, -2.60791, -5.13715]
				}
			}
		},
		"animation4": {
			"loop": true,
			"bones": {
				"Sledgehammer": {
					"rotation": [-10.27872, 27.07873, -4.36958],
					"position": [0.54585, 0.00059, -2.79913]
				},
				"LeftHand2": {
					"position": [0, 0, -1]
				},
				"RootAll": {
					"rotation": [0, 0, 0]
				},
				"Root_car": {
					"rotation": [0, 50, 0],
					"position": [9.80859, 4, 113.64124],
					"scale": 1.4
				},
				"Wheel_Left1": {
					"rotation": [0, 17.5, 0]
				},
				"Wheel_Left2": {
					"rotation": [0, 7.5, 0]
				},
				"Wheel_Right1": {
					"rotation": [0, 12.5, 0]
				},
				"Wheel_Right2": {
					"rotation": [0, 7.5, 0]
				},
				"Turret": {
					"rotation": [0, -72.5, 0]
				},
				"Gun": {
					"rotation": [2.5, 2.5, 0],
					"position": [1.33502, 0.0468, 1.08131]
				},
				"RightMissileDoor1": {
					"rotation": [130, 0, 0]
				},
				"RightDaoDanB": {
					"position": [0, -43, 0]
				},
				"UpperBody": {
					"rotation": [0, 0, 2.5]
				},
				"Head": {
					"rotation": [11.1007, 4.08777, -7.52781]
				},
				"Rightpupli": {
					"position": [-0.075, 0, 0]
				},
				"LeftEyesBase": {
					"position": [0.1, 0, 0]
				},
				"Leftpupli": {
					"position": [-0.05, 0, 0]
				},
				"Mouth8": {
					"position": [0, 0, 0]
				},
				"Mouth9": {
					"position": [0, 0, -1]
				},
				"Mouth7": {
					"rotation": [0, 0, 157.5],
					"position": [0, 0, -2],
					"scale": [0.8, -0.4, 1]
				},
				"hat": {
					"rotation": [-5, 0, 0]
				},
				"LeftArm": {
					"rotation": [-73.7031, -42.64148, 39.1957]
				},
				"LeftForeArm": {
					"rotation": [9.13131, 21.05357, 21.58794]
				},
				"LeftHand": {
					"rotation": [-14.0012, 11.6294, 4.30124]
				},
				"RightArm": {
					"rotation": [-196.82246, 78.14015, -170.39285]
				},
				"RightForeArm": {
					"rotation": [49.63185, -15.85122, -150.35593],
					"position": [0.35925, 0.07684, -0.07523]
				},
				"RightHand": {
					"rotation": [0, 0, -2.5]
				},
				"bag": {
					"rotation": [0, 0, -5],
					"position": [0.16315, -0.92527, 0.73468]
				},
				"Rightbag": {
					"rotation": [0, -15, 0]
				},
				"bone15": {
					"position": [0, 1.325, 0]
				},
				"bone16": {
					"rotation": [0, 5, 0],
					"position": [0.08716, 0.9, -0.99619]
				},
				"Body_Tail": {
					"rotation": [16.04835, -19.03771, -6.24605]
				},
				"Body_Tail3": {
					"rotation": [-11.96178, 17.08424, 18.29596]
				},
				"Body_Tail4": {
					"rotation": [-12.5, 0, 12.5]
				},
				"Body_Tail5": {
					"rotation": [0, 0, 17.5]
				},
				"LeftLeg": {
					"rotation": [2.5, 0, 0],
					"position": [-0.15916, -0.06078, 0.30574]
				},
				"LeftLowerLeg": {
					"rotation": [52.5, 0, 0]
				},
				"leftfoot": {
					"rotation": [17.51893, 0.43523, 4.98107]
				},
				"RightLeg": {
					"rotation": [-12.02493, -3.72996, -3.4337],
					"position": [-0.0577, 0.81839, 0.08683]
				},
				"RightLowerLeg": {
					"rotation": [5, 0, 0]
				},
				"rightfoot": {
					"rotation": [5, 0, 5]
				},
				"Gun3": {
					"rotation": [-15, 0, 0],
					"scale": 1.1
				},
				"bone24": {
					"rotation": [0, 0, 17.5],
					"scale": [1.1, 1, 1]
				},
				"Gun4": {
					"rotation": [161.29726, -78.64519, -30.10603],
					"position": [13.04597, -4.39951, -6.02367],
					"scale": 1.1
				},
				"qiangtuo": {
					"rotation": [0, 0, 180]
				},
				"bone27": {
					"rotation": [0, 0, 87.5]
				},
				"Gun5": {
					"rotation": [178.27521, 64.28642, -57.20128],
					"position": [2.81909, 16.12997, -4.89748]
				},
				"BB": {
					"rotation": [181.58566, 76.23187, -158.85714],
					"position": [-16.53804, -2.60791, -5.13715]
				},
				"mouth": {
					"position": [0, 0, 1]
				},
				"qiangtuo2": {
					"rotation": [0, 180, 0]
				}
			}
		},
		"animation5": {
			"loop": true,
			"bones": {
				"Sledgehammer": {
					"rotation": [-10.27872, 27.07873, -4.36958],
					"position": [0.54585, 0.00059, -2.79913]
				},
				"LeftHand2": {
					"position": [0, 0, -1]
				},
				"RootAll": {
					"rotation": [0, 0, 0]
				},
				"Root_car": {
					"rotation": [0, 50, 0],
					"position": [9.80859, 4, 113.64124],
					"scale": 1.4
				},
				"Wheel_Left1": {
					"rotation": [0, 17.5, 0]
				},
				"Wheel_Left2": {
					"rotation": [0, 7.5, 0]
				},
				"Wheel_Right1": {
					"rotation": [0, 12.5, 0]
				},
				"Wheel_Right2": {
					"rotation": [0, 7.5, 0]
				},
				"Turret": {
					"rotation": [0, -72.5, 0]
				},
				"Gun": {
					"rotation": [2.5, 2.5, 0],
					"position": [1.33502, 0.0468, 1.08131]
				},
				"RightMissileDoor1": {
					"rotation": [130, 0, 0]
				},
				"RightDaoDanB": {
					"position": [0, -43, 0]
				},
				"UpperBody": {
					"rotation": [0, 0, 2.5]
				},
				"Head": {
					"rotation": [8.68934, -20.88958, -6.58943]
				},
				"Rightpupli": {
					"position": [0.11138, -0.00335, -0.07247]
				},
				"LeftEyesBase": {
					"position": [0.28638, -0.00335, -0.07247],
					"scale": [1, 0.8, 1]
				},
				"Leftpupli": {
					"position": [0.13638, -0.00335, -0.07247]
				},
				"Mouth8": {
					"position": [0, 0, 0]
				},
				"Mouth9": {
					"position": [0, 0, -1]
				},
				"Mouth7": {
					"rotation": [0, 0, 157.5],
					"position": [0, 0, -2],
					"scale": [0.8, -0.4, 1]
				},
				"hat": {
					"rotation": [-5, 0, 0]
				},
				"LeftArm": {
					"rotation": [-57.19371, -0.15472, 32.69508]
				},
				"LeftForeArm": {
					"rotation": [-11.5769, 20.92934, 18.9135]
				},
				"LeftHand": {
					"rotation": [-14.0012, 11.6294, 4.30124]
				},
				"RightArm": {
					"rotation": [-196.82246, 78.14015, -170.39285]
				},
				"RightForeArm": {
					"rotation": [29.27265, -34.79159, -138.02051],
					"position": [0.2974, -0.33476, 0.35693]
				},
				"RightHand": {
					"rotation": [-0.812, 0.73433, -9.92498]
				},
				"bag": {
					"rotation": [0.00474, 2.49048, -4.78197],
					"position": [0.16315, -0.92527, 0.73468]
				},
				"Rightbag": {
					"rotation": [0, -15, 0]
				},
				"bone15": {
					"position": [0, 1.325, 0]
				},
				"bone16": {
					"rotation": [0, 5, 0],
					"position": [0.08716, 0.9, -0.99619]
				},
				"Body_Tail": {
					"rotation": [17.86092, -28.1457, -10.75876]
				},
				"Body_Tail3": {
					"rotation": [-11.96178, 17.08424, 18.29596]
				},
				"Body_Tail4": {
					"rotation": [-12.5, 0, 12.5]
				},
				"Body_Tail5": {
					"rotation": [0, 0, 17.5]
				},
				"LeftLeg": {
					"rotation": [2.5, 0, 0],
					"position": [-0.15916, -0.06078, 0.30574]
				},
				"LeftLowerLeg": {
					"rotation": [52.5, 0, 0],
					"position": [0, 0.85, 0]
				},
				"leftfoot": {
					"rotation": [17.51893, 0.43523, 4.98107]
				},
				"RightLeg": {
					"rotation": [-12.17309, -3.20588, -0.98476],
					"position": [-0.0577, 0.81839, 0.08683]
				},
				"RightLowerLeg": {
					"rotation": [5, 0, 0]
				},
				"rightfoot": {
					"rotation": [5, 0, 5]
				},
				"Gun3": {
					"rotation": [-15, 0, 0],
					"scale": 1.1
				},
				"bone24": {
					"rotation": [0, 0, 17.5],
					"scale": [1.1, 1, 1]
				},
				"Gun4": {
					"rotation": [270, -95, -233.04839],
					"position": [17.57166, -0.89044, -7.35871],
					"scale": 1.1
				},
				"qiangtuo": {
					"rotation": [0, 0, 180]
				},
				"bone27": {
					"rotation": [0, 0, 87.5]
				},
				"Gun5": {
					"rotation": [178.27521, 64.28642, -57.20128],
					"position": [2.81909, 16.12997, -4.89748]
				},
				"BB": {
					"rotation": [181.58566, 76.23187, -158.85714],
					"position": [-16.53804, -2.60791, -5.13715]
				},
				"mouth": {
					"position": [0, 0, 1]
				},
				"RightEyesBase": {
					"scale": [1, 0.8, 1]
				}
			}
		}
	}
}