{
	"format_version": "1.8.0",
	"animations": {
		"嘴巴": {
			"loop": true,
			"bones": {
				"mouth11": {
					"position": [0, 0, -1]
				}
			}
		},
		"嘴巴2": {
			"loop": true,
			"bones": {
				"mouth10": {
					"position": [0, 0, -1]
				}
			}
		},
		"笑2": {
			"loop": true,
			"bones": {
				"Mouth9": {
					"position": [0, 0, -2]
				}
			}
		},
		"笑": {
			"loop": true,
			"bones": {
				"RightEyelidBase": {
					"position": [0.1, 0, 0]
				},
				"LeftEyelidBase": {
					"position": [0.1, 0, 0]
				},
				"Mouth18": {
					"position": [0, 0, -1]
				},
				"RightEyesBase": {
					"position": [0.1, 0, 0]
				},
				"Rightpupli": {
					"position": [0.07422, 0, 0]
				},
				"LeftEyesBase": {
					"position": [0.1, 0, 0]
				},
				"Leftpupli": {
					"position": [0.06641, 0, 0]
				},
				"Eyebrow": {
					"position": [0, -0.2, 0]
				},
				"RightEyebrow": {
					"rotation": [0, 0, -5]
				},
				"LeftEyebrow": {
					"rotation": [0, 0, 5]
				},
				"RightArm": {
					"rotation": [-60, 0, 0]
				},
				"RightForeArm": {
					"rotation": [-132.58565, -20.64397, 41.05015]
				},
				"Mouth7": {
					"position": [0, 0, -2]
				},
				"bone25": {
					"rotation": [0, 0, -87.5]
				}
			}
		},
		"惊讶": {
			"loop": true,
			"bones": {
				"RightEyelidBase": {
					"position": [0, 0.4, 0],
					"scale": [0.54, 0.26, 1]
				},
				"LeftEyelidBase": {
					"position": [0, 0.33594, 0],
					"scale": [0.51969, 0.26844, 1]
				},
				"Head": {
					"rotation": [-7.5, 0, 0]
				},
				"Eyelid": {
					"scale": [1, 1.22, 1]
				},
				"RightEyesBase": {
					"position": [0, 0.1, 0],
					"scale": [0.54, 0.26, 1]
				},
				"LeftEyesBase": {
					"position": [0, 0.13594, 0],
					"scale": [0.51969, 0.26844, 1]
				},
				"Eyebrow": {
					"position": [0, 0.3, 0]
				},
				"Mouth8": {
					"position": [0, 0, -1]
				},
				"bone34": {
					"position": [0, 0, -1],
					"scale": [1, 1.16, 1]
				}
			}
		},
		"动作6": {
			"loop": true,
			"bones": {
				"shenti": {
					"rotation": [22.5, 0, 0]
				},
				"MHead": {
					"rotation": [-15.12076, -12.45167, 1.10693]
				},
				"LeftEyelidBase": {
					"position": [0.1, 0, 0],
					"scale": [1, 0.9, 1]
				},
				"RightEyelidBase": {
					"position": [0.1, -0.1, 0],
					"scale": [1, 0.85, 1]
				},
				"mouth26": {
					"rotation": [0, 0, 195]
				},
				"RightFootB": {
					"rotation": [22.5, 0, 0]
				},
				"LeftLegD": {
					"rotation": [2.5, 0, 0]
				},
				"bone52": {
					"rotation": [-105, 0, 0]
				},
				"Head": {
					"rotation": [-1.6575, -12.39135, 7.67995]
				},
				"Eyebrow": {
					"position": [0, -0.2, 0]
				},
				"DownBody": {
					"rotation": [-25, 0, 0]
				},
				"Leg": {
					"rotation": [-140, 0, 0],
					"position": [0, 0, -0.6]
				},
				"LeftLowerLeg": {
					"rotation": [127.5, 0, 0]
				},
				"leftfoot": {
					"rotation": [23.97594, -7.30111, 15.9477]
				},
				"RightLeg": {
					"rotation": [17.5, 0, 0]
				},
				"RightLowerLeg": {
					"rotation": [130.21516, -6.1381, -4.31714]
				},
				"rightfoot": {
					"rotation": [22.8719, -2.68598, -6.53861]
				},
				"bag": {
					"rotation": [7.5, 0, 0],
					"position": [0, 0.23821, 1.80939]
				},
				"clothes2": {
					"rotation": [-97.5, 0, 0]
				},
				"Body_Tail": {
					"rotation": [61.33069, 37.75546, 57.68777]
				},
				"Rightpupli": {
					"position": [0.2, -0.3, -0.1]
				},
				"LeftEyesBase": {
					"position": [0.2, 0, 0]
				},
				"Leftpupli": {
					"position": [0.1, -0.3, -0.1]
				},
				"mouth": {
					"position": [0, 0, 1]
				},
				"mouth11": {
					"position": [0, 0, -1]
				},
				"mouth10": {
					"position": [0, 0, 0]
				},
				"mouth6": {
					"position": [0, 2, 0]
				},
				"RightArm": {
					"rotation": [14.13278, 16.82277, 69.68353]
				},
				"RightForeArm": {
					"rotation": [-106.79372, -2.0706, -17.66269]
				},
				"RightHand": {
					"rotation": [-11.56255, -4.52955, -24.60706]
				},
				"LeftLeg": {
					"rotation": [7.56397, 7.43547, 0.98448]
				}
			}
		}
	}
}