{
	"format_version": "1.12.0",
	"minecraft:geometry": [
		{
			"description": {
				"identifier": "geometry.unknown",
				"texture_width": 64,
				"texture_height": 64,
				"visible_bounds_width": 4,
				"visible_bounds_height": 1.5,
				"visible_bounds_offset": [0, 0.25, 0]
			},
			"bones": [
				{
					"name": "bow",
					"pivot": [4.55138, 0.41102, -0.0413],
					"rotation": [0, -90, 0],
					"cubes": [
						{
							"origin": [4.35138, -0.28898, -4.6413],
							"size": [0.4, 1.5, 12],
							"uv": {
								"north": {"uv": [415, 42], "uv_size": [2, 3]},
								"east": {"uv": [405, 8], "uv_size": [24, 3]},
								"south": {"uv": [439, 24], "uv_size": [2, 3]},
								"west": {"uv": [405, 12], "uv_size": [24, 3]},
								"up": {"uv": [405, 16], "uv_size": [2, 24]},
								"down": {"uv": [407, 40], "uv_size": [2, -24]}
							}
						},
						{
							"origin": [4.15138, -0.49688, -15.43549],
							"size": [0.8, 1.3, 4.8],
							"pivot": [4.55138, -0.00943, -12.58047],
							"rotation": [4, 0, 0],
							"uv": {
								"north": {"uv": [439, 32], "uv_size": [2, 3]},
								"east": {"uv": [425, 20], "uv_size": [10, 3]},
								"south": {"uv": [439, 36], "uv_size": [2, 3]},
								"west": {"uv": [421, 28], "uv_size": [10, 3]},
								"up": {"uv": [435, 20], "uv_size": [2, 10]},
								"down": {"uv": [405, 50], "uv_size": [2, -10]}
							}
						},
						{
							"origin": [4.15138, -0.42962, -10.67201],
							"size": [0.8, 1.3, 5.6],
							"pivot": [4.55138, -0.00943, -12.58047],
							"rotation": [2, 0, 0],
							"uv": {
								"north": {"uv": [439, 40], "uv_size": [2, 3]},
								"east": {"uv": [417, 24], "uv_size": [11, 3]},
								"south": {"uv": [441, 10], "uv_size": [2, 3]},
								"west": {"uv": [425, 16], "uv_size": [11, 3]},
								"up": {"uv": [421, 32], "uv_size": [2, 11]},
								"down": {"uv": [423, 43], "uv_size": [2, -11]}
							}
						},
						{
							"origin": [3.85138, -1.69688, -16.83549],
							"size": [1.4, 3.7, 0.4],
							"pivot": [4.55138, -0.00943, -12.58047],
							"rotation": [4, 0, 0],
							"uv": {
								"north": {"uv": [409, 34], "uv_size": [3, 7]},
								"east": {"uv": [439, 10], "uv_size": [1, 7]},
								"south": {"uv": [413, 34], "uv_size": [3, 7]},
								"west": {"uv": [409, 42], "uv_size": [1, 7]},
								"up": {"uv": [445, 48], "uv_size": [3, 1]},
								"down": {"uv": [405, 51], "uv_size": [3, -1]}
							}
						},
						{
							"origin": [3.25138, -3.59688, -16.23549],
							"size": [1.4, 3.7, 0.4],
							"pivot": [3.95138, -1.90943, -11.98047],
							"rotation": [3.19642, -2.40601, 36.93286],
							"uv": {
								"north": {"uv": [425, 32], "uv_size": [3, 7]},
								"east": {"uv": [435, 40], "uv_size": [1, 7]},
								"south": {"uv": [429, 32], "uv_size": [3, 7]},
								"west": {"uv": [437, 40], "uv_size": [1, 7]},
								"up": {"uv": [445, 44], "uv_size": [3, 1]},
								"down": {"uv": [445, 47], "uv_size": [3, -1]}
							}
						},
						{
							"origin": [5.49163, 0.73082, -18.63549],
							"size": [0.4, 0.4, 2.8],
							"pivot": [4.55138, -0.20943, -12.58047],
							"rotation": [2.83073, 2.82728, -44.93013],
							"uv": {
								"north": {"uv": [447, 32], "uv_size": [1, 1]},
								"east": {"uv": [437, 28], "uv_size": [6, 1]},
								"south": {"uv": [431, 50], "uv_size": [1, 1]},
								"west": {"uv": [439, 18], "uv_size": [6, 1]},
								"up": {"uv": [417, 44], "uv_size": [1, 6]},
								"down": {"uv": [419, 50], "uv_size": [1, -6]}
							}
						},
						{
							"origin": [3.44102, -0.91979, -18.63549],
							"size": [0.4, 0.4, 2.8],
							"pivot": [4.55138, 0.19057, -12.58047],
							"rotation": [2.83073, 2.82728, -44.93013],
							"uv": {
								"north": {"uv": [447, 34], "uv_size": [1, 1]},
								"east": {"uv": [441, 14], "uv_size": [6, 1]},
								"south": {"uv": [433, 50], "uv_size": [1, 1]},
								"west": {"uv": [441, 16], "uv_size": [6, 1]},
								"up": {"uv": [421, 44], "uv_size": [1, 6]},
								"down": {"uv": [423, 50], "uv_size": [1, -6]}
							}
						},
						{
							"origin": [3.85138, -1.69688, -15.83549],
							"size": [1.4, 3.7, 0.4],
							"pivot": [4.55138, -0.00943, -12.58047],
							"rotation": [4, 0, 0],
							"uv": {
								"north": {"uv": [431, 24], "uv_size": [3, 7]},
								"east": {"uv": [411, 42], "uv_size": [1, 7]},
								"south": {"uv": [433, 32], "uv_size": [3, 7]},
								"west": {"uv": [413, 42], "uv_size": [1, 7]},
								"up": {"uv": [447, 8], "uv_size": [3, 1]},
								"down": {"uv": [447, 11], "uv_size": [3, -1]}
							}
						},
						{
							"origin": [4.35138, -0.39022, 7.2905],
							"size": [0.4, 1.5, 7.9],
							"pivot": [4.55138, 0.50978, 8.2905],
							"rotation": [-6, 0, 0],
							"uv": {
								"north": {"uv": [441, 24], "uv_size": [2, 3]},
								"east": {"uv": [409, 16], "uv_size": [16, 3]},
								"south": {"uv": [441, 32], "uv_size": [2, 3]},
								"west": {"uv": [409, 20], "uv_size": [16, 3]},
								"up": {"uv": [417, 28], "uv_size": [2, 16]},
								"down": {"uv": [419, 44], "uv_size": [2, -16]}
							}
						},
						{
							"origin": [4.35138, -1.29454, 15.08256],
							"size": [0.4, 1.5, 3.8],
							"pivot": [4.55138, -0.39454, 16.08256],
							"rotation": [-11, 0, 0],
							"uv": {
								"north": {"uv": [441, 36], "uv_size": [2, 3]},
								"east": {"uv": [429, 8], "uv_size": [8, 3]},
								"south": {"uv": [441, 40], "uv_size": [2, 3]},
								"west": {"uv": [429, 12], "uv_size": [8, 3]},
								"up": {"uv": [429, 40], "uv_size": [2, 8]},
								"down": {"uv": [437, 40], "uv_size": [2, -8]}
							}
						},
						{
							"origin": [4.35138, -2.01778, 18.79367],
							"size": [0.4, 0.5, 2.1],
							"pivot": [4.55138, -1.21778, 19.79367],
							"rotation": [-11, 0, 0],
							"uv": {
								"north": {"uv": [447, 14], "uv_size": [2, 1]},
								"east": {"uv": [443, 10], "uv_size": [4, 1]},
								"south": {"uv": [413, 50], "uv_size": [2, 1]},
								"west": {"uv": [443, 12], "uv_size": [4, 1]},
								"up": {"uv": [429, 24], "uv_size": [2, 4]},
								"down": {"uv": [437, 28], "uv_size": [2, -4]}
							}
						},
						{
							"origin": [4.35138, -1.03431, 18.9654],
							"size": [0.4, 0.5, 1],
							"pivot": [4.55138, -0.33431, 19.9654],
							"rotation": [-11, 0, 0],
							"uv": {
								"north": {"uv": [447, 16], "uv_size": [2, 1]},
								"east": {"uv": [447, 18], "uv_size": [2, 1]},
								"south": {"uv": [417, 50], "uv_size": [2, 1]},
								"west": {"uv": [447, 20], "uv_size": [2, 1]},
								"up": {"uv": [445, 18], "uv_size": [2, 2]},
								"down": {"uv": [445, 38], "uv_size": [2, -2]}
							}
						},
						{
							"origin": [4.35138, -1.5288, 18.90815],
							"size": [0.4, 0.5, 1.6],
							"pivot": [4.55138, -0.6288, 19.90815],
							"rotation": [-11, 0, 0],
							"uv": {
								"north": {"uv": [419, 50], "uv_size": [2, 1]},
								"east": {"uv": [409, 50], "uv_size": [3, 1]},
								"south": {"uv": [447, 22], "uv_size": [2, 1]},
								"west": {"uv": [447, 12], "uv_size": [3, 1]},
								"up": {"uv": [439, 44], "uv_size": [2, 3]},
								"down": {"uv": [441, 47], "uv_size": [2, -3]}
							}
						},
						{
							"origin": [3.45138, -1.88898, -5.1413],
							"size": [2.2, 4.7, 0.5],
							"uv": {
								"north": {"uv": [409, 24], "uv_size": [4, 9]},
								"east": {"uv": [431, 40], "uv_size": [1, 9]},
								"south": {"uv": [413, 24], "uv_size": [4, 9]},
								"west": {"uv": [433, 40], "uv_size": [1, 9]},
								"up": {"uv": [435, 48], "uv_size": [4, 1]},
								"down": {"uv": [445, 39], "uv_size": [4, -1]}
							}
						},
						{
							"origin": [3.95138, 2.81102, -5.1413],
							"size": [1.2, 0.5, 0.5],
							"uv": {
								"north": {"uv": [421, 50], "uv_size": [2, 1]},
								"east": {"uv": [447, 36], "uv_size": [1, 1]},
								"south": {"uv": [447, 24], "uv_size": [2, 1]},
								"west": {"uv": [435, 50], "uv_size": [1, 1]},
								"up": {"uv": [423, 50], "uv_size": [2, 1]},
								"down": {"uv": [447, 27], "uv_size": [2, -1]}
							}
						},
						{
							"origin": [2.95138, -0.98898, -5.1413],
							"size": [0.5, 3, 0.5],
							"uv": {
								"north": {"uv": [415, 46], "uv_size": [1, 6]},
								"east": {"uv": [443, 24], "uv_size": [1, 6]},
								"south": {"uv": [443, 32], "uv_size": [1, 6]},
								"west": {"uv": [443, 38], "uv_size": [1, 6]},
								"up": {"uv": [437, 50], "uv_size": [1, 1]},
								"down": {"uv": [447, 41], "uv_size": [1, -1]}
							}
						},
						{
							"origin": [5.65138, -0.98898, -5.1413],
							"size": [0.5, 3, 0.5],
							"uv": {
								"north": {"uv": [443, 44], "uv_size": [1, 6]},
								"east": {"uv": [445, 24], "uv_size": [1, 6]},
								"south": {"uv": [445, 30], "uv_size": [1, 6]},
								"west": {"uv": [429, 48], "uv_size": [1, 6]},
								"up": {"uv": [439, 50], "uv_size": [1, 1]},
								"down": {"uv": [447, 43], "uv_size": [1, -1]}
							}
						},
						{
							"origin": [3.95138, -2.38898, -5.1413],
							"size": [1.2, 0.5, 0.5],
							"uv": {
								"north": {"uv": [425, 50], "uv_size": [2, 1]},
								"east": {"uv": [441, 50], "uv_size": [1, 1]},
								"south": {"uv": [447, 28], "uv_size": [2, 1]},
								"west": {"uv": [443, 50], "uv_size": [1, 1]},
								"up": {"uv": [427, 50], "uv_size": [2, 1]},
								"down": {"uv": [447, 31], "uv_size": [2, -1]}
							}
						},
						{
							"origin": [4.15138, 1.71102, -7.0413],
							"size": [0.8, 0.8, 5.1],
							"pivot": [4.55138, 2.11102, -4.4913],
							"rotation": [0, 0, 45],
							"uv": {
								"north": {"uv": [445, 40], "uv_size": [2, 2]},
								"east": {"uv": [435, 30], "uv_size": [10, 2]},
								"south": {"uv": [439, 48], "uv_size": [2, 2]},
								"west": {"uv": [437, 8], "uv_size": [10, 2]},
								"up": {"uv": [407, 40], "uv_size": [2, 10]},
								"down": {"uv": [437, 20], "uv_size": [2, -10]}
							}
						},
						{
							"origin": [4.15138, -1.58898, -7.0413],
							"size": [0.8, 0.8, 5.1],
							"pivot": [4.55138, -1.18898, -4.4913],
							"rotation": [0, 0, 45],
							"uv": {
								"north": {"uv": [445, 42], "uv_size": [2, 2]},
								"east": {"uv": [437, 20], "uv_size": [10, 2]},
								"south": {"uv": [441, 48], "uv_size": [2, 2]},
								"west": {"uv": [437, 22], "uv_size": [10, 2]},
								"up": {"uv": [425, 40], "uv_size": [2, 10]},
								"down": {"uv": [427, 50], "uv_size": [2, -10]}
							}
						}
					]
				},
				{
					"name": "crossbow",
					"pivot": [13.24862, -0.08898, -0.0413],
					"rotation": [0, 90, 180],
					"cubes": [
						{
							"origin": [13.04862, -0.78898, 4.3587],
							"size": [0.4, 1.5, 12],
							"uv": {
								"north": {"uv": [415, 42], "uv_size": [2, 3]},
								"east": {"uv": [405, 8], "uv_size": [24, 3]},
								"south": {"uv": [439, 24], "uv_size": [2, 3]},
								"west": {"uv": [405, 12], "uv_size": [24, 3]},
								"up": {"uv": [405, 16], "uv_size": [2, 24]},
								"down": {"uv": [407, 40], "uv_size": [2, -24]}
							}
						},
						{
							"origin": [12.84862, -0.99688, -6.43549],
							"size": [0.8, 1.3, 4.8],
							"pivot": [13.24862, -0.50943, -3.58047],
							"rotation": [4, 0, 0],
							"uv": {
								"north": {"uv": [439, 32], "uv_size": [2, 3]},
								"east": {"uv": [425, 20], "uv_size": [10, 3]},
								"south": {"uv": [439, 36], "uv_size": [2, 3]},
								"west": {"uv": [421, 28], "uv_size": [10, 3]},
								"up": {"uv": [435, 20], "uv_size": [2, 10]},
								"down": {"uv": [405, 50], "uv_size": [2, -10]}
							}
						},
						{
							"origin": [12.84862, -0.92962, -1.67201],
							"size": [0.8, 1.3, 5.6],
							"pivot": [13.24862, -0.50943, -3.58047],
							"rotation": [2, 0, 0],
							"uv": {
								"north": {"uv": [439, 40], "uv_size": [2, 3]},
								"east": {"uv": [417, 24], "uv_size": [11, 3]},
								"south": {"uv": [441, 10], "uv_size": [2, 3]},
								"west": {"uv": [425, 16], "uv_size": [11, 3]},
								"up": {"uv": [421, 32], "uv_size": [2, 11]},
								"down": {"uv": [423, 43], "uv_size": [2, -11]}
							}
						},
						{
							"origin": [12.54862, -2.19688, -7.83549],
							"size": [1.4, 3.7, 0.4],
							"pivot": [13.24862, -0.50943, -3.58047],
							"rotation": [4, 0, 0],
							"uv": {
								"north": {"uv": [409, 34], "uv_size": [3, 7]},
								"east": {"uv": [439, 10], "uv_size": [1, 7]},
								"south": {"uv": [413, 34], "uv_size": [3, 7]},
								"west": {"uv": [409, 42], "uv_size": [1, 7]},
								"up": {"uv": [445, 48], "uv_size": [3, 1]},
								"down": {"uv": [405, 51], "uv_size": [3, -1]}
							}
						},
						{
							"origin": [11.94862, -4.09688, -7.23549],
							"size": [1.4, 3.7, 0.4],
							"pivot": [12.64862, -2.40943, -2.98047],
							"rotation": [3.19642, -2.40601, 36.93286],
							"uv": {
								"north": {"uv": [425, 32], "uv_size": [3, 7]},
								"east": {"uv": [435, 40], "uv_size": [1, 7]},
								"south": {"uv": [429, 32], "uv_size": [3, 7]},
								"west": {"uv": [437, 40], "uv_size": [1, 7]},
								"up": {"uv": [445, 44], "uv_size": [3, 1]},
								"down": {"uv": [445, 47], "uv_size": [3, -1]}
							}
						},
						{
							"origin": [14.18887, 0.23082, -9.63549],
							"size": [0.4, 0.4, 2.8],
							"pivot": [13.24862, -0.70943, -3.58047],
							"rotation": [2.83073, 2.82728, -44.93013],
							"uv": {
								"north": {"uv": [447, 32], "uv_size": [1, 1]},
								"east": {"uv": [437, 28], "uv_size": [6, 1]},
								"south": {"uv": [431, 50], "uv_size": [1, 1]},
								"west": {"uv": [439, 18], "uv_size": [6, 1]},
								"up": {"uv": [417, 44], "uv_size": [1, 6]},
								"down": {"uv": [419, 50], "uv_size": [1, -6]}
							}
						},
						{
							"origin": [12.13826, -1.41979, -9.63549],
							"size": [0.4, 0.4, 2.8],
							"pivot": [13.24862, -0.30943, -3.58047],
							"rotation": [2.83073, 2.82728, -44.93013],
							"uv": {
								"north": {"uv": [447, 34], "uv_size": [1, 1]},
								"east": {"uv": [441, 14], "uv_size": [6, 1]},
								"south": {"uv": [433, 50], "uv_size": [1, 1]},
								"west": {"uv": [441, 16], "uv_size": [6, 1]},
								"up": {"uv": [421, 44], "uv_size": [1, 6]},
								"down": {"uv": [423, 50], "uv_size": [1, -6]}
							}
						},
						{
							"origin": [12.54862, -2.19688, -6.83549],
							"size": [1.4, 3.7, 0.4],
							"pivot": [13.24862, -0.50943, -3.58047],
							"rotation": [4, 0, 0],
							"uv": {
								"north": {"uv": [431, 24], "uv_size": [3, 7]},
								"east": {"uv": [411, 42], "uv_size": [1, 7]},
								"south": {"uv": [433, 32], "uv_size": [3, 7]},
								"west": {"uv": [413, 42], "uv_size": [1, 7]},
								"up": {"uv": [447, 8], "uv_size": [3, 1]},
								"down": {"uv": [447, 11], "uv_size": [3, -1]}
							}
						},
						{
							"origin": [13.04862, -0.89022, 16.2905],
							"size": [0.4, 1.5, 7.9],
							"pivot": [13.24862, 0.00978, 17.2905],
							"rotation": [-6, 0, 0],
							"uv": {
								"north": {"uv": [441, 24], "uv_size": [2, 3]},
								"east": {"uv": [409, 16], "uv_size": [16, 3]},
								"south": {"uv": [441, 32], "uv_size": [2, 3]},
								"west": {"uv": [409, 20], "uv_size": [16, 3]},
								"up": {"uv": [417, 28], "uv_size": [2, 16]},
								"down": {"uv": [419, 44], "uv_size": [2, -16]}
							}
						},
						{
							"origin": [13.04862, -1.79454, 24.08256],
							"size": [0.4, 1.5, 3.8],
							"pivot": [13.24862, -0.89454, 25.08256],
							"rotation": [-11, 0, 0],
							"uv": {
								"north": {"uv": [441, 36], "uv_size": [2, 3]},
								"east": {"uv": [429, 8], "uv_size": [8, 3]},
								"south": {"uv": [441, 40], "uv_size": [2, 3]},
								"west": {"uv": [429, 12], "uv_size": [8, 3]},
								"up": {"uv": [429, 40], "uv_size": [2, 8]},
								"down": {"uv": [437, 40], "uv_size": [2, -8]}
							}
						},
						{
							"origin": [13.04862, -2.51778, 27.79367],
							"size": [0.4, 0.5, 2.1],
							"pivot": [13.24862, -1.71778, 28.79367],
							"rotation": [-11, 0, 0],
							"uv": {
								"north": {"uv": [447, 14], "uv_size": [2, 1]},
								"east": {"uv": [443, 10], "uv_size": [4, 1]},
								"south": {"uv": [413, 50], "uv_size": [2, 1]},
								"west": {"uv": [443, 12], "uv_size": [4, 1]},
								"up": {"uv": [429, 24], "uv_size": [2, 4]},
								"down": {"uv": [437, 28], "uv_size": [2, -4]}
							}
						},
						{
							"origin": [13.04862, -1.53431, 27.9654],
							"size": [0.4, 0.5, 1],
							"pivot": [13.24862, -0.83431, 28.9654],
							"rotation": [-11, 0, 0],
							"uv": {
								"north": {"uv": [447, 16], "uv_size": [2, 1]},
								"east": {"uv": [447, 18], "uv_size": [2, 1]},
								"south": {"uv": [417, 50], "uv_size": [2, 1]},
								"west": {"uv": [447, 20], "uv_size": [2, 1]},
								"up": {"uv": [445, 18], "uv_size": [2, 2]},
								"down": {"uv": [445, 38], "uv_size": [2, -2]}
							}
						},
						{
							"origin": [13.04862, -2.0288, 27.90815],
							"size": [0.4, 0.5, 1.6],
							"pivot": [13.24862, -1.1288, 28.90815],
							"rotation": [-11, 0, 0],
							"uv": {
								"north": {"uv": [419, 50], "uv_size": [2, 1]},
								"east": {"uv": [409, 50], "uv_size": [3, 1]},
								"south": {"uv": [447, 22], "uv_size": [2, 1]},
								"west": {"uv": [447, 12], "uv_size": [3, 1]},
								"up": {"uv": [439, 44], "uv_size": [2, 3]},
								"down": {"uv": [441, 47], "uv_size": [2, -3]}
							}
						},
						{
							"origin": [12.14862, -2.38898, 3.8587],
							"size": [2.2, 4.7, 0.5],
							"uv": {
								"north": {"uv": [409, 24], "uv_size": [4, 9]},
								"east": {"uv": [431, 40], "uv_size": [1, 9]},
								"south": {"uv": [413, 24], "uv_size": [4, 9]},
								"west": {"uv": [433, 40], "uv_size": [1, 9]},
								"up": {"uv": [435, 48], "uv_size": [4, 1]},
								"down": {"uv": [445, 39], "uv_size": [4, -1]}
							}
						},
						{
							"origin": [12.64862, 2.31102, 3.8587],
							"size": [1.2, 0.5, 0.5],
							"uv": {
								"north": {"uv": [421, 50], "uv_size": [2, 1]},
								"east": {"uv": [447, 36], "uv_size": [1, 1]},
								"south": {"uv": [447, 24], "uv_size": [2, 1]},
								"west": {"uv": [435, 50], "uv_size": [1, 1]},
								"up": {"uv": [423, 50], "uv_size": [2, 1]},
								"down": {"uv": [447, 27], "uv_size": [2, -1]}
							}
						},
						{
							"origin": [11.64862, -1.48898, 3.8587],
							"size": [0.5, 3, 0.5],
							"uv": {
								"north": {"uv": [415, 46], "uv_size": [1, 6]},
								"east": {"uv": [443, 24], "uv_size": [1, 6]},
								"south": {"uv": [443, 32], "uv_size": [1, 6]},
								"west": {"uv": [443, 38], "uv_size": [1, 6]},
								"up": {"uv": [437, 50], "uv_size": [1, 1]},
								"down": {"uv": [447, 41], "uv_size": [1, -1]}
							}
						},
						{
							"origin": [14.34862, -1.48898, 3.8587],
							"size": [0.5, 3, 0.5],
							"uv": {
								"north": {"uv": [443, 44], "uv_size": [1, 6]},
								"east": {"uv": [445, 24], "uv_size": [1, 6]},
								"south": {"uv": [445, 30], "uv_size": [1, 6]},
								"west": {"uv": [429, 48], "uv_size": [1, 6]},
								"up": {"uv": [439, 50], "uv_size": [1, 1]},
								"down": {"uv": [447, 43], "uv_size": [1, -1]}
							}
						},
						{
							"origin": [12.64862, -2.88898, 3.8587],
							"size": [1.2, 0.5, 0.5],
							"uv": {
								"north": {"uv": [425, 50], "uv_size": [2, 1]},
								"east": {"uv": [441, 50], "uv_size": [1, 1]},
								"south": {"uv": [447, 28], "uv_size": [2, 1]},
								"west": {"uv": [443, 50], "uv_size": [1, 1]},
								"up": {"uv": [427, 50], "uv_size": [2, 1]},
								"down": {"uv": [447, 31], "uv_size": [2, -1]}
							}
						},
						{
							"origin": [12.84862, 1.21102, 1.9587],
							"size": [0.8, 0.8, 5.1],
							"pivot": [13.24862, 1.61102, 4.5087],
							"rotation": [0, 0, 45],
							"uv": {
								"north": {"uv": [445, 40], "uv_size": [2, 2]},
								"east": {"uv": [435, 30], "uv_size": [10, 2]},
								"south": {"uv": [439, 48], "uv_size": [2, 2]},
								"west": {"uv": [437, 8], "uv_size": [10, 2]},
								"up": {"uv": [407, 40], "uv_size": [2, 10]},
								"down": {"uv": [437, 20], "uv_size": [2, -10]}
							}
						},
						{
							"origin": [12.84862, -2.08898, 1.9587],
							"size": [0.8, 0.8, 5.1],
							"pivot": [13.24862, -1.68898, 4.5087],
							"rotation": [0, 0, 45],
							"uv": {
								"north": {"uv": [445, 42], "uv_size": [2, 2]},
								"east": {"uv": [437, 20], "uv_size": [10, 2]},
								"south": {"uv": [441, 48], "uv_size": [2, 2]},
								"west": {"uv": [437, 22], "uv_size": [10, 2]},
								"up": {"uv": [425, 40], "uv_size": [2, 10]},
								"down": {"uv": [427, 50], "uv_size": [2, -10]}
							}
						}
					]
				}
			]
		}
	]
}