{
	"format_version": "1.12.0",
	"minecraft:geometry": [
		{
			"description": {
				"identifier": "geometry.unknown",
				"texture_width": 500,
				"texture_height": 200,
				"visible_bounds_width": 10,
				"visible_bounds_height": 4.5,
				"visible_bounds_offset": [0, 1.75, 0]
			},
			"bones": [
				{
					"name": "spr_ring",
					"pivot": [0, 20.4806, 0]
				},
				{
					"name": "spirit",
					"parent": "spr_ring",
					"pivot": [18.5, 20.48064, -4.37587]
				},
				{
					"name": "spr_head",
					"parent": "spirit",
					"pivot": [18.5, 20.48064, -4.37587],
					"cubes": [
						{
							"origin": [16, 17.5, -7.1],
							"size": [5, 5, 5],
							"uv": {
								"north": {"uv": [87, 75], "uv_size": [5, 5]},
								"east": {"uv": [87, 81], "uv_size": [5, 5]},
								"south": {"uv": [87, 87], "uv_size": [5, 5]},
								"west": {"uv": [87, 93], "uv_size": [5, 5]},
								"up": {"uv": [87, 99], "uv_size": [5, 5]},
								"down": {"uv": [93, 80], "uv_size": [5, -5]}
							}
						},
						{
							"origin": [12, 13.5, -4.6],
							"size": [19, 19, 0.1],
							"pivot": [18.5, 20, -4.6],
							"rotation": [-18.2489, -17.38772, -42.18626],
							"uv": {
								"north": {"uv": [105, 74], "uv_size": [20, 19.92]},
								"east": {"uv": [19, 0], "uv_size": [1, 19]},
								"south": {"uv": [125, 74], "uv_size": [-20, 20]},
								"west": {"uv": [32, 155], "uv_size": [1, 19]},
								"up": {"uv": [20, 0], "uv_size": [19, 1]},
								"down": {"uv": [20, 2], "uv_size": [19, -1]}
							}
						},
						{
							"origin": [17, 18.5, -8.1],
							"size": [3, 3, 1],
							"uv": {
								"north": {"uv": [93, 81], "uv_size": [3, 3]},
								"east": {"uv": [91, 105], "uv_size": [1, 3]},
								"south": {"uv": [93, 85], "uv_size": [3, 3]},
								"west": {"uv": [93, 105], "uv_size": [1, 3]},
								"up": {"uv": [97, 101], "uv_size": [3, 1]},
								"down": {"uv": [95, 106], "uv_size": [3, -1]}
							}
						},
						{
							"origin": [17, 18.5, -2.1],
							"size": [3, 3, 1],
							"uv": {
								"north": {"uv": [93, 89], "uv_size": [3, 3]},
								"east": {"uv": [99, 75], "uv_size": [1, 3]},
								"south": {"uv": [93, 93], "uv_size": [3, 3]},
								"west": {"uv": [95, 107], "uv_size": [1, 3]},
								"up": {"uv": [97, 103], "uv_size": [3, 1]},
								"down": {"uv": [99, 80], "uv_size": [3, -1]}
							}
						},
						{
							"origin": [21, 18.5, -6.1],
							"size": [1, 3, 3],
							"uv": {
								"north": {"uv": [97, 107], "uv_size": [1, 3]},
								"east": {"uv": [93, 97], "uv_size": [3, 3]},
								"south": {"uv": [99, 105], "uv_size": [1, 3]},
								"west": {"uv": [93, 101], "uv_size": [3, 3]},
								"up": {"uv": [101, 75], "uv_size": [1, 3]},
								"down": {"uv": [101, 84], "uv_size": [1, -3]}
							}
						},
						{
							"origin": [15, 18.5, -6.1],
							"size": [1, 3, 3],
							"uv": {
								"north": {"uv": [101, 85], "uv_size": [1, 3]},
								"east": {"uv": [97, 81], "uv_size": [3, 3]},
								"south": {"uv": [101, 89], "uv_size": [1, 3]},
								"west": {"uv": [97, 85], "uv_size": [3, 3]},
								"up": {"uv": [101, 93], "uv_size": [1, 3]},
								"down": {"uv": [87, 112], "uv_size": [1, -3]}
							}
						},
						{
							"origin": [17, 16.5, -6.1],
							"size": [3, 1, 3],
							"uv": {
								"north": {"uv": [89, 109], "uv_size": [3, 1]},
								"east": {"uv": [101, 97], "uv_size": [3, 1]},
								"south": {"uv": [101, 99], "uv_size": [3, 1]},
								"west": {"uv": [101, 101], "uv_size": [3, 1]},
								"up": {"uv": [97, 89], "uv_size": [3, 3]},
								"down": {"uv": [97, 96], "uv_size": [3, -3]}
							}
						},
						{
							"origin": [17, 22.5, -6.1],
							"size": [3, 1, 3],
							"uv": {
								"north": {"uv": [101, 103], "uv_size": [3, 1]},
								"east": {"uv": [101, 105], "uv_size": [3, 1]},
								"south": {"uv": [99, 109], "uv_size": [3, 1]},
								"west": {"uv": [101, 107], "uv_size": [3, 1]},
								"up": {"uv": [87, 105], "uv_size": [3, 3]},
								"down": {"uv": [97, 100], "uv_size": [3, -3]}
							}
						}
					]
				},
				{
					"name": "horn2",
					"parent": "spr_head",
					"pivot": [18.5, 21.9, -6.7],
					"rotation": [0, 0, -10],
					"cubes": [
						{
							"origin": [18.69137, 21.8844, -6.42046],
							"size": [2, 4, 2],
							"pivot": [17.6, 21.5, -4.1],
							"rotation": [27.5, 0, 17.5],
							"uv": {
								"north": {"uv": [104, 103], "uv_size": [-3, 1]},
								"east": {"uv": [104, 107], "uv_size": [-3, 1]},
								"south": {"uv": [102, 109], "uv_size": [-3, 1]},
								"west": {"uv": [104, 105], "uv_size": [-3, 1]},
								"up": {"uv": [90, 105], "uv_size": [-3, 3]},
								"down": {"uv": [100, 100], "uv_size": [-3, -3]}
							}
						},
						{
							"origin": [19.79137, 24.20665, -8.03027],
							"size": [1.3, 3.1, 1.5],
							"pivot": [18, 23.9, -6],
							"rotation": [2.5, 0, 17.5],
							"uv": {
								"north": {"uv": [104, 103], "uv_size": [-3, 1]},
								"east": {"uv": [104, 107], "uv_size": [-3, 1]},
								"south": {"uv": [102, 109], "uv_size": [-3, 1]},
								"west": {"uv": [104, 105], "uv_size": [-3, 1]},
								"up": {"uv": [90, 105], "uv_size": [-3, 3]},
								"down": {"uv": [100, 100], "uv_size": [-3, -3]}
							}
						},
						{
							"origin": [20.69137, 26.64185, -8.47979],
							"size": [0.8, 2.7, 1.3],
							"pivot": [18.5, 25.9, -6.7],
							"rotation": [-18.5, 0, 17.5],
							"uv": {
								"north": {"uv": [104, 103], "uv_size": [-3, 1]},
								"east": {"uv": [104, 107], "uv_size": [-3, 1]},
								"south": {"uv": [102, 109], "uv_size": [-3, 1]},
								"west": {"uv": [104, 105], "uv_size": [-3, 1]},
								"up": {"uv": [90, 105], "uv_size": [-3, 3]},
								"down": {"uv": [100, 100], "uv_size": [-3, -3]}
							}
						}
					]
				},
				{
					"name": "horn",
					"parent": "spr_head",
					"pivot": [18.5, 21.9, -6.7],
					"rotation": [0, 0, 10],
					"cubes": [
						{
							"origin": [16.30863, 21.8844, -6.42046],
							"size": [2, 4, 2],
							"pivot": [19.4, 21.5, -4.1],
							"rotation": [27.5, 0, -17.5],
							"uv": {
								"north": {"uv": [101, 103], "uv_size": [3, 1]},
								"east": {"uv": [101, 105], "uv_size": [3, 1]},
								"south": {"uv": [99, 109], "uv_size": [3, 1]},
								"west": {"uv": [101, 107], "uv_size": [3, 1]},
								"up": {"uv": [87, 105], "uv_size": [3, 3]},
								"down": {"uv": [97, 100], "uv_size": [3, -3]}
							}
						},
						{
							"origin": [15.90863, 24.20665, -8.03027],
							"size": [1.3, 3.1, 1.5],
							"pivot": [19, 23.9, -6],
							"rotation": [2.5, 0, -17.5],
							"uv": {
								"north": {"uv": [101, 103], "uv_size": [3, 1]},
								"east": {"uv": [101, 105], "uv_size": [3, 1]},
								"south": {"uv": [99, 109], "uv_size": [3, 1]},
								"west": {"uv": [101, 107], "uv_size": [3, 1]},
								"up": {"uv": [87, 105], "uv_size": [3, 3]},
								"down": {"uv": [97, 100], "uv_size": [3, -3]}
							}
						},
						{
							"origin": [15.50863, 26.64185, -8.47979],
							"size": [0.8, 2.7, 1.3],
							"pivot": [18.5, 25.9, -6.7],
							"rotation": [-18.5, 0, -17.5],
							"uv": {
								"north": {"uv": [101, 103], "uv_size": [3, 1]},
								"east": {"uv": [101, 105], "uv_size": [3, 1]},
								"south": {"uv": [99, 109], "uv_size": [3, 1]},
								"west": {"uv": [101, 107], "uv_size": [3, 1]},
								"up": {"uv": [87, 105], "uv_size": [3, 3]},
								"down": {"uv": [97, 100], "uv_size": [3, -3]}
							}
						}
					]
				},
				{
					"name": "speye",
					"parent": "spr_head",
					"pivot": [18.5, 18.48064, -9.17587],
					"cubes": [
						{
							"origin": [17.8, 18.48064, -8.17587],
							"size": [1.4, 2, 0],
							"uv": {
								"north": {"uv": [86, 75], "uv_size": [1, 2]},
								"east": {"uv": [111, 98], "uv_size": [0, 2]},
								"south": {"uv": [86, 77], "uv_size": [1, 2]},
								"west": {"uv": [111, 98], "uv_size": [0, 2]},
								"up": {"uv": [111, 98], "uv_size": [1, 0]},
								"down": {"uv": [111, 98], "uv_size": [1, 0]}
							}
						}
					]
				},
				{
					"name": "qing_xie",
					"pivot": [0, 0, 0]
				},
				{
					"name": "root",
					"parent": "qing_xie",
					"pivot": [0, 0, 0]
				},
				{
					"name": "leg_left",
					"parent": "root",
					"pivot": [1.9, 12, 0],
					"cubes": [
						{
							"origin": [0.4, 7, -2],
							"size": [3, 5, 4],
							"uv": {
								"north": {"uv": [261, 67], "uv_size": [3, 5]},
								"east": {"uv": [255, 61], "uv_size": [4, 5]},
								"south": {"uv": [303, 5], "uv_size": [3, 5]},
								"west": {"uv": [260, 61], "uv_size": [4, 5]},
								"up": {"uv": [252, 14], "uv_size": [3, 4]},
								"down": {"uv": [251, 66], "uv_size": [3, -4]}
							}
						}
					]
				},
				{
					"name": "leg_bot_left",
					"parent": "leg_left",
					"pivot": [1.9, 7, -2],
					"cubes": [
						{
							"origin": [0.4, 0, -2],
							"size": [3, 7, 4],
							"uv": {
								"north": {"uv": [268, 57], "uv_size": [3, 7]},
								"east": {"uv": [274, 20], "uv_size": [4, 7]},
								"south": {"uv": [272, 57], "uv_size": [3, 7]},
								"west": {"uv": [270, 43], "uv_size": [4, 7]},
								"up": {"uv": [311, 5], "uv_size": [3, 4]},
								"down": {"uv": [311, 75], "uv_size": [3, -4]}
							}
						},
						{
							"origin": [0.4, 0, -2],
							"size": [3, 7, 4],
							"inflate": 0.25,
							"uv": {
								"north": {"uv": [291, 34], "uv_size": [3, 7]},
								"east": {"uv": [275, 43], "uv_size": [4, 7]},
								"south": {"uv": [291, 55], "uv_size": [3, 7]},
								"west": {"uv": [238, 46], "uv_size": [4, 7]},
								"up": {"uv": [238, 79], "uv_size": [3, 4]},
								"down": {"uv": [242, 83], "uv_size": [3, -4]}
							}
						}
					]
				},
				{
					"name": "leg_right",
					"parent": "root",
					"pivot": [-1.9, 12, 0],
					"cubes": [
						{
							"origin": [-3.4, 7, -2],
							"size": [3, 5, 4],
							"uv": {
								"north": {"uv": [305, 11], "uv_size": [3, 5]},
								"east": {"uv": [246, 62], "uv_size": [4, 5]},
								"south": {"uv": [305, 28], "uv_size": [3, 5]},
								"west": {"uv": [295, 13], "uv_size": [4, 5]},
								"up": {"uv": [250, 79], "uv_size": [3, 4]},
								"down": {"uv": [254, 83], "uv_size": [3, -4]}
							}
						}
					]
				},
				{
					"name": "leg_bot_right",
					"parent": "leg_right",
					"pivot": [-1.9, 7, -2],
					"cubes": [
						{
							"origin": [-3.4, 0, -2],
							"size": [3, 7, 4],
							"uv": {
								"north": {"uv": [238, 59], "uv_size": [3, 7]},
								"east": {"uv": [243, 46], "uv_size": [4, 7]},
								"south": {"uv": [293, 42], "uv_size": [3, 7]},
								"west": {"uv": [248, 46], "uv_size": [4, 7]},
								"up": {"uv": [276, 79], "uv_size": [3, 4]},
								"down": {"uv": [280, 83], "uv_size": [3, -4]}
							}
						},
						{
							"origin": [-3.4, 0, -2],
							"size": [3, 7, 4],
							"inflate": 0.25,
							"uv": {
								"north": {"uv": [294, 5], "uv_size": [3, 7]},
								"east": {"uv": [279, 20], "uv_size": [4, 7]},
								"south": {"uv": [242, 61], "uv_size": [3, 7]},
								"west": {"uv": [260, 46], "uv_size": [4, 7]},
								"up": {"uv": [312, 51], "uv_size": [3, 4]},
								"down": {"uv": [312, 60], "uv_size": [3, -4]}
							}
						}
					]
				},
				{
					"name": "torso",
					"parent": "root",
					"pivot": [0, 12, 0],
					"cubes": [
						{
							"origin": [-2, 23, -1.5],
							"size": [4, 3, 3.5],
							"uv": {
								"north": {"uv": [285, 17], "uv_size": [4, 1]},
								"east": {"uv": [320, 25], "uv_size": [4, 1]},
								"south": {"uv": [322, 5], "uv_size": [4, 1]},
								"west": {"uv": [322, 7], "uv_size": [4, 1]},
								"up": {"uv": [302, 64], "uv_size": [4, 4]},
								"down": {"uv": [302, 73], "uv_size": [4, -4]}
							}
						},
						{
							"origin": [-2.7, 21.9, -3.6],
							"size": [6.1, 0.5, 0],
							"pivot": [0, 20.4, -4.6],
							"rotation": [-37.4857, -6.7463, -8.7085],
							"uv": {
								"north": {"uv": [254, 31], "uv_size": [6, 1]},
								"east": {"uv": [238, 5], "uv_size": [0, 1]},
								"south": {"uv": [265, 13], "uv_size": [6, 1]},
								"west": {"uv": [238, 5], "uv_size": [0, 1]},
								"up": {"uv": [238, 5], "uv_size": [6, 0]},
								"down": {"uv": [238, 5], "uv_size": [6, 0]}
							}
						},
						{
							"origin": [-0.5, 18.59344, -4.09065],
							"size": [1, 1, 0],
							"uv": {
								"north": {"uv": [264, 14], "uv_size": [1, 2]},
								"east": {"uv": [238, 5], "uv_size": [0, 2]},
								"south": {"uv": [264, 16], "uv_size": [1, 2]},
								"west": {"uv": [238, 5], "uv_size": [0, 2]},
								"up": {"uv": [238, 5], "uv_size": [1, 0]},
								"down": {"uv": [238, 5], "uv_size": [1, 0]}
							}
						},
						{
							"origin": [-0.5, 18.98655, -4.22286],
							"size": [1, 2.1, 0],
							"pivot": [0, 19.08655, -3.22286],
							"rotation": [-36, 0, 0],
							"uv": {
								"north": {"uv": [264, 14], "uv_size": [1, 2]},
								"east": {"uv": [238, 5], "uv_size": [0, 2]},
								"south": {"uv": [264, 16], "uv_size": [1, 2]},
								"west": {"uv": [238, 5], "uv_size": [0, 2]},
								"up": {"uv": [238, 5], "uv_size": [1, 0]},
								"down": {"uv": [238, 5], "uv_size": [1, 0]}
							}
						},
						{
							"origin": [-0.5, 21, -2.9],
							"size": [1, 2, 0],
							"pivot": [0, 21, -1.9],
							"rotation": [-17, 0, 0],
							"uv": {
								"north": {"uv": [264, 14], "uv_size": [1, 2]},
								"east": {"uv": [238, 5], "uv_size": [0, 2]},
								"south": {"uv": [264, 16], "uv_size": [1, 2]},
								"west": {"uv": [238, 5], "uv_size": [0, 2]},
								"up": {"uv": [238, 5], "uv_size": [1, 0]},
								"down": {"uv": [238, 5], "uv_size": [1, 0]}
							}
						},
						{
							"origin": [-1.5, 17.9, 2.3],
							"size": [3, 3, 0],
							"uv": {
								"north": {"uv": [214, 80], "uv_size": [7, 7]},
								"east": {"uv": [214, 80], "uv_size": [0, 7]},
								"south": {"uv": [214, 88], "uv_size": [7, 7]},
								"west": {"uv": [214, 80], "uv_size": [0, 7]},
								"up": {"uv": [214, 80], "uv_size": [7, 0]},
								"down": {"uv": [214, 80], "uv_size": [7, 0]}
							}
						},
						{
							"origin": [-3, 19.7, -3.2],
							"size": [6, 2.3, 3.1],
							"pivot": [0, 20, -1.1],
							"rotation": [52, 0, 0],
							"uv": {
								"north": {"uv": [314, 66], "uv_size": [6, 2]},
								"east": {"uv": [274, 11], "uv_size": [3, 2]},
								"south": {"uv": [312, 81], "uv_size": [6, 2]},
								"west": {"uv": [274, 28], "uv_size": [3, 2]},
								"up": {"uv": [301, 60], "uv_size": [6, 3]},
								"down": {"uv": [238, 72], "uv_size": [6, -3]}
							}
						},
						{
							"origin": [-2.98139, 16.40864, -2.25],
							"size": [3.3, 3.5, 4.5],
							"pivot": [-1.98139, 17.90864, -0.25],
							"rotation": [0, 0, -8],
							"uv": {
								"north": {"uv": [314, 32], "uv_size": [3, 4]},
								"east": {"uv": [295, 61], "uv_size": [5, 4]},
								"south": {"uv": [314, 61], "uv_size": [3, 4]},
								"west": {"uv": [286, 63], "uv_size": [5, 4]},
								"up": {"uv": [297, 72], "uv_size": [3, 5]},
								"down": {"uv": [238, 78], "uv_size": [3, -5]}
							}
						},
						{
							"origin": [-0.31861, 16.40864, -2.25],
							"size": [3.3, 3.5, 4.5],
							"pivot": [1.98139, 17.90864, -0.25],
							"rotation": [0, 0, 8],
							"uv": {
								"north": {"uv": [314, 15], "uv_size": [3, 4]},
								"east": {"uv": [295, 19], "uv_size": [5, 4]},
								"south": {"uv": [314, 27], "uv_size": [3, 4]},
								"west": {"uv": [295, 56], "uv_size": [5, 4]},
								"up": {"uv": [289, 72], "uv_size": [3, 5]},
								"down": {"uv": [293, 77], "uv_size": [3, -5]}
							}
						},
						{
							"origin": [-3, 20, -2],
							"size": [6, 3, 4],
							"inflate": 0.25,
							"uv": {
								"north": {"uv": [285, 68], "uv_size": [6, 3]},
								"east": {"uv": [313, 45], "uv_size": [4, 3]},
								"south": {"uv": [301, 56], "uv_size": [6, 3]},
								"west": {"uv": [300, 80], "uv_size": [4, 3]},
								"up": {"uv": [238, 54], "uv_size": [6, 4]},
								"down": {"uv": [287, 9], "uv_size": [6, -4]}
							}
						}
					]
				},
				{
					"name": "fake_h",
					"parent": "torso",
					"pivot": [0, 24, 0]
				},
				{
					"name": "head",
					"parent": "fake_h",
					"pivot": [0, 24, 0],
					"cubes": [
						{
							"origin": [-3.5, 24, -4],
							"size": [7, 8, 8],
							"uv": {
								"north": {"uv": [238, 19], "uv_size": [8, 8]},
								"east": {"uv": [252, 5], "uv_size": [8, 8]},
								"south": {"uv": [247, 19], "uv_size": [8, 8]},
								"west": {"uv": [256, 14], "uv_size": [8, 8]},
								"up": {"uv": [256, 23], "uv_size": [8, 8]},
								"down": {"uv": [238, 36], "uv_size": [8, -8]}
							}
						}
					]
				},
				{
					"name": "hair",
					"parent": "head",
					"pivot": [0, 31, -0.3],
					"cubes": [
						{
							"origin": [-2, 28, -5],
							"size": [4, 4.4, 0],
							"pivot": [0, 30, -6],
							"rotation": [-7, 0, 0],
							"uv": {
								"north": {"uv": [302, 23], "uv_size": [4, 4]},
								"east": {"uv": [284, 31], "uv_size": [0, 4]},
								"south": {"uv": [302, 40], "uv_size": [4, 4]},
								"west": {"uv": [293, 50], "uv_size": [0, 4]},
								"up": {"uv": [265, 31], "uv_size": [4, 0]},
								"down": {"uv": [286, 62], "uv_size": [4, 0]}
							}
						},
						{
							"origin": [-5.1, 28, -4.6],
							"size": [3, 4, 0],
							"pivot": [-3.1, 29, -3.6],
							"rotation": [-6, 0, 12.5],
							"uv": {
								"north": {"uv": [312, 76], "uv_size": [3, 4]},
								"east": {"uv": [294, 50], "uv_size": [0, 4]},
								"south": {"uv": [313, 10], "uv_size": [3, 4]},
								"west": {"uv": [250, 74], "uv_size": [0, 4]},
								"up": {"uv": [280, 19], "uv_size": [3, 0]},
								"down": {"uv": [276, 53], "uv_size": [3, 0]}
							}
						},
						{
							"origin": [2.1, 28, -4.6],
							"size": [3, 4, 0],
							"pivot": [3.1, 29, -3.6],
							"rotation": [-6, 0, -12.5],
							"uv": {
								"north": {"uv": [246, 80], "uv_size": [3, 4]},
								"east": {"uv": [307, 23], "uv_size": [0, 4]},
								"south": {"uv": [313, 22], "uv_size": [3, 4]},
								"west": {"uv": [307, 40], "uv_size": [0, 4]},
								"up": {"uv": [287, 10], "uv_size": [3, 0]},
								"down": {"uv": [246, 61], "uv_size": [3, 0]}
							}
						},
						{
							"origin": [4.9, 24, -3.4],
							"size": [0, 8, 7],
							"pivot": [5.9, 28, 0.6],
							"rotation": [0, 0, -13.5],
							"uv": {
								"north": {"uv": [252, 89], "uv_size": [0, 8]},
								"east": {"uv": [261, 5], "uv_size": [7, 8]},
								"south": {"uv": [253, 89], "uv_size": [0, 8]},
								"west": {"uv": [247, 28], "uv_size": [7, 8]},
								"up": {"uv": [278, 89], "uv_size": [0, 7]},
								"down": {"uv": [279, 96], "uv_size": [0, -7]}
							}
						},
						{
							"origin": [-4.9, 24, -3.4],
							"size": [0, 8, 7],
							"pivot": [-5.9, 28, 0.6],
							"rotation": [0, 0, 13.5],
							"uv": {
								"north": {"uv": [280, 89], "uv_size": [0, 8]},
								"east": {"uv": [265, 14], "uv_size": [7, 8]},
								"south": {"uv": [281, 89], "uv_size": [0, 8]},
								"west": {"uv": [255, 32], "uv_size": [7, 8]},
								"up": {"uv": [300, 89], "uv_size": [0, 7]},
								"down": {"uv": [301, 96], "uv_size": [0, -7]}
							}
						},
						{
							"origin": [-4.8, 23, -4],
							"size": [0, 5, 2],
							"pivot": [-3.8, 27, -3],
							"rotation": [-16.80518, -9.03572, -2.61941],
							"uv": {
								"north": {"uv": [318, 89], "uv_size": [0, 5]},
								"east": {"uv": [255, 55], "uv_size": [2, 5]},
								"south": {"uv": [319, 89], "uv_size": [0, 5]},
								"west": {"uv": [282, 84], "uv_size": [2, 5]},
								"up": {"uv": [255, 28], "uv_size": [0, 2]},
								"down": {"uv": [253, 40], "uv_size": [0, -2]}
							}
						},
						{
							"origin": [4.8, 23, -4],
							"size": [0, 5, 2],
							"pivot": [3.8, 27, -3],
							"rotation": [-16.80518, 9.03572, 2.61941],
							"uv": {
								"north": {"uv": [320, 89], "uv_size": [0, 5]},
								"east": {"uv": [263, 85], "uv_size": [2, 5]},
								"south": {"uv": [246, 90], "uv_size": [0, 5]},
								"west": {"uv": [318, 32], "uv_size": [2, 5]},
								"up": {"uv": [254, 38], "uv_size": [0, 2]},
								"down": {"uv": [273, 22], "uv_size": [0, -2]}
							}
						},
						{
							"origin": [-5.5, 24.9, -4.3],
							"size": [2, 4.1, 0],
							"pivot": [-4.5, 27, -5.3],
							"rotation": [-5.57557, 14.49871, 0.81703],
							"uv": {
								"north": {"uv": [318, 61], "uv_size": [2, 4]},
								"east": {"uv": [307, 51], "uv_size": [0, 4]},
								"south": {"uv": [319, 5], "uv_size": [2, 4]},
								"west": {"uv": [308, 23], "uv_size": [0, 4]},
								"up": {"uv": [297, 49], "uv_size": [2, 0]},
								"down": {"uv": [292, 65], "uv_size": [2, 0]}
							}
						},
						{
							"origin": [3.5, 24.9, -4.3],
							"size": [2, 4.1, 0],
							"pivot": [4.5, 27, -5.3],
							"rotation": [-5.57557, -14.49871, -0.81703],
							"uv": {
								"north": {"uv": [288, 86], "uv_size": [2, 4]},
								"east": {"uv": [308, 40], "uv_size": [0, 4]},
								"south": {"uv": [291, 86], "uv_size": [2, 4]},
								"west": {"uv": [309, 29], "uv_size": [0, 4]},
								"up": {"uv": [238, 67], "uv_size": [2, 0]},
								"down": {"uv": [238, 68], "uv_size": [2, 0]}
							}
						}
					]
				},
				{
					"name": "backhair",
					"parent": "hair",
					"pivot": [0, 30.8, 4],
					"cubes": [
						{
							"origin": [-4, 25.83953, 4.55171],
							"size": [8, 5, 0],
							"pivot": [0, 27.33953, 4.55171],
							"rotation": [7.5, 0, 0],
							"uv": {
								"north": {"uv": [265, 23], "uv_size": [8, 7]},
								"east": {"uv": [322, 68], "uv_size": [0, 7]},
								"south": {"uv": [263, 32], "uv_size": [8, 7]},
								"west": {"uv": [302, 89], "uv_size": [0, 7]},
								"up": {"uv": [321, 48], "uv_size": [8, 0]},
								"down": {"uv": [322, 9], "uv_size": [8, 0]}
							}
						},
						{
							"origin": [-1, 30.5, 4.4],
							"size": [2, 0.6, 0],
							"pivot": [0, 30.5, 5.4],
							"rotation": [9, 0, 0],
							"uv": {
								"north": {"uv": [262, 13], "uv_size": [3, 1]},
								"east": {"uv": [238, 5], "uv_size": [0, 1]},
								"south": {"uv": [262, 22], "uv_size": [3, 1]},
								"west": {"uv": [238, 5], "uv_size": [0, 1]},
								"up": {"uv": [238, 5], "uv_size": [3, 0]},
								"down": {"uv": [238, 5], "uv_size": [3, 0]}
							}
						},
						{
							"origin": [1.01958, 30.37792, 4.41934],
							"size": [0.6, 0.6, 0],
							"pivot": [0.61958, 30.37792, 5.41934],
							"rotation": [8.56621, 2.77081, -17.79244],
							"uv": {
								"north": {"uv": [262, 13], "uv_size": [3, 1]},
								"east": {"uv": [238, 5], "uv_size": [0, 1]},
								"south": {"uv": [262, 22], "uv_size": [3, 1]},
								"west": {"uv": [238, 5], "uv_size": [0, 1]},
								"up": {"uv": [238, 5], "uv_size": [3, 0]},
								"down": {"uv": [238, 5], "uv_size": [3, 0]}
							}
						},
						{
							"origin": [-1.61958, 30.37792, 4.41934],
							"size": [0.6, 0.6, 0],
							"pivot": [-0.61958, 30.37792, 5.41934],
							"rotation": [8.56621, -2.77081, 17.79244],
							"uv": {
								"north": {"uv": [265, 13], "uv_size": [-3, 1]},
								"east": {"uv": [238, 5], "uv_size": [0, 1]},
								"south": {"uv": [265, 22], "uv_size": [-3, 1]},
								"west": {"uv": [238, 5], "uv_size": [0, 1]},
								"up": {"uv": [241, 5], "uv_size": [-3, 0]},
								"down": {"uv": [241, 5], "uv_size": [-3, 0]}
							}
						},
						{
							"origin": [-0.6, 29.6, 4.7],
							"size": [1.2, 1.1, 0],
							"pivot": [0, 29.7, 5.7],
							"rotation": [9, 0, 0],
							"uv": {
								"north": {"uv": [264, 18], "uv_size": [1, 1]},
								"east": {"uv": [238, 5], "uv_size": [0, 1]},
								"south": {"uv": [264, 19], "uv_size": [1, 1]},
								"west": {"uv": [238, 5], "uv_size": [0, 1]},
								"up": {"uv": [238, 5], "uv_size": [1, 0]},
								"down": {"uv": [238, 5], "uv_size": [1, 0]}
							}
						},
						{
							"origin": [-0.8, 28.9, 4.8],
							"size": [1.6, 0.4, 0],
							"pivot": [0, 29.1, 5.8],
							"rotation": [9, 0, 0],
							"uv": {
								"north": {"uv": [264, 18], "uv_size": [1, 1]},
								"east": {"uv": [238, 5], "uv_size": [0, 1]},
								"south": {"uv": [264, 19], "uv_size": [1, 1]},
								"west": {"uv": [238, 5], "uv_size": [0, 1]},
								"up": {"uv": [238, 5], "uv_size": [1, 0]},
								"down": {"uv": [238, 5], "uv_size": [1, 0]}
							}
						},
						{
							"origin": [0.7, 29.1, 4.7],
							"size": [0.8, 0.4, 0],
							"pivot": [0.8, 29.3, 5.7],
							"rotation": [8.80644, -1.86385, 11.85647],
							"uv": {
								"north": {"uv": [264, 18], "uv_size": [1, 1]},
								"east": {"uv": [238, 5], "uv_size": [0, 1]},
								"south": {"uv": [264, 19], "uv_size": [1, 1]},
								"west": {"uv": [238, 5], "uv_size": [0, 1]},
								"up": {"uv": [238, 5], "uv_size": [1, 0]},
								"down": {"uv": [238, 5], "uv_size": [1, 0]}
							}
						},
						{
							"origin": [-1.5, 29.1, 4.7],
							"size": [0.8, 0.4, 0],
							"pivot": [-0.8, 29.3, 5.7],
							"rotation": [8.80644, 1.86385, -11.85647],
							"uv": {
								"north": {"uv": [265, 18], "uv_size": [-1, 1]},
								"east": {"uv": [238, 5], "uv_size": [0, 1]},
								"south": {"uv": [265, 19], "uv_size": [-1, 1]},
								"west": {"uv": [238, 5], "uv_size": [0, 1]},
								"up": {"uv": [239, 5], "uv_size": [-1, 0]},
								"down": {"uv": [239, 5], "uv_size": [-1, 0]}
							}
						},
						{
							"origin": [0.9, 29.3, 4.6],
							"size": [1.1, 0.7, 0],
							"pivot": [0.7, 29.5, 5.6],
							"rotation": [8.65674, -2.47131, 15.81292],
							"uv": {
								"north": {"uv": [262, 13], "uv_size": [3, 1]},
								"east": {"uv": [238, 5], "uv_size": [0, 1]},
								"south": {"uv": [262, 22], "uv_size": [3, 1]},
								"west": {"uv": [238, 5], "uv_size": [0, 1]},
								"up": {"uv": [238, 5], "uv_size": [3, 0]},
								"down": {"uv": [238, 5], "uv_size": [3, 0]}
							}
						},
						{
							"origin": [0.8481, 30.50041, 4.40987],
							"size": [0.8, 0.6, 0],
							"pivot": [-0.0519, 30.70041, 5.40987],
							"rotation": [5.56937, -7.08098, 51.65514],
							"uv": {
								"north": {"uv": [262, 13], "uv_size": [3, 1]},
								"east": {"uv": [238, 5], "uv_size": [0, 1]},
								"south": {"uv": [262, 22], "uv_size": [3, 1]},
								"west": {"uv": [238, 5], "uv_size": [0, 1]},
								"up": {"uv": [238, 5], "uv_size": [3, 0]},
								"down": {"uv": [238, 5], "uv_size": [3, 0]}
							}
						},
						{
							"origin": [0.7446, 31.35738, 4.27414],
							"size": [1.5, 0.5, 0],
							"pivot": [0.5446, 31.55738, 5.27414],
							"rotation": [0, -9, 90],
							"uv": {
								"north": {"uv": [262, 13], "uv_size": [3, 1]},
								"east": {"uv": [238, 5], "uv_size": [0, 1]},
								"south": {"uv": [262, 22], "uv_size": [3, 1]},
								"west": {"uv": [238, 5], "uv_size": [0, 1]},
								"up": {"uv": [238, 5], "uv_size": [3, 0]},
								"down": {"uv": [238, 5], "uv_size": [3, 0]}
							}
						},
						{
							"origin": [-1.6481, 30.50041, 4.40987],
							"size": [0.8, 0.6, 0],
							"pivot": [0.0519, 30.70041, 5.40987],
							"rotation": [5.56937, 7.08098, -51.65514],
							"uv": {
								"north": {"uv": [265, 13], "uv_size": [-3, 1]},
								"east": {"uv": [238, 5], "uv_size": [0, 1]},
								"south": {"uv": [265, 22], "uv_size": [-3, 1]},
								"west": {"uv": [238, 5], "uv_size": [0, 1]},
								"up": {"uv": [241, 5], "uv_size": [-3, 0]},
								"down": {"uv": [241, 5], "uv_size": [-3, 0]}
							}
						},
						{
							"origin": [-2.2446, 31.35738, 4.27414],
							"size": [1.5, 0.5, 0],
							"pivot": [-0.5446, 31.55738, 5.27414],
							"rotation": [0, 9, -90],
							"uv": {
								"north": {"uv": [265, 13], "uv_size": [-3, 1]},
								"east": {"uv": [238, 5], "uv_size": [0, 1]},
								"south": {"uv": [265, 22], "uv_size": [-3, 1]},
								"west": {"uv": [238, 5], "uv_size": [0, 1]},
								"up": {"uv": [241, 5], "uv_size": [-3, 0]},
								"down": {"uv": [241, 5], "uv_size": [-3, 0]}
							}
						},
						{
							"origin": [-2, 29.3, 4.6],
							"size": [1.1, 0.7, 0],
							"pivot": [-0.7, 29.5, 5.6],
							"rotation": [8.65674, 2.47131, -15.81292],
							"uv": {
								"north": {"uv": [265, 13], "uv_size": [-3, 1]},
								"east": {"uv": [238, 5], "uv_size": [0, 1]},
								"south": {"uv": [265, 22], "uv_size": [-3, 1]},
								"west": {"uv": [238, 5], "uv_size": [0, 1]},
								"up": {"uv": [241, 5], "uv_size": [-3, 0]},
								"down": {"uv": [241, 5], "uv_size": [-3, 0]}
							}
						},
						{
							"origin": [-0.9, 29.2, 5.1],
							"size": [1.8, 2, 0],
							"pivot": [0, 26, 6.1],
							"rotation": [9, 0, 0],
							"uv": {
								"north": {"uv": [248, 27], "uv_size": [3, 1]},
								"east": {"uv": [238, 5], "uv_size": [0, 1]},
								"south": {"uv": [251, 27], "uv_size": [3, 1]},
								"west": {"uv": [238, 5], "uv_size": [0, 1]},
								"up": {"uv": [238, 5], "uv_size": [3, 0]},
								"down": {"uv": [238, 5], "uv_size": [3, 0]}
							}
						}
					]
				},
				{
					"name": "mid",
					"parent": "backhair",
					"pivot": [0, 28.75082, 4.5185],
					"cubes": [
						{
							"origin": [1.4, 27.6, 4.9],
							"size": [0.7, 1.2, 0],
							"pivot": [1.1, 27.8, 5.9],
							"rotation": [2.93822, 12.72764, -41.56329],
							"uv": {
								"north": {"uv": [260, 12], "uv_size": [1, 1]},
								"east": {"uv": [238, 5], "uv_size": [0, 1]},
								"south": {"uv": [247, 27], "uv_size": [1, 1]},
								"west": {"uv": [238, 5], "uv_size": [0, 1]},
								"up": {"uv": [238, 5], "uv_size": [1, 0]},
								"down": {"uv": [238, 5], "uv_size": [1, 0]}
							}
						},
						{
							"origin": [-2.1, 27.6, 4.9],
							"size": [0.7, 1.2, 0],
							"pivot": [-1.1, 27.8, 5.9],
							"rotation": [2.93822, -12.72764, 41.56329],
							"uv": {
								"north": {"uv": [254, 18], "uv_size": [1, 1]},
								"east": {"uv": [238, 5], "uv_size": [0, 1]},
								"south": {"uv": [260, 11], "uv_size": [1, 1]},
								"west": {"uv": [238, 5], "uv_size": [0, 1]},
								"up": {"uv": [238, 5], "uv_size": [1, 0]},
								"down": {"uv": [238, 5], "uv_size": [1, 0]}
							}
						},
						{
							"origin": [-2.1, 26.5, 5.1],
							"size": [0.7, 1.2, 0],
							"pivot": [-1.1, 26.7, 6.1],
							"rotation": [2.93822, -12.72764, 41.56329],
							"uv": {
								"north": {"uv": [251, 12], "uv_size": [1, 1]},
								"east": {"uv": [238, 5], "uv_size": [0, 1]},
								"south": {"uv": [251, 17], "uv_size": [1, 1]},
								"west": {"uv": [238, 5], "uv_size": [0, 1]},
								"up": {"uv": [238, 5], "uv_size": [1, 0]},
								"down": {"uv": [238, 5], "uv_size": [1, 0]}
							}
						},
						{
							"origin": [1.4, 26.5, 5.1],
							"size": [0.7, 1.2, 0],
							"pivot": [1.1, 26.7, 6.1],
							"rotation": [2.93822, 12.72764, -41.56329],
							"uv": {
								"north": {"uv": [244, 16], "uv_size": [1, 1]},
								"east": {"uv": [238, 5], "uv_size": [0, 1]},
								"south": {"uv": [244, 17], "uv_size": [1, 1]},
								"west": {"uv": [238, 5], "uv_size": [0, 1]},
								"up": {"uv": [238, 5], "uv_size": [1, 0]},
								"down": {"uv": [238, 5], "uv_size": [1, 0]}
							}
						},
						{
							"origin": [-0.8, 21.73037, 5.32229],
							"size": [1.6, 7, 0],
							"pivot": [0, 25.23037, 5.32229],
							"rotation": [11.5, 0, 0],
							"uv": {
								"north": {"uv": [309, 76], "uv_size": [2, 7]},
								"east": {"uv": [316, 89], "uv_size": [0, 7]},
								"south": {"uv": [263, 77], "uv_size": [2, 7]},
								"west": {"uv": [317, 89], "uv_size": [0, 7]},
								"up": {"uv": [250, 54], "uv_size": [2, 0]},
								"down": {"uv": [297, 48], "uv_size": [2, 0]}
							}
						}
					]
				},
				{
					"name": "mid_d",
					"parent": "mid",
					"pivot": [0, 21.75082, 6.0185],
					"cubes": [
						{
							"origin": [-0.5, 16.85082, 6.5185],
							"size": [1, 5, 0],
							"pivot": [0, 19.35082, 6.5185],
							"rotation": [11.5, 0, 0],
							"uv": {
								"north": {"uv": [258, 47], "uv_size": [1, 5]},
								"east": {"uv": [322, 54], "uv_size": [0, 5]},
								"south": {"uv": [321, 42], "uv_size": [1, 5]},
								"west": {"uv": [315, 89], "uv_size": [0, 5]},
								"up": {"uv": [253, 37], "uv_size": [1, 0]},
								"down": {"uv": [270, 31], "uv_size": [1, 0]}
							}
						}
					]
				},
				{
					"name": "backleft",
					"parent": "backhair",
					"pivot": [1.8784, 26.0028, 4.6837],
					"rotation": [0, 0, -4],
					"cubes": [
						{
							"origin": [-0.09093, 15.98014, 5.23096],
							"size": [4.5, 10, 0],
							"pivot": [1.90907, 22.48014, 5.23096],
							"rotation": [7.4523, 0.8466, -6.4449],
							"uv": {
								"north": {"uv": [279, 28], "uv_size": [4, 7]},
								"east": {"uv": [303, 89], "uv_size": [0, 7]},
								"south": {"uv": [265, 46], "uv_size": [4, 7]},
								"west": {"uv": [309, 89], "uv_size": [0, 7]},
								"up": {"uv": [322, 15], "uv_size": [4, 0]},
								"down": {"uv": [322, 16], "uv_size": [4, 0]}
							}
						}
					]
				},
				{
					"name": "left_d",
					"parent": "backleft",
					"pivot": [2.7367, 16.2475, 6.1924],
					"cubes": [
						{
							"origin": [0.5848, 9.33586, 5.99343],
							"size": [4.5, 7, 0],
							"pivot": [4.59482, 17.35574, 6.02337],
							"rotation": [2.4976, 0.109, -2.4976],
							"uv": {
								"north": {"uv": [269, 5], "uv_size": [4, 8]},
								"east": {"uv": [311, 89], "uv_size": [0, 8]},
								"south": {"uv": [238, 37], "uv_size": [4, 8]},
								"west": {"uv": [312, 89], "uv_size": [0, 8]},
								"up": {"uv": [322, 19], "uv_size": [4, 0]},
								"down": {"uv": [322, 27], "uv_size": [4, 0]}
							}
						}
					]
				},
				{
					"name": "backright",
					"parent": "backhair",
					"pivot": [-1.87839, 26.0028, 4.68374],
					"rotation": [0, 0, 4],
					"cubes": [
						{
							"origin": [-4.45764, 15.98014, 5.23096],
							"size": [4.5, 10, 0],
							"pivot": [-1.95764, 22.48014, 5.23096],
							"rotation": [7.4523, -0.8466, 6.4449],
							"uv": {
								"north": {"uv": [280, 11], "uv_size": [4, 7]},
								"east": {"uv": [322, 76], "uv_size": [0, 7]},
								"south": {"uv": [253, 47], "uv_size": [4, 7]},
								"west": {"uv": [310, 89], "uv_size": [0, 7]},
								"up": {"uv": [322, 17], "uv_size": [4, 0]},
								"down": {"uv": [322, 18], "uv_size": [4, 0]}
							}
						}
					]
				},
				{
					"name": "right_d",
					"parent": "backright",
					"pivot": [-2.7367, 16.2475, 6.19237],
					"cubes": [
						{
							"origin": [-5.13529, 9.33535, 5.99536],
							"size": [4.5, 7, 0],
							"pivot": [-4.64315, 17.31136, 6.01372],
							"rotation": [2.4976, -0.109, 2.4976],
							"uv": {
								"north": {"uv": [243, 37], "uv_size": [4, 8]},
								"east": {"uv": [313, 89], "uv_size": [0, 8]},
								"south": {"uv": [248, 37], "uv_size": [4, 8]},
								"west": {"uv": [314, 89], "uv_size": [0, 8]},
								"up": {"uv": [322, 28], "uv_size": [4, 0]},
								"down": {"uv": [322, 29], "uv_size": [4, 0]}
							}
						}
					]
				},
				{
					"name": "bone",
					"parent": "backhair",
					"pivot": [0, 29.5, 4.8],
					"rotation": [9.5, 0, 0],
					"cubes": [
						{
							"origin": [-0.3, 30.2, 4.8],
							"size": [0.6, 0.6, 0],
							"pivot": [0, 30.5, 4.8],
							"rotation": [0, 0, 45],
							"uv": {
								"north": {"uv": [264, 20], "uv_size": [1, 1]},
								"east": {"uv": [238, 5], "uv_size": [0, 1]},
								"south": {"uv": [264, 21], "uv_size": [1, 1]},
								"west": {"uv": [238, 5], "uv_size": [0, 1]},
								"up": {"uv": [238, 5], "uv_size": [1, 0]},
								"down": {"uv": [238, 5], "uv_size": [1, 0]}
							}
						},
						{
							"origin": [0.2, 29.7, 4.8],
							"size": [0.6, 0.6, 0],
							"pivot": [0.5, 30, 4.8],
							"rotation": [0, 0, 45],
							"uv": {
								"north": {"uv": [264, 23], "uv_size": [1, 1]},
								"east": {"uv": [238, 5], "uv_size": [0, 1]},
								"south": {"uv": [264, 24], "uv_size": [1, 1]},
								"west": {"uv": [238, 5], "uv_size": [0, 1]},
								"up": {"uv": [238, 5], "uv_size": [1, 0]},
								"down": {"uv": [238, 5], "uv_size": [1, 0]}
							}
						},
						{
							"origin": [-0.8, 29.7, 4.8],
							"size": [0.6, 0.6, 0],
							"pivot": [-0.5, 30, 4.8],
							"rotation": [0, 0, 45],
							"uv": {
								"north": {"uv": [264, 25], "uv_size": [1, 1]},
								"east": {"uv": [238, 5], "uv_size": [0, 1]},
								"south": {"uv": [264, 26], "uv_size": [1, 1]},
								"west": {"uv": [238, 5], "uv_size": [0, 1]},
								"up": {"uv": [238, 5], "uv_size": [1, 0]},
								"down": {"uv": [238, 5], "uv_size": [1, 0]}
							}
						},
						{
							"origin": [-0.3, 29.2, 4.8],
							"size": [0.6, 0.6, 0],
							"pivot": [0, 29.5, 4.8],
							"rotation": [0, 0, 45],
							"uv": {
								"north": {"uv": [260, 31], "uv_size": [1, 1]},
								"east": {"uv": [238, 5], "uv_size": [0, 1]},
								"south": {"uv": [264, 27], "uv_size": [1, 1]},
								"west": {"uv": [238, 5], "uv_size": [0, 1]},
								"up": {"uv": [238, 5], "uv_size": [1, 0]},
								"down": {"uv": [238, 5], "uv_size": [1, 0]}
							}
						}
					]
				},
				{
					"name": "ear_left",
					"parent": "head",
					"pivot": [2.5, 32, 0],
					"cubes": [
						{
							"origin": [-0.02687, 31.11199, -1],
							"size": [2, 7, 1],
							"pivot": [0.97313, 32.11199, 0],
							"rotation": [0, 0, 24],
							"uv": {
								"north": {"uv": [266, 77], "uv_size": [2, 7]},
								"east": {"uv": [307, 87], "uv_size": [1, 7]},
								"south": {"uv": [269, 77], "uv_size": [2, 7]},
								"west": {"uv": [321, 60], "uv_size": [1, 7]},
								"up": {"uv": [276, 51], "uv_size": [2, 1]},
								"down": {"uv": [242, 60], "uv_size": [2, -1]}
							}
						},
						{
							"origin": [2.5, 31, -1],
							"size": [2, 7, 1],
							"uv": {
								"north": {"uv": [311, 29], "uv_size": [2, 7]},
								"east": {"uv": [321, 84], "uv_size": [1, 7]},
								"south": {"uv": [285, 78], "uv_size": [2, 7]},
								"west": {"uv": [238, 89], "uv_size": [1, 7]},
								"up": {"uv": [265, 61], "uv_size": [2, 1]},
								"down": {"uv": [265, 64], "uv_size": [2, -1]}
							}
						},
						{
							"origin": [1.43334, 30.89024, 0.81629],
							"size": [2, 7, 1],
							"pivot": [2.43334, 31.89024, 0.81629],
							"rotation": [16.80906, -2.23868, 9.74868],
							"uv": {
								"north": {"uv": [279, 88], "uv_size": [2, 7]},
								"east": {"uv": [255, 13], "uv_size": [1, 7]},
								"south": {"uv": [321, 53], "uv_size": [2, 7]},
								"west": {"uv": [255, 20], "uv_size": [1, 7]},
								"up": {"uv": [242, 27], "uv_size": [2, 1]},
								"down": {"uv": [244, 28], "uv_size": [2, -1]}
							}
						},
						{
							"origin": [0.93334, 31.59024, 0.01629],
							"size": [3, 2.5, 1],
							"pivot": [2.43334, 31.89024, 0.01629],
							"rotation": [16.80906, -2.23868, 9.74868],
							"uv": {
								"north": {"uv": [277, 10], "uv_size": [3, 3]},
								"east": {"uv": [246, 26], "uv_size": [1, 3]},
								"south": {"uv": [267, 53], "uv_size": [3, 3]},
								"west": {"uv": [260, 5], "uv_size": [1, 3]},
								"up": {"uv": [259, 13], "uv_size": [3, 1]},
								"down": {"uv": [259, 23], "uv_size": [3, -1]}
							}
						}
					]
				},
				{
					"name": "ear_right",
					"parent": "head",
					"pivot": [-2.5, 32, 0],
					"cubes": [
						{
							"origin": [-4.5, 31, -1],
							"size": [2, 7, 1],
							"uv": {
								"north": {"uv": [288, 78], "uv_size": [2, 7]},
								"east": {"uv": [240, 89], "uv_size": [1, 7]},
								"south": {"uv": [291, 78], "uv_size": [2, 7]},
								"west": {"uv": [242, 89], "uv_size": [1, 7]},
								"up": {"uv": [292, 63], "uv_size": [2, 1]},
								"down": {"uv": [297, 31], "uv_size": [2, -1]}
							}
						},
						{
							"origin": [-1.97313, 31.11199, -1],
							"size": [2, 7, 1],
							"pivot": [-0.97313, 32.11199, 0],
							"rotation": [0, 0, -24],
							"uv": {
								"north": {"uv": [294, 78], "uv_size": [2, 7]},
								"east": {"uv": [244, 89], "uv_size": [1, 7]},
								"south": {"uv": [311, 63], "uv_size": [2, 7]},
								"west": {"uv": [250, 89], "uv_size": [1, 7]},
								"up": {"uv": [297, 32], "uv_size": [2, 1]},
								"down": {"uv": [297, 47], "uv_size": [2, -1]}
							}
						},
						{
							"origin": [-3.43334, 30.89024, 0.81629],
							"size": [2, 7, 1],
							"pivot": [-2.43334, 31.89024, 0.81629],
							"rotation": [16.80906, 2.23868, -9.74868],
							"uv": {
								"north": {"uv": [251, 88], "uv_size": [2, 7]},
								"east": {"uv": [251, 5], "uv_size": [1, 7]},
								"south": {"uv": [277, 88], "uv_size": [2, 7]},
								"west": {"uv": [246, 19], "uv_size": [1, 7]},
								"up": {"uv": [238, 27], "uv_size": [2, 1]},
								"down": {"uv": [240, 28], "uv_size": [2, -1]}
							}
						},
						{
							"origin": [-3.93334, 31.59024, 0.01629],
							"size": [3, 2.5, 1],
							"pivot": [-2.43334, 31.89024, 0.01629],
							"rotation": [16.80906, 2.23868, -9.74868],
							"uv": {
								"north": {"uv": [252, 36], "uv_size": [3, 3]},
								"east": {"uv": [244, 13], "uv_size": [1, 3]},
								"south": {"uv": [269, 39], "uv_size": [3, 3]},
								"west": {"uv": [251, 14], "uv_size": [1, 3]},
								"up": {"uv": [256, 13], "uv_size": [3, 1]},
								"down": {"uv": [256, 23], "uv_size": [3, -1]}
							}
						}
					]
				},
				{
					"name": "eyes",
					"parent": "head",
					"pivot": [0, 26, -2.6],
					"cubes": [
						{
							"origin": [-3.5, 24.8, -3.6],
							"size": [7, 2.2, 0],
							"uv": {
								"north": {"uv": [254, 27], "uv_size": [2, 2]},
								"east": {"uv": [238, 5], "uv_size": [0, 2]},
								"south": {"uv": [254, 29], "uv_size": [2, 2]},
								"west": {"uv": [238, 5], "uv_size": [0, 2]},
								"up": {"uv": [238, 5], "uv_size": [2, 0]},
								"down": {"uv": [238, 5], "uv_size": [2, 0]}
							}
						}
					]
				},
				{
					"name": "twoeyes",
					"parent": "eyes",
					"pivot": [0, 0, 0]
				},
				{
					"name": "eye_right",
					"parent": "twoeyes",
					"pivot": [-2, 25.975, -3.75],
					"cubes": [
						{
							"origin": [-2.1, 25.7, -3.8],
							"size": [0.3, 0.5, 0],
							"uv": {
								"north": {"uv": [244, 7], "uv_size": [1, 1]},
								"east": {"uv": [238, 5], "uv_size": [0, 1]},
								"south": {"uv": [244, 8], "uv_size": [1, 1]},
								"west": {"uv": [238, 5], "uv_size": [0, 1]},
								"up": {"uv": [238, 5], "uv_size": [1, 0]},
								"down": {"uv": [238, 5], "uv_size": [1, 0]}
							}
						},
						{
							"origin": [-2.8, 26.1, -3.8],
							"size": [0.3, 0.3, 0],
							"uv": {
								"north": {"uv": [244, 7], "uv_size": [1, 1]},
								"east": {"uv": [238, 5], "uv_size": [0, 1]},
								"south": {"uv": [244, 8], "uv_size": [1, 1]},
								"west": {"uv": [238, 5], "uv_size": [0, 1]},
								"up": {"uv": [238, 5], "uv_size": [1, 0]},
								"down": {"uv": [238, 5], "uv_size": [1, 0]}
							}
						},
						{
							"origin": [-2.8, 25.2, -3.7],
							"size": [1.5, 1.5, 0],
							"uv": {
								"north": {"uv": [264, 30], "uv_size": [2, 2]},
								"east": {"uv": [238, 5], "uv_size": [0, 2]},
								"south": {"uv": [266, 30], "uv_size": [2, 2]},
								"west": {"uv": [238, 5], "uv_size": [0, 2]},
								"up": {"uv": [238, 5], "uv_size": [2, 0]},
								"down": {"uv": [238, 5], "uv_size": [2, 0]}
							}
						},
						{
							"origin": [-1.5, 25.4, -3.8],
							"size": [0.2, 0.2, 0],
							"uv": {
								"north": {"uv": [244, 7], "uv_size": [1, 1]},
								"east": {"uv": [238, 5], "uv_size": [0, 1]},
								"south": {"uv": [244, 8], "uv_size": [1, 1]},
								"west": {"uv": [238, 5], "uv_size": [0, 1]},
								"up": {"uv": [238, 5], "uv_size": [1, 0]},
								"down": {"uv": [238, 5], "uv_size": [1, 0]}
							}
						}
					]
				},
				{
					"name": "eye_left",
					"parent": "eye_right",
					"pivot": [2, 25.975, -3.75],
					"cubes": [
						{
							"origin": [1.3, 25.2, -3.7],
							"size": [1.5, 1.5, 0],
							"uv": {
								"north": {"uv": [266, 30], "uv_size": [-2, 2]},
								"east": {"uv": [238, 5], "uv_size": [0, 2]},
								"south": {"uv": [268, 30], "uv_size": [-2, 2]},
								"west": {"uv": [238, 5], "uv_size": [0, 2]},
								"up": {"uv": [240, 5], "uv_size": [-2, 0]},
								"down": {"uv": [240, 5], "uv_size": [-2, 0]}
							}
						},
						{
							"origin": [1.8, 25.7, -3.8],
							"size": [0.3, 0.5, 0],
							"uv": {
								"north": {"uv": [244, 5], "uv_size": [1, 1]},
								"east": {"uv": [238, 5], "uv_size": [0, 1]},
								"south": {"uv": [244, 6], "uv_size": [1, 1]},
								"west": {"uv": [238, 5], "uv_size": [0, 1]},
								"up": {"uv": [238, 5], "uv_size": [1, 0]},
								"down": {"uv": [238, 5], "uv_size": [1, 0]}
							}
						},
						{
							"origin": [1.3, 26.1, -3.8],
							"size": [0.3, 0.3, 0],
							"uv": {
								"north": {"uv": [244, 7], "uv_size": [1, 1]},
								"east": {"uv": [238, 5], "uv_size": [0, 1]},
								"south": {"uv": [244, 8], "uv_size": [1, 1]},
								"west": {"uv": [238, 5], "uv_size": [0, 1]},
								"up": {"uv": [238, 5], "uv_size": [1, 0]},
								"down": {"uv": [238, 5], "uv_size": [1, 0]}
							}
						},
						{
							"origin": [2.6, 25.4, -3.8],
							"size": [0.2, 0.2, 0],
							"uv": {
								"north": {"uv": [244, 7], "uv_size": [1, 1]},
								"east": {"uv": [238, 5], "uv_size": [0, 1]},
								"south": {"uv": [244, 8], "uv_size": [1, 1]},
								"west": {"uv": [238, 5], "uv_size": [0, 1]},
								"up": {"uv": [238, 5], "uv_size": [1, 0]},
								"down": {"uv": [238, 5], "uv_size": [1, 0]}
							}
						}
					]
				},
				{
					"name": "eyelid",
					"parent": "head",
					"pivot": [0, 27.8, -2.9],
					"cubes": [
						{
							"origin": [-3.5, 26.8, -4.1],
							"size": [7, 4, 0.1],
							"uv": {
								"north": {"uv": [321, 14], "uv_size": [8, 4]},
								"east": {"uv": [238, 5], "uv_size": [1, 4]},
								"south": {"uv": [321, 26], "uv_size": [8, 4]},
								"west": {"uv": [237, 5], "uv_size": [1, 4]},
								"up": {"uv": [236, 2], "uv_size": [8, -1]},
								"down": {"uv": [235, 13], "uv_size": [8, 1]}
							}
						},
						{
							"origin": [-4, 26.5, -4.2],
							"size": [2, 0.5, 0],
							"uv": {
								"north": {"uv": [238, 18], "uv_size": [2, 1]},
								"east": {"uv": [238, 5], "uv_size": [0, 1]},
								"south": {"uv": [240, 18], "uv_size": [2, 1]},
								"west": {"uv": [238, 5], "uv_size": [0, 1]},
								"up": {"uv": [238, 5], "uv_size": [2, 0]},
								"down": {"uv": [238, 5], "uv_size": [2, 0]}
							}
						},
						{
							"origin": [0.87382, 26.37375, -4.2],
							"size": [1.2, 0.5, 0],
							"pivot": [1.07382, 26.37375, -5.2],
							"rotation": [0, 0, -7.5],
							"uv": {
								"north": {"uv": [244, 9], "uv_size": [1, 1]},
								"east": {"uv": [238, 5], "uv_size": [0, 1]},
								"south": {"uv": [244, 10], "uv_size": [1, 1]},
								"west": {"uv": [238, 5], "uv_size": [0, 1]},
								"up": {"uv": [238, 5], "uv_size": [1, 0]},
								"down": {"uv": [238, 5], "uv_size": [1, 0]}
							}
						},
						{
							"origin": [2, 26.5, -4.2],
							"size": [2, 0.5, 0],
							"uv": {
								"north": {"uv": [242, 18], "uv_size": [2, 1]},
								"east": {"uv": [238, 5], "uv_size": [0, 1]},
								"south": {"uv": [244, 18], "uv_size": [2, 1]},
								"west": {"uv": [238, 5], "uv_size": [0, 1]},
								"up": {"uv": [238, 5], "uv_size": [2, 0]},
								"down": {"uv": [238, 5], "uv_size": [2, 0]}
							}
						},
						{
							"origin": [-2.07382, 26.37375, -4.2],
							"size": [1.2, 0.5, 0],
							"pivot": [-1.07382, 26.37375, -5.2],
							"rotation": [0, 0, 7.5],
							"uv": {
								"north": {"uv": [244, 11], "uv_size": [1, 1]},
								"east": {"uv": [238, 5], "uv_size": [0, 1]},
								"south": {"uv": [244, 12], "uv_size": [1, 1]},
								"west": {"uv": [238, 5], "uv_size": [0, 1]},
								"up": {"uv": [238, 5], "uv_size": [1, 0]},
								"down": {"uv": [238, 5], "uv_size": [1, 0]}
							}
						}
					]
				},
				{
					"name": "eyebrows",
					"parent": "head",
					"pivot": [0, 24.2, 0],
					"cubes": [
						{
							"origin": [-3.1, 27.6, -4.2],
							"size": [2, 0.4, 0],
							"pivot": [-2.1, 27.6, -5.2],
							"rotation": [0, 0, 3],
							"uv": {
								"north": {"uv": [248, 18], "uv_size": [2, 1]},
								"east": {"uv": [238, 5], "uv_size": [0, 1]},
								"south": {"uv": [250, 18], "uv_size": [2, 1]},
								"west": {"uv": [238, 5], "uv_size": [0, 1]},
								"up": {"uv": [238, 5], "uv_size": [2, 0]},
								"down": {"uv": [238, 5], "uv_size": [2, 0]}
							}
						},
						{
							"origin": [1.1, 27.6, -4.2],
							"size": [2, 0.4, 0],
							"pivot": [2.1, 27.6, -5.2],
							"rotation": [0, 0, -3],
							"uv": {
								"north": {"uv": [246, 18], "uv_size": [2, 1]},
								"east": {"uv": [238, 5], "uv_size": [0, 1]},
								"south": {"uv": [251, 13], "uv_size": [2, 1]},
								"west": {"uv": [238, 5], "uv_size": [0, 1]},
								"up": {"uv": [238, 5], "uv_size": [2, 0]},
								"down": {"uv": [238, 5], "uv_size": [2, 0]}
							}
						}
					]
				},
				{
					"name": "arm_left",
					"parent": "torso",
					"pivot": [4, 22, 0],
					"rotation": [0, 0, -5],
					"cubes": [
						{
							"origin": [3.41284, 18.00381, -2],
							"size": [2.5, 5, 4],
							"uv": {
								"north": {"uv": [242, 73], "uv_size": [3, 5]},
								"east": {"uv": [297, 24], "uv_size": [4, 5]},
								"south": {"uv": [306, 17], "uv_size": [3, 5]},
								"west": {"uv": [297, 40], "uv_size": [4, 5]},
								"up": {"uv": [315, 5], "uv_size": [3, 4]},
								"down": {"uv": [315, 73], "uv_size": [3, -4]}
							}
						},
						{
							"origin": [3.41284, 18.00381, -2],
							"size": [2.5, 5, 4],
							"inflate": 0.25,
							"uv": {
								"north": {"uv": [251, 73], "uv_size": [3, 5]},
								"east": {"uv": [298, 5], "uv_size": [4, 5]},
								"south": {"uv": [255, 73], "uv_size": [3, 5]},
								"west": {"uv": [265, 65], "uv_size": [4, 5]},
								"up": {"uv": [305, 82], "uv_size": [3, 4]},
								"down": {"uv": [316, 53], "uv_size": [3, -4]}
							}
						}
					]
				},
				{
					"name": "arm_bot_left",
					"parent": "arm_left",
					"pivot": [4.11284, 18.00381, 0],
					"rotation": [0, 0, -5],
					"cubes": [
						{
							"origin": [3.45138, 11.01522, -2],
							"size": [2.4, 7, 4],
							"uv": {
								"north": {"uv": [316, 54], "uv_size": [2, 6]},
								"east": {"uv": [245, 54], "uv_size": [4, 6]},
								"south": {"uv": [316, 74], "uv_size": [2, 6]},
								"west": {"uv": [258, 54], "uv_size": [4, 6]},
								"up": {"uv": [294, 86], "uv_size": [2, 4]},
								"down": {"uv": [319, 73], "uv_size": [2, -4]}
							}
						},
						{
							"origin": [3.45138, 12.01522, -2],
							"size": [2.4, 6, 4],
							"inflate": 0.25,
							"uv": {
								"north": {"uv": [291, 10], "uv_size": [2, 6]},
								"east": {"uv": [285, 31], "uv_size": [4, 6]},
								"south": {"uv": [297, 78], "uv_size": [2, 6]},
								"west": {"uv": [286, 38], "uv_size": [4, 6]},
								"up": {"uv": [260, 41], "uv_size": [2, 4]},
								"down": {"uv": [318, 48], "uv_size": [2, -4]}
							}
						}
					]
				},
				{
					"name": "shealth",
					"parent": "arm_bot_left",
					"pivot": [4.55138, 10.411, -0.04128],
					"cubes": [
						{
							"origin": [3.85138, 9.31522, -3.5],
							"size": [1.4, 2.4, 11],
							"uv": {
								"north": {"uv": [368, 44], "uv_size": [3, 5]},
								"east": {"uv": [340, 8], "uv_size": [22, 5]},
								"south": {"uv": [376, 38], "uv_size": [3, 5]},
								"west": {"uv": [340, 14], "uv_size": [22, 5]},
								"up": {"uv": [340, 26], "uv_size": [3, 22]},
								"down": {"uv": [344, 48], "uv_size": [3, -22]}
							}
						},
						{
							"origin": [3.85138, 9.20826, 7.24881],
							"size": [1.4, 2.4, 8],
							"pivot": [4.85138, 9.90826, 8.24881],
							"rotation": [-7, 0, 0],
							"uv": {
								"north": {"uv": [376, 44], "uv_size": [3, 5]},
								"east": {"uv": [340, 20], "uv_size": [16, 5]},
								"south": {"uv": [378, 8], "uv_size": [3, 5]},
								"west": {"uv": [356, 20], "uv_size": [16, 5]},
								"up": {"uv": [348, 32], "uv_size": [3, 16]},
								"down": {"uv": [352, 48], "uv_size": [3, -16]}
							}
						},
						{
							"origin": [3.85138, 8.17606, 15.00269],
							"size": [1.4, 2.4, 6],
							"pivot": [4.85138, 8.87606, 16.00269],
							"rotation": [-12, 0, 0],
							"uv": {
								"north": {"uv": [340, 48], "uv_size": [3, 5]},
								"east": {"uv": [348, 26], "uv_size": [12, 5]},
								"south": {"uv": [344, 48], "uv_size": [3, 5]},
								"west": {"uv": [360, 26], "uv_size": [12, 5]},
								"up": {"uv": [362, 8], "uv_size": [3, 12]},
								"down": {"uv": [356, 44], "uv_size": [3, -12]}
							}
						},
						{
							"origin": [3.55138, 9.51522, -4.5],
							"size": [2, 2, 1],
							"uv": {
								"north": {"uv": [356, 44], "uv_size": [4, 4]},
								"east": {"uv": [374, 14], "uv_size": [2, 4]},
								"south": {"uv": [376, 26], "uv_size": [4, 4]},
								"west": {"uv": [366, 48], "uv_size": [2, 4]},
								"up": {"uv": [366, 18], "uv_size": [4, 2]},
								"down": {"uv": [380, 44], "uv_size": [4, -2]}
							}
						},
						{
							"origin": [5.35138, 9.51522, -5.7],
							"size": [1, 2, 3.6],
							"uv": {
								"north": {"uv": [380, 44], "uv_size": [2, 4]},
								"east": {"uv": [360, 32], "uv_size": [7, 4]},
								"south": {"uv": [380, 48], "uv_size": [2, 4]},
								"west": {"uv": [366, 8], "uv_size": [7, 4]},
								"up": {"uv": [380, 14], "uv_size": [2, 7]},
								"down": {"uv": [348, 55], "uv_size": [2, -7]}
							}
						},
						{
							"origin": [3.55138, 8.35724, -4.56031],
							"size": [2, 1.5, 1],
							"pivot": [4.55138, 9.85724, -3.56031],
							"rotation": [20, 0, 0],
							"uv": {
								"north": {"uv": [350, 48], "uv_size": [4, 3]},
								"east": {"uv": [382, 16], "uv_size": [2, 3]},
								"south": {"uv": [354, 48], "uv_size": [4, 3]},
								"west": {"uv": [368, 50], "uv_size": [2, 3]},
								"up": {"uv": [382, 8], "uv_size": [4, 2]},
								"down": {"uv": [382, 12], "uv_size": [4, -2]}
							}
						},
						{
							"origin": [3.55138, 11.1732, -4.56031],
							"size": [2, 1.5, 1],
							"pivot": [4.55138, 11.1732, -3.56031],
							"rotation": [-20, 0, 0],
							"uv": {
								"north": {"uv": [380, 22], "uv_size": [4, 3]},
								"east": {"uv": [370, 50], "uv_size": [2, 3]},
								"south": {"uv": [358, 48], "uv_size": [4, 3]},
								"west": {"uv": [376, 50], "uv_size": [2, 3]},
								"up": {"uv": [382, 12], "uv_size": [4, 2]},
								"down": {"uv": [382, 16], "uv_size": [4, -2]}
							}
						},
						{
							"origin": [4.85138, 12.42476, -4.12094],
							"size": [0.7, 1, 1],
							"pivot": [4.55138, 12.42476, -3.12094],
							"rotation": [-30, 0, 0],
							"uv": {
								"north": {"uv": [352, 52], "uv_size": [1, 2]},
								"east": {"uv": [370, 18], "uv_size": [2, 2]},
								"south": {"uv": [384, 20], "uv_size": [1, 2]},
								"west": {"uv": [382, 20], "uv_size": [2, 2]},
								"up": {"uv": [354, 52], "uv_size": [1, 2]},
								"down": {"uv": [384, 24], "uv_size": [1, -2]}
							}
						},
						{
							"origin": [3.55138, 12.42476, -4.12094],
							"size": [0.7, 1, 1],
							"pivot": [4.55138, 12.42476, -3.12094],
							"rotation": [-30, 0, 0],
							"uv": {
								"north": {"uv": [356, 52], "uv_size": [1, 2]},
								"east": {"uv": [382, 44], "uv_size": [2, 2]},
								"south": {"uv": [384, 24], "uv_size": [1, 2]},
								"west": {"uv": [378, 50], "uv_size": [2, 2]},
								"up": {"uv": [358, 52], "uv_size": [1, 2]},
								"down": {"uv": [384, 28], "uv_size": [1, -2]}
							}
						},
						{
							"origin": [4.85138, 7.60568, -4.12094],
							"size": [0.7, 1, 1],
							"pivot": [4.55138, 8.60568, -3.12094],
							"rotation": [30, 0, 0],
							"uv": {
								"north": {"uv": [360, 52], "uv_size": [1, 2]},
								"east": {"uv": [382, 46], "uv_size": [2, 2]},
								"south": {"uv": [384, 28], "uv_size": [1, 2]},
								"west": {"uv": [382, 48], "uv_size": [2, 2]},
								"up": {"uv": [362, 52], "uv_size": [1, 2]},
								"down": {"uv": [384, 32], "uv_size": [1, -2]}
							}
						},
						{
							"origin": [3.55138, 7.60568, -4.12094],
							"size": [0.7, 1, 1],
							"pivot": [4.55138, 8.60568, -3.12094],
							"rotation": [30, 0, 0],
							"uv": {
								"north": {"uv": [364, 52], "uv_size": [1, 2]},
								"east": {"uv": [382, 50], "uv_size": [2, 2]},
								"south": {"uv": [384, 32], "uv_size": [1, 2]},
								"west": {"uv": [384, 16], "uv_size": [2, 2]},
								"up": {"uv": [366, 52], "uv_size": [1, 2]},
								"down": {"uv": [384, 36], "uv_size": [1, -2]}
							}
						},
						{
							"origin": [3.65138, 9.111, 0.05872],
							"size": [1.8, 2.8, 2],
							"uv": {
								"north": {"uv": [366, 12], "uv_size": [4, 6]},
								"east": {"uv": [360, 36], "uv_size": [4, 6]},
								"south": {"uv": [364, 36], "uv_size": [4, 6]},
								"west": {"uv": [368, 32], "uv_size": [4, 6]},
								"up": {"uv": [376, 30], "uv_size": [4, 4]},
								"down": {"uv": [376, 38], "uv_size": [4, -4]}
							}
						},
						{
							"origin": [3.55138, 9.011, 0.35872],
							"size": [2, 3, 1.4],
							"uv": {
								"north": {"uv": [370, 12], "uv_size": [4, 6]},
								"east": {"uv": [374, 8], "uv_size": [3, 6]},
								"south": {"uv": [368, 38], "uv_size": [4, 6]},
								"west": {"uv": [360, 42], "uv_size": [3, 6]},
								"up": {"uv": [380, 26], "uv_size": [4, 3]},
								"down": {"uv": [362, 51], "uv_size": [4, -3]}
							}
						},
						{
							"origin": [3.55138, 9.011, 3.75872],
							"size": [2, 3, 1.4],
							"uv": {
								"north": {"uv": [372, 18], "uv_size": [4, 6]},
								"east": {"uv": [364, 42], "uv_size": [3, 6]},
								"south": {"uv": [372, 24], "uv_size": [4, 6]},
								"west": {"uv": [372, 42], "uv_size": [3, 6]},
								"up": {"uv": [380, 30], "uv_size": [4, 3]},
								"down": {"uv": [380, 37], "uv_size": [4, -3]}
							}
						},
						{
							"origin": [3.75138, 9.111, 3.45872],
							"size": [1.6, 2.8, 2],
							"uv": {
								"north": {"uv": [376, 14], "uv_size": [3, 6]},
								"east": {"uv": [372, 30], "uv_size": [4, 6]},
								"south": {"uv": [376, 20], "uv_size": [3, 6]},
								"west": {"uv": [372, 36], "uv_size": [4, 6]},
								"up": {"uv": [380, 38], "uv_size": [3, 4]},
								"down": {"uv": [372, 52], "uv_size": [3, -4]}
							}
						},
						{
							"origin": [4.35138, 8.311, 0.65872],
							"size": [0.4, 0.7, 0.8],
							"uv": {
								"north": {"uv": [344, 54], "uv_size": [1, 1]},
								"east": {"uv": [384, 36], "uv_size": [2, 1]},
								"south": {"uv": [386, 12], "uv_size": [1, 1]},
								"west": {"uv": [384, 38], "uv_size": [2, 1]},
								"up": {"uv": [372, 52], "uv_size": [1, 2]},
								"down": {"uv": [384, 42], "uv_size": [1, -2]}
							}
						},
						{
							"origin": [4.35138, 8.311, 4.05872],
							"size": [0.4, 0.7, 0.8],
							"uv": {
								"north": {"uv": [346, 54], "uv_size": [1, 1]},
								"east": {"uv": [340, 54], "uv_size": [2, 1]},
								"south": {"uv": [386, 14], "uv_size": [1, 1]},
								"west": {"uv": [386, 8], "uv_size": [2, 1]},
								"up": {"uv": [342, 54], "uv_size": [1, 2]},
								"down": {"uv": [386, 12], "uv_size": [1, -2]}
							}
						}
					]
				},
				{
					"name": "de1",
					"parent": "shealth",
					"pivot": [4.55138, 8.29592, 1.03816],
					"cubes": [
						{
							"origin": [4.55138, 5.711, -0.44128],
							"size": [0, 0.7, 1.2],
							"pivot": [4.15138, 4.411, 0.45872],
							"rotation": [-38, 0, 0],
							"uv": {
								"north": {"uv": [340, 8], "uv_size": [0, 1]},
								"east": {"uv": [384, 50], "uv_size": [2, 1]},
								"south": {"uv": [340, 8], "uv_size": [0, 1]},
								"west": {"uv": [384, 52], "uv_size": [2, 1]},
								"up": {"uv": [340, 8], "uv_size": [0, 2]},
								"down": {"uv": [340, 10], "uv_size": [0, -2]}
							}
						},
						{
							"origin": [4.55138, 6.611, -0.44128],
							"size": [0, 0.7, 1.2],
							"pivot": [4.15138, 5.311, 0.45872],
							"rotation": [-38, 0, 0],
							"uv": {
								"north": {"uv": [340, 8], "uv_size": [0, 1]},
								"east": {"uv": [384, 48], "uv_size": [2, 1]},
								"south": {"uv": [340, 8], "uv_size": [0, 1]},
								"west": {"uv": [382, 52], "uv_size": [2, 1]},
								"up": {"uv": [340, 8], "uv_size": [0, 2]},
								"down": {"uv": [340, 10], "uv_size": [0, -2]}
							}
						},
						{
							"origin": [4.55138, 7.511, -0.44128],
							"size": [0, 0.7, 1.2],
							"pivot": [4.15138, 6.211, 0.45872],
							"rotation": [-38, 0, 0],
							"uv": {
								"north": {"uv": [340, 8], "uv_size": [0, 1]},
								"east": {"uv": [374, 52], "uv_size": [2, 1]},
								"south": {"uv": [340, 8], "uv_size": [0, 1]},
								"west": {"uv": [384, 42], "uv_size": [2, 1]},
								"up": {"uv": [340, 8], "uv_size": [0, 2]},
								"down": {"uv": [340, 10], "uv_size": [0, -2]}
							}
						}
					]
				},
				{
					"name": "de2",
					"parent": "shealth",
					"pivot": [4.55138, 8.411, 4.45872],
					"cubes": [
						{
							"origin": [4.55138, 5.811, 2.95872],
							"size": [0, 0.7, 1.2],
							"pivot": [4.15138, 4.511, 3.85872],
							"rotation": [-38, 0, 0],
							"uv": {
								"north": {"uv": [340, 8], "uv_size": [0, 1]},
								"east": {"uv": [384, 44], "uv_size": [2, 1]},
								"south": {"uv": [340, 8], "uv_size": [0, 1]},
								"west": {"uv": [378, 52], "uv_size": [2, 1]},
								"up": {"uv": [340, 8], "uv_size": [0, 2]},
								"down": {"uv": [340, 10], "uv_size": [0, -2]}
							}
						},
						{
							"origin": [4.55138, 6.711, 2.95872],
							"size": [0, 0.7, 1.2],
							"pivot": [4.15138, 5.411, 3.85872],
							"rotation": [-38, 0, 0],
							"uv": {
								"north": {"uv": [340, 8], "uv_size": [0, 1]},
								"east": {"uv": [384, 46], "uv_size": [2, 1]},
								"south": {"uv": [340, 8], "uv_size": [0, 1]},
								"west": {"uv": [380, 52], "uv_size": [2, 1]},
								"up": {"uv": [340, 8], "uv_size": [0, 2]},
								"down": {"uv": [340, 10], "uv_size": [0, -2]}
							}
						},
						{
							"origin": [4.55138, 7.611, 2.95872],
							"size": [0, 0.7, 1.2],
							"pivot": [4.15138, 6.311, 3.85872],
							"rotation": [-38, 0, 0],
							"uv": {
								"north": {"uv": [340, 8], "uv_size": [0, 1]},
								"east": {"uv": [350, 52], "uv_size": [2, 1]},
								"south": {"uv": [340, 8], "uv_size": [0, 1]},
								"west": {"uv": [384, 18], "uv_size": [2, 1]},
								"up": {"uv": [340, 8], "uv_size": [0, 2]},
								"down": {"uv": [340, 10], "uv_size": [0, -2]}
							}
						}
					]
				},
				{
					"name": "blade",
					"parent": "shealth",
					"pivot": [4.55138, 10.41102, -0.0413],
					"cubes": [
						{
							"origin": [4.35138, 9.71102, -4.6413],
							"size": [0.4, 1.5, 12],
							"uv": {
								"north": {"uv": [415, 42], "uv_size": [2, 3]},
								"east": {"uv": [405, 8], "uv_size": [24, 3]},
								"south": {"uv": [439, 24], "uv_size": [2, 3]},
								"west": {"uv": [405, 12], "uv_size": [24, 3]},
								"up": {"uv": [405, 16], "uv_size": [2, 24]},
								"down": {"uv": [407, 40], "uv_size": [2, -24]}
							}
						},
						{
							"origin": [4.15138, 9.50312, -15.43549],
							"size": [0.8, 1.3, 4.8],
							"pivot": [4.55138, 9.99057, -12.58047],
							"rotation": [4, 0, 0],
							"uv": {
								"north": {"uv": [439, 32], "uv_size": [2, 3]},
								"east": {"uv": [425, 20], "uv_size": [10, 3]},
								"south": {"uv": [439, 36], "uv_size": [2, 3]},
								"west": {"uv": [421, 28], "uv_size": [10, 3]},
								"up": {"uv": [435, 20], "uv_size": [2, 10]},
								"down": {"uv": [405, 50], "uv_size": [2, -10]}
							}
						},
						{
							"origin": [4.15138, 9.57038, -10.67201],
							"size": [0.8, 1.3, 5.6],
							"pivot": [4.55138, 9.99057, -12.58047],
							"rotation": [2, 0, 0],
							"uv": {
								"north": {"uv": [439, 40], "uv_size": [2, 3]},
								"east": {"uv": [417, 24], "uv_size": [11, 3]},
								"south": {"uv": [441, 10], "uv_size": [2, 3]},
								"west": {"uv": [425, 16], "uv_size": [11, 3]},
								"up": {"uv": [421, 32], "uv_size": [2, 11]},
								"down": {"uv": [423, 43], "uv_size": [2, -11]}
							}
						},
						{
							"origin": [3.85138, 8.30312, -16.83549],
							"size": [1.4, 3.7, 0.4],
							"pivot": [4.55138, 9.99057, -12.58047],
							"rotation": [4, 0, 0],
							"uv": {
								"north": {"uv": [409, 34], "uv_size": [3, 7]},
								"east": {"uv": [439, 10], "uv_size": [1, 7]},
								"south": {"uv": [413, 34], "uv_size": [3, 7]},
								"west": {"uv": [409, 42], "uv_size": [1, 7]},
								"up": {"uv": [445, 48], "uv_size": [3, 1]},
								"down": {"uv": [405, 51], "uv_size": [3, -1]}
							}
						},
						{
							"origin": [3.25138, 6.40312, -16.23549],
							"size": [1.4, 3.7, 0.4],
							"pivot": [3.95138, 8.09057, -11.98047],
							"rotation": [3.19642, -2.40601, 36.93286],
							"uv": {
								"north": {"uv": [425, 32], "uv_size": [3, 7]},
								"east": {"uv": [435, 40], "uv_size": [1, 7]},
								"south": {"uv": [429, 32], "uv_size": [3, 7]},
								"west": {"uv": [437, 40], "uv_size": [1, 7]},
								"up": {"uv": [445, 44], "uv_size": [3, 1]},
								"down": {"uv": [445, 47], "uv_size": [3, -1]}
							}
						},
						{
							"origin": [5.49163, 10.73082, -18.63549],
							"size": [0.4, 0.4, 2.8],
							"pivot": [4.55138, 9.79057, -12.58047],
							"rotation": [2.83073, 2.82728, -44.93013],
							"uv": {
								"north": {"uv": [447, 32], "uv_size": [1, 1]},
								"east": {"uv": [437, 28], "uv_size": [6, 1]},
								"south": {"uv": [431, 50], "uv_size": [1, 1]},
								"west": {"uv": [439, 18], "uv_size": [6, 1]},
								"up": {"uv": [417, 44], "uv_size": [1, 6]},
								"down": {"uv": [419, 50], "uv_size": [1, -6]}
							}
						},
						{
							"origin": [3.44102, 9.08021, -18.63549],
							"size": [0.4, 0.4, 2.8],
							"pivot": [4.55138, 10.19057, -12.58047],
							"rotation": [2.83073, 2.82728, -44.93013],
							"uv": {
								"north": {"uv": [447, 34], "uv_size": [1, 1]},
								"east": {"uv": [441, 14], "uv_size": [6, 1]},
								"south": {"uv": [433, 50], "uv_size": [1, 1]},
								"west": {"uv": [441, 16], "uv_size": [6, 1]},
								"up": {"uv": [421, 44], "uv_size": [1, 6]},
								"down": {"uv": [423, 50], "uv_size": [1, -6]}
							}
						},
						{
							"origin": [3.85138, 8.30312, -15.83549],
							"size": [1.4, 3.7, 0.4],
							"pivot": [4.55138, 9.99057, -12.58047],
							"rotation": [4, 0, 0],
							"uv": {
								"north": {"uv": [431, 24], "uv_size": [3, 7]},
								"east": {"uv": [411, 42], "uv_size": [1, 7]},
								"south": {"uv": [433, 32], "uv_size": [3, 7]},
								"west": {"uv": [413, 42], "uv_size": [1, 7]},
								"up": {"uv": [447, 8], "uv_size": [3, 1]},
								"down": {"uv": [447, 11], "uv_size": [3, -1]}
							}
						},
						{
							"origin": [4.35138, 9.60978, 7.2905],
							"size": [0.4, 1.5, 7.9],
							"pivot": [4.55138, 10.50978, 8.2905],
							"rotation": [-6, 0, 0],
							"uv": {
								"north": {"uv": [441, 24], "uv_size": [2, 3]},
								"east": {"uv": [409, 16], "uv_size": [16, 3]},
								"south": {"uv": [441, 32], "uv_size": [2, 3]},
								"west": {"uv": [409, 20], "uv_size": [16, 3]},
								"up": {"uv": [417, 28], "uv_size": [2, 16]},
								"down": {"uv": [419, 44], "uv_size": [2, -16]}
							}
						},
						{
							"origin": [4.35138, 8.70546, 15.08256],
							"size": [0.4, 1.5, 3.8],
							"pivot": [4.55138, 9.60546, 16.08256],
							"rotation": [-11, 0, 0],
							"uv": {
								"north": {"uv": [441, 36], "uv_size": [2, 3]},
								"east": {"uv": [429, 8], "uv_size": [8, 3]},
								"south": {"uv": [441, 40], "uv_size": [2, 3]},
								"west": {"uv": [429, 12], "uv_size": [8, 3]},
								"up": {"uv": [429, 40], "uv_size": [2, 8]},
								"down": {"uv": [437, 40], "uv_size": [2, -8]}
							}
						},
						{
							"origin": [4.35138, 7.98222, 18.79367],
							"size": [0.4, 0.5, 2.1],
							"pivot": [4.55138, 8.78222, 19.79367],
							"rotation": [-11, 0, 0],
							"uv": {
								"north": {"uv": [447, 14], "uv_size": [2, 1]},
								"east": {"uv": [443, 10], "uv_size": [4, 1]},
								"south": {"uv": [413, 50], "uv_size": [2, 1]},
								"west": {"uv": [443, 12], "uv_size": [4, 1]},
								"up": {"uv": [429, 24], "uv_size": [2, 4]},
								"down": {"uv": [437, 28], "uv_size": [2, -4]}
							}
						},
						{
							"origin": [4.35138, 8.96569, 18.9654],
							"size": [0.4, 0.5, 1],
							"pivot": [4.55138, 9.66569, 19.9654],
							"rotation": [-11, 0, 0],
							"uv": {
								"north": {"uv": [447, 16], "uv_size": [2, 1]},
								"east": {"uv": [447, 18], "uv_size": [2, 1]},
								"south": {"uv": [417, 50], "uv_size": [2, 1]},
								"west": {"uv": [447, 20], "uv_size": [2, 1]},
								"up": {"uv": [445, 18], "uv_size": [2, 2]},
								"down": {"uv": [445, 38], "uv_size": [2, -2]}
							}
						},
						{
							"origin": [4.35138, 8.4712, 18.90815],
							"size": [0.4, 0.5, 1.6],
							"pivot": [4.55138, 9.3712, 19.90815],
							"rotation": [-11, 0, 0],
							"uv": {
								"north": {"uv": [419, 50], "uv_size": [2, 1]},
								"east": {"uv": [409, 50], "uv_size": [3, 1]},
								"south": {"uv": [447, 22], "uv_size": [2, 1]},
								"west": {"uv": [447, 12], "uv_size": [3, 1]},
								"up": {"uv": [439, 44], "uv_size": [2, 3]},
								"down": {"uv": [441, 47], "uv_size": [2, -3]}
							}
						},
						{
							"origin": [3.45138, 8.11102, -5.1413],
							"size": [2.2, 4.7, 0.5],
							"uv": {
								"north": {"uv": [409, 24], "uv_size": [4, 9]},
								"east": {"uv": [431, 40], "uv_size": [1, 9]},
								"south": {"uv": [413, 24], "uv_size": [4, 9]},
								"west": {"uv": [433, 40], "uv_size": [1, 9]},
								"up": {"uv": [435, 48], "uv_size": [4, 1]},
								"down": {"uv": [445, 39], "uv_size": [4, -1]}
							}
						},
						{
							"origin": [3.95138, 12.81102, -5.1413],
							"size": [1.2, 0.5, 0.5],
							"uv": {
								"north": {"uv": [421, 50], "uv_size": [2, 1]},
								"east": {"uv": [447, 36], "uv_size": [1, 1]},
								"south": {"uv": [447, 24], "uv_size": [2, 1]},
								"west": {"uv": [435, 50], "uv_size": [1, 1]},
								"up": {"uv": [423, 50], "uv_size": [2, 1]},
								"down": {"uv": [447, 27], "uv_size": [2, -1]}
							}
						},
						{
							"origin": [2.95138, 9.01102, -5.1413],
							"size": [0.5, 3, 0.5],
							"uv": {
								"north": {"uv": [415, 46], "uv_size": [1, 6]},
								"east": {"uv": [443, 24], "uv_size": [1, 6]},
								"south": {"uv": [443, 32], "uv_size": [1, 6]},
								"west": {"uv": [443, 38], "uv_size": [1, 6]},
								"up": {"uv": [437, 50], "uv_size": [1, 1]},
								"down": {"uv": [447, 41], "uv_size": [1, -1]}
							}
						},
						{
							"origin": [5.65138, 9.01102, -5.1413],
							"size": [0.5, 3, 0.5],
							"uv": {
								"north": {"uv": [443, 44], "uv_size": [1, 6]},
								"east": {"uv": [445, 24], "uv_size": [1, 6]},
								"south": {"uv": [445, 30], "uv_size": [1, 6]},
								"west": {"uv": [429, 48], "uv_size": [1, 6]},
								"up": {"uv": [439, 50], "uv_size": [1, 1]},
								"down": {"uv": [447, 43], "uv_size": [1, -1]}
							}
						},
						{
							"origin": [3.95138, 7.61102, -5.1413],
							"size": [1.2, 0.5, 0.5],
							"uv": {
								"north": {"uv": [425, 50], "uv_size": [2, 1]},
								"east": {"uv": [441, 50], "uv_size": [1, 1]},
								"south": {"uv": [447, 28], "uv_size": [2, 1]},
								"west": {"uv": [443, 50], "uv_size": [1, 1]},
								"up": {"uv": [427, 50], "uv_size": [2, 1]},
								"down": {"uv": [447, 31], "uv_size": [2, -1]}
							}
						},
						{
							"origin": [4.15138, 11.71102, -7.0413],
							"size": [0.8, 0.8, 5.1],
							"pivot": [4.55138, 12.11102, -4.4913],
							"rotation": [0, 0, 45],
							"uv": {
								"north": {"uv": [445, 40], "uv_size": [2, 2]},
								"east": {"uv": [435, 30], "uv_size": [10, 2]},
								"south": {"uv": [439, 48], "uv_size": [2, 2]},
								"west": {"uv": [437, 8], "uv_size": [10, 2]},
								"up": {"uv": [407, 40], "uv_size": [2, 10]},
								"down": {"uv": [437, 20], "uv_size": [2, -10]}
							}
						},
						{
							"origin": [4.15138, 8.41102, -7.0413],
							"size": [0.8, 0.8, 5.1],
							"pivot": [4.55138, 8.81102, -4.4913],
							"rotation": [0, 0, 45],
							"uv": {
								"north": {"uv": [445, 42], "uv_size": [2, 2]},
								"east": {"uv": [437, 20], "uv_size": [10, 2]},
								"south": {"uv": [441, 48], "uv_size": [2, 2]},
								"west": {"uv": [437, 22], "uv_size": [10, 2]},
								"up": {"uv": [425, 40], "uv_size": [2, 10]},
								"down": {"uv": [427, 50], "uv_size": [2, -10]}
							}
						}
					]
				},
				{
					"name": "arm_right",
					"parent": "torso",
					"pivot": [-4, 22, 0],
					"rotation": [0, 0, 5],
					"cubes": [
						{
							"origin": [-5.91284, 18.00381, -2],
							"size": [2.5, 5, 4],
							"uv": {
								"north": {"uv": [259, 73], "uv_size": [3, 5]},
								"east": {"uv": [270, 65], "uv_size": [4, 5]},
								"south": {"uv": [273, 73], "uv_size": [3, 5]},
								"west": {"uv": [292, 66], "uv_size": [4, 5]},
								"up": {"uv": [238, 84], "uv_size": [3, 4]},
								"down": {"uv": [242, 88], "uv_size": [3, -4]}
							}
						},
						{
							"origin": [-5.91284, 18.00381, -2],
							"size": [2.5, 5, 4],
							"inflate": 0.25,
							"uv": {
								"north": {"uv": [277, 73], "uv_size": [3, 5]},
								"east": {"uv": [297, 66], "uv_size": [4, 5]},
								"south": {"uv": [281, 73], "uv_size": [3, 5]},
								"west": {"uv": [300, 11], "uv_size": [4, 5]},
								"up": {"uv": [317, 10], "uv_size": [3, 4]},
								"down": {"uv": [250, 88], "uv_size": [3, -4]}
							}
						}
					]
				},
				{
					"name": "arm_bot_right",
					"parent": "arm_right",
					"pivot": [-4.11284, 18.00381, 0],
					"rotation": [0, 0, 5],
					"cubes": [
						{
							"origin": [-5.85138, 11.01522, -2],
							"size": [2.4, 7, 4],
							"uv": {
								"north": {"uv": [317, 20], "uv_size": [2, 6]},
								"east": {"uv": [263, 54], "uv_size": [4, 6]},
								"south": {"uv": [254, 84], "uv_size": [2, 6]},
								"west": {"uv": [276, 54], "uv_size": [4, 6]},
								"up": {"uv": [319, 74], "uv_size": [2, 4]},
								"down": {"uv": [319, 83], "uv_size": [2, -4]}
							}
						},
						{
							"origin": [-5.85138, 12.01522, -2],
							"size": [2.4, 6, 4],
							"inflate": 0.25,
							"uv": {
								"north": {"uv": [257, 84], "uv_size": [2, 6]},
								"east": {"uv": [281, 54], "uv_size": [4, 6]},
								"south": {"uv": [260, 84], "uv_size": [2, 6]},
								"west": {"uv": [250, 55], "uv_size": [4, 6]},
								"up": {"uv": [320, 20], "uv_size": [2, 4]},
								"down": {"uv": [320, 53], "uv_size": [2, -4]}
							}
						}
					]
				},
				{
					"name": "xiuzi",
					"parent": "arm_bot_right",
					"pivot": [-4.65138, 12.01522, 0],
					"cubes": [
						{
							"origin": [-5.35138, 12.01522, 2.5],
							"size": [1.4, 6, 4],
							"inflate": 0.25,
							"uv": {
								"north": {"uv": [272, 84], "uv_size": [2, 6]},
								"east": {"uv": [286, 55], "uv_size": [4, 6]},
								"south": {"uv": [275, 84], "uv_size": [2, 6]},
								"west": {"uv": [290, 17], "uv_size": [4, 6]},
								"up": {"uv": [304, 87], "uv_size": [2, 4]},
								"down": {"uv": [321, 14], "uv_size": [2, -4]}
							}
						}
					]
				},
				{
					"name": "Twist",
					"parent": "torso",
					"pivot": [0, 19.5, 0],
					"cubes": [
						{
							"origin": [-2.30982, 11.95773, -2],
							"size": [3.2, 4.5, 4],
							"inflate": 0.25,
							"pivot": [0.39018, 18.95773, 0],
							"rotation": [0, 0, 9],
							"uv": {
								"north": {"uv": [307, 34], "uv_size": [3, 5]},
								"east": {"uv": [300, 30], "uv_size": [4, 5]},
								"south": {"uv": [307, 64], "uv_size": [3, 5]},
								"west": {"uv": [275, 67], "uv_size": [4, 5]},
								"up": {"uv": [309, 84], "uv_size": [3, 4]},
								"down": {"uv": [313, 88], "uv_size": [3, -4]}
							}
						},
						{
							"origin": [-0.89018, 11.95773, -2],
							"size": [3.2, 4.5, 4],
							"inflate": 0.25,
							"pivot": [-0.39018, 18.95773, 0],
							"rotation": [0, 0, -9],
							"uv": {
								"north": {"uv": [301, 74], "uv_size": [3, 5]},
								"east": {"uv": [300, 46], "uv_size": [4, 5]},
								"south": {"uv": [307, 70], "uv_size": [3, 5]},
								"west": {"uv": [280, 67], "uv_size": [4, 5]},
								"up": {"uv": [317, 84], "uv_size": [3, 4]},
								"down": {"uv": [246, 89], "uv_size": [3, -4]}
							}
						}
					]
				},
				{
					"name": "DR",
					"parent": "Twist",
					"pivot": [0, 18, 0]
				},
				{
					"name": "dr_front",
					"parent": "DR",
					"pivot": [0, 16, -2.2],
					"cubes": [
						{
							"origin": [-3, 6.51985, -2.88559],
							"size": [6, 4.5, 0],
							"pivot": [0, 11.06844, -2.84421],
							"rotation": [-1.5, 0, 0],
							"uv": {
								"north": {"uv": [290, 24], "uv_size": [6, 4]},
								"east": {"uv": [310, 29], "uv_size": [0, 4]},
								"south": {"uv": [290, 29], "uv_size": [6, 4]},
								"west": {"uv": [262, 79], "uv_size": [0, 4]},
								"up": {"uv": [323, 20], "uv_size": [6, 0]},
								"down": {"uv": [323, 21], "uv_size": [6, 0]}
							}
						},
						{
							"origin": [-3, 11, -2.5],
							"size": [6, 5, 0],
							"pivot": [0, 14, -2.5],
							"rotation": [-7.5, 0, 0],
							"uv": {
								"north": {"uv": [272, 31], "uv_size": [6, 5]},
								"east": {"uv": [249, 90], "uv_size": [0, 5]},
								"south": {"uv": [272, 37], "uv_size": [6, 5]},
								"west": {"uv": [323, 42], "uv_size": [0, 5]},
								"up": {"uv": [323, 22], "uv_size": [6, 0]},
								"down": {"uv": [323, 23], "uv_size": [6, 0]}
							}
						}
					]
				},
				{
					"name": "dr_back",
					"parent": "DR",
					"pivot": [0, 16, 2.1],
					"rotation": [3, 0, 0],
					"cubes": [
						{
							"origin": [-3, 5.5008, 2.79342],
							"size": [6, 5.5, 0],
							"pivot": [0, 10.95025, 2.73899],
							"rotation": [3.5, 0, 0],
							"uv": {
								"north": {"uv": [273, 14], "uv_size": [6, 5]},
								"east": {"uv": [323, 86], "uv_size": [0, 5]},
								"south": {"uv": [263, 40], "uv_size": [6, 5]},
								"west": {"uv": [254, 91], "uv_size": [0, 5]},
								"up": {"uv": [324, 10], "uv_size": [6, 0]},
								"down": {"uv": [324, 11], "uv_size": [6, 0]}
							}
						},
						{
							"origin": [-3, 10.98181, 2.39478],
							"size": [6, 5, 0],
							"pivot": [0, 13.98181, 2.39478],
							"rotation": [7.5, 0, 0],
							"uv": {
								"north": {"uv": [274, 5], "uv_size": [6, 5]},
								"east": {"uv": [255, 91], "uv_size": [0, 5]},
								"south": {"uv": [253, 41], "uv_size": [6, 5]},
								"west": {"uv": [256, 91], "uv_size": [0, 5]},
								"up": {"uv": [324, 12], "uv_size": [6, 0]},
								"down": {"uv": [324, 13], "uv_size": [6, 0]}
							}
						}
					]
				},
				{
					"name": "dr_right",
					"parent": "DR",
					"pivot": [-3.1, 15.9, 0.5],
					"rotation": [0, 90, 3],
					"cubes": [
						{
							"origin": [-5.1, 6.01985, -0.18559],
							"size": [5, 5, 0],
							"pivot": [-3.1, 11.06844, -0.14421],
							"rotation": [-4.5, 0, 0],
							"uv": {
								"north": {"uv": [279, 36], "uv_size": [5, 5]},
								"east": {"uv": [282, 90], "uv_size": [0, 5]},
								"south": {"uv": [280, 42], "uv_size": [5, 5]},
								"west": {"uv": [323, 49], "uv_size": [0, 5]},
								"up": {"uv": [323, 24], "uv_size": [5, 0]},
								"down": {"uv": [323, 55], "uv_size": [5, 0]}
							}
						},
						{
							"origin": [-5.1, 11, 0.2],
							"size": [5, 5, 0],
							"pivot": [-3.1, 14, 0.2],
							"rotation": [-7.5, 0, 0],
							"uv": {
								"north": {"uv": [281, 5], "uv_size": [5, 5]},
								"east": {"uv": [283, 90], "uv_size": [0, 5]},
								"south": {"uv": [280, 48], "uv_size": [5, 5]},
								"west": {"uv": [284, 90], "uv_size": [0, 5]},
								"up": {"uv": [323, 56], "uv_size": [5, 0]},
								"down": {"uv": [323, 57], "uv_size": [5, 0]}
							}
						}
					]
				},
				{
					"name": "dr_left",
					"parent": "DR",
					"pivot": [3.1, 15.9, 0.5],
					"rotation": [0, -90, -3],
					"cubes": [
						{
							"origin": [0.1, 6.01985, -0.18559],
							"size": [5, 5, 0],
							"pivot": [3.1, 11.06844, -0.14421],
							"rotation": [-4.5, 0, 0],
							"uv": {
								"north": {"uv": [284, 19], "uv_size": [5, 5]},
								"east": {"uv": [323, 58], "uv_size": [0, 5]},
								"south": {"uv": [284, 25], "uv_size": [5, 5]},
								"west": {"uv": [323, 64], "uv_size": [0, 5]},
								"up": {"uv": [323, 70], "uv_size": [5, 0]},
								"down": {"uv": [323, 71], "uv_size": [5, 0]}
							}
						},
						{
							"origin": [0.1, 11, 0.2],
							"size": [5, 5, 0],
							"pivot": [3.1, 14, 0.2],
							"rotation": [-7.5, 0, 0],
							"uv": {
								"north": {"uv": [270, 51], "uv_size": [5, 5]},
								"east": {"uv": [323, 72], "uv_size": [0, 5]},
								"south": {"uv": [285, 11], "uv_size": [5, 5]},
								"west": {"uv": [323, 78], "uv_size": [0, 5]},
								"up": {"uv": [323, 84], "uv_size": [5, 0]},
								"down": {"uv": [323, 85], "uv_size": [5, 0]}
							}
						}
					]
				},
				{
					"name": "drf_right",
					"parent": "DR",
					"pivot": [-3.2, 15.8, -2.4],
					"cubes": [
						{
							"origin": [-4.4, 8, -2.9],
							"size": [2, 1, 0],
							"pivot": [-3.4, 8, -1.9],
							"rotation": [-6.47546, 19.06861, 1.28302],
							"uv": {
								"north": {"uv": [252, 18], "uv_size": [2, 1]},
								"east": {"uv": [238, 5], "uv_size": [0, 1]},
								"south": {"uv": [253, 13], "uv_size": [2, 1]},
								"west": {"uv": [238, 5], "uv_size": [0, 1]},
								"up": {"uv": [238, 5], "uv_size": [2, 0]},
								"down": {"uv": [238, 5], "uv_size": [2, 0]}
							}
						},
						{
							"origin": [-3.6, 11, -5],
							"size": [0, 5, 2],
							"pivot": [-4.6, 7, -4],
							"rotation": [-11.71581, -65.23233, 16.58348],
							"uv": {
								"north": {"uv": [257, 91], "uv_size": [0, 5]},
								"east": {"uv": [271, 85], "uv_size": [-2, 5]},
								"south": {"uv": [258, 91], "uv_size": [0, 5]},
								"west": {"uv": [268, 85], "uv_size": [-2, 5]},
								"up": {"uv": [270, 40], "uv_size": [0, 2]},
								"down": {"uv": [271, 42], "uv_size": [0, -2]}
							}
						}
					]
				},
				{
					"name": "drf_left",
					"parent": "DR",
					"pivot": [3.2, 15.8, -2.4],
					"cubes": [
						{
							"origin": [3.86564, 6.42199, -4.85714],
							"size": [0, 4.5, 2],
							"pivot": [4.86564, 1.92199, -3.85714],
							"rotation": [-3.00327, 65.7464, -7.01197],
							"uv": {
								"north": {"uv": [284, 79], "uv_size": [0, 4]},
								"east": {"uv": [321, 32], "uv_size": [2, 4]},
								"south": {"uv": [259, 91], "uv_size": [0, 4]},
								"west": {"uv": [321, 37], "uv_size": [2, 4]},
								"up": {"uv": [278, 11], "uv_size": [0, 2]},
								"down": {"uv": [278, 30], "uv_size": [0, -2]}
							}
						},
						{
							"origin": [3.6, 11, -5],
							"size": [0, 5, 2],
							"pivot": [4.6, 7, -4],
							"rotation": [-11.71581, 65.23233, -16.58348],
							"uv": {
								"north": {"uv": [257, 91], "uv_size": [0, 5]},
								"east": {"uv": [266, 85], "uv_size": [2, 5]},
								"south": {"uv": [258, 91], "uv_size": [0, 5]},
								"west": {"uv": [269, 85], "uv_size": [2, 5]},
								"up": {"uv": [270, 40], "uv_size": [0, 2]},
								"down": {"uv": [271, 42], "uv_size": [0, -2]}
							}
						},
						{
							"origin": [3.8, 11, -2.6],
							"size": [1, 3, 0],
							"pivot": [4.8, 11, -3.6],
							"rotation": [-5.50678, -26.93381, -6.45591],
							"uv": {
								"north": {"uv": [260, 8], "uv_size": [1, 3]},
								"east": {"uv": [238, 5], "uv_size": [0, 3]},
								"south": {"uv": [246, 29], "uv_size": [1, 3]},
								"west": {"uv": [238, 5], "uv_size": [0, 3]},
								"up": {"uv": [238, 5], "uv_size": [1, 0]},
								"down": {"uv": [238, 5], "uv_size": [1, 0]}
							}
						}
					]
				},
				{
					"name": "drb_right",
					"parent": "DR",
					"pivot": [-3.3, 15.7, 2.4],
					"cubes": [
						{
							"origin": [-3.86564, 5.92199, 2.85714],
							"size": [0, 5, 2.5],
							"pivot": [-4.86564, 1.92199, 3.85714],
							"rotation": [3.00327, 65.7464, 7.01197],
							"uv": {
								"north": {"uv": [262, 91], "uv_size": [0, 5]},
								"east": {"uv": [309, 11], "uv_size": [3, 5]},
								"south": {"uv": [263, 91], "uv_size": [0, 5]},
								"west": {"uv": [309, 23], "uv_size": [3, 5]},
								"up": {"uv": [290, 34], "uv_size": [0, 3]},
								"down": {"uv": [294, 16], "uv_size": [0, -3]}
							}
						},
						{
							"origin": [-3.6, 11, 3],
							"size": [0, 5, 2],
							"pivot": [-4.6, 7, 4],
							"rotation": [11.71581, 65.23233, 16.58348],
							"uv": {
								"north": {"uv": [264, 91], "uv_size": [0, 5]},
								"east": {"uv": [285, 86], "uv_size": [2, 5]},
								"south": {"uv": [265, 91], "uv_size": [0, 5]},
								"west": {"uv": [319, 54], "uv_size": [2, 5]},
								"up": {"uv": [268, 54], "uv_size": [0, 2]},
								"down": {"uv": [269, 56], "uv_size": [0, -2]}
							}
						}
					]
				},
				{
					"name": "drb_left",
					"parent": "DR",
					"pivot": [3.3, 15.7, 2.4],
					"cubes": [
						{
							"origin": [3.86564, 5.92199, 2.85714],
							"size": [0, 5, 2.5],
							"pivot": [4.86564, 1.92199, 3.85714],
							"rotation": [3.00327, -65.7464, -7.01197],
							"uv": {
								"north": {"uv": [324, 32], "uv_size": [0, 5]},
								"east": {"uv": [309, 40], "uv_size": [3, 5]},
								"south": {"uv": [266, 91], "uv_size": [0, 5]},
								"west": {"uv": [305, 76], "uv_size": [3, 5]},
								"up": {"uv": [245, 69], "uv_size": [0, 3]},
								"down": {"uv": [263, 76], "uv_size": [0, -3]}
							}
						},
						{
							"origin": [3.6, 11, 3],
							"size": [0, 5, 2],
							"pivot": [4.6, 7, 4],
							"rotation": [11.71581, -65.23233, -16.58348],
							"uv": {
								"north": {"uv": [260, 91], "uv_size": [0, 5]},
								"east": {"uv": [318, 38], "uv_size": [2, 5]},
								"south": {"uv": [261, 91], "uv_size": [0, 5]},
								"west": {"uv": [297, 85], "uv_size": [2, 5]},
								"up": {"uv": [279, 11], "uv_size": [0, 2]},
								"down": {"uv": [285, 40], "uv_size": [0, -2]}
							}
						}
					]
				},
				{
					"name": "pifeng",
					"parent": "torso",
					"pivot": [3.04534, 23.42399, 2.21862],
					"cubes": [
						{
							"origin": [0.04534, 10.32399, 2.51862],
							"size": [6, 13, 0],
							"pivot": [4.04534, 21.32399, 1.51862],
							"rotation": [7.5, 0, 0],
							"uv": {
								"north": {"uv": [238, 5], "uv_size": [6, 13]},
								"east": {"uv": [247, 90], "uv_size": [0, 13]},
								"south": {"uv": [245, 5], "uv_size": [6, 13]},
								"west": {"uv": [248, 90], "uv_size": [0, 13]},
								"up": {"uv": [322, 30], "uv_size": [6, 0]},
								"down": {"uv": [322, 31], "uv_size": [6, 0]}
							}
						}
					]
				},
				{
					"name": "ElytraLocator",
					"pivot": [0, 23, 1],
					"cubes": [
						{
							"origin": [-1, 45, 2],
							"size": [2, 2, 2],
							"uv": {
								"north": {"uv": [0, 0], "uv_size": [2, 2]},
								"east": {"uv": [0, 0], "uv_size": [2, 2]},
								"south": {"uv": [0, 0], "uv_size": [2, 2]},
								"west": {"uv": [0, 0], "uv_size": [2, 2]},
								"up": {"uv": [2, 2], "uv_size": [-2, -2]},
								"down": {"uv": [2, 2], "uv_size": [-2, -2]}
							}
						}
					]
				}
			]
		}
	]
}