{
	"format_version": "1.8.0",
	"animations": {
		"震惊": {
			"loop": true,
			"bones": {
				"mei": {
					"scale": 0
				},
				"mei-sad": {
					"scale": 1
				},
				"month": {
					"scale": 0
				},
				"month-sad": {
					"scale": 1
				},
				"mei3": {
					"scale": 0
				},
				"month3": {
					"scale": 0
				}
			}
		},
		"默认": {
			"loop": true,
			"bones": {
				"mei": {
					"scale": 1
				},
				"month": {
					"scale": 1
				},
				"mei3": {
					"scale": 1
				},
				"month3": {
					"scale": 1
				}
			}
		}
	}
}