{
	"format_version": "1.8.0",
	"animations": {
		"extra.生气": {
			"loop": true,
			"bones": {
				"LeftArm": {
					"rotation": [0, 0, 5]
				},
				"RightArm": {
					"rotation": [0, 0, -5]
				},
				"RightEyebrow": {
					"rotation": [0, 0, 2.5],
					"position": [0, 0, 0]
				},
				"LeftEyebrow": {
					"rotation": [0, 0, -2.5],
					"position": [0, 0, 0]
				},
				"RightEyelid": {
					"scale": [1, 0.9, 1]
				},
				"LeftEyelid": {
					"scale": [1, 0.9, 1]
				},
				"Head_Expression_Top_1": {
					"scale": 1
				},
				"Head_Expression_Top_2": {
					"scale": 0
				},
				"Head_Expression_Top_3": {
					"scale": 0
				},
				"Expression": {
					"position": [0, 0, -6],
					"scale": 1
				},
				"Head_Expression_1": {
					"scale": 0
				},
				"Head_Expression_2": {
					"scale": 0
				},
				"Head_Expression_3": {
					"scale": 0
				},
				"Head_Expression_4": {
					"scale": 0
				},
				"Head_Expression_5": {
					"scale": 0
				},
				"Head_E_T_1_1": {
					"scale": 1
				},
				"Head_E_T_1_2": {
					"scale": 1
				},
				"Head_Expression_6": {
					"scale": 0
				}
			}
		},
		"extra.疑问": {
			"loop": true,
			"bones": {
				"Head": {
					"rotation": [0, 0, -5]
				},
				"Expression": {
					"scale": 1
				},
				"Head_Expression_Top_3": {
					"rotation": [0, 0, 15],
					"position": [1.525, 0, -5.875]
				}
			}
		},
		"extra.流汗": {
			"loop": true,
			"bones": {
				"LeftArm": {
					"rotation": [0, 0, 5]
				},
				"RightArm": {
					"rotation": [0, 0, -5]
				},
				"RightEyebrow": {
					"position": [0, -1, 0]
				},
				"LeftEyebrow": {
					"position": [0, -1, 0]
				},
				"RightEyelid": {
					"rotation": [0, 0, 0],
					"scale": [1, 0, 1]
				},
				"LeftEyelid": {
					"scale": [1, 0, 1]
				},
				"Head_Mouth_2": {
					"position": [0, 0.1, -3.025],
					"scale": 0
				},
				"Head_Expression_Top_1": {
					"scale": 0
				},
				"Head_Expression_Top_2": {
					"position": [-9, 0, -6]
				},
				"Head_Expression_Face_2": {
					"position": [0, 0, -5],
					"scale": 0
				},
				"Head_Expression_Top_3": {
					"rotation": [0, 0, 15],
					"position": [1.525, 0, -5.875],
					"scale": 0
				},
				"Head_Mouth_9": {
					"position": [0, -0.025, 0],
					"scale": [1, 0.4, 1]
				},
				"Expression": {
					"scale": 1
				},
				"Head_Expression_1": {
					"scale": 0
				},
				"Head_Expression_2": {
					"scale": 0
				},
				"Head_Expression_3": {
					"scale": 0
				},
				"Head_Expression_4": {
					"scale": 0
				},
				"Head_Expression_5": {
					"scale": 0
				},
				"Head_Expression_6": {
					"scale": 0
				}
			}
		},
		"extra2": {
			"loop": "hold_on_last_frame",
			"animation_length": 1.5,
			"bones": {
				"Root": {
					"rotation": [0, 0, 0],
					"scale": 1
				},
				"UpBody": {
					"rotation": {
						"0.0": [0, 0, 0],
						"0.0417": [-0.03391, 3.91064, -1.87489],
						"0.0833": [-0.29512, 7.08127, -2.52866],
						"0.125": [-0.32902, 7.49282, -2.52154],
						"0.1667": [-0.33767, 3.76654, -1.19755],
						"0.2083": [-0.38233, 1.33125, -0.18026],
						"0.25": [-0.42699, -0.72404, 0.21291],
						"0.2917": [-0.43564, -2.49039, 0.03797],
						"0.3333": [-0.43584, -2.30684, -0.33087],
						"0.375": [-0.43644, -1.05446, -0.56932],
						"0.4167": [-0.43731, 0.59451, -0.66808],
						"0.4583": [-0.43819, 2.51866, -0.61805],
						"0.5": [-0.43879, 4.72129, -0.41069],
						"0.5417": [-0.43899, 7.50932, -0.03833],
						"0.5833": [-0.43876, 7.10977, 0.3623],
						"0.625": [-0.43793, 4.56106, 0.59003],
						"0.6667": [-0.43669, 1.6062, 0.58293],
						"0.7083": [-0.43587, -1.15831, 0.37153],
						"0.75": [-0.43564, -2.49039, 0.03797],
						"0.7917": [-0.43564, -1.89885, -0.23253],
						"0.8333": [-0.43564, -1.72209, -0.31122],
						"0.875": [-0.43564, -1.73311, -0.24534],
						"0.9167": [-0.43564, -1.87491, -0.11664],
						"0.9583": [-0.43564, -2.12803, -0.00519],
						"1.0": [-0.43564, -2.49039, 0.03797],
						"1.5": {
							"pre": [-0.43564, -2.49039, 0.03797],
							"post": [-0.43564, -2.49039, 0.03797],
							"lerp_mode": "catmullrom"
						}
					},
					"position": {
						"0.0": {
							"post": [0, 0, 0],
							"lerp_mode": "catmullrom"
						}
					}
				},
				"UpperBody": {
					"rotation": {
						"0.0": {
							"post": [0, 0, 0],
							"lerp_mode": "catmullrom"
						},
						"0.125": {
							"post": [0, -1.5, 0],
							"lerp_mode": "catmullrom"
						},
						"0.2917": {
							"post": [-0.02399, -1.0001, -0.49901],
							"lerp_mode": "catmullrom"
						},
						"0.5417": {
							"post": [0.04807, 3.49958, 1.00178],
							"lerp_mode": "catmullrom"
						},
						"0.75": [-0.02399, -1.0001, -0.49901],
						"0.7917": [-0.02399, 1.14339, -0.4991],
						"0.8333": [-0.024, 1.97059, -0.49938],
						"0.875": [-0.024, 2.43844, -0.49979],
						"0.9167": [-0.02401, 2.69725, -0.5002],
						"0.9583": [-0.02401, 2.79841, -0.50048],
						"1.0": [-0.02402, 2.7499, -0.50058],
						"1.5": {
							"pre": [-0.02402, 2.7499, -0.50058],
							"post": [-0.02402, 2.7499, -0.50058],
							"lerp_mode": "catmullrom"
						}
					},
					"position": {
						"0.0": {
							"post": [0, 0, 0],
							"lerp_mode": "catmullrom"
						}
					}
				},
				"LeftArm": {
					"rotation": {
						"0.0": {
							"post": [0, 0, 0],
							"lerp_mode": "catmullrom"
						},
						"0.125": [-12.25091, -6.71887, 17.58623],
						"0.1667": [-11.39908, -7.02448, 10.19771],
						"0.2083": [-6.9991, -8.60309, 5.08116],
						"0.25": [-2.59912, -10.1817, 0.82901],
						"0.2917": [-1.74729, -10.48732, -2.28514],
						"0.5417": {
							"pre": [-2.66406, -10.29476, 2.79451],
							"post": [-2.66406, -10.29476, 2.79451],
							"lerp_mode": "catmullrom"
						},
						"0.75": [-1.74729, -10.48732, -2.28514],
						"0.7917": [-1.74729, -10.48732, -3.10806],
						"0.8333": [-1.74729, -10.48732, -3.61181],
						"0.875": [-1.74729, -10.48732, -3.69984],
						"0.9167": [-1.74729, -10.48732, -3.44376],
						"0.9583": [-1.74729, -10.48732, -2.94657],
						"1.0": [-1.74729, -10.48732, -2.28514],
						"1.5": {
							"pre": [-1.74729, -10.48732, -2.28514],
							"post": [-1.74729, -10.48732, -2.28514],
							"lerp_mode": "catmullrom"
						}
					},
					"position": [0, 0, 0]
				},
				"LeftForeArm": {
					"rotation": [0, 0, 0],
					"position": [0, 0, 0]
				},
				"RightArm": {
					"rotation": {
						"0.0": {
							"post": [0, 0, 0],
							"lerp_mode": "catmullrom"
						},
						"0.0833": {
							"post": [-59.42106, -21.71022, 37.05593],
							"lerp_mode": "catmullrom"
						},
						"0.125": {
							"post": [-73.41928, -8.49163, 94.20785],
							"lerp_mode": "catmullrom"
						},
						"0.2917": {
							"post": [62.34569, 75.04635, 168.42398],
							"lerp_mode": "catmullrom"
						},
						"0.5417": {
							"post": [-71.5683, 83.00411, 75.42083],
							"lerp_mode": "catmullrom"
						},
						"0.75": {
							"post": [40.00135, 81.00522, 145.62559],
							"lerp_mode": "catmullrom"
						},
						"1.0": {
							"post": [40.00135, 81.00522, 145.62559],
							"lerp_mode": "catmullrom"
						},
						"1.5": {
							"post": [40.00135, 81.00522, 145.62559],
							"lerp_mode": "catmullrom"
						}
					},
					"position": {
						"0.0": {
							"post": [0, 0, 0],
							"lerp_mode": "catmullrom"
						}
					}
				},
				"RightForeArm": {
					"rotation": {
						"0.0": [0, 0, 0],
						"0.0417": [-4.072, 0.1226, -0.29885],
						"0.0833": [-20.06372, 1.06713, -2.60116],
						"0.125": [-78.92621, 1.18974, -2.9],
						"0.1667": [-51.36971, 1.18974, -2.9],
						"0.2083": [-21.51789, 1.18974, -2.9],
						"0.25": [-1.51698, 1.18974, -2.9],
						"0.2917": [0.52379, 1.18974, -2.9],
						"0.3333": [-5.3035, 1.18974, -2.9],
						"0.375": [-5.06397, 1.18974, -2.9],
						"0.4167": [-3.18571, 1.18974, -2.9],
						"0.4583": [-2.19363, 1.18974, -2.9],
						"0.5": [-5.23463, 1.18974, -2.9],
						"0.5417": [-21.42621, 1.18974, -2.9],
						"0.5833": [-35.93479, 1.18974, -2.9],
						"0.625": [-34.04018, 1.18974, -2.9],
						"0.6667": [-25.65621, 1.18974, -2.9],
						"0.7083": [-14.30415, 1.18974, -2.9],
						"0.75": [-3.92621, 1.18974, -2.9],
						"0.7917": [2.299, 1.18974, -2.9],
						"0.8333": [5.57495, 1.18974, -2.9],
						"0.875": [5.7414, 1.18974, -2.9],
						"0.9167": [3.81863, 1.18974, -2.9],
						"0.9583": [0.46448, 1.18974, -2.9],
						"1.0": [-3.92621, 1.18974, -2.9],
						"1.5": {
							"pre": [-3.92621, 1.18974, -2.9],
							"post": [-3.92621, 1.18974, -2.9],
							"lerp_mode": "catmullrom"
						}
					},
					"position": {
						"0.0": {
							"post": [0, 0, 0],
							"lerp_mode": "catmullrom"
						}
					}
				},
				"LeftLeg": {
					"rotation": [0, 0, 0],
					"position": [0, 0, 0]
				},
				"LeftLowerLeg": {
					"rotation": [0, 0, 0],
					"position": [0, 0, 0]
				},
				"LeftFoot": {
					"rotation": [0, 0, 0],
					"position": [0, 0, 0]
				},
				"RightLeg": {
					"rotation": {
						"0.0": {
							"post": [0, 0, 0],
							"lerp_mode": "catmullrom"
						}
					},
					"position": {
						"0.0": {
							"post": [0, 0, 0],
							"lerp_mode": "catmullrom"
						}
					}
				},
				"RightLowerLeg": {
					"rotation": [0, 0, 0],
					"position": [0, 0, 0]
				},
				"RightFoot": {
					"rotation": [0, 0, 0],
					"position": [0, 0, 0]
				},
				"AllBody": {
					"rotation": [0, 0, 0],
					"position": [0, 0, 0],
					"scale": 1
				},
				"AllHead": {
					"rotation": [0, 0, 0],
					"position": [0, 0, 0]
				},
				"Head": {
					"rotation": {
						"0.0": {
							"post": [0, 0, 0],
							"lerp_mode": "catmullrom"
						},
						"0.125": {
							"post": [-0.10912, -7.49286, 2.49762],
							"lerp_mode": "catmullrom"
						},
						"0.2917": {
							"post": [0.54552, 5.02574, -2.42624],
							"lerp_mode": "catmullrom"
						},
						"0.5417": {
							"post": [0.98265, -5.03951, 2.4211],
							"lerp_mode": "catmullrom"
						},
						"0.75": {
							"post": [0.54552, 5.02574, -2.42624],
							"lerp_mode": "catmullrom"
						},
						"1.0": {
							"post": [0.54552, 5.02574, -2.42624],
							"lerp_mode": "catmullrom"
						},
						"1.5": {
							"post": [0.54552, 5.02574, -2.42624],
							"lerp_mode": "catmullrom"
						}
					},
					"position": {
						"0.0": {
							"post": [0, 0, 0],
							"lerp_mode": "catmullrom"
						}
					}
				}
			}
		},
		"extra3": {
			"loop": "hold_on_last_frame",
			"animation_length": 1.5,
			"bones": {
				"Root": {
					"rotation": [0, 0, 0],
					"scale": 1
				},
				"UpBody": {
					"rotation": {
						"0.0": [0, 0, 0],
						"0.0833": [0.30154, 8.79463, 1.72251],
						"0.125": [0.55404, 12.48791, 2.56062],
						"0.2083": [0.3047, 12.71256, 2.60542],
						"0.2917": [0.3879, 12.49408, 1.79246],
						"0.3333": [0.54852, 12.26934, 1.88488],
						"0.4167": [0.55404, 12.48791, 2.56062],
						"0.5": [0.3047, 12.71256, 2.60542],
						"0.5833": [0.3879, 12.49408, 1.79246],
						"0.625": [0.54852, 12.26934, 1.88488],
						"0.7083": [0.55404, 12.48791, 2.56062],
						"0.7917": [0.3047, 12.71256, 2.60542],
						"0.8333": [0.3879, 12.49408, 1.79246],
						"0.9167": [0.54852, 12.26934, 1.88488],
						"1.0": [0.55404, 12.48791, 2.56062],
						"1.5": [0.55404, 12.48791, 2.56062]
					},
					"position": [0, 0, 0]
				},
				"UpperBody": {
					"rotation": {
						"0.0": {
							"post": [0, 0, 0],
							"lerp_mode": "catmullrom"
						},
						"0.2917": {
							"post": [-0.03935, 4.49983, -0.50155],
							"lerp_mode": "catmullrom"
						},
						"0.4167": {
							"post": [0, 0.5, 0],
							"lerp_mode": "catmullrom"
						},
						"0.5833": {
							"post": [-0.03935, 4.49983, -0.50155],
							"lerp_mode": "catmullrom"
						},
						"0.7083": {
							"post": [0, 0.5, 0],
							"lerp_mode": "catmullrom"
						},
						"0.8333": {
							"post": [0, 2.5, 0],
							"lerp_mode": "catmullrom"
						},
						"1.0": {
							"post": [0, 0.5, 0],
							"lerp_mode": "catmullrom"
						},
						"1.5": {
							"post": [0, 0.5, 0],
							"lerp_mode": "catmullrom"
						}
					},
					"position": {
						"0.0": {
							"post": [0, 0, 0],
							"lerp_mode": "catmullrom"
						}
					}
				},
				"LeftArm": {
					"rotation": {
						"0.0": {
							"post": [0, 0, 0],
							"lerp_mode": "catmullrom"
						},
						"0.125": {
							"post": [-59.37411, 31.46067, -44.33946],
							"lerp_mode": "catmullrom"
						},
						"0.2917": {
							"post": [-60.01498, 34.88013, -45.41058],
							"lerp_mode": "catmullrom"
						},
						"0.4167": {
							"post": [-67.89729, 33.23008, -48.58633],
							"lerp_mode": "catmullrom"
						},
						"0.5833": {
							"post": [-59.37411, 31.46067, -44.33946],
							"lerp_mode": "catmullrom"
						},
						"0.625": {
							"post": [-60.01498, 34.88013, -45.41058],
							"lerp_mode": "catmullrom"
						},
						"0.7083": {
							"post": [-67.89729, 33.23008, -48.58633],
							"lerp_mode": "catmullrom"
						},
						"0.8333": {
							"post": [-59.37411, 31.46067, -44.33946],
							"lerp_mode": "catmullrom"
						},
						"0.9167": {
							"post": [-60.01498, 34.88013, -45.41058],
							"lerp_mode": "catmullrom"
						},
						"1.0": {
							"post": [-67.89729, 33.23008, -48.58633],
							"lerp_mode": "catmullrom"
						},
						"1.5": {
							"post": [-67.89729, 33.23008, -48.58633],
							"lerp_mode": "catmullrom"
						}
					},
					"position": {
						"0.0": {
							"post": [0, 0, 0],
							"lerp_mode": "catmullrom"
						}
					}
				},
				"LeftForeArm": {
					"rotation": {
						"0.0": {
							"post": [0, 0, 0],
							"lerp_mode": "catmullrom"
						},
						"0.125": {
							"post": [-57.5, 0, 0],
							"lerp_mode": "catmullrom"
						},
						"0.2917": {
							"post": [-52.5, 0, 0],
							"lerp_mode": "catmullrom"
						},
						"0.4167": {
							"post": [-57.5, 0, 0],
							"lerp_mode": "catmullrom"
						},
						"0.5833": {
							"post": [-57.5, 0, 0],
							"lerp_mode": "catmullrom"
						},
						"0.625": {
							"post": [-52.5, 0, 0],
							"lerp_mode": "catmullrom"
						},
						"0.7083": {
							"post": [-57.5, 0, 0],
							"lerp_mode": "catmullrom"
						},
						"0.8333": {
							"post": [-57.5, 0, 0],
							"lerp_mode": "catmullrom"
						},
						"0.9167": {
							"post": [-52.5, 0, 0],
							"lerp_mode": "catmullrom"
						},
						"1.0": {
							"post": [-57.5, 0, 0],
							"lerp_mode": "catmullrom"
						},
						"1.5": {
							"post": [-57.5, 0, 0],
							"lerp_mode": "catmullrom"
						}
					},
					"position": {
						"0.0": {
							"post": [0, 0, 0],
							"lerp_mode": "catmullrom"
						}
					}
				},
				"RightArm": {
					"rotation": {
						"0.0": {
							"post": [0, 0, 0],
							"lerp_mode": "catmullrom"
						},
						"0.125": {
							"post": [-65.61482, -1.0823, 78.81763],
							"lerp_mode": "catmullrom"
						},
						"0.2917": {
							"post": [-67.81604, 1.71605, 47.4038],
							"lerp_mode": "catmullrom"
						},
						"0.4167": {
							"post": [-74.59409, -20.31435, 65.81328],
							"lerp_mode": "catmullrom"
						},
						"0.5833": {
							"post": [-65.61482, -1.0823, 78.81763],
							"lerp_mode": "catmullrom"
						},
						"0.625": {
							"post": [-67.81604, 1.71605, 47.4038],
							"lerp_mode": "catmullrom"
						},
						"0.7083": {
							"post": [-74.59409, -20.31435, 65.81328],
							"lerp_mode": "catmullrom"
						},
						"0.8333": {
							"post": [-65.61482, -1.0823, 78.81763],
							"lerp_mode": "catmullrom"
						},
						"0.9167": {
							"post": [-67.81604, 1.71605, 47.4038],
							"lerp_mode": "catmullrom"
						},
						"1.0": {
							"post": [-74.59409, -20.31435, 65.81328],
							"lerp_mode": "catmullrom"
						},
						"1.5": {
							"post": [-74.59409, -20.31435, 65.81328],
							"lerp_mode": "catmullrom"
						}
					},
					"position": {
						"0.0": {
							"post": [0, 0, 0],
							"lerp_mode": "catmullrom"
						}
					}
				},
				"RightForeArm": {
					"rotation": {
						"0.0": {
							"post": [0, 0, 0],
							"lerp_mode": "catmullrom"
						},
						"0.125": {
							"post": [-75, 0, 0],
							"lerp_mode": "catmullrom"
						},
						"0.2917": {
							"post": [-74.77926, 9.65594, 2.61298],
							"lerp_mode": "catmullrom"
						},
						"0.4167": {
							"post": [-62.5, 0, 0],
							"lerp_mode": "catmullrom"
						},
						"0.5833": {
							"post": [-75, 0, 0],
							"lerp_mode": "catmullrom"
						},
						"0.625": {
							"post": [-74.77926, 9.65594, 2.61298],
							"lerp_mode": "catmullrom"
						},
						"0.7083": {
							"post": [-62.5, 0, 0],
							"lerp_mode": "catmullrom"
						},
						"0.8333": {
							"post": [-75, 0, 0],
							"lerp_mode": "catmullrom"
						},
						"0.9167": {
							"post": [-74.77926, 9.65594, 2.61298],
							"lerp_mode": "catmullrom"
						},
						"1.0": {
							"post": [-62.5, 0, 0],
							"lerp_mode": "catmullrom"
						},
						"1.5": {
							"post": [-62.5, 0, 0],
							"lerp_mode": "catmullrom"
						}
					},
					"position": {
						"0.0": {
							"post": [0, 0, 0],
							"lerp_mode": "catmullrom"
						}
					}
				},
				"LeftLeg": {
					"rotation": [0, 0, 0],
					"position": [0, 0, 0]
				},
				"LeftLowerLeg": {
					"rotation": [0, 0, 0],
					"position": [0, 0, 0]
				},
				"LeftFoot": {
					"rotation": [0, 0, 0],
					"position": [0, 0, 0]
				},
				"RightLeg": {
					"rotation": [0, 0, 0],
					"position": [0, 0, 0]
				},
				"RightLowerLeg": {
					"rotation": [0, 0, 0],
					"position": [0, 0, 0]
				},
				"RightFoot": {
					"rotation": [0, 0, 0],
					"position": [0, 0, 0]
				},
				"AllBody": {
					"rotation": [0, 0, 0],
					"position": [0, 0, 0],
					"scale": 1
				},
				"AllHead": {
					"rotation": [0, 0, 0],
					"position": [0, 0, 0]
				},
				"Head": {
					"rotation": {
						"0.0": [0, 0, 0],
						"0.125": [0.39753, -13.49938, -1.03041]
					},
					"position": [0, 0, 0]
				}
			}
		},
		"extra4": {
			"loop": "hold_on_last_frame",
			"animation_length": 1.5,
			"bones": {
				"Root": {
					"rotation": {
						"0.0": {
							"post": [0, 0, 0],
							"lerp_mode": "catmullrom"
						}
					},
					"position": {
						"0.0": {
							"post": [0, 0, 0],
							"lerp_mode": "catmullrom"
						},
						"0.25": {
							"post": [0, -0.25, 0],
							"lerp_mode": "catmullrom"
						}
					},
					"scale": {
						"0.0": {
							"post": [1, 1, 1],
							"lerp_mode": "catmullrom"
						}
					}
				},
				"UpBody": {
					"rotation": {
						"0.0": {
							"post": [0, 0, 0],
							"lerp_mode": "catmullrom"
						},
						"0.1667": {
							"post": [-2.5, 0, 0],
							"lerp_mode": "catmullrom"
						},
						"0.3333": {
							"post": [-4, 0, 0],
							"lerp_mode": "catmullrom"
						},
						"0.4167": {
							"post": [-3, 0, 0],
							"lerp_mode": "catmullrom"
						},
						"0.6667": {
							"post": [-3.5, 0, 0],
							"lerp_mode": "catmullrom"
						},
						"0.8333": {
							"post": [-4, 0, 0],
							"lerp_mode": "catmullrom"
						},
						"1.0": {
							"post": [-4, 0, 0],
							"lerp_mode": "catmullrom"
						},
						"1.5": {
							"post": [-4, 0, 0],
							"lerp_mode": "catmullrom"
						}
					},
					"position": {
						"0.0": {
							"post": [0, 0, 0],
							"lerp_mode": "catmullrom"
						}
					}
				},
				"UpperBody": {
					"rotation": {
						"0.0": {
							"post": [0, 0, 0],
							"lerp_mode": "catmullrom"
						},
						"0.25": {
							"post": [-5, 0, 0],
							"lerp_mode": "catmullrom"
						},
						"0.4167": {
							"post": [5, 0, 0],
							"lerp_mode": "catmullrom"
						},
						"0.6667": {
							"post": [4.25, 0, 0],
							"lerp_mode": "catmullrom"
						},
						"0.8333": {
							"post": [5, 0, 0],
							"lerp_mode": "catmullrom"
						},
						"1.0": {
							"post": [5, 0, 0],
							"lerp_mode": "catmullrom"
						},
						"1.5": {
							"post": [5, 0, 0],
							"lerp_mode": "catmullrom"
						}
					},
					"position": {
						"0.0": {
							"post": [0, 0, 0],
							"lerp_mode": "catmullrom"
						}
					}
				},
				"LeftArm": {
					"rotation": {
						"0.0": {
							"post": [0, 0, 0],
							"lerp_mode": "catmullrom"
						},
						"0.25": {
							"post": [-87.85882, 4.61451, -80.51949],
							"lerp_mode": "catmullrom"
						},
						"0.4167": {
							"post": [-98.55733, 36.48777, -85.68129],
							"lerp_mode": "catmullrom"
						}
					},
					"position": {
						"0.0": {
							"post": [0, 0, 0],
							"lerp_mode": "catmullrom"
						}
					}
				},
				"LeftForeArm": {
					"rotation": {
						"0.0": {
							"post": [0, 0, 0],
							"lerp_mode": "catmullrom"
						},
						"0.25": {
							"post": [-105, 0, 0],
							"lerp_mode": "catmullrom"
						}
					},
					"position": {
						"0.0": {
							"post": [0, 0, 0],
							"lerp_mode": "catmullrom"
						}
					}
				},
				"RightArm": {
					"rotation": {
						"0.0": {
							"post": [0, 0, 0],
							"lerp_mode": "catmullrom"
						},
						"0.25": {
							"post": [-84.83476, -27.0478, 78.75686],
							"lerp_mode": "catmullrom"
						},
						"0.4167": {
							"post": [-95.77005, -45.85387, 82.64597],
							"lerp_mode": "catmullrom"
						}
					},
					"position": {
						"0.0": {
							"post": [0, 0, 0],
							"lerp_mode": "catmullrom"
						}
					}
				},
				"RightForeArm": {
					"rotation": {
						"0.0": {
							"post": [0, 0, 0],
							"lerp_mode": "catmullrom"
						},
						"0.25": {
							"post": [-105, 0, 0],
							"lerp_mode": "catmullrom"
						},
						"0.4167": {
							"post": [-100, 0, 0],
							"lerp_mode": "catmullrom"
						}
					},
					"position": {
						"0.0": {
							"post": [0, 0, 0],
							"lerp_mode": "catmullrom"
						}
					}
				},
				"LeftLeg": {
					"rotation": {
						"0.0": {
							"post": [0, 0, 0],
							"lerp_mode": "catmullrom"
						},
						"0.25": {
							"post": [0, -5, -5],
							"lerp_mode": "catmullrom"
						}
					},
					"position": {
						"0.0": {
							"post": [0, 0, 0],
							"lerp_mode": "catmullrom"
						}
					}
				},
				"LeftLowerLeg": {
					"rotation": [0, 0, 0],
					"position": [0, 0, 0]
				},
				"LeftFoot": {
					"rotation": {
						"0.0": {
							"post": [0, 0, 0],
							"lerp_mode": "catmullrom"
						},
						"0.25": {
							"post": [0, -5, 5],
							"lerp_mode": "catmullrom"
						}
					},
					"position": {
						"0.0": {
							"post": [0, 0, 0],
							"lerp_mode": "catmullrom"
						}
					}
				},
				"RightLeg": {
					"rotation": {
						"0.0": {
							"post": [0, 0, 0],
							"lerp_mode": "catmullrom"
						},
						"0.25": {
							"post": [0, 5, 5],
							"lerp_mode": "catmullrom"
						}
					},
					"position": {
						"0.0": {
							"post": [0, 0, 0],
							"lerp_mode": "catmullrom"
						}
					}
				},
				"RightLowerLeg": {
					"rotation": {
						"0.0": {
							"post": [0, 0, 0],
							"lerp_mode": "catmullrom"
						}
					},
					"position": {
						"0.0": {
							"post": [0, 0, 0],
							"lerp_mode": "catmullrom"
						}
					}
				},
				"RightFoot": {
					"rotation": {
						"0.0": {
							"post": [0, 0, 0],
							"lerp_mode": "catmullrom"
						},
						"0.25": {
							"post": [0, 5, -5],
							"lerp_mode": "catmullrom"
						}
					},
					"position": {
						"0.0": {
							"post": [0, 0, 0],
							"lerp_mode": "catmullrom"
						}
					}
				},
				"AllBody": {
					"rotation": [0, 0, 0],
					"position": [0, 0, 0],
					"scale": 1
				},
				"AllHead": {
					"rotation": [0, 0, 0],
					"position": [0, 0, 0]
				},
				"Head": {
					"rotation": {
						"0.0": [0, 0, 0],
						"0.0833": [1.77084, 0, 0],
						"0.1667": [4.01873, 0, 0],
						"0.25": [-4.7, 0, 0],
						"0.3333": [-4.92143, 0, 0],
						"0.4167": [17.5, 0, 0],
						"0.5": [20.09526, 0, 0],
						"0.5833": [11.799, 0, 0],
						"0.6667": [-4.7, 0, 0],
						"0.75": [-3.67156, 0, 0],
						"0.8333": [17.5, 0, 0],
						"0.9167": [21.79995, 0, 0],
						"1.0": [5, 0, 0],
						"1.5": [5, 0, 0]
					},
					"position": {
						"0.0": {
							"post": [0, 0, 0],
							"lerp_mode": "catmullrom"
						}
					}
				}
			}
		},
		"extra5": {
			"loop": "hold_on_last_frame",
			"animation_length": 1.5,
			"bones": {
				"Root": {
					"rotation": {
						"0.0": {
							"post": [0, 0, 0],
							"lerp_mode": "catmullrom"
						}
					},
					"position": {
						"0.0": {
							"post": [0, 0, 0],
							"lerp_mode": "catmullrom"
						},
						"0.25": {
							"post": [0, -0.25, 0],
							"lerp_mode": "catmullrom"
						}
					},
					"scale": {
						"0.0": {
							"post": [1, 1, 1],
							"lerp_mode": "catmullrom"
						}
					}
				},
				"UpBody": {
					"rotation": {
						"0.0": {
							"post": [0, 0, 0],
							"lerp_mode": "catmullrom"
						},
						"0.1667": {
							"post": [-2.5, 0, 0],
							"lerp_mode": "catmullrom"
						},
						"0.3333": {
							"post": [-3, 0, 0],
							"lerp_mode": "catmullrom"
						},
						"0.4167": {
							"post": [-2, 0, 0],
							"lerp_mode": "catmullrom"
						},
						"0.6667": {
							"post": [-2.5, 0, 0],
							"lerp_mode": "catmullrom"
						},
						"0.8333": {
							"post": [-3, 0, 0],
							"lerp_mode": "catmullrom"
						},
						"1.0": {
							"post": [-3, 0, 0],
							"lerp_mode": "catmullrom"
						},
						"1.5": {
							"post": [-3, 0, 0],
							"lerp_mode": "catmullrom"
						}
					},
					"position": {
						"0.0": {
							"post": [0, 0, 0],
							"lerp_mode": "catmullrom"
						}
					}
				},
				"UpperBody": {
					"rotation": {
						"0.0": {
							"post": [0, 0, 0],
							"lerp_mode": "catmullrom"
						},
						"0.25": {
							"post": [-5.01372, 2.9838, -0.37109],
							"lerp_mode": "catmullrom"
						},
						"0.4167": {
							"post": [5.01215, -2.33475, -0.34919],
							"lerp_mode": "catmullrom"
						},
						"0.6667": {
							"post": [4.25682, 1.21605, 0.24111],
							"lerp_mode": "catmullrom"
						},
						"0.8333": {
							"post": [5.00384, -2.24143, -0.1962],
							"lerp_mode": "catmullrom"
						},
						"1.0": {
							"post": [5.00384, -2.24143, -0.1962],
							"lerp_mode": "catmullrom"
						},
						"1.5": {
							"post": [5.00384, -2.24143, -0.1962],
							"lerp_mode": "catmullrom"
						}
					},
					"position": {
						"0.0": {
							"post": [0, 0, 0],
							"lerp_mode": "catmullrom"
						}
					}
				},
				"LeftArm": {
					"rotation": {
						"0.0": {
							"post": [0, 0, 0],
							"lerp_mode": "catmullrom"
						},
						"0.25": {
							"post": [-87.85882, 4.61451, -80.51949],
							"lerp_mode": "catmullrom"
						},
						"0.4167": {
							"post": [-98.55733, 36.48777, -85.68129],
							"lerp_mode": "catmullrom"
						}
					},
					"position": {
						"0.0": {
							"post": [0, 0, 0],
							"lerp_mode": "catmullrom"
						}
					}
				},
				"LeftForeArm": {
					"rotation": {
						"0.0": {
							"post": [0, 0, 0],
							"lerp_mode": "catmullrom"
						},
						"0.25": {
							"post": [-105, 0, 0],
							"lerp_mode": "catmullrom"
						}
					},
					"position": {
						"0.0": {
							"post": [0, 0, 0],
							"lerp_mode": "catmullrom"
						}
					}
				},
				"RightArm": {
					"rotation": {
						"0.0": {
							"post": [0, 0, 0],
							"lerp_mode": "catmullrom"
						},
						"0.25": {
							"post": [-84.83476, -27.0478, 78.75686],
							"lerp_mode": "catmullrom"
						},
						"0.4167": {
							"post": [-95.77005, -45.85387, 82.64597],
							"lerp_mode": "catmullrom"
						}
					},
					"position": {
						"0.0": {
							"post": [0, 0, 0],
							"lerp_mode": "catmullrom"
						}
					}
				},
				"RightForeArm": {
					"rotation": {
						"0.0": {
							"post": [0, 0, 0],
							"lerp_mode": "catmullrom"
						},
						"0.25": {
							"post": [-105, 0, 0],
							"lerp_mode": "catmullrom"
						},
						"0.4167": {
							"post": [-100, 0, 0],
							"lerp_mode": "catmullrom"
						}
					},
					"position": {
						"0.0": {
							"post": [0, 0, 0],
							"lerp_mode": "catmullrom"
						}
					}
				},
				"LeftLeg": {
					"rotation": {
						"0.0": {
							"post": [0, 0, 0],
							"lerp_mode": "catmullrom"
						},
						"0.25": {
							"post": [0, -5, -5],
							"lerp_mode": "catmullrom"
						}
					},
					"position": {
						"0.0": {
							"post": [0, 0, 0],
							"lerp_mode": "catmullrom"
						}
					}
				},
				"LeftLowerLeg": {
					"rotation": [0, 0, 0],
					"position": [0, 0, 0]
				},
				"LeftFoot": {
					"rotation": {
						"0.0": {
							"post": [0, 0, 0],
							"lerp_mode": "catmullrom"
						},
						"0.25": {
							"post": [0, -5, 5],
							"lerp_mode": "catmullrom"
						}
					},
					"position": {
						"0.0": {
							"post": [0, 0, 0],
							"lerp_mode": "catmullrom"
						}
					}
				},
				"RightLeg": {
					"rotation": {
						"0.0": {
							"post": [0, 0, 0],
							"lerp_mode": "catmullrom"
						},
						"0.25": {
							"post": [0, 5, 5],
							"lerp_mode": "catmullrom"
						}
					},
					"position": {
						"0.0": {
							"post": [0, 0, 0],
							"lerp_mode": "catmullrom"
						}
					}
				},
				"RightLowerLeg": {
					"rotation": {
						"0.0": {
							"post": [0, 0, 0],
							"lerp_mode": "catmullrom"
						}
					},
					"position": {
						"0.0": {
							"post": [0, 0, 0],
							"lerp_mode": "catmullrom"
						}
					}
				},
				"RightFoot": {
					"rotation": {
						"0.0": {
							"post": [0, 0, 0],
							"lerp_mode": "catmullrom"
						},
						"0.25": {
							"post": [0, 5, -5],
							"lerp_mode": "catmullrom"
						}
					},
					"position": {
						"0.0": {
							"post": [0, 0, 0],
							"lerp_mode": "catmullrom"
						}
					}
				},
				"AllBody": {
					"rotation": [0, 0, 0],
					"position": [0, 0, 0],
					"scale": 1
				},
				"AllHead": {
					"rotation": [0, 0, 0],
					"position": [0, 0, 0]
				},
				"Head": {
					"rotation": {
						"0.0": [0, 0, 0],
						"0.0833": [12.5, 0, 0],
						"0.1667": [12.7931, 13.51805, 3.54067],
						"0.25": [13.08619, 20.37228, 3.90399],
						"0.3333": [13.02579, -0.16859, 1.84312],
						"0.4167": [12.56041, -10.02382, -0.08408],
						"0.5": [12.5, 0, 0],
						"0.5833": [12.7931, 24.77059, 3.54067],
						"0.6667": [13.08619, 17.07228, 3.90399],
						"0.75": [12.85958, 4.71206, 0.5573],
						"0.8333": [12.60443, -7.32123, -1.63219],
						"0.9167": [12.60443, -10.01867, -1.9225],
						"1.0": [12.60443, -7.32123, -1.63219],
						"1.5": [12.60443, -7.32123, -1.63219]
					},
					"position": {
						"0.0": {
							"post": [0, 0, 0],
							"lerp_mode": "catmullrom"
						}
					}
				}
			}
		},
		"extra6": {
			"loop": true,
			"animation_length": 1.3333,
			"bones": {
				"Mouth": {
					"scale": 0
				},
				"Root": {
					"position": {
						"0.0": [-0.5, 0, 0],
						"0.0333": [-0.5, -0.01, -0.01],
						"0.0667": [-0.48, -0.02, -0.04],
						"0.1": [-0.47, -0.01, -0.08],
						"0.1333": [-0.45, 0.01, -0.13],
						"0.1667": [-0.42, 0.04, -0.18],
						"0.2": [-0.39, 0.09, -0.23],
						"0.2333": [-0.36, 0.15, -0.27],
						"0.2667": [-0.32, 0.24, -0.32],
						"0.3": [-0.28, 0.35, -0.37],
						"0.3333": [-0.23, 0.48, -0.42],
						"0.3667": [-0.17, 0.62, -0.46],
						"0.4": [-0.09, 0.72, -0.49],
						"0.4333": [0, 0.75, -0.5],
						"0.4667": [0.12, 0.72, -0.48],
						"0.5": [0.23, 0.63, -0.42],
						"0.5333": [0.33, 0.49, -0.31],
						"0.5667": [0.4, 0.31, -0.19],
						"0.6": [0.46, 0.15, -0.08],
						"0.6333": [0.49, 0.04, -0.02],
						"0.6667": [0.5, 0, 0],
						"0.7": [0.5, -0.01, -0.01],
						"0.7333": [0.48, -0.02, -0.04],
						"0.7667": [0.47, -0.01, -0.08],
						"0.8": [0.45, 0.01, -0.13],
						"0.8333": [0.42, 0.04, -0.18],
						"0.8667": [0.39, 0.09, -0.23],
						"0.9": [0.36, 0.15, -0.27],
						"0.9333": [0.32, 0.24, -0.32],
						"0.9667": [0.28, 0.35, -0.37],
						"1.0": [0.23, 0.48, -0.42],
						"1.0333": [0.17, 0.62, -0.46],
						"1.0667": [0.1, 0.72, -0.49],
						"1.1": [0, 0.75, -0.5],
						"1.1333": [-0.14, 0.72, -0.48],
						"1.1667": [-0.26, 0.63, -0.42],
						"1.2": [-0.35, 0.49, -0.31],
						"1.2333": [-0.42, 0.31, -0.19],
						"1.2667": [-0.46, 0.15, -0.08],
						"1.3": [-0.49, 0.04, -0.02],
						"1.3333": [-0.5, 0, 0]
					}
				},
				"UpBody": {
					"rotation": {
						"0.0": [2.5, 0, 12.5],
						"0.0333": [2.63, 0, 12.44],
						"0.0667": [2.7, 0, 12.26],
						"0.1": [2.7, 0, 11.95],
						"0.1333": [2.62, 0, 11.51],
						"0.1667": [2.42, 0, 10.92],
						"0.2": [2.07, 0, 10.18],
						"0.2333": [1.57, 0, 9.28],
						"0.2667": [0.98, 0, 8.2],
						"0.3": [0.47, 0, 6.93],
						"0.3333": [0.13, 0, 5.46],
						"0.3667": [-0.03, 0, 3.77],
						"0.4": [-0.07, 0, 1.84],
						"0.4333": [0, 0, -0.33],
						"0.4667": [0.16, 0, -3.47],
						"0.5": [0.46, 0, -6.41],
						"0.5333": [0.9, 0, -8.76],
						"0.5667": [1.41, 0, -10.49],
						"0.6": [1.88, 0, -11.65],
						"0.6333": [2.25, 0, -12.3],
						"0.6667": [2.5, 0, -12.5],
						"0.7": [2.63, 0, -12.45],
						"0.7333": [2.7, 0, -12.3],
						"0.7667": [2.7, 0, -12.05],
						"0.8": [2.62, 0, -11.68],
						"0.8333": [2.42, 0, -11.16],
						"0.8667": [2.07, 0, -10.49],
						"0.9": [1.57, 0, -9.64],
						"0.9333": [0.98, 0, -8.58],
						"0.9667": [0.47, 0, -7.29],
						"1.0": [0.13, 0, -5.76],
						"1.0333": [-0.03, 0, -3.97],
						"1.0667": [-0.07, 0, -1.93],
						"1.1": [0, 0, 0.36],
						"1.1333": [0.16, 0, 3.47],
						"1.1667": [0.46, 0, 6.29],
						"1.2": [0.9, 0, 8.59],
						"1.2333": [1.41, 0, 10.34],
						"1.2667": [1.88, 0, 11.55],
						"1.3": [2.25, 0, 12.26],
						"1.3333": [2.5, 0, 12.5]
					}
				},
				"AllHead": {
					"rotation": {
						"0.0": [15, 0, 0],
						"0.0333": [15, 0, 0],
						"0.0667": [15, 0, 0],
						"0.1": [15, 0, 0],
						"0.1333": [15, 0, 0],
						"0.1667": [15, 0, 0],
						"0.2": [15, 0, 0],
						"0.2333": [15, 0, 0],
						"0.2667": [15, 0, 0],
						"0.3": [15, 0, 0],
						"0.3333": [15, 0, 0],
						"0.3667": [15, 0, 0],
						"0.4": [15, 0, 0],
						"0.4333": [15, 0, 0],
						"0.4667": [15, 0, 0],
						"0.5": [15, 0, 0],
						"0.5333": [15, 0, 0],
						"0.5667": [15, 0, 0],
						"0.6": [15, 0, 0],
						"0.6333": [15, 0, 0],
						"0.6667": [15, 0, 0],
						"0.7": [15, 0, 0],
						"0.7333": [15, 0, 0],
						"0.7667": [15, 0, 0],
						"0.8": [15, 0, 0],
						"0.8333": [15, 0, 0],
						"0.8667": [15, 0, 0],
						"0.9": [15, 0, 0],
						"0.9333": [15, 0, 0],
						"0.9667": [15, 0, 0],
						"1.0": [15, 0, 0],
						"1.0333": [15, 0, 0],
						"1.0667": [15, 0, 0],
						"1.1": [15, 0, 0],
						"1.1333": [15, 0, 0],
						"1.1667": [15, 0, 0],
						"1.2": [15, 0, 0],
						"1.2333": [15, 0, 0],
						"1.2667": [15, 0, 0],
						"1.3": [15, 0, 0],
						"1.3333": [15, 0, 0]
					}
				},
				"Head": {
					"rotation": {
						"0.0": [-0.5, 0, -5.48],
						"0.0333": [-0.54, 0, -4.09],
						"0.0667": [-0.71, 0, -2.7],
						"0.1": [-1.01, 0, -1.35],
						"0.1333": [-1.45, 0, -0.08],
						"0.1667": [-2.04, 0, 1.12],
						"0.2": [-2.76, 0, 2.24],
						"0.2333": [-3.58, 0, 3.27],
						"0.2667": [-4.43, 0, 4.2],
						"0.3": [-5.48, 0, 5.03],
						"0.3333": [-6.1, 0, 5.75],
						"0.3667": [-6.61, 0, 6.36],
						"0.4": [-7.01, 0, 6.84],
						"0.4333": [-7.29, 0, 7.2],
						"0.4667": [-7.45, 0, 7.43],
						"0.5": [-7.5, 0, 7.5],
						"0.5333": [-7.09, 0, 7.46],
						"0.5667": [-5.54, 0, 7.32],
						"0.6": [-2.88, 0, 7.06],
						"0.6333": [-1.02, 0, 6.66],
						"0.6667": [-0.5, 0, 6.07],
						"0.7": [-0.54, 0, 4.8],
						"0.7333": [-0.71, 0, 3.3],
						"0.7667": [-1.01, 0, 1.83],
						"0.8": [-1.45, 0, 0.44],
						"0.8333": [-2.04, 0, -0.87],
						"0.8667": [-2.76, 0, -2.07],
						"0.9": [-3.58, 0, -3.16],
						"0.9333": [-4.43, 0, -4.14],
						"0.9667": [-5.24, 0, -5.01],
						"1.0": [-5.95, 0, -5.75],
						"1.0333": [-6.54, 0, -6.36],
						"1.0667": [-6.98, 0, -6.85],
						"1.1": [-7.28, 0, -7.21],
						"1.1333": [-7.45, 0, -7.42],
						"1.1667": [-7.5, 0, -7.5],
						"1.2": [-7.04, 0, -7.47],
						"1.2333": [-5.54, 0, -7.35],
						"1.2667": [-2.88, 0, -7.08],
						"1.3": [-1.02, 0, -6.63],
						"1.3333": [-0.5, 0, -5.48]
					}
				},
				"RightEyelid": {
					"position": [0, 0, 1]
				},
				"LeftEyelid": {
					"position": [0, 0, 1]
				},
				"RightEyebrow": {
					"position": [0.00654, -1.20004, 0]
				},
				"LeftEyebrow": {
					"position": [-0.00654, -1.20004, 0]
				},
				"LeftArm": {
					"rotation": {
						"0.0": [-20.94, 8.42, 20.94],
						"0.0333": [-20.95, 8.93, 20.84],
						"0.0667": [-20.96, 9.85, 20.55],
						"0.1": [-20.99, 11.02, 20.11],
						"0.1333": [-21.02, 12.23, 19.58],
						"0.1667": [-21.06, 13.3, 19.05],
						"0.2": [-21.08, 14.13, 18.61],
						"0.2333": [-21.1, 14.71, 18.32],
						"0.2667": [-21.11, 15.06, 18.22],
						"0.3": [-21.1, 15.14, 18.3],
						"0.3333": [-21.09, 15.13, 18.48],
						"0.3667": [-21.08, 15.01, 18.71],
						"0.4": [-21.06, 14.77, 18.99],
						"0.4333": [-21.04, 14.38, 19.28],
						"0.4667": [-21.02, 13.81, 19.58],
						"0.5": [-21.01, 13.04, 19.88],
						"0.5333": [-20.99, 12.03, 20.17],
						"0.5667": [-20.97, 10.8, 20.44],
						"0.6": [-20.96, 9.51, 20.68],
						"0.6333": [-20.95, 8.57, 20.86],
						"0.6667": [-20.94, 8.42, 20.94],
						"0.7": [-20.95, 8.93, 20.84],
						"0.7333": [-20.96, 9.85, 20.55],
						"0.7667": [-20.99, 11.02, 20.11],
						"0.8": [-21.02, 12.23, 19.58],
						"0.8333": [-21.06, 13.3, 19.05],
						"0.8667": [-21.08, 14.13, 18.61],
						"0.9": [-21.1, 14.71, 18.32],
						"0.9333": [-21.11, 15.06, 18.22],
						"0.9667": [-21.1, 15.14, 18.3],
						"1.0": [-21.09, 15.13, 18.48],
						"1.0333": [-21.08, 15.01, 18.71],
						"1.0667": [-21.06, 14.77, 18.99],
						"1.1": [-21.04, 14.38, 19.28],
						"1.1333": [-21.02, 13.81, 19.58],
						"1.1667": [-21.01, 13.04, 19.88],
						"1.2": [-20.99, 12.03, 20.17],
						"1.2333": [-20.97, 10.8, 20.44],
						"1.2667": [-20.96, 9.51, 20.68],
						"1.3": [-20.95, 8.57, 20.86],
						"1.3333": [-20.94, 8.42, 20.94]
					},
					"position": {
						"0.0": [0.5, 0, 0],
						"0.0333": [0.5, 0.02, 0],
						"0.0667": [0.5, 0.06, 0],
						"0.1": [0.5, 0.13, 0],
						"0.1333": [0.5, 0.21, 0],
						"0.1667": [0.5, 0.29, 0],
						"0.2": [0.5, 0.37, 0],
						"0.2333": [0.5, 0.44, 0],
						"0.2667": [0.5, 0.48, 0],
						"0.3": [0.5, 0.5, 0],
						"0.3333": [0.5, 0.49, 0],
						"0.3667": [0.5, 0.47, 0],
						"0.4": [0.5, 0.42, 0],
						"0.4333": [0.5, 0.36, 0],
						"0.4667": [0.5, 0.29, 0],
						"0.5": [0.5, 0.2, 0],
						"0.5333": [0.5, 0.13, 0],
						"0.5667": [0.5, 0.07, 0],
						"0.6": [0.5, 0.03, 0],
						"0.6333": [0.5, 0.01, 0],
						"0.6667": [0.5, 0, 0],
						"0.7": [0.5, 0.02, 0],
						"0.7333": [0.5, 0.06, 0],
						"0.7667": [0.5, 0.13, 0],
						"0.8": [0.5, 0.21, 0],
						"0.8333": [0.5, 0.29, 0],
						"0.8667": [0.5, 0.37, 0],
						"0.9": [0.5, 0.44, 0],
						"0.9333": [0.5, 0.48, 0],
						"0.9667": [0.5, 0.5, 0],
						"1.0": [0.5, 0.49, 0],
						"1.0333": [0.5, 0.47, 0],
						"1.0667": [0.5, 0.42, 0],
						"1.1": [0.5, 0.36, 0],
						"1.1333": [0.5, 0.29, 0],
						"1.1667": [0.5, 0.2, 0],
						"1.2": [0.5, 0.13, 0],
						"1.2333": [0.5, 0.07, 0],
						"1.2667": [0.5, 0.03, 0],
						"1.3": [0.5, 0.01, 0],
						"1.3333": [0.5, 0, 0]
					}
				},
				"RightArm": {
					"rotation": {
						"0.0": [-20.94, -8.42, -20.94],
						"0.0333": [-20.95, -8.87, -20.84],
						"0.0667": [-20.96, -9.98, -20.55],
						"0.1": [-20.99, -11.44, -20.11],
						"0.1333": [-21.02, -12.78, -19.58],
						"0.1667": [-21.06, -13.78, -19.05],
						"0.2": [-21.08, -14.45, -18.61],
						"0.2333": [-21.1, -14.86, -18.32],
						"0.2667": [-21.11, -15.06, -18.22],
						"0.3": [-21.1, -15.09, -18.3],
						"0.3333": [-21.09, -15.02, -18.48],
						"0.3667": [-21.08, -14.81, -18.71],
						"0.4": [-21.06, -14.47, -18.99],
						"0.4333": [-21.04, -13.98, -19.28],
						"0.4667": [-21.02, -13.32, -19.58],
						"0.5": [-21.01, -12.51, -19.88],
						"0.5333": [-20.99, -11.54, -20.17],
						"0.5667": [-20.97, -10.48, -20.44],
						"0.6": [-20.96, -9.45, -20.68],
						"0.6333": [-20.95, -8.66, -20.86],
						"0.6667": [-20.94, -8.42, -20.94],
						"0.7": [-20.95, -8.87, -20.84],
						"0.7333": [-20.96, -9.98, -20.55],
						"0.7667": [-20.99, -11.44, -20.11],
						"0.8": [-21.02, -12.78, -19.58],
						"0.8333": [-21.06, -13.78, -19.05],
						"0.8667": [-21.08, -14.45, -18.61],
						"0.9": [-21.1, -14.86, -18.32],
						"0.9333": [-21.11, -15.06, -18.22],
						"0.9667": [-21.1, -15.09, -18.3],
						"1.0": [-21.09, -15.02, -18.48],
						"1.0333": [-21.08, -14.81, -18.71],
						"1.0667": [-21.06, -14.47, -18.99],
						"1.1": [-21.04, -13.98, -19.28],
						"1.1333": [-21.02, -13.32, -19.58],
						"1.1667": [-21.01, -12.51, -19.88],
						"1.2": [-20.99, -11.54, -20.17],
						"1.2333": [-20.97, -10.48, -20.44],
						"1.2667": [-20.96, -9.45, -20.68],
						"1.3": [-20.95, -8.66, -20.86],
						"1.3333": [-20.94, -8.42, -20.94]
					},
					"position": {
						"0.0": [-0.5, 0, 0],
						"0.0333": [-0.5, 0.02, 0],
						"0.0667": [-0.5, 0.06, 0],
						"0.1": [-0.5, 0.13, 0],
						"0.1333": [-0.5, 0.21, 0],
						"0.1667": [-0.5, 0.29, 0],
						"0.2": [-0.5, 0.37, 0],
						"0.2333": [-0.5, 0.44, 0],
						"0.2667": [-0.5, 0.48, 0],
						"0.3": [-0.5, 0.5, 0],
						"0.3333": [-0.5, 0.49, 0],
						"0.3667": [-0.5, 0.47, 0],
						"0.4": [-0.5, 0.42, 0],
						"0.4333": [-0.5, 0.36, 0],
						"0.4667": [-0.5, 0.29, 0],
						"0.5": [-0.5, 0.2, 0],
						"0.5333": [-0.5, 0.13, 0],
						"0.5667": [-0.5, 0.07, 0],
						"0.6": [-0.5, 0.03, 0],
						"0.6333": [-0.5, 0.01, 0],
						"0.6667": [-0.5, 0, 0],
						"0.7": [-0.5, 0.02, 0],
						"0.7333": [-0.5, 0.06, 0],
						"0.7667": [-0.5, 0.13, 0],
						"0.8": [-0.5, 0.21, 0],
						"0.8333": [-0.5, 0.29, 0],
						"0.8667": [-0.5, 0.37, 0],
						"0.9": [-0.5, 0.44, 0],
						"0.9333": [-0.5, 0.48, 0],
						"0.9667": [-0.5, 0.5, 0],
						"1.0": [-0.5, 0.49, 0],
						"1.0333": [-0.5, 0.47, 0],
						"1.0667": [-0.5, 0.42, 0],
						"1.1": [-0.5, 0.36, 0],
						"1.1333": [-0.5, 0.29, 0],
						"1.1667": [-0.5, 0.2, 0],
						"1.2": [-0.5, 0.13, 0],
						"1.2333": [-0.5, 0.07, 0],
						"1.2667": [-0.5, 0.03, 0],
						"1.3": [-0.5, 0.01, 0],
						"1.3333": [-0.5, 0, 0]
					}
				},
				"RightLeg": {
					"rotation": {
						"0.0": [0, -5, -1.5],
						"0.0333": [0, -5, -1.49],
						"0.0667": [0, -5, -1.47],
						"0.1": [0, -5, -1.44],
						"0.1333": [0, -5, -1.38],
						"0.1667": [0, -5, -1.31],
						"0.2": [0, -5, -1.21],
						"0.2333": [0, -5, -1.09],
						"0.2667": [0, -5, -0.94],
						"0.3": [0, -5, -0.76],
						"0.3333": [0, -5, -0.55],
						"0.3667": [0, -5, -0.3],
						"0.4": [0, -5, -0.02],
						"0.4333": [0, -5, 0.28],
						"0.4667": [0, -5, 0.58],
						"0.5": [0, -5, 0.86],
						"0.5333": [0, -5, 1.1],
						"0.5667": [0, -5, 1.28],
						"0.6": [0, -5, 1.41],
						"0.6333": [0, -5, 1.48],
						"0.6667": [0, -5, 1.5],
						"0.7": [0, -5, 1.49],
						"0.7333": [0, -5, 1.47],
						"0.7667": [0, -5, 1.44],
						"0.8": [0, -5, 1.38],
						"0.8333": [0, -5, 1.31],
						"0.8667": [0, -5, 1.21],
						"0.9": [0, -5, 1.09],
						"0.9333": [0, -5, 0.94],
						"0.9667": [0, -5, 0.76],
						"1.0": [0, -5, 0.55],
						"1.0333": [0, -5, 0.3],
						"1.0667": [0, -5, 0.02],
						"1.1": [0, -5, -0.28],
						"1.1333": [0, -5, -0.58],
						"1.1667": [0, -5, -0.86],
						"1.2": [0, -5, -1.1],
						"1.2333": [0, -5, -1.28],
						"1.2667": [0, -5, -1.41],
						"1.3": [0, -5, -1.48],
						"1.3333": [0, -5, -1.5]
					}
				},
				"LeftLeg": {
					"rotation": {
						"0.0": [0, 5, -1.5],
						"0.0333": [0, 5, -1.49],
						"0.0667": [0, 5, -1.47],
						"0.1": [0, 5, -1.44],
						"0.1333": [0, 5, -1.38],
						"0.1667": [0, 5, -1.31],
						"0.2": [0, 5, -1.21],
						"0.2333": [0, 5, -1.09],
						"0.2667": [0, 5, -0.94],
						"0.3": [0, 5, -0.76],
						"0.3333": [0, 5, -0.55],
						"0.3667": [0, 5, -0.3],
						"0.4": [0, 5, -0.02],
						"0.4333": [0, 5, 0.28],
						"0.4667": [0, 5, 0.58],
						"0.5": [0, 5, 0.86],
						"0.5333": [0, 5, 1.1],
						"0.5667": [0, 5, 1.28],
						"0.6": [0, 5, 1.41],
						"0.6333": [0, 5, 1.48],
						"0.6667": [0, 5, 1.5],
						"0.7": [0, 5, 1.49],
						"0.7333": [0, 5, 1.47],
						"0.7667": [0, 5, 1.44],
						"0.8": [0, 5, 1.38],
						"0.8333": [0, 5, 1.31],
						"0.8667": [0, 5, 1.21],
						"0.9": [0, 5, 1.09],
						"0.9333": [0, 5, 0.94],
						"0.9667": [0, 5, 0.76],
						"1.0": [0, 5, 0.55],
						"1.0333": [0, 5, 0.3],
						"1.0667": [0, 5, 0.02],
						"1.1": [0, 5, -0.28],
						"1.1333": [0, 5, -0.58],
						"1.1667": [0, 5, -0.86],
						"1.2": [0, 5, -1.1],
						"1.2333": [0, 5, -1.28],
						"1.2667": [0, 5, -1.41],
						"1.3": [0, 5, -1.48],
						"1.3333": [0, 5, -1.5]
					}
				}
			}
		},
		"extra7": {
			"animation_length": 4.5,
			"bones": {
				"Root": {
					"rotation": {
						"0.5": [0, 0, 0],
						"1.0": [0, 2.5, 0],
						"4.0": [0, 2.5, 0],
						"4.5": [0, 0, 0]
					},
					"position": {
						"0.5": [0, 0, 0],
						"0.5833": [-0.37, 0, 0.93],
						"0.6667": [-0.73, -0.15, 1.86],
						"0.75": [-1.1, -0.4, 2.8],
						"0.875": [-1.5, -0.8, 4.2],
						"1.0": [-1.9, -1.5, 5.6],
						"4.0": [-1.9, -1.5, 5.6],
						"4.2917": [-0.79, -0.33, 2.33],
						"4.5": [0, 0, 0]
					}
				},
				"UpBody": {
					"rotation": {
						"0.5": [0, 0, 0],
						"1.0": [22.81179, 9.23186, 3.86032],
						"4.0": [22.81179, 9.23186, 3.86032],
						"4.5": [0, 0, 0]
					},
					"position": {
						"0.5": [0, 0, 0],
						"1.0": [0, 0, 0],
						"4.0": [0, 0, 0],
						"4.5": [0, 0, 0]
					}
				},
				"bone13": {
					"rotation": {
						"1.0": [0, 0, 0],
						"1.25": [15, 0, 0],
						"1.6667": [0, 0, 0]
					}
				},
				"Head": {
					"rotation": {
						"0.5": [0, 0, 0],
						"1.0": [0, 0, 0],
						"4.0": [0, 0, 0],
						"4.5": [0, 0, 0]
					}
				},
				"MLongHair": {
					"rotation": {
						"0.5": [0, 0, 0],
						"1.0": [-5, 0, 0],
						"1.25": [2.5, 0, 0],
						"2.0417": [0, 0, 0],
						"4.0": [0, 0, 0],
						"4.5": [0, 0, 0]
					}
				},
				"RightEyebrow": {
					"rotation": {
						"0.0": [0, 0, 0],
						"0.2083": [0, 0, -12.5],
						"0.5": [0, 0, -12.5],
						"4.0": [0, 0, -12.5],
						"4.0833": [0, 0, 0]
					},
					"position": {
						"0.0": [0, 0, 0],
						"0.2083": [0.2, -0.4, 0],
						"0.5": [0.2, -0.4, 0],
						"0.5833": [0, -1.4, 0],
						"4.0": [0, -1.4, 0],
						"4.0833": [0, 0, 0]
					}
				},
				"LeftEyebrow": {
					"rotation": {
						"0.0": [0, 0, 0],
						"0.2083": [0, 0, 12.5],
						"0.5": [0, 0, 12.5],
						"4.0": [0, 0, 7.5],
						"4.0833": [0, 0, 0]
					},
					"position": {
						"0.0": [0, 0, 0],
						"0.2083": [-0.2, -0.4, 0],
						"0.5": [-0.2, -0.4, 0],
						"0.5833": [0, -1.2, 0],
						"4.0": [0, -1.2, 0],
						"4.0833": [0, 0, 0]
					}
				},
				"Eyelid": {
					"position": {
						"0.5": [0, 0, 0],
						"0.5833": [0, 0, 1],
						"4.0": [0, 0, 1],
						"4.0833": [0, 0, 0]
					}
				},
				"Head_Mouth_2": {
					"position": {
						"0.5": [0, 0, 0],
						"0.5417": [0, -0.1, -1],
						"4.0": [0, -0.1, -1],
						"4.0833": [0, 0, 0]
					}
				},
				"Head_Mouth_4": {
					"rotation": {
						"0.0": [0, 0, 0],
						"0.0417": [7.5, 0, 0],
						"0.5": [7.5, 0, 0],
						"0.5417": [0, 0, 0]
					},
					"position": {
						"0.0": [0, 0, 0],
						"0.0417": [0, -0.2, -1],
						"0.5": [0, -0.2, -1],
						"0.5417": [0, 0, 0]
					}
				},
				"Arm": {
					"rotation": {
						"0.75": [0, 0, 0],
						"1.0": [-20, 0, 0]
					}
				},
				"LeftArm": {
					"rotation": {
						"0.0": [0, 0, 0],
						"0.25": [-29.83963, 10.3464, 5.38403],
						"0.5": [-29.83963, 10.3464, 5.38403],
						"0.75": [-6.5598, 2.69979, -47.8755],
						"4.0": [-6.5598, 2.69979, -47.8755],
						"4.5": [0, 0, 0]
					}
				},
				"LeftForeArm": {
					"rotation": {
						"0.0": [0, 0, 0],
						"0.25": [-87.19264, 27.47656, 91.07807],
						"0.5": [-87.19264, 27.47656, 91.07807],
						"0.75": [-56.41096, 16.08258, -13.00767],
						"4.0": [-56.41096, 16.08258, -13.00767],
						"4.5": [0, 0, 0]
					}
				},
				"RightArm": {
					"rotation": {
						"0.0": [0, 0, 0],
						"0.25": [-30, -15, -10],
						"0.5": [-30, -15, -10],
						"0.75": [2.91675, -4.27901, 41.77878],
						"4.0": [2.91675, -4.27901, 41.77878],
						"4.5": [0, 0, 0]
					}
				},
				"RightForeArm": {
					"rotation": {
						"0.0": [0, 0, 0],
						"0.25": [-96.18239, -20.9849, -73.11148],
						"0.5": [-96.18239, -20.9849, -73.11148],
						"0.75": [-56.83763, -13.65305, 14.71014],
						"4.0": [-56.83763, -13.65305, 14.71014],
						"4.5": [0, 0, 0]
					}
				},
				"bone2": {
					"rotation": {
						"0.5": [0, 0, 0],
						"1.0": [-29.88793, -29.63313, 14.2032],
						"4.0": [-29.88793, -29.63313, 14.2032],
						"4.5": [0, 0, 0]
					},
					"position": {
						"0.5": [0, 0, 0],
						"1.0": [-0.8, -1.2, 0.3],
						"4.0": [-0.8, -1.2, 0.3],
						"4.5": [0, 0, 0]
					}
				},
				"bone3": {
					"rotation": {
						"0.5": [0, 0, 0],
						"0.625": [-15.65463, 19.15554, -7.80527],
						"0.75": [-26.30926, 38.31108, -15.61054],
						"1.0": [-37.17679, 53.10479, -21.13216],
						"4.0": [-37.17679, 53.10479, -21.13216],
						"4.25": [-28.58839, 26.5524, -10.56608],
						"4.5": [0, 0, 0]
					},
					"position": {
						"0.5": [0, 0, 0],
						"1.0": [-0.5, -0.6, 0.5],
						"4.0": [-0.5, -0.6, 0.5],
						"4.5": [0, 0, 0]
					}
				},
				"bone4": {
					"rotation": {
						"0.5": [0, 0, 0],
						"1.0": [-7.5, 0, -15],
						"4.0": [-7.5, 0, -15],
						"4.5": [0, 0, 0]
					}
				},
				"ft4": {
					"rotation": {
						"0.5": [0, 0, 0],
						"1.0": [-49.8924, -3.82821, -3.21873],
						"4.0": [-49.8924, -3.82821, -3.21873],
						"4.5": [0, 0, 0]
					}
				},
				"ft5": {
					"rotation": {
						"0.5": [0, 0, 0],
						"1.0": [-42.5, 0, 0],
						"4.0": [-42.5, 0, 0],
						"4.5": [0, 0, 0]
					}
				},
				"ft8": {
					"rotation": {
						"0.5": [0, 0, 0],
						"1.0": [-57.5, 0, 0],
						"4.0": [-57.5, 0, 0],
						"4.5": [0, 0, 0]
					}
				},
				"DownBody": {
					"rotation": {
						"0.5": [0, 0, 0],
						"1.0": [-30, 0, 0],
						"4.0": [-30, 0, 0],
						"4.5": [0, 0, 0]
					}
				},
				"LeftLeg": {
					"rotation": {
						"0.5": [0, 0, 0],
						"1.0": [0, 0, -7.5],
						"4.0": [0, 0, -7.5],
						"4.5": [0, 0, 0]
					}
				},
				"LeftLowerLeg": {
					"rotation": {
						"0.5": [0, 0, 0],
						"1.0": [30, 0, 0],
						"4.0": [30, 0, 0],
						"4.5": [0, 0, 0]
					}
				},
				"LeftFoot": {
					"rotation": {
						"0.5": [0, 0, 0],
						"1.0": [0, 0, 7.5],
						"4.0": [0, 0, 7.5],
						"4.5": [0, 0, 0]
					}
				},
				"RightLeg": {
					"rotation": {
						"0.5": [0, 0, 0],
						"1.0": [12.5, -4, 6],
						"4.0": [12.5, -4, 6],
						"4.5": [0, 0, 0]
					}
				},
				"RightLowerLeg": {
					"rotation": {
						"0.5": [0, 0, 0],
						"1.0": [37.5, 0, -2],
						"4.0": [37.5, 0, -2],
						"4.5": [0, 0, 0]
					}
				},
				"RightFoot": {
					"rotation": {
						"0.5": [0, 0, 0],
						"1.0": [-20, 0, -4],
						"4.0": [-20, 0, -4],
						"4.5": [0, 0, 0]
					}
				},
				"Root2": {
					"rotation": [0, 90, -17.5],
					"position": [28, -14, -8],
					"scale": {
						"1.0833": [0, 0, 0],
						"1.125": [1, 1, 1],
						"4.0833": [1, 1, 1],
						"4.125": [0, 0, 0]
					}
				},
				"Head2": {
					"rotation": [25, 0, 0]
				},
				"RightArm2": {
					"rotation": [-37.5, 0, 0]
				},
				"RightForeArm2": {
					"rotation": [-30.48005, -11.86554, -19.25656]
				},
				"LeftArm2": {
					"rotation": [-37.5, 0, 0]
				},
				"LeftForeArm2": {
					"rotation": [-27.41063, -2.30644, 20.56255]
				},
				"DownBody2": {
					"rotation": [-17.5, 0, 0]
				},
				"LeftLeg2": {
					"rotation": [-69.92391, -20.50507, -14.59394]
				},
				"LeftLowerLeg2": {
					"rotation": [106.58381, -10.09203, -0.37498]
				},
				"LeftFoot2": {
					"rotation": [-32.39331, 3.60884, 3.46125]
				},
				"RightLeg2": {
					"rotation": [-26.67848, 23.37364, 9.23182]
				},
				"RightLowerLeg2": {
					"rotation": [110, 0, 0]
				},
				"RightFoot2": {
					"rotation": [-37.5, 0, 0]
				}
			}
		},
		"extra0": {
			"loop": "hold_on_last_frame",
			"animation_length": 2.25,
			"bones": {
				"Root": {
					"position": {
						"0.0": [0, 0, 0],
						"0.0833": [0, 1, 1],
						"0.375": [0, 0, 1],
						"1.25": [0, 0, 1],
						"1.5": [0, 0, 0],
						"1.75": [0, 0, -1],
						"2.0833": [0, 0, 0]
					}
				},
				"UpBody": {
					"rotation": {
						"0.0": [0, 0, 0],
						"0.375": [2.5, 5, 0],
						"2.0833": [0, 0, 0]
					},
					"position": {
						"0.0": [0, 0, 0],
						"0.375": [0, -2.95, 6.95],
						"1.25": [0, -2.95, 6.95],
						"1.5": [0, -1.88, 4.98],
						"1.75": [0, -1.97, 4.08],
						"1.8333": [0, -1.5, 2.98],
						"2.0833": [0, 0, 0]
					}
				},
				"UpperBody": {
					"rotation": {
						"0.0": [0, 0, 0],
						"0.5": [10, 0, 0],
						"1.125": [10, 0, 0],
						"1.5": [0, 0, 0]
					}
				},
				"bone13": {
					"rotation": {
						"0.375": [0, 0, 0],
						"0.5": [15, 0, 0],
						"0.75": [-12.5, 0, 0],
						"1.25": [0, 0, 0]
					}
				},
				"bone14": {
					"rotation": {
						"0.375": [0, 0, 0],
						"0.5": [-20, 0, 0],
						"0.75": [17.5, 0, 0],
						"1.25": [0, 0, 0]
					}
				},
				"Head": {
					"rotation": {
						"0.0": [0, 0, 0],
						"0.5": [7.61435, 9.91358, 1.31845],
						"0.75": [7.61435, 9.91358, 1.31845],
						"1.0": [0, 0, 0],
						"2.0": [0, 0, 0]
					}
				},
				"MLongHair": {
					"rotation": {
						"0.375": [0, 0, 0],
						"0.5": [7.5, 0, 0],
						"0.7917": [-5, 0, 0],
						"1.5": [0, 0, 0]
					}
				},
				"RightEyebrow": {
					"position": {
						"0.0": [0, 0, 0],
						"0.0417": [0, 0, 1],
						"0.75": [0, 0, 1],
						"0.7917": [0, 0, 0]
					},
					"scale": {
						"0.0": [1, 1, 1],
						"0.0417": [0, 0, 0],
						"0.75": [0, 0, 0],
						"0.7917": [1, 1, 1]
					}
				},
				"LeftEyebrow": {
					"position": {
						"0.0": [0, 0, 0],
						"0.0417": [0, 0, 1],
						"0.75": [0, 0, 0],
						"0.7917": [0, 0, 0]
					},
					"scale": {
						"0.0": [1, 1, 1],
						"0.0417": [0, 0, 0],
						"0.75": [0, 0, 1],
						"0.7917": [1, 1, 1]
					}
				},
				"Eyelid": {
					"position": {
						"0.0": [0, 0, 0],
						"0.0417": [0, 0, 1],
						"0.75": [0, 0, 1],
						"0.7917": [0, 0, 0]
					}
				},
				"Head_Expression_3": {
					"position": {
						"0.0": [0, 0, 0],
						"0.0417": [0, 0, -5],
						"0.4167": [0, 0, -5],
						"0.75": [0, 0, -5],
						"0.7917": [0, 0, 0]
					}
				},
				"LeftArm": {
					"rotation": {
						"0.0": [0, 0, 0],
						"0.2917": [-48.2367, 15.18892, 13.16783],
						"1.25": [-48.2367, 15.18892, 13.16783],
						"2.0": [0, 0, 0]
					}
				},
				"LeftForeArm": {
					"rotation": {
						"0.0": [0, 0, 0],
						"0.2917": [-85.28707, 9.7076, 89.78991],
						"1.25": [-85.28707, 9.7076, 89.78991],
						"2.0": [0, 0, 0]
					}
				},
				"RightArm": {
					"rotation": {
						"0.0": [0, 0, 0],
						"0.2917": [-31.56604, -7.38655, -15.8486],
						"1.25": [-31.56604, -7.38655, -15.8486],
						"2.0": [0, 0, 0]
					}
				},
				"RightForeArm": {
					"rotation": {
						"0.0": [0, 0, 0],
						"0.2917": [-99.03422, -22.99779, -62.78304],
						"1.25": [-99.03422, -22.99779, -62.78304],
						"2.0": [0, 0, 0]
					}
				},
				"bone2": {
					"rotation": {
						"0.0": [0, 0, 0],
						"0.375": [-20.14168, -7.15102, 2.26708],
						"1.0": [-20.14168, -7.15102, 2.26708],
						"2.0": [0, 0, 0]
					}
				},
				"bone3": {
					"rotation": {
						"0.0": [0, 0, 0],
						"0.125": [-13.15085, 41.95187, -6.9131],
						"1.0": [-13.15085, 41.95187, -6.9131],
						"1.25": [-18.26555, 44.50356, -7.12213],
						"1.5": [-18.15085, 41.95187, -6.9131],
						"2.0": [0, 0, 0]
					}
				},
				"bone4": {
					"rotation": {
						"0.0": [0, 0, 0],
						"0.375": [0, 0, -2.5],
						"1.4583": [0, 0, -2.5],
						"1.8333": [0, 0, -2.5],
						"2.0": [0, 0, 0]
					}
				},
				"ft4": {
					"rotation": {
						"0.0": [0, 0, 0],
						"0.375": [-35, 0, 0],
						"1.0": [-35, 0, 0],
						"2.0": [0, 0, 0]
					}
				},
				"ft5": {
					"rotation": {
						"0.0": [0, 0, 0],
						"0.375": [-18.75, 0, 0],
						"0.7083": [-18.75, 0, 0],
						"1.25": [-17.5, 0, 0],
						"2.0": [0, 0, 0]
					}
				},
				"ft8": {
					"rotation": {
						"0.0": [0, 0, 0],
						"0.375": [-32.5, 0, 0],
						"1.0": [-32.5, 0, 0],
						"2.0": [0, 0, 0]
					}
				},
				"DownBody": {
					"rotation": {
						"0.0": [0, 0, 0],
						"0.375": [-35, 0, 0],
						"1.25": [-35, 0, 0],
						"2.0833": [0, 0, 0]
					},
					"position": {
						"0.0": [0, 0, 0],
						"0.375": [0, -2.35, 7.25],
						"1.25": [0, -2.35, 7.25],
						"1.75": [0, -0.85, 4.25],
						"2.0833": [0, 0, 0]
					}
				},
				"LeftLeg": {
					"rotation": {
						"0.0": [0, 0, 0],
						"0.375": [-2.5, 0, 0],
						"1.25": [-2.5, 0, 0],
						"2.0833": [0, 0, 0]
					}
				},
				"LeftLowerLeg": {
					"rotation": {
						"0.0": [0, 0, 0],
						"0.125": [3.75, 0, 0],
						"0.25": [13.13, 0, 0],
						"0.375": [27.5, 0, 0],
						"1.25": [27.5, 0, 0],
						"1.5": [20.63, 0, 0],
						"2.0833": [0, 0, 0]
					}
				},
				"LeftFoot": {
					"rotation": {
						"0.0": [0, 0, 0],
						"0.125": [15, 0, 0],
						"0.25": [12.5, 0, 0],
						"0.375": [10, 0, 0],
						"1.25": [10, 0, 0],
						"1.5": [5, 0, 0],
						"1.7083": [2.5, 0, 0],
						"2.0": [3.33, 0, 0],
						"2.0833": [0, 0, 0]
					},
					"position": {
						"0.0": [0, 0, 0],
						"1.25": [0, 0, 0],
						"1.5": [0, 0.5, 0],
						"1.7083": [0, 0.39, 0],
						"2.0": [0, 0.23, 0],
						"2.0833": [0, 0, 0]
					}
				},
				"RightLeg": {
					"rotation": {
						"0.0833": [0, 0, 0],
						"0.375": [24.72298, -2.58993, 9.71094],
						"1.25": [24.72298, -2.58993, 9.71094],
						"1.5833": [19.44877, -4.41652, 11.68786],
						"1.8333": [19.44877, -4.41652, 11.68786],
						"2.0": [-0.27561, -2.20826, 5.84393],
						"2.25": [0, 0, 0]
					},
					"position": [0, 0, 0]
				},
				"RightLowerLeg": {
					"rotation": {
						"0.0": [0, 0, 0],
						"0.375": [42.5, 0, 0],
						"1.25": [42.5, 0, 0],
						"1.7083": [22.32648, 2.86313, -6.93488],
						"1.8333": [22.32648, 2.86313, -6.93488],
						"2.0": [43.66324, 1.43156, -3.46744],
						"2.25": [0, 0, 0]
					},
					"position": {
						"0.0": [0, 0, 0],
						"0.375": [0, 0.4, -0.3],
						"1.25": [0, 0.4, -0.3],
						"1.7083": [0, 0, 0],
						"1.8333": [0, 0, 0],
						"2.0": [0, 0, 0]
					}
				},
				"RightFoot": {
					"rotation": {
						"0.0": [0, 0, 0],
						"0.125": [10.00233, -0.1085, -3.11552],
						"0.375": [-29.99067, -0.43399, -12.46207],
						"1.25": [-29.99067, -0.43399, -12.46207],
						"1.75": [-20.99813, -0.0868, -2.49241],
						"2.25": [0, 0, 0]
					}
				},
				"bone5": {
					"rotation": {
						"0.2917": [0, 0, 0],
						"0.375": [8, 0, 0],
						"1.875": [0, 0, 0]
					}
				}
			}
		}
	}
}