{
	"format_version": "1.12.0",
	"minecraft:geometry": [
		{
			"description": {
				"identifier": "geometry.unknown",
				"texture_width": 128,
				"texture_height": 128,
				"visible_bounds_width": 5,
				"visible_bounds_height": 8,
				"visible_bounds_offset": [0, 2, 0]
			},
			"bones": [
				{
					"name": "Root_LB",
					"pivot": [13, 10, 4]
				},
				{
					"name": "Body_LB",
					"parent": "Root_LB",
					"pivot": [13, 13, 4],
					"cubes": [
						{"origin": [10, 12, 1], "size": [6, 4, 6], "uv": [104, 12]},
						{"origin": [10, 16, 1], "size": [6, 6, 6], "uv": [104, 0]},
						{"origin": [11, 10.5, 2], "size": [4, 4, 4], "uv": [88, 0]}
					]
				},
				{
					"name": "Ear_LB",
					"parent": "Body_LB",
					"pivot": [13, 22, 4]
				},
				{
					"name": "LeftEar_LuoBo",
					"parent": "Ear_LB",
					"pivot": [14.5, 22, 4],
					"cubes": [
						{"origin": [14, 21.5, 3.5], "size": [1, 2, 1], "inflate": -0.1, "uv": [83, 26]},
						{"origin": [14, 23, 3.5], "size": [1, 3, 1], "inflate": 0.1, "uv": [79, 26]}
					]
				},
				{
					"name": "RightEar_LuoBo",
					"parent": "Ear_LB",
					"pivot": [11.5, 22, 4],
					"cubes": [
						{"origin": [11, 23, 3.5], "size": [1, 3, 1], "inflate": 0.1, "uv": [79, 26], "mirror": true},
						{"origin": [11, 21.5, 3.5], "size": [1, 2, 1], "inflate": -0.1, "uv": [83, 26], "mirror": true}
					]
				},
				{
					"name": "ysmGlowFace",
					"parent": "Body_LB",
					"pivot": [13, 18.5, 1],
					"cubes": [
						{"origin": [10.5, 16.5, 0.9], "size": [5, 4, 1], "uv": [90, 25]}
					]
				},
				{
					"name": "ysmGlowEye01",
					"parent": "ysmGlowFace",
					"pivot": [13, 18.5, 0.75],
					"cubes": [
						{"origin": [14, 17.5, 0.75], "size": [1, 2, 1], "uv": [102, 27]},
						{"origin": [11, 17.5, 0.75], "size": [1, 2, 1], "uv": [102, 27], "mirror": true}
					]
				},
				{
					"name": "ysmGlowEye02",
					"parent": "ysmGlowFace",
					"pivot": [13, 18.5, 1.65],
					"cubes": [
						{"origin": [10.1, 18, 1.65], "size": [2.25, 1, 1], "inflate": -0.1, "pivot": [12.25, 18.9, 1.75], "rotation": [0, 0, 15], "uv": [56, 0]},
						{"origin": [11.35, 18, 1.65], "size": [1, 1, 1], "inflate": -0.1, "uv": [56, 2]},
						{"origin": [10.35, 18, 1.66], "size": [2, 1, 1], "inflate": -0.1, "pivot": [12.25, 18.1, 1.75], "rotation": [0, 0, -40], "uv": [56, 4]},
						{"origin": [13.65, 18, 1.66], "size": [2, 1, 1], "inflate": -0.1, "pivot": [13.75, 18.1, 1.75], "rotation": [0, 0, 40], "uv": [56, 4], "mirror": true},
						{"origin": [13.65, 18, 1.65], "size": [1, 1, 1], "inflate": -0.1, "uv": [56, 2], "mirror": true},
						{"origin": [13.65, 18, 1.65], "size": [2.25, 1, 1], "inflate": -0.1, "pivot": [13.75, 18.9, 1.75], "rotation": [0, 0, -15], "uv": [56, 0], "mirror": true}
					]
				},
				{
					"name": "ysmGlowEye03",
					"parent": "ysmGlowFace",
					"pivot": [13, 18.5, 1.75],
					"cubes": [
						{"origin": [13.75, 17.5, 1.75], "size": [2, 1, 1], "uv": [102, 27]},
						{"origin": [10.25, 17.5, 1.75], "size": [2, 1, 1], "uv": [102, 27], "mirror": true}
					]
				},
				{
					"name": "RightShoulderLocator",
					"parent": "Body_LB",
					"pivot": [13, 22, 2]
				},
				{
					"name": "Shell_LB",
					"parent": "Body_LB",
					"pivot": [13, 12.75, 4],
					"cubes": [
						{"origin": [10.5, 14.75, 0.5], "size": [5, 2, 1], "uv": [72, 11]},
						{"origin": [13.5, 13.75, 0.5], "size": [2, 1, 1], "uv": [72, 14]},
						{"origin": [10.5, 11.75, 6.5], "size": [5, 5, 1], "uv": [87, 18]},
						{"origin": [10.5, 16.75, 6.5], "size": [5, 2, 1], "uv": [91, 15]},
						{"origin": [15.5, 12.75, 0.5], "size": [1, 4, 6], "uv": [72, 14]},
						{"origin": [15.5, 11.75, 6.5], "size": [1, 5, 1], "uv": [99, 18]},
						{"origin": [15.5, 11.75, 3.5], "size": [1, 1, 3], "uv": [82, 13]},
						{"origin": [15.5, 16.75, 5.5], "size": [1, 2, 2], "uv": [97, 11]},
						{"origin": [15.5, 16.75, 2.5], "size": [1, 1, 3], "uv": [89, 11]},
						{"origin": [9.5, 16.75, 2.5], "size": [1, 1, 3], "uv": [89, 11], "mirror": true},
						{"origin": [9.5, 12.75, 0.5], "size": [1, 4, 6], "uv": [72, 14], "mirror": true},
						{"origin": [10.5, 13.75, 0.5], "size": [2, 1, 1], "uv": [72, 14], "mirror": true},
						{"origin": [9.5, 16.75, 5.5], "size": [1, 2, 2], "uv": [97, 11], "mirror": true},
						{"origin": [9.5, 11.75, 6.5], "size": [1, 5, 1], "uv": [99, 18], "mirror": true},
						{"origin": [9.5, 11.75, 3.5], "size": [1, 1, 3], "uv": [82, 13], "mirror": true}
					]
				},
				{
					"name": "Arm_LB",
					"parent": "Body_LB",
					"pivot": [13, 15, 4.5]
				},
				{
					"name": "LeftArm_LB",
					"parent": "Arm_LB",
					"pivot": [16, 15, 4.4],
					"cubes": [
						{"origin": [14, 13.5, 2.9], "size": [2, 3, 3], "uv": [108, 24]},
						{"origin": [16, 13, 2.4], "size": [1, 4, 4], "uv": [118, 22]}
					]
				},
				{
					"name": "RightArm_LB",
					"parent": "Arm_LB",
					"pivot": [10, 15, 4.4],
					"cubes": [
						{"origin": [9, 13, 2.4], "size": [1, 4, 4], "uv": [118, 22], "mirror": true},
						{"origin": [10, 13.5, 2.9], "size": [2, 3, 3], "uv": [108, 24], "mirror": true}
					]
				},
				{
					"name": "ysmGlowHalo_LB",
					"parent": "Body_LB",
					"pivot": [13, 10, 4],
					"cubes": [
						{"origin": [12, 10.05, 2.5], "size": [2.5, 0.1, 0.5], "uv": [78, 9]},
						{"origin": [12, 10.05, 2.5], "size": [2.5, 0.1, 0.5], "pivot": [13, 10.15, 4], "rotation": [0, -90, 0], "uv": [78, 9]},
						{"origin": [12, 10.05, 2.5], "size": [2.5, 0.1, 0.5], "pivot": [13, 10.15, 4], "rotation": [0, 180, 0], "uv": [78, 9]},
						{"origin": [12, 10.05, 2.5], "size": [2.5, 0.1, 0.5], "pivot": [13, 10.15, 4], "rotation": [0, 90, 0], "uv": [78, 9]}
					]
				},
				{
					"name": "Root",
					"pivot": [0, 0, 0]
				},
				{
					"name": "MAllBody",
					"parent": "Root",
					"pivot": [0, 14, 0]
				},
				{
					"name": "AllBody",
					"parent": "MAllBody",
					"pivot": [0, 14, 0]
				},
				{
					"name": "UPBody",
					"parent": "AllBody",
					"pivot": [0, 14, 0]
				},
				{
					"name": "MUpperBody",
					"parent": "UPBody",
					"pivot": [0, 14, 0]
				},
				{
					"name": "UpperBody",
					"parent": "MUpperBody",
					"pivot": [0, 14, 0],
					"cubes": [
						{"origin": [-2.5, 18, -2], "size": [3, 5, 4], "pivot": [0, 18, 0], "rotation": [0, 0, -5], "uv": [0, 12]},
						{"origin": [-0.5, 18, -2], "size": [3, 5, 4], "pivot": [0, 18, 0], "rotation": [0, 0, 5], "uv": [0, 12], "mirror": true},
						{"origin": [-2, 14, -2], "size": [4, 4, 4], "uv": [0, 21], "mirror": true},
						{"origin": [-1.5, 13, -2], "size": [3, 1, 3], "pivot": [0, 14, -2], "rotation": [15, 0, 0], "uv": [0, 29]},
						{"origin": [0.45811, 13.90885, -1.75], "size": [2, 5, 3.5], "pivot": [2.45811, 18.90885, -1.75], "rotation": [0, 0, -10], "uv": [16, 21], "mirror": true},
						{"origin": [-2.45811, 13.90885, -1.75], "size": [2, 5, 3.5], "pivot": [-2.45811, 18.90885, -1.75], "rotation": [0, 0, 10], "uv": [16, 21]},
						{"origin": [-2, 12, -2], "size": [4, 2, 4], "uv": [30, 27], "mirror": true}
					]
				},
				{
					"name": "AllHead",
					"parent": "UpperBody",
					"pivot": [0, 23, 0],
					"cubes": [
						{"origin": [-1, 22, -1], "size": [2, 2, 2], "uv": [10, 12]}
					]
				},
				{
					"name": "MHead",
					"parent": "AllHead",
					"pivot": [0, 24, 0]
				},
				{
					"name": "Head",
					"parent": "MHead",
					"pivot": [0, 24, 0],
					"cubes": [
						{"origin": [-3, 24, -3], "size": [6, 6, 6], "uv": [0, 0]},
						{"origin": [3, 25, -1.5], "size": [1, 2, 1], "pivot": [3, 27, -1.5], "rotation": [0, -20, 10], "uv": [0, 3], "mirror": true},
						{"origin": [-4, 25, -1.5], "size": [1, 2, 1], "pivot": [-3, 27, -1.5], "rotation": [0, 20, -10], "uv": [0, 3]}
					]
				},
				{
					"name": "Face",
					"parent": "Head",
					"pivot": [0, 27, -2]
				},
				{
					"name": "Eyes",
					"parent": "Face",
					"pivot": [0, 27, -3]
				},
				{
					"name": "EyeBrow",
					"parent": "Eyes",
					"pivot": [0, 26.5, -3]
				},
				{
					"name": "RightEyebrow",
					"parent": "EyeBrow",
					"pivot": [-1.75, 26.5, -3],
					"cubes": [
						{"origin": [-3.1, 26.25, -3.36], "size": [2.7, 1.25, 1], "inflate": -0.25, "uv": [23, 0]},
						{"origin": [-3.5, 25.75, -3.35], "size": [1.25, 1.25, 1], "inflate": -0.25, "pivot": [-2.5, 26.75, -3.1], "rotation": [0, 0, 20], "uv": [19, 0]}
					]
				},
				{
					"name": "LeftEyebrow",
					"parent": "EyeBrow",
					"pivot": [1.75, 26.5, -3],
					"cubes": [
						{"origin": [2.25, 25.75, -3.35], "size": [1.25, 1.25, 1], "inflate": -0.25, "pivot": [2.5, 26.75, -3.1], "rotation": [0, 0, -20], "uv": [19, 0], "mirror": true},
						{"origin": [0.4, 26.25, -3.36], "size": [2.7, 1.25, 1], "inflate": -0.25, "uv": [23, 0], "mirror": true}
					]
				},
				{
					"name": "Eyelid",
					"parent": "Eyes",
					"pivot": [0, 25.5, -3]
				},
				{
					"name": "RightEyelid",
					"parent": "Eyelid",
					"pivot": [-1.75, 25.5, -3],
					"cubes": [
						{"origin": [-2.75, 25, -3.01], "size": [2, 2, 1], "uv": [19, 2]}
					]
				},
				{
					"name": "RightEyesBase",
					"parent": "RightEyelid",
					"pivot": [-1.5, 25.75, -3]
				},
				{
					"name": "ysmGlowRightEyesBase",
					"parent": "RightEyesBase",
					"pivot": [-1.5, 25.75, -3],
					"cubes": [
						{"origin": [-4, 23, -5.16], "size": [5, 6, 5], "inflate": -2.1, "uv": [26, 11]},
						{"origin": [-4, 23, -5.05], "size": [5, 6, 5], "inflate": -2, "uv": [46, 16]},
						{"origin": [-3.8, 23.3, -5.17], "size": [4.6, 4.9, 4.25], "inflate": -2.1, "uv": [46, 8]}
					]
				},
				{
					"name": "LeftEyelid",
					"parent": "Eyelid",
					"pivot": [1.75, 25.5, -3],
					"cubes": [
						{"origin": [0.75, 25, -3.01], "size": [2, 2, 1], "uv": [19, 2], "mirror": true}
					]
				},
				{
					"name": "LeftEyesBase",
					"parent": "LeftEyelid",
					"pivot": [1.5, 25.75, -3]
				},
				{
					"name": "ysmGlowLeftEyesBase",
					"parent": "LeftEyesBase",
					"pivot": [1.5, 25.75, -3],
					"cubes": [
						{"origin": [-1, 23, -5.2], "size": [5, 6, 5], "inflate": -2.1, "uv": [26, 0], "mirror": true},
						{"origin": [-0.8, 23.3, -5.21], "size": [4.6, 4.9, 4.25], "inflate": -2.1, "uv": [46, 8], "mirror": true},
						{"origin": [-1, 23, -5.05], "size": [5, 6, 5], "inflate": -2, "uv": [46, 16], "mirror": true}
					]
				},
				{
					"name": "Eyes01",
					"parent": "Face",
					"pivot": [0, 26.25, -2.1],
					"cubes": [
						{"origin": [-2.75, 25, -2.1], "size": [2, 2.5, 1], "uv": [48, 3]},
						{"origin": [-2.75, 25, -2.36], "size": [2, 2.5, 1], "inflate": -0.25, "uv": [48, 0]},
						{"origin": [0.75, 25, -2.36], "size": [2, 2.5, 1], "inflate": -0.25, "uv": [48, 0], "mirror": true},
						{"origin": [0.75, 25, -2.1], "size": [2, 2.5, 1], "uv": [48, 3], "mirror": true}
					]
				},
				{
					"name": "Eyes_02",
					"parent": "Face",
					"pivot": [0, 26.25, -2.35],
					"cubes": [
						{"origin": [-2.9, 25.75, -2.35], "size": [2.25, 1, 1], "inflate": -0.1, "pivot": [-0.75, 26.65, -2.25], "rotation": [0, 0, 15], "uv": [56, 0]},
						{"origin": [-1.65, 25.75, -2.35], "size": [1, 1, 1], "inflate": -0.1, "uv": [56, 2]},
						{"origin": [-2.65, 25.75, -2.34], "size": [2, 1, 1], "inflate": -0.1, "pivot": [-0.75, 25.85, -2.25], "rotation": [0, 0, -40], "uv": [56, 4]},
						{"origin": [0.65, 25.75, -2.34], "size": [2, 1, 1], "inflate": -0.1, "pivot": [0.75, 25.85, -2.25], "rotation": [0, 0, 40], "uv": [56, 4], "mirror": true},
						{"origin": [0.65, 25.75, -2.35], "size": [1, 1, 1], "inflate": -0.1, "uv": [56, 2], "mirror": true},
						{"origin": [0.65, 25.75, -2.35], "size": [2.25, 1, 1], "inflate": -0.1, "pivot": [0.75, 26.65, -2.25], "rotation": [0, 0, -15], "uv": [56, 0], "mirror": true}
					]
				},
				{
					"name": "Mouth1",
					"parent": "Face",
					"pivot": [0, 24.85, -2],
					"rotation": [-2.5, 0, 0],
					"cubes": [
						{"origin": [-1, 23.87617, -2.49943], "size": [2, 2, 1.1], "inflate": -0.5, "pivot": [0, 24.87617, -1.99943], "rotation": [0, 0, -45], "uv": [64, 0]}
					]
				},
				{
					"name": "Mouth2",
					"parent": "Face",
					"pivot": [0, 25.35, -2.1],
					"cubes": [
						{"origin": [-1, 24.37617, -2.59943], "size": [2, 1.25, 1.1], "inflate": -0.5, "uv": [64, 0]},
						{"origin": [-1.5, 24.62617, -2.59943], "size": [3, 1.75, 1.1], "inflate": -0.5, "uv": [64, 0]},
						{"origin": [-1, 25.1263, -2.5995], "size": [2, 1.25, 1.1], "inflate": -0.5, "uv": [64, 5]}
					]
				},
				{
					"name": "Mouth3",
					"parent": "Face",
					"pivot": [0, 24.35, -2.1],
					"cubes": [
						{"origin": [-1.25, 23.87617, -2.52], "size": [2.5, 1.5, 1.1], "inflate": -0.5, "uv": [64, 8]},
						{"origin": [-1, 23.62617, -2.52], "size": [2, 1.25, 1.1], "inflate": -0.5, "uv": [65, 8]},
						{"origin": [-1.35, 23.62617, -2.52], "size": [1.35, 1.25, 1.1], "inflate": -0.5, "pivot": [-0.5, 24.12617, -2.02], "rotation": [0, 0, 45], "uv": [65, 8]},
						{"origin": [0, 23.62617, -2.52], "size": [1.35, 1.25, 1.1], "inflate": -0.5, "pivot": [0.5, 24.12617, -2.02], "rotation": [0, 0, -45], "uv": [65, 8]},
						{"origin": [-1.25, 23.97617, -2.53], "size": [2.1, 1.15, 1.1], "inflate": -0.5, "uv": [64, 12]},
						{"origin": [0.13, 23.97617, -2.53], "size": [1.12, 1.15, 1.1], "inflate": -0.5, "uv": [66, 12]},
						{"origin": [-0.15, 23.97617, -2.53], "size": [1.35, 1.15, 1.1], "inflate": -0.5, "pivot": [0.35, 24.62617, -2.0995], "rotation": [0, 0, 45], "uv": [65, 12]},
						{"origin": [-0.00858, 23.77262, -2.53], "size": [1.35, 1.15, 1.1], "inflate": -0.5, "pivot": [0.49142, 24.27262, -2.0995], "rotation": [0, 0, -45], "uv": [65, 12]}
					]
				},
				{
					"name": "Hair",
					"parent": "Head",
					"pivot": [0, 27, 0],
					"cubes": [
						{"origin": [1.5, 30.25, 0.25], "size": [2, 1, 3], "pivot": [1.5, 31.25, 0.25], "rotation": [-10, 0, 25], "uv": [93, 113], "mirror": true},
						{"origin": [1.5, 30.25, -2.75], "size": [2, 1, 3], "pivot": [1.5, 31.25, 0.25], "rotation": [10, 0, 25], "uv": [93, 109], "mirror": true},
						{"origin": [-3.5, 30.25, -2.75], "size": [2, 1, 3], "pivot": [-1.5, 31.25, 0.25], "rotation": [10, 0, -25], "uv": [93, 109]},
						{"origin": [-1.5, 30.5, 0.25], "size": [3, 1, 3], "pivot": [0, 31.5, 0.25], "rotation": [-7.5, 0, 0], "uv": [103, 113]},
						{"origin": [-1.5, 30.5, -2.75], "size": [3, 1, 3], "pivot": [0, 31.5, 0.25], "rotation": [7.5, 0, 0], "uv": [103, 109]},
						{"origin": [3.75, 29, -1.75], "size": [3, 1, 2], "pivot": [3.75, 30, 0.25], "rotation": [10, 0, 80], "uv": [93, 117], "mirror": true},
						{"origin": [3.75, 29, 0.25], "size": [3, 1, 3], "pivot": [3.75, 30, 0.25], "rotation": [-10, 0, 80], "uv": [93, 120], "mirror": true},
						{"origin": [4.02094, 26.04558, 0.25], "size": [3, 1, 3], "pivot": [4.02094, 27.04558, 0.25], "rotation": [-7.5, 0, 100], "uv": [93, 124], "mirror": true},
						{"origin": [-7.02094, 26.04558, 0.25], "size": [3, 1, 3], "pivot": [-4.02094, 27.04558, 0.25], "rotation": [-7.5, 0, -100], "uv": [93, 124]},
						{"origin": [-1.5, 27.75, 3.5], "size": [3, 3, 1], "pivot": [0, 27.75, 4.5], "rotation": [20, 0, 0], "uv": [105, 117]},
						{"origin": [-1.5, 23.75, 3.5], "size": [3, 4, 1], "pivot": [0, 27.75, 4.5], "rotation": [-5, 0, 0], "uv": [105, 121]},
						{"origin": [1.25, 27, 3.25], "size": [2, 3, 1], "pivot": [1.25, 27, 4.25], "rotation": [12.5, 15, 0], "uv": [113, 117], "mirror": true},
						{"origin": [1.25, 24, 3.25], "size": [2, 3, 1], "pivot": [1.25, 27, 4.25], "rotation": [-5, 15, 0], "uv": [113, 121], "mirror": true},
						{"origin": [-3.25, 24, 3.25], "size": [2, 3, 1], "pivot": [-1.25, 27, 4.25], "rotation": [-5, -15, 0], "uv": [113, 121]},
						{"origin": [-3.5, 30.25, 0.25], "size": [2, 1, 3], "pivot": [-1.5, 31.25, 0.25], "rotation": [-10, 0, -25], "uv": [93, 113]},
						{"origin": [-3.25, 27, 3.25], "size": [2, 3, 1], "pivot": [-1.25, 27, 4.25], "rotation": [12.5, -15, 0], "uv": [113, 117]},
						{"origin": [-6.75, 29, -1.75], "size": [3, 1, 2], "pivot": [-3.75, 30, 0.25], "rotation": [10, 0, -80], "uv": [93, 117]},
						{"origin": [-6.75, 29, 0.25], "size": [3, 1, 3], "pivot": [-3.75, 30, 0.25], "rotation": [-10, 0, -80], "uv": [93, 120]}
					]
				},
				{
					"name": "FrontHair",
					"parent": "Hair",
					"pivot": [0, 29.25, -3]
				},
				{
					"name": "FrontHair_1",
					"parent": "FrontHair",
					"pivot": [0, 30, -3.25],
					"cubes": [
						{"origin": [-1, 29, -4.25], "size": [2, 2, 1], "pivot": [0, 29, -4.25], "rotation": [-20, 0, 0], "uv": [74, 113]},
						{"origin": [-1, 27, -4.25], "size": [1, 2, 1], "pivot": [-1, 29, -4.25], "rotation": [-5, 0, -5], "uv": [74, 116]},
						{"origin": [-0.82635, 26.01519, -4.42431], "size": [1, 1, 1], "pivot": [-0.82635, 27.01519, -4.42431], "rotation": [-5, -2.5, -30], "uv": [74, 119]},
						{"origin": [0, 28, -4.25], "size": [1, 1, 1], "pivot": [1, 29, -4.25], "rotation": [0, 0, 5], "uv": [78, 116], "mirror": true},
						{"origin": [-0.08335, 25.84096, -4.25], "size": [1, 2.25, 1], "inflate": -0.01, "pivot": [-0.08335, 28.09096, -4.25], "rotation": [0, 0, -2.5], "uv": [78, 118], "mirror": true}
					]
				},
				{
					"name": "FrontHair_L1",
					"parent": "FrontHair",
					"pivot": [1.25, 30, -2.7],
					"rotation": [-10, -10, 0],
					"mirror": true,
					"cubes": [
						{"origin": [1.09597, 26.53788, -3.87431], "size": [1, 1.5, 1], "inflate": -0.001, "pivot": [1.09597, 28.03788, -2.87431], "rotation": [-4.69986, -1.70818, -29.9299], "uv": [78, 126]},
						{"origin": [1.5, 28, -3.6], "size": [1, 2, 1], "pivot": [2, 29.5, -2.6], "rotation": [0, 0, -30], "uv": [74, 123]},
						{"origin": [2.31699, 26.95096, -3.6], "size": [1, 1, 1], "inflate": -0.01, "pivot": [2.31699, 27.95096, -3.6], "rotation": [-10, 0, -50], "uv": [74, 126]},
						{"origin": [0.75, 28, -3.7], "size": [1, 2, 1], "pivot": [0.75, 30, -2.7], "rotation": [-5, 0, -10], "uv": [78, 123]}
					]
				},
				{
					"name": "FrontHair_L2",
					"parent": "FrontHair",
					"pivot": [2.5, 30, -2.25],
					"rotation": [0, 10, 0],
					"mirror": true,
					"cubes": [
						{"origin": [1.30209, 31.09948, -3.25], "size": [1.25, 2.25, 2], "pivot": [2.55209, 31.09948, -1.25], "rotation": [0, 0, -75], "uv": [84, 108]},
						{"origin": [2.7163, 26.68527, -3.25], "size": [1.25, 3, 1], "pivot": [3.9663, 29.68527, -3.25], "rotation": [0, 0, -5], "uv": [88, 116]},
						{"origin": [2.9663, 26.68527, -2.25], "size": [1, 3, 1], "pivot": [3.9663, 29.68527, -2.25], "rotation": [0, 0, -15], "uv": [84, 116]},
						{"origin": [3.13995, 24.95046, -2.25], "size": [1, 2, 1], "pivot": [4.13995, 26.95046, -2.25], "rotation": [15, 0, -30], "uv": [84, 120]},
						{"origin": [3.12777, 24.69669, -3.15], "size": [1, 2, 1], "inflate": -0.01, "pivot": [4.12777, 26.69669, -2.15], "rotation": [-13.64973, 6.27967, 24.24769], "uv": [88, 120]},
						{"origin": [3.22777, 23.94669, -2.35], "size": [1, 3, 1], "pivot": [4.22777, 26.69669, -2.35], "rotation": [-5, 0, 5], "uv": [84, 123]},
						{"origin": [2.98521, 22.96791, -2.59348], "size": [1, 1, 1], "inflate": -0.01, "pivot": [2.98521, 23.96791, -1.59348], "rotation": [-25, 0, 5], "uv": [88, 125]},
						{"origin": [2.7163, 29.68527, -3.25], "size": [1.25, 2, 2], "pivot": [3.9663, 29.68527, -3.25], "rotation": [0, 0, -45], "uv": [84, 112]}
					]
				},
				{
					"name": "FrontHair_R1",
					"parent": "FrontHair",
					"pivot": [-1.25, 30, -2.7],
					"rotation": [-10, 10, 0],
					"mirror": true,
					"cubes": [
						{"origin": [-3.31699, 26.95096, -3.6], "size": [1, 1, 1], "inflate": -0.01, "pivot": [-2.31699, 27.95096, -3.6], "rotation": [-10, 0, 50], "uv": [74, 126], "mirror": false},
						{"origin": [-2.5, 28, -3.6], "size": [1, 2, 1], "pivot": [-2, 29.5, -2.6], "rotation": [0, 0, 30], "uv": [74, 123], "mirror": false},
						{"origin": [-1.75, 28, -3.7], "size": [1, 2, 1], "pivot": [-0.75, 30, -2.7], "rotation": [-5, 0, 10], "uv": [78, 123], "mirror": false},
						{"origin": [-2.09597, 26.53788, -3.87431], "size": [1, 1.5, 1], "inflate": -0.001, "pivot": [-1.09597, 28.03788, -2.87431], "rotation": [-4.69986, 1.70818, 29.9299], "uv": [78, 126], "mirror": false}
					]
				},
				{
					"name": "FrontHair_R2",
					"parent": "FrontHair",
					"pivot": [-2.5, 30, -2.25],
					"rotation": [0, -10, 0],
					"mirror": true,
					"cubes": [
						{"origin": [-3.98521, 22.96791, -2.59348], "size": [1, 1, 1], "inflate": -0.01, "pivot": [-2.98521, 23.96791, -1.59348], "rotation": [-25, 0, -5], "uv": [88, 125], "mirror": false},
						{"origin": [-3.9663, 29.68527, -3.25], "size": [1.25, 2, 2], "pivot": [-3.9663, 29.68527, -3.25], "rotation": [0, 0, 45], "uv": [84, 112], "mirror": false},
						{"origin": [-4.13995, 24.95046, -2.25], "size": [1, 2, 1], "pivot": [-4.13995, 26.95046, -2.25], "rotation": [15, 0, 30], "uv": [84, 120], "mirror": false},
						{"origin": [-3.9663, 26.68527, -3.25], "size": [1.25, 3, 1], "pivot": [-3.9663, 29.68527, -3.25], "rotation": [0, 0, 5], "uv": [88, 116], "mirror": false},
						{"origin": [-4.12777, 24.69669, -3.15], "size": [1, 2, 1], "inflate": -0.01, "pivot": [-4.12777, 26.69669, -2.15], "rotation": [-13.64973, -6.27967, -24.24769], "uv": [88, 120], "mirror": false},
						{"origin": [-3.9663, 26.68527, -2.25], "size": [1, 3, 1], "pivot": [-3.9663, 29.68527, -2.25], "rotation": [0, 0, 15], "uv": [84, 116], "mirror": false},
						{"origin": [-2.55209, 31.09948, -3.25], "size": [1.25, 2.25, 2], "pivot": [-2.55209, 31.09948, -1.25], "rotation": [0, 0, 75], "uv": [84, 108], "mirror": false},
						{"origin": [-4.22777, 23.94669, -2.35], "size": [1, 3, 1], "pivot": [-4.22777, 26.69669, -2.35], "rotation": [-5, 0, -5], "uv": [84, 123], "mirror": false},
						{"origin": [-3.98521, 22.96791, -2.59348], "size": [1, 1, 1], "inflate": -0.01, "pivot": [-2.98521, 23.96791, -1.59348], "rotation": [-25, 0, -5], "uv": [88, 125], "mirror": false}
					]
				},
				{
					"name": "FrontHair_R3",
					"parent": "FrontHair",
					"pivot": [2.5, 30, -2.25],
					"rotation": [0, 10, 0],
					"mirror": true,
					"cubes": [
						{"origin": [2.98521, 22.96791, -2.59348], "size": [1, 1, 1], "inflate": -0.01, "pivot": [2.98521, 23.96791, -1.59348], "rotation": [-25, 0, 5], "uv": [88, 125]}
					]
				},
				{
					"name": "Tail",
					"parent": "Hair",
					"pivot": [0, 28.5, 0.5]
				},
				{
					"name": "Tail_L",
					"parent": "Tail",
					"pivot": [3.5, 30.75, 3],
					"mirror": true,
					"cubes": [
						{"origin": [3.80388, 31.21021, 1.75], "size": [1, 3, 1], "pivot": [4.80388, 31.21021, 2.75], "rotation": [0, 0, -20], "uv": [118, 89], "mirror": false},
						{"origin": [1.19612, 31.21021, 1.75], "size": [1, 3, 1], "pivot": [1.19612, 31.21021, 2.75], "rotation": [0, 0, 20], "uv": [122, 89], "mirror": false},
						{"origin": [2.5, 33.5, 1.75], "size": [1.1, 1.1, 1], "pivot": [3, 34.1, 2.75], "rotation": [0, 0, 45], "uv": [118, 87], "mirror": false},
						{"origin": [1.5, 29.25, 1.75], "size": [1, 2.5, 1], "inflate": -0.125, "pivot": [2.25, 31, 2.75], "rotation": [0, 0, -45], "uv": [122, 93], "mirror": false},
						{"origin": [3.5, 29.25, 1.75], "size": [1, 2.5, 1], "inflate": -0.125, "pivot": [3.75, 31, 2.75], "rotation": [0, 0, 45], "uv": [118, 93], "mirror": false},
						{"origin": [2.50388, 30.96021, 2.75], "size": [1, 3, 0.75], "pivot": [3.00388, 31.21021, 2.75], "rotation": [15, 0, 0], "uv": [121, 97], "mirror": false},
						{"origin": [3.55388, 31.21021, 2.75], "size": [1.15, 3, 0.75], "pivot": [4.80388, 31.21021, 2.75], "rotation": [15, 5, -25], "uv": [118, 97], "mirror": false},
						{"origin": [1.29612, 31.21021, 2.75], "size": [1.15, 3, 0.75], "pivot": [1.19612, 31.21021, 2.75], "rotation": [15, -5, 25], "uv": [124, 97], "mirror": false},
						{"origin": [2.50388, 29.66284, 2.78915], "size": [1, 1.5, 0.75], "pivot": [3.00388, 31.16284, 3.53915], "rotation": [-20, 0, 0], "uv": [121, 101], "mirror": false},
						{"origin": [2.50388, 29.80338, 2.15522], "size": [1, 1, 0.75], "pivot": [2.50388, 29.80338, 2.90522], "rotation": [-20, -15, -40], "uv": [124, 101], "mirror": false},
						{"origin": [3.50388, 29.80338, 2.15522], "size": [1, 1, 0.75], "pivot": [3.50388, 29.80338, 2.90522], "rotation": [-20, -15, -40], "uv": [118, 101], "mirror": false},
						{"origin": [1, 30.75, 2.25], "size": [4, 1, 1], "pivot": [3, 31.25, 2.75], "rotation": [-30, 0, 0], "uv": [118, 104], "mirror": false}
					]
				},
				{
					"name": "ysmGlowLeftTail",
					"parent": "Tail_L",
					"pivot": [3.5, 30.75, 3.1],
					"rotation": [5, 0, 0],
					"cubes": [
						{"origin": [1.9, 30.35, 1.85], "size": [2, 2, 1], "inflate": -0.25, "pivot": [3, 31.25, 2.35], "rotation": [-5, 5, 45], "uv": [114, 83]},
						{"origin": [1.85, 30.5, 1.75], "size": [1, 3, 1], "inflate": -0.25, "pivot": [3, 31.25, 2.25], "rotation": [-5, 2.5, 25], "uv": [124, 82]},
						{"origin": [3.15, 30.5, 1.75], "size": [1.25, 3, 1], "inflate": -0.251, "pivot": [3, 31.25, 2.25], "rotation": [-5, -2.5, -25], "uv": [120, 82]}
					]
				},
				{
					"name": "LeftFLongHair",
					"parent": "Tail_L",
					"pivot": [3, 30.75, 3.5]
				},
				{
					"name": "LeftMLongHair",
					"parent": "LeftFLongHair",
					"pivot": [3, 30.75, 3.5]
				},
				{
					"name": "LeftLongHair",
					"parent": "LeftMLongHair",
					"pivot": [3, 30.75, 3.5],
					"rotation": [0, 0, -40],
					"mirror": true,
					"cubes": [
						{"origin": [2.5, 27.75, 2.75], "size": [2, 4, 2], "uv": [103, 81]},
						{"origin": [3.5, 25.75, 3.75], "size": [1, 3, 1], "pivot": [4.5, 28.75, 3.75], "rotation": [20, 0, -10], "uv": [109, 91]},
						{"origin": [3.95995, 22.96986, 4.77606], "size": [1, 3, 1], "pivot": [4.95995, 25.96986, 4.77606], "rotation": [17.89244, -9.08661, 21.06663], "uv": [109, 95]},
						{"origin": [2.5, 24.75, 2.75], "size": [2, 3, 1], "pivot": [4.5, 27.75, 2.75], "rotation": [10, 0, 15], "uv": [103, 87]},
						{"origin": [2.55939, 24.91318, 3.73481], "size": [2, 3, 1], "pivot": [4.55939, 27.91318, 3.73481], "rotation": [10, 0, 20], "uv": [109, 87]},
						{"origin": [2.78028, 22.56398, 3.25575], "size": [1, 2.5, 1], "pivot": [3.78028, 25.06398, 4.25575], "rotation": [-4.04138, 4.64645, 52.10382], "uv": [103, 102]},
						{"origin": [2.48953, 22.97375, 4.27094], "size": [1, 2, 1], "pivot": [3.48953, 24.97375, 3.27094], "rotation": [8.45862, -5.35355, 52.10382], "uv": [103, 105]},
						{"origin": [2.67909, 24.41837, 3.71962], "size": [1, 4, 1], "pivot": [3.67909, 28.41837, 4.71962], "rotation": [20, 0, 35], "uv": [103, 91]},
						{"origin": [2.59369, 26.17262, 2.75], "size": [1, 2, 1], "pivot": [3.59369, 28.17262, 2.75], "rotation": [-10, 0, 25], "uv": [109, 102]},
						{"origin": [1.76129, 24.38754, 2.4027], "size": [1, 2, 1], "pivot": [2.76129, 26.38754, 2.4027], "rotation": [-9.25249, 3.81024, 47.19157], "uv": [109, 105]},
						{"origin": [2.0243, 23.10632, 3.0973], "size": [1, 3, 1], "pivot": [3.0243, 26.10632, 3.0973], "rotation": [-7.5, -5, 35], "uv": [103, 98]}
					]
				},
				{
					"name": "Tail_R",
					"parent": "Tail",
					"pivot": [-3.5, 30.75, 3],
					"mirror": true,
					"cubes": [
						{"origin": [-3.6, 33.5, 1.75], "size": [1.1, 1.1, 1], "pivot": [-3, 34.1, 2.75], "rotation": [0, 0, -45], "uv": [118, 87]},
						{"origin": [-4.5, 29.25, 1.75], "size": [1, 2.5, 1], "inflate": -0.125, "pivot": [-3.75, 31, 2.75], "rotation": [0, 0, -45], "uv": [118, 93]},
						{"origin": [-2.5, 29.25, 1.75], "size": [1, 2.5, 1], "inflate": -0.125, "pivot": [-2.25, 31, 2.75], "rotation": [0, 0, 45], "uv": [122, 93]},
						{"origin": [-2.44612, 31.21021, 2.75], "size": [1.15, 3, 0.75], "pivot": [-1.19612, 31.21021, 2.75], "rotation": [15, 5, -25], "uv": [124, 97]},
						{"origin": [-4.50388, 29.80338, 2.15522], "size": [1, 1, 0.75], "pivot": [-3.50388, 29.80338, 2.90522], "rotation": [-20, 15, 40], "uv": [124, 101]},
						{"origin": [-4.80388, 31.21021, 1.75], "size": [1, 3, 1], "pivot": [-4.80388, 31.21021, 2.75], "rotation": [0, 0, 20], "uv": [118, 89]},
						{"origin": [-2.19612, 31.21021, 1.75], "size": [1, 3, 1], "pivot": [-1.19612, 31.21021, 2.75], "rotation": [0, 0, -20], "uv": [122, 89]},
						{"origin": [-4.70388, 31.21021, 2.75], "size": [1.15, 3, 0.75], "pivot": [-4.80388, 31.21021, 2.75], "rotation": [15, -5, 25], "uv": [118, 97]},
						{"origin": [-5, 30.75, 2.25], "size": [4, 1, 1], "pivot": [-3, 31.25, 2.75], "rotation": [-30, 0, 0], "uv": [118, 104]},
						{"origin": [-3.50388, 30.96021, 2.75], "size": [1, 3, 0.75], "pivot": [-3.00388, 31.21021, 2.75], "rotation": [15, 0, 0], "uv": [121, 97]},
						{"origin": [-3.50388, 29.66284, 2.78915], "size": [1, 1.5, 0.75], "pivot": [-3.00388, 31.16284, 3.53915], "rotation": [-20, 0, 0], "uv": [121, 101]},
						{"origin": [-3.50388, 29.80338, 2.15522], "size": [1, 1, 0.75], "pivot": [-2.50388, 29.80338, 2.90522], "rotation": [-20, 15, 40], "uv": [124, 101]}
					]
				},
				{
					"name": "ysmGlowRightTail",
					"parent": "Tail_R",
					"pivot": [-3.5, 30.75, 3.1],
					"rotation": [5, 0, 0],
					"mirror": true,
					"cubes": [
						{"origin": [-4.4, 30.5, 1.75], "size": [1.25, 3, 1], "inflate": -0.251, "pivot": [-3, 31.25, 2.25], "rotation": [-5, 2.5, 25], "uv": [120, 82]},
						{"origin": [-3.9, 30.35, 1.85], "size": [2, 2, 1], "inflate": -0.25, "pivot": [-3, 31.25, 2.35], "rotation": [-5, -5, -45], "uv": [114, 83]},
						{"origin": [-2.85, 30.5, 1.75], "size": [1, 3, 1], "inflate": -0.25, "pivot": [-3, 31.25, 2.25], "rotation": [-5, -2.5, -25], "uv": [124, 82]}
					]
				},
				{
					"name": "RightFLongHair",
					"parent": "Tail_R",
					"pivot": [-3, 30.75, 3.5]
				},
				{
					"name": "RightMLongHair",
					"parent": "RightFLongHair",
					"pivot": [-3, 30.75, 3.5]
				},
				{
					"name": "RightLongHair",
					"parent": "RightMLongHair",
					"pivot": [-3, 30.75, 3.5],
					"rotation": [0, 0, 40],
					"mirror": true,
					"cubes": [
						{"origin": [-3.0243, 23.10632, 3.0973], "size": [1, 3, 1], "pivot": [-3.0243, 26.10632, 3.0973], "rotation": [-7.5, 5, -35], "uv": [103, 98], "mirror": false},
						{"origin": [-4.95995, 22.96986, 4.77606], "size": [1, 3, 1], "pivot": [-4.95995, 25.96986, 4.77606], "rotation": [17.89244, 9.08661, -21.06663], "uv": [109, 95], "mirror": false},
						{"origin": [-2.76129, 24.38754, 2.4027], "size": [1, 2, 1], "pivot": [-2.76129, 26.38754, 2.4027], "rotation": [-9.25249, -3.81024, -47.19157], "uv": [109, 105], "mirror": false},
						{"origin": [-3.67909, 24.41837, 3.71962], "size": [1, 4, 1], "pivot": [-3.67909, 28.41837, 4.71962], "rotation": [20, 0, -35], "uv": [103, 91], "mirror": false},
						{"origin": [-3.48953, 22.97375, 4.27094], "size": [1, 2, 1], "pivot": [-3.48953, 24.97375, 3.27094], "rotation": [8.45862, 5.35355, -52.10382], "uv": [103, 105], "mirror": false},
						{"origin": [-4.5, 27.75, 2.75], "size": [2, 4, 2], "uv": [103, 81], "mirror": false},
						{"origin": [-4.5, 25.75, 3.75], "size": [1, 3, 1], "pivot": [-4.5, 28.75, 3.75], "rotation": [20, 0, 10], "uv": [109, 91], "mirror": false},
						{"origin": [-3.59369, 26.17262, 2.75], "size": [1, 2, 1], "pivot": [-3.59369, 28.17262, 2.75], "rotation": [-10, 0, -25], "uv": [109, 102], "mirror": false},
						{"origin": [-4.55939, 24.91318, 3.73481], "size": [2, 3, 1], "pivot": [-4.55939, 27.91318, 3.73481], "rotation": [10, 0, -20], "uv": [109, 87], "mirror": false},
						{"origin": [-3.78028, 22.56398, 3.25575], "size": [1, 2.5, 1], "pivot": [-3.78028, 25.06398, 4.25575], "rotation": [-4.04138, -4.64645, -52.10382], "uv": [103, 102], "mirror": false},
						{"origin": [-4.5, 24.75, 2.75], "size": [2, 3, 1], "pivot": [-4.5, 27.75, 2.75], "rotation": [10, 0, -15], "uv": [103, 87], "mirror": false}
					]
				},
				{
					"name": "LeftShoulderLocator",
					"parent": "Head",
					"pivot": [0, 31.5, -1]
				},
				{
					"name": "xiong",
					"parent": "UpperBody",
					"pivot": [0, 21, -2.1],
					"rotation": [-15, 0, 0],
					"cubes": [
						{"origin": [0, 19.10202, -2.18395], "size": [2.5, 2, 2], "uv": [18, 12], "mirror": true},
						{"origin": [-2.5, 19.10202, -2.18395], "size": [2.5, 2, 2], "uv": [18, 12]}
					]
				},
				{
					"name": "Arm",
					"parent": "UpperBody",
					"pivot": [0, 22, 0]
				},
				{
					"name": "LeftArm",
					"parent": "Arm",
					"pivot": [3, 22, 0],
					"rotation": [0, 0, -20],
					"mirror": true,
					"cubes": [
						{"origin": [1.8929, 17.9748, -1.5], "size": [2, 4, 3], "uv": [0, 39]},
						{"origin": [2.7929, 20.8748, -1.5], "size": [1.2, 1.2, 3], "inflate": -0.1, "pivot": [3.8929, 21.9748, 0], "rotation": [0, 0, 45], "uv": [0, 33]},
						{"origin": [1.9929, 17.2248, -1], "size": [1.8, 1, 2.25], "uv": [4, 59]}
					]
				},
				{
					"name": "LeftForeArm",
					"parent": "LeftArm",
					"pivot": [2.8929, 17.9748, 0],
					"mirror": true,
					"cubes": [
						{"origin": [1.8929, 13.9748, -1.5], "size": [2, 4, 3], "uv": [0, 46]}
					]
				},
				{
					"name": "LeftHand",
					"parent": "LeftForeArm",
					"pivot": [2.8929, 13.9748, 0],
					"mirror": true,
					"cubes": [
						{"origin": [1.97972, 11.4824, -1.75], "size": [1, 2, 1], "uv": [0, 59]},
						{"origin": [2.97972, 10.9824, -1.5], "size": [1, 2, 3], "uv": [0, 54]},
						{"origin": [1.8929, 12.9748, -1.5], "size": [2, 1, 3], "uv": [12, 62]},
						{"origin": [1.8929, 12.7748, -1.5], "size": [2, 1, 3], "inflate": 0.1, "uv": [10, 66]}
					]
				},
				{
					"name": "LeftHandLocator",
					"parent": "LeftHand",
					"pivot": [2.8929, 12.7248, 0]
				},
				{
					"name": "SheathLocator",
					"parent": "LeftHand",
					"pivot": [2.8929, 12.7248, 0]
				},
				{
					"name": "LeftWaistLocator",
					"parent": "LeftHand",
					"pivot": [2.8929, 12.7248, 0]
				},
				{
					"name": "glave_L",
					"parent": "LeftForeArm",
					"pivot": [2.8929, 11.9748, 0],
					"cubes": [
						{"origin": [2.8929, 14.4748, -0.5], "size": [1.5, 1.25, 2.25], "pivot": [2.8929, 15.2248, 0], "rotation": [-10, -15, -15], "uv": [6, 63], "mirror": true},
						{"origin": [1.8929, 13.9748, -1.5], "size": [2, 1, 3], "inflate": 0.1, "uv": [0, 66], "mirror": true},
						{"origin": [1.3929, 14.2248, 0], "size": [1.5, 1, 1.75], "pivot": [1.3929, 14.7248, 0], "rotation": [0, 5, 0], "uv": [4, 63], "mirror": true},
						{"origin": [2.8929, 14.4748, -1.75], "size": [1.5, 1.25, 2.25], "pivot": [2.8929, 15.2248, 0], "rotation": [10, 15, -15], "uv": [0, 63], "mirror": true},
						{"origin": [1.3929, 14.2248, -1.75], "size": [1.5, 1, 1.75], "pivot": [1.3929, 14.7248, 0], "rotation": [0, -5, 0], "uv": [4, 63], "mirror": true}
					]
				},
				{
					"name": "RightArm",
					"parent": "Arm",
					"pivot": [-3, 22, 0],
					"rotation": [0, 0, 20],
					"mirror": true,
					"cubes": [
						{"origin": [-3.8929, 17.9748, -1.5], "size": [2, 4, 3], "uv": [0, 39], "mirror": false},
						{"origin": [-3.9929, 20.8748, -1.5], "size": [1.2, 1.2, 3], "inflate": -0.1, "pivot": [-3.8929, 21.9748, 0], "rotation": [0, 0, -45], "uv": [0, 33], "mirror": false},
						{"origin": [-3.7929, 17.2248, -1], "size": [1.8, 1, 2.25], "uv": [4, 59], "mirror": false}
					]
				},
				{
					"name": "RightForeArm",
					"parent": "RightArm",
					"pivot": [-2.8929, 17.9748, 0],
					"mirror": true,
					"cubes": [
						{"origin": [-3.8929, 13.9748, -1.5], "size": [2, 4, 3], "uv": [0, 46], "mirror": false}
					]
				},
				{
					"name": "RightHand",
					"parent": "RightForeArm",
					"pivot": [-2.8929, 13.9748, 0],
					"mirror": true,
					"cubes": [
						{"origin": [-2.97972, 11.4824, -1.75], "size": [1, 2, 1], "uv": [0, 59], "mirror": false},
						{"origin": [-3.97972, 10.9824, -1.5], "size": [1, 2, 3], "uv": [0, 54], "mirror": false},
						{"origin": [-3.8929, 12.9748, -1.5], "size": [2, 1, 3], "uv": [12, 62], "mirror": false},
						{"origin": [-3.8929, 12.7748, -1.5], "size": [2, 1, 3], "inflate": 0.1, "uv": [10, 66], "mirror": false}
					]
				},
				{
					"name": "RightHandLocator",
					"parent": "RightHand",
					"pivot": [-2.8929, 12.7248, 0]
				},
				{
					"name": "BladeLocator",
					"parent": "RightHand",
					"pivot": [-2.8929, 12.7248, 0]
				},
				{
					"name": "RightSpanner",
					"parent": "RightHand",
					"pivot": [-2.8929, 12.9748, -1],
					"cubes": [
						{"origin": [-3.3929, 11.9748, -6.5], "size": [1, 2, 10], "inflate": -0.25, "uv": [70, 95]},
						{"origin": [-3.4429, 11.9748, -6.5], "size": [1.1, 3, 2], "inflate": -0.24, "pivot": [-3.1429, 12.2248, -4.75], "rotation": [20, 0, 0], "uv": [83, 99]},
						{"origin": [-3.8929, 12.2248, -6.5], "size": [2, 2.5, 2], "inflate": -0.6, "pivot": [-3.1429, 12.2248, -4.75], "rotation": [20, 0, 0], "uv": [70, 100]},
						{"origin": [-3.3929, 13.7248, -7.5], "size": [1, 1.5, 1.5], "inflate": -0.24, "pivot": [-3.1429, 12.2248, -4.75], "rotation": [20, 0, 0], "uv": [70, 97]},
						{"origin": [-3.3929, 12.4748, -7.25], "size": [1, 1.25, 1.25], "inflate": -0.26, "pivot": [-3.1429, 12.2248, -4.75], "rotation": [20, 0, 0], "uv": [90, 100]},
						{"origin": [-3.3929, 11.70072, -7.24223], "size": [1, 1, 1.25], "inflate": -0.27, "pivot": [-3.1529, 11.94072, -6.23223], "rotation": [5, 0, 0], "uv": [90, 102]},
						{"origin": [-3.3929, 11.63611, -7.90203], "size": [1, 0.9, 1.2], "inflate": -0.27, "pivot": [-3.1229, 11.90611, -6.97203], "rotation": [-22.5, 0, 0], "uv": [95, 98]},
						{"origin": [-3.3929, 12.88164, -7.73121], "size": [1, 0.85, 1], "inflate": -0.26, "pivot": [-3.1429, 12.23164, -4.73121], "rotation": [20, 0, 0], "uv": [95, 96]},
						{"origin": [-3.3929, 14.00649, -8.53886], "size": [1, 1, 1.5], "inflate": -0.25, "pivot": [-3.1529, 14.76649, -7.27886], "rotation": [40, 0, 0], "uv": [70, 95]},
						{"origin": [-3.3929, 13.35085, -9.07023], "size": [1, 1, 1.25], "inflate": -0.25, "pivot": [-3.1529, 14.11085, -8.06023], "rotation": [65, 0, 0], "uv": [75, 95]},
						{"origin": [-3.3929, 13.7248, -8], "size": [1, 1.1, 1], "inflate": -0.24, "pivot": [-3.1429, 12.2248, -4.75], "rotation": [20, 0, 0], "uv": [75, 97]},
						{"origin": [-3.3829, 12.27654, -8.19109], "size": [1, 2.5, 2], "inflate": -0.25, "pivot": [-3.1329, 15.52654, -6.44109], "rotation": [50, 0, 0], "uv": [83, 95]},
						{"origin": [-3.3829, 14.63375, -6.92505], "size": [1, 2.1, 1.5], "inflate": -0.25, "pivot": [-3.1329, 14.88375, -5.67505], "rotation": [95, 0, 0], "uv": [89, 96]},
						{"origin": [-3.3929, 12.70447, 2.78447], "size": [1, 1.25, 1.5], "inflate": -0.241, "pivot": [-2.8929, 12.95447, 3.03447], "rotation": [45, 0, 0], "uv": [95, 103]},
						{"origin": [-3.3929, 13.19605, 2.97125], "size": [1, 1.25, 1.5], "inflate": -0.242, "uv": [95, 105]},
						{"origin": [-3.3929, 11.99513, 2.78447], "size": [1, 1.25, 1.5], "inflate": -0.241, "pivot": [-2.8929, 12.99513, 3.03447], "rotation": [-45, 0, 0], "uv": [95, 103]},
						{"origin": [-3.3929, 11.50355, 2.97125], "size": [1, 1.25, 1.5], "inflate": -0.242, "uv": [95, 105]},
						{"origin": [-3.3929, 12.2248, 2.25], "size": [1, 1.5, 1.25], "inflate": -0.24, "uv": [95, 101]}
					]
				},
				{
					"name": "glave_R",
					"parent": "RightForeArm",
					"pivot": [-2.8929, 11.9748, 0],
					"cubes": [
						{"origin": [-4.3929, 14.4748, -0.5], "size": [1.5, 1.25, 2.25], "pivot": [-2.8929, 15.2248, 0], "rotation": [-10, 15, 15], "uv": [6, 63]},
						{"origin": [-2.8929, 14.2248, 0], "size": [1.5, 1, 1.75], "pivot": [-1.3929, 14.7248, 0], "rotation": [0, -5, 0], "uv": [4, 63]},
						{"origin": [-4.3929, 14.4748, -1.75], "size": [1.5, 1.25, 2.25], "pivot": [-2.8929, 15.2248, 0], "rotation": [10, -15, 15], "uv": [0, 63]},
						{"origin": [-2.8929, 14.2248, -1.75], "size": [1.5, 1, 1.75], "pivot": [-1.3929, 14.7248, 0], "rotation": [0, 5, 0], "uv": [4, 63]},
						{"origin": [-3.8929, 13.9748, -1.5], "size": [2, 1, 3], "inflate": 0.1, "uv": [0, 66]}
					]
				},
				{
					"name": "Cloths",
					"parent": "UpperBody",
					"pivot": [0, 12, 0],
					"cubes": [
						{"origin": [-2, 13, -2.5], "size": [4, 3, 1], "pivot": [0, 13.5, -2.5], "rotation": [7.5, 0, 0], "uv": [0, 103]},
						{"origin": [-2, 13, 1.45], "size": [4, 3, 1], "pivot": [0, 13.5, 2.45], "rotation": [-7.5, 0, 0], "uv": [0, 107]},
						{"origin": [0.59202, 13.31031, -2.2], "size": [2, 2.5, 1], "pivot": [2.59202, 14.81031, -2.2], "rotation": [0, 0, -52.5], "uv": [32, 125], "mirror": true},
						{"origin": [0.59202, 13.31031, 1.3], "size": [2, 2.5, 1], "pivot": [2.59202, 14.81031, 2.3], "rotation": [0, 0, -52.5], "uv": [32, 125], "mirror": true},
						{"origin": [-2.25, 13.75, -2.3], "size": [2, 2, 4.65], "pivot": [-2.25, 15.75, -1.3], "rotation": [0, 0, 20], "uv": [32, 108]},
						{"origin": [0.25, 13.75, -2.3], "size": [2, 2, 4.65], "pivot": [2.25, 15.75, -1.3], "rotation": [0, 0, -20], "uv": [32, 108], "mirror": true},
						{"origin": [-2.59202, 13.31031, -2.2], "size": [2, 2.5, 1], "pivot": [-2.59202, 14.81031, -2.2], "rotation": [0, 0, 52.5], "uv": [32, 125]},
						{"origin": [-2.59202, 13.31031, 1.3], "size": [2, 2.5, 1], "pivot": [-2.59202, 14.81031, 2.3], "rotation": [0, 0, 52.5], "uv": [32, 125]}
					]
				},
				{
					"name": "Straps",
					"parent": "Cloths",
					"pivot": [0, 12, 0],
					"cubes": [
						{"origin": [1, 15.25, -2.9], "size": [1, 1, 1], "pivot": [1.5, 15.75, -2.4], "rotation": [0, 0, 15], "uv": [25, 116], "mirror": true},
						{"origin": [2.25, 16, -2.4], "size": [0.25, 1, 0.5], "pivot": [1.5, 15.75, -2.15], "rotation": [20, 0, 15], "uv": [30, 125], "mirror": true},
						{"origin": [0.5, 16, -2.4], "size": [0.25, 1, 0.5], "pivot": [1.5, 15.75, -2.15], "rotation": [20, 0, 15], "uv": [26, 125], "mirror": true},
						{"origin": [0.75, 16.75, -2.4], "size": [1.5, 0.25, 0.5], "pivot": [1.5, 15.75, -2.15], "rotation": [20, 0, 15], "uv": [27, 124], "mirror": true},
						{"origin": [0.75, 16, -2.4], "size": [1.5, 0.25, 0.5], "pivot": [1.5, 15.75, -2.15], "rotation": [20, 0, 15], "uv": [27, 126], "mirror": true},
						{"origin": [0.75, 16.75, 1.85], "size": [1.5, 0.25, 0.5], "pivot": [1.5, 15.75, 2.1], "rotation": [-20, 0, 15], "uv": [27, 124], "mirror": true},
						{"origin": [2.25, 16, 1.85], "size": [0.25, 1, 0.5], "pivot": [1.5, 15.75, 2.1], "rotation": [-20, 0, 15], "uv": [30, 125], "mirror": true},
						{"origin": [0.5, 16, 1.85], "size": [0.25, 1, 0.5], "pivot": [1.5, 15.75, 2.1], "rotation": [-20, 0, 15], "uv": [26, 125], "mirror": true},
						{"origin": [0.75, 16, 1.85], "size": [1.5, 0.25, 0.5], "pivot": [1.5, 15.75, 2.1], "rotation": [-20, 0, 15], "uv": [27, 126], "mirror": true},
						{"origin": [1, 15.25, 1.85], "size": [1, 1, 1], "pivot": [1.5, 15.75, 2.35], "rotation": [0, 0, 15], "uv": [25, 116], "mirror": true},
						{"origin": [-2, 15.25, 1.85], "size": [1, 1, 1], "pivot": [-1.5, 15.75, 2.35], "rotation": [0, 0, -15], "uv": [25, 116]},
						{"origin": [-2.25, 16, 1.85], "size": [1.5, 0.25, 0.5], "pivot": [-1.5, 15.75, 2.1], "rotation": [-20, 0, -15], "uv": [27, 126]},
						{"origin": [-2.25, 16, -2.4], "size": [1.5, 0.25, 0.5], "pivot": [-1.5, 15.75, -2.15], "rotation": [20, 0, -15], "uv": [27, 126]},
						{"origin": [-2, 15.25, -2.9], "size": [1, 1, 1], "pivot": [-1.5, 15.75, -2.4], "rotation": [0, 0, -15], "uv": [25, 116]},
						{"origin": [-2.5, 16, -2.4], "size": [0.25, 1, 0.5], "pivot": [-1.5, 15.75, -2.15], "rotation": [20, 0, -15], "uv": [30, 125]},
						{"origin": [-0.75, 16, -2.4], "size": [0.25, 1, 0.5], "pivot": [-1.5, 15.75, -2.15], "rotation": [20, 0, -15], "uv": [26, 125]},
						{"origin": [-2.25, 16.75, -2.4], "size": [1.5, 0.25, 0.5], "pivot": [-1.5, 15.75, -2.15], "rotation": [20, 0, -15], "uv": [27, 124]},
						{"origin": [-0.75, 16, 1.85], "size": [0.25, 1, 0.5], "pivot": [-1.5, 15.75, 2.1], "rotation": [-20, 0, -15], "uv": [26, 125]},
						{"origin": [-2.25, 16.75, 1.85], "size": [1.5, 0.25, 0.5], "pivot": [-1.5, 15.75, 2.1], "rotation": [-20, 0, -15], "uv": [27, 124]},
						{"origin": [-2.5, 16, 1.85], "size": [0.25, 1, 0.5], "pivot": [-1.5, 15.75, 2.1], "rotation": [-20, 0, -15], "uv": [30, 125]}
					]
				},
				{
					"name": "RightStraps",
					"parent": "Straps",
					"pivot": [-1.75, 16.25, 0],
					"rotation": [0, 0, -5],
					"cubes": [
						{"origin": [-2.55589, 16.22444, -3], "size": [2, 1.75, 1], "inflate": -0.35, "pivot": [-1.55589, 16.22444, -2.5], "rotation": [30, 0, -15], "uv": [47, 126]},
						{"origin": [-2.88039, 16.93553, -3.6105], "size": [2, 3.5, 1], "inflate": -0.35, "pivot": [-1.88039, 17.43553, -3.3605], "rotation": [-15, 0, -7.5], "uv": [47, 122]},
						{"origin": [-3.1787, 19.45138, -2.98049], "size": [2, 3.75, 1], "inflate": -0.35, "pivot": [-2.1787, 19.70138, -2.23049], "rotation": [-7.5, 0, -7.5], "uv": [47, 118]},
						{"origin": [-2.13039, 17.43553, -3.3605], "size": [0.5, 0.5, 0.25], "pivot": [-1.88039, 17.43553, -3.3605], "rotation": [-15, 0, -7.5], "uv": [28, 125]},
						{"origin": [-3.6078, 22.71072, -2.55201], "size": [2, 3, 1], "inflate": -0.351, "pivot": [-2.6078, 22.96072, -2.30201], "rotation": [-80, 0, -7.5], "uv": [47, 114]},
						{"origin": [-3.6078, 22.71072, 1.55201], "size": [2, 3, 1], "inflate": -0.351, "pivot": [-2.6078, 22.96072, 2.30201], "rotation": [80, 0, -7.5], "uv": [54, 114]},
						{"origin": [-2.55589, 16.22444, 2], "size": [2, 1.75, 1], "inflate": -0.35, "pivot": [-1.55589, 16.22444, 2.5], "rotation": [-30, 0, -15], "uv": [54, 126]},
						{"origin": [-2.88039, 16.93553, 2.6105], "size": [2, 3.5, 1], "inflate": -0.35, "pivot": [-1.88039, 17.43553, 3.3605], "rotation": [15, 0, -7.5], "uv": [54, 122]},
						{"origin": [-2.13039, 17.43553, 3.1105], "size": [0.5, 0.5, 0.25], "pivot": [-1.88039, 17.43553, 3.3605], "rotation": [15, 0, -7.5], "uv": [28, 125]},
						{"origin": [-3.1787, 19.45138, 1.98049], "size": [2, 3.75, 1], "inflate": -0.35, "pivot": [-2.1787, 19.70138, 2.23049], "rotation": [7.5, 0, -7.5], "uv": [54, 118]},
						{"origin": [-2.52558, 20.17111, -3.07897], "size": [1.35, 3, 1], "inflate": -0.25, "pivot": [-2.27558, 19.67111, -2.32897], "rotation": [-7.5, 0, -7.5], "uv": [27, 41]},
						{"origin": [-2.17558, 18.92111, -3.07897], "size": [1, 1.75, 1], "inflate": -0.25, "pivot": [-2.27558, 19.67111, -2.32897], "rotation": [-7.5, 0, -7.5], "uv": [27, 45]},
						{"origin": [-3.27558, 22.17111, -3.07897], "size": [1.25, 1, 1], "inflate": -0.25, "pivot": [-2.27558, 19.67111, -2.32897], "rotation": [-7.5, 0, -7.5], "uv": [27, 39]},
						{"origin": [-3.63356, 19.59107, -2.71575], "size": [1.25, 3, 1], "inflate": -0.25, "pivot": [-3.38356, 22.34107, -2.46575], "rotation": [-6.80423, -3.1622, -24.81197], "uv": [31, 41]},
						{"origin": [-3.63356, 18.59107, -2.71575], "size": [1, 1.5, 1], "inflate": -0.25, "pivot": [-3.38356, 22.34107, -2.46575], "rotation": [-6.80423, -3.1622, -24.81197], "uv": [31, 45]},
						{"origin": [-3.63356, 18.09107, -2.71575], "size": [0.8, 1, 1], "inflate": -0.25, "pivot": [-3.38356, 22.34107, -2.46575], "rotation": [-6.80423, -3.1622, -24.81197], "uv": [32, 48]},
						{"origin": [-1.87667, 18.60528, -3.13996], "size": [0.75, 1, 1], "inflate": -0.25, "pivot": [-1.37667, 19.35528, -2.88996], "rotation": [-7.5, 0, -7.5], "uv": [28, 48]},
						{"origin": [-2.52558, 20.17111, 2.07103], "size": [1.35, 3, 1], "inflate": -0.25, "pivot": [-2.27558, 19.67111, 2.32103], "rotation": [7.5, 0, -7.5], "uv": [35, 41]},
						{"origin": [-2.17558, 18.92111, 2.07103], "size": [1, 1.75, 1], "inflate": -0.25, "pivot": [-2.27558, 19.67111, 2.32103], "rotation": [7.5, 0, -7.5], "uv": [35, 45]},
						{"origin": [-1.92558, 18.42111, 2.07103], "size": [0.75, 1, 1], "inflate": -0.25, "pivot": [-2.27558, 19.67111, 2.32103], "rotation": [7.5, 0, -7.5], "uv": [36, 48]},
						{"origin": [-3.27558, 22.17111, 2.07103], "size": [1.25, 1, 1], "inflate": -0.25, "pivot": [-2.27558, 19.67111, 2.32103], "rotation": [7.5, 0, -7.5], "uv": [35, 39]},
						{"origin": [-3.63356, 22.09107, 1.68425], "size": [1.25, 1, 1], "inflate": -0.25, "pivot": [-3.38356, 22.34107, 2.43425], "rotation": [7.5, 0, 0], "uv": [39, 41]},
						{"origin": [-3.63356, 18.59107, 1.68425], "size": [1, 1.5, 1], "inflate": -0.25, "pivot": [-3.38356, 22.34107, 2.43425], "rotation": [6.80423, 3.1622, -24.81197], "uv": [39, 45]},
						{"origin": [-3.63356, 18.09107, 1.68425], "size": [0.8, 1, 1], "inflate": -0.25, "pivot": [-3.38356, 22.34107, 2.43425], "rotation": [6.80423, 3.1622, -24.81197], "uv": [40, 48]},
						{"origin": [-3.7078, 22.61072, -2.55201], "size": [2, 3, 1], "inflate": -0.25, "pivot": [-2.6078, 22.96072, -2.30201], "rotation": [-80, 0, -7.5], "uv": [27, 35]},
						{"origin": [-3.7078, 22.61072, 1.55201], "size": [2, 3, 1], "inflate": -0.25, "pivot": [-2.6078, 22.96072, 2.30201], "rotation": [80, 0, -7.5], "uv": [35, 35]},
						{"origin": [-3.59549, 18.2924, -2.80334], "size": [0.75, 4.75, 0.75], "inflate": -0.25, "pivot": [-3.34549, 22.7924, -2.55334], "rotation": [-7.5, -2.5, -25], "uv": [8, 123]},
						{"origin": [-3.59549, 18.2924, 2.04666], "size": [0.75, 4.75, 0.75], "inflate": -0.25, "pivot": [-3.34549, 22.7924, 2.54666], "rotation": [7.5, 2.5, -25], "uv": [8, 123]},
						{"origin": [-3.6078, 22.51072, -2.65201], "size": [0.75, 3.1, 0.75], "inflate": -0.25, "pivot": [-2.6078, 22.96072, -2.30201], "rotation": [-80, 0, -7.5], "uv": [10, 124]},
						{"origin": [-3.6078, 22.51072, 1.90201], "size": [0.75, 3.1, 0.75], "inflate": -0.25, "pivot": [-2.6078, 22.96072, 2.30201], "rotation": [80, 0, -7.5], "uv": [10, 124]},
						{"origin": [-3.63356, 19.59107, 1.68425], "size": [1.25, 3, 1], "inflate": -0.25, "pivot": [-3.38356, 22.34107, 2.43425], "rotation": [6.80423, 3.1622, -24.81197], "uv": [39, 41]}
					]
				},
				{
					"name": "LeftStraps",
					"parent": "Straps",
					"pivot": [1.75, 16.25, 0],
					"rotation": [0, 0, 5],
					"cubes": [
						{"origin": [2.8578, 22.51072, -2.65201], "size": [0.75, 3.1, 0.75], "inflate": -0.25, "pivot": [2.6078, 22.96072, -2.30201], "rotation": [-80, 0, 7.5], "uv": [10, 124], "mirror": true},
						{"origin": [2.8578, 22.51072, 1.90201], "size": [0.75, 3.1, 0.75], "inflate": -0.25, "pivot": [2.6078, 22.96072, 2.30201], "rotation": [80, 0, 7.5], "uv": [10, 124], "mirror": true},
						{"origin": [1.63039, 17.43553, -3.3605], "size": [0.5, 0.5, 0.25], "pivot": [1.88039, 17.43553, -3.3605], "rotation": [-15, 0, 7.5], "uv": [28, 125], "mirror": true},
						{"origin": [0.55589, 16.22444, -3], "size": [2, 1.75, 1], "inflate": -0.35, "pivot": [1.55589, 16.22444, -2.5], "rotation": [30, 0, 15], "uv": [47, 126], "mirror": true},
						{"origin": [0.55589, 16.22444, 2], "size": [2, 1.75, 1], "inflate": -0.35, "pivot": [1.55589, 16.22444, 2.5], "rotation": [-30, 0, 15], "uv": [54, 126], "mirror": true},
						{"origin": [1.63039, 17.43553, 3.1105], "size": [0.5, 0.5, 0.25], "pivot": [1.88039, 17.43553, 3.3605], "rotation": [15, 0, 7.5], "uv": [28, 125], "mirror": true},
						{"origin": [1.1787, 19.45138, 1.98049], "size": [2, 3.75, 1], "inflate": -0.35, "pivot": [2.1787, 19.70138, 2.23049], "rotation": [7.5, 0, 7.5], "uv": [54, 118], "mirror": true},
						{"origin": [1.6078, 22.71072, 1.55201], "size": [2, 3, 1], "inflate": -0.351, "pivot": [2.6078, 22.96072, 2.30201], "rotation": [80, 0, 7.5], "uv": [54, 114], "mirror": true},
						{"origin": [1.6078, 22.71072, -2.55201], "size": [2, 3, 1], "inflate": -0.351, "pivot": [2.6078, 22.96072, -2.30201], "rotation": [-80, 0, 7.5], "uv": [47, 114], "mirror": true},
						{"origin": [1.1787, 19.45138, -2.98049], "size": [2, 3.75, 1], "inflate": -0.35, "pivot": [2.1787, 19.70138, -2.23049], "rotation": [-7.5, 0, 7.5], "uv": [47, 118], "mirror": true},
						{"origin": [1.7078, 22.61072, -2.55201], "size": [2, 3, 1], "inflate": -0.25, "pivot": [2.6078, 22.96072, -2.30201], "rotation": [-80, 0, 7.5], "uv": [27, 35], "mirror": true},
						{"origin": [1.7078, 22.61072, 1.55201], "size": [2, 3, 1], "inflate": -0.25, "pivot": [2.6078, 22.96072, 2.30201], "rotation": [80, 0, 7.5], "uv": [35, 35], "mirror": true},
						{"origin": [2.84549, 18.2924, 2.04666], "size": [0.75, 4.75, 0.75], "inflate": -0.25, "pivot": [3.34549, 22.7924, 2.54666], "rotation": [7.5, -2.5, 25], "uv": [8, 123], "mirror": true},
						{"origin": [2.83356, 18.09107, 1.68425], "size": [0.8, 1, 1], "inflate": -0.25, "pivot": [3.38356, 22.34107, 2.43425], "rotation": [6.80423, -3.1622, 24.81197], "uv": [40, 48], "mirror": true},
						{"origin": [1.17558, 18.42111, 2.07103], "size": [0.75, 1, 1], "inflate": -0.25, "pivot": [2.27558, 19.67111, 2.32103], "rotation": [7.5, 0, 7.5], "uv": [36, 48], "mirror": true},
						{"origin": [1.17558, 18.92111, -3.07897], "size": [1, 1.75, 1], "inflate": -0.25, "pivot": [2.27558, 19.67111, -2.32897], "rotation": [-7.5, 0, 7.5], "uv": [27, 45], "mirror": true},
						{"origin": [1.12667, 18.60528, -3.13996], "size": [0.75, 1, 1], "inflate": -0.25, "pivot": [1.37667, 19.35528, -2.88996], "rotation": [-7.5, 0, 7.5], "uv": [28, 48], "mirror": true},
						{"origin": [2.83356, 18.09107, -2.71575], "size": [0.8, 1, 1], "inflate": -0.25, "pivot": [3.38356, 22.34107, -2.46575], "rotation": [-6.80423, 3.1622, 24.81197], "uv": [32, 48], "mirror": true},
						{"origin": [2.63356, 18.59107, -2.71575], "size": [1, 1.5, 1], "inflate": -0.25, "pivot": [3.38356, 22.34107, -2.46575], "rotation": [-6.80423, 3.1622, 24.81197], "uv": [31, 45], "mirror": true},
						{"origin": [1.17558, 20.17111, -3.07897], "size": [1.35, 3, 1], "inflate": -0.25, "pivot": [2.27558, 19.67111, -2.32897], "rotation": [-7.5, 0, 7.5], "uv": [27, 41], "mirror": true},
						{"origin": [1.17558, 20.17111, 2.07103], "size": [1.35, 3, 1], "inflate": -0.25, "pivot": [2.27558, 19.67111, 2.32103], "rotation": [7.5, 0, 7.5], "uv": [35, 41], "mirror": true},
						{"origin": [2.38356, 19.59107, -2.71575], "size": [1.25, 3, 1], "inflate": -0.25, "pivot": [3.38356, 22.34107, -2.46575], "rotation": [-6.80423, 3.1622, 24.81197], "uv": [31, 41], "mirror": true},
						{"origin": [2.02558, 22.17111, 2.07103], "size": [1.25, 1, 1], "inflate": -0.25, "pivot": [2.27558, 19.67111, 2.32103], "rotation": [7.5, 0, 7.5], "uv": [35, 39], "mirror": true},
						{"origin": [2.38356, 19.59107, 1.68425], "size": [1.25, 3, 1], "inflate": -0.25, "pivot": [3.38356, 22.34107, 2.43425], "rotation": [6.80423, -3.1622, 24.81197], "uv": [39, 41], "mirror": true},
						{"origin": [2.38356, 22.09107, 1.68425], "size": [1.25, 1, 1], "inflate": -0.25, "pivot": [3.38356, 22.34107, 2.43425], "rotation": [7.5, 0, 0], "uv": [39, 41], "mirror": true},
						{"origin": [2.63356, 18.59107, 1.68425], "size": [1, 1.5, 1], "inflate": -0.25, "pivot": [3.38356, 22.34107, 2.43425], "rotation": [6.80423, -3.1622, 24.81197], "uv": [39, 45], "mirror": true},
						{"origin": [1.17558, 18.92111, 2.07103], "size": [1, 1.75, 1], "inflate": -0.25, "pivot": [2.27558, 19.67111, 2.32103], "rotation": [7.5, 0, 7.5], "uv": [35, 45], "mirror": true},
						{"origin": [2.84549, 18.2924, -2.80334], "size": [0.75, 4.75, 0.75], "inflate": -0.25, "pivot": [3.34549, 22.7924, -2.55334], "rotation": [-7.5, 2.5, 25], "uv": [8, 123], "mirror": true},
						{"origin": [2.02558, 22.17111, -3.07897], "size": [1.25, 1, 1], "inflate": -0.25, "pivot": [2.27558, 19.67111, -2.32897], "rotation": [-7.5, 0, 7.5], "uv": [27, 39], "mirror": true},
						{"origin": [0.88039, 16.93553, -3.6105], "size": [2, 3.5, 1], "inflate": -0.35, "pivot": [1.88039, 17.43553, -3.3605], "rotation": [-15, 0, 7.5], "uv": [47, 122], "mirror": true},
						{"origin": [0.88039, 16.93553, 2.6105], "size": [2, 3.5, 1], "inflate": -0.35, "pivot": [1.88039, 17.43553, 3.3605], "rotation": [15, 0, 7.5], "uv": [54, 122], "mirror": true}
					]
				},
				{
					"name": "Suspender",
					"parent": "Cloths",
					"pivot": [0, 14.25, 0],
					"cubes": [
						{"origin": [-2, 13.50856, -3.2], "size": [1, 1, 1], "inflate": -0.2, "pivot": [-1.5, 14.00856, -2.88053], "rotation": [0, 0, 45], "uv": [25, 118]},
						{"origin": [1, 13.50856, 2.1], "size": [1, 1, 1], "inflate": -0.2, "pivot": [1.5, 14.00856, 2.86947], "rotation": [0, 0, -45], "uv": [25, 120], "mirror": true},
						{"origin": [-2, 13.25856, -2.78053], "size": [1, 1.25, 1], "pivot": [-1.5, 14.00856, -2.28053], "rotation": [-12.5, 0, 45], "uv": [13, 115]},
						{"origin": [1, 13.25856, 1.71947], "size": [1, 1.25, 1], "pivot": [1.5, 14.00856, 2.21947], "rotation": [12.5, 0, -45], "uv": [18, 115], "mirror": true},
						{"origin": [-2, 13.50856, 2.1], "size": [1, 1, 1], "inflate": -0.2, "pivot": [-1.5, 14.00856, 2.86947], "rotation": [0, 0, 45], "uv": [25, 120]},
						{"origin": [-2, 13.25856, 1.71947], "size": [1, 1.25, 1], "pivot": [-1.5, 14.00856, 2.21947], "rotation": [12.5, 0, 45], "uv": [18, 115]},
						{"origin": [1, 13.50856, -3.2], "size": [1, 1, 1], "inflate": -0.2, "pivot": [1.5, 14.00856, -2.88053], "rotation": [0, 0, -45], "uv": [25, 118], "mirror": true},
						{"origin": [1, 13.25856, -2.78053], "size": [1, 1.25, 1], "pivot": [1.5, 14.00856, -2.28053], "rotation": [-12.5, 0, -45], "uv": [13, 115], "mirror": true}
					]
				},
				{
					"name": "RightSuspender",
					"parent": "Suspender",
					"pivot": [-1.5, 14, 0],
					"rotation": [0, 0, 10],
					"cubes": [
						{"origin": [-3.3327, 13.1606, -2.51123], "size": [0.5, 0.25, 0.5], "pivot": [-1.5, 14, 0], "rotation": [0, -15, -40], "uv": [27, 111]},
						{"origin": [-3.5827, 13.1606, 2.01123], "size": [0.25, 1.5, 0.5], "pivot": [-1.5, 14, 0], "rotation": [0, 15, -40], "uv": [27, 111]},
						{"origin": [-4.6203, 13.4106, -3], "size": [2, 1, 0.5], "pivot": [-1.5, 14, 0], "rotation": [0, 0, -40], "uv": [14, 121]},
						{"origin": [-4.35003, 11.92941, -3.37249], "size": [1, 1, 0.5], "pivot": [-1.5, 14, 0], "rotation": [0, 10, -10], "uv": [21, 121]},
						{"origin": [-4.6203, 13.4106, 2.5], "size": [2, 1, 0.5], "pivot": [-1.5, 14, 0], "rotation": [0, 0, -40], "uv": [14, 121]},
						{"origin": [-4.35003, 11.92941, 2.87249], "size": [1, 1, 0.5], "pivot": [-1.5, 14, 0], "rotation": [0, -10, -10], "uv": [21, 123]},
						{"origin": [-5.33161, 11.74224, -2.09268], "size": [0.5, 1, 3], "pivot": [-1.5, 14, 0], "rotation": [-5, -10, -10], "uv": [14, 120]},
						{"origin": [-5.33161, 11.74224, -0.90732], "size": [0.5, 1, 3], "pivot": [-1.5, 14, 0], "rotation": [5, 10, -10], "uv": [14, 122]},
						{"origin": [-3.5827, 13.1606, -2.51123], "size": [0.25, 1.5, 0.5], "pivot": [-1.5, 14, 0], "rotation": [0, -15, -40], "uv": [28, 111]},
						{"origin": [-2.8327, 13.1606, -2.51123], "size": [0.25, 1.5, 0.5], "pivot": [-1.5, 14, 0], "rotation": [0, -15, -40], "uv": [28, 111]},
						{"origin": [-3.3327, 14.4106, -2.51123], "size": [0.5, 0.25, 0.5], "pivot": [-1.5, 14, 0], "rotation": [0, -15, -40], "uv": [29, 111]},
						{"origin": [-3.3327, 13.1606, 2.01123], "size": [0.5, 0.25, 0.5], "pivot": [-1.5, 14, 0], "rotation": [0, 15, -40], "uv": [27, 111]},
						{"origin": [-2.8327, 13.1606, 2.01123], "size": [0.25, 1.5, 0.5], "pivot": [-1.5, 14, 0], "rotation": [0, 15, -40], "uv": [27, 111]},
						{"origin": [-3.3327, 14.4106, 2.01123], "size": [0.5, 0.25, 0.5], "pivot": [-1.5, 14, 0], "rotation": [0, 15, -40], "uv": [28, 111]}
					]
				},
				{
					"name": "LeftSuspender",
					"parent": "Suspender",
					"pivot": [1.5, 14, 0],
					"rotation": [0, 0, -10],
					"cubes": [
						{"origin": [3.35003, 11.92941, 2.87249], "size": [1, 1, 0.5], "pivot": [1.5, 14, 0], "rotation": [0, 10, 10], "uv": [21, 123], "mirror": true},
						{"origin": [3.35003, 11.92941, -3.37249], "size": [1, 1, 0.5], "pivot": [1.5, 14, 0], "rotation": [0, -10, 10], "uv": [21, 121], "mirror": true},
						{"origin": [3.3327, 13.1606, -2.51123], "size": [0.25, 1.5, 0.5], "pivot": [1.5, 14, 0], "rotation": [0, 15, 40], "uv": [28, 111], "mirror": true},
						{"origin": [2.5827, 13.1606, -2.51123], "size": [0.25, 1.5, 0.5], "pivot": [1.5, 14, 0], "rotation": [0, 15, 40], "uv": [28, 111], "mirror": true},
						{"origin": [2.8327, 14.4106, -2.51123], "size": [0.5, 0.25, 0.5], "pivot": [1.5, 14, 0], "rotation": [0, 15, 40], "uv": [29, 111], "mirror": true},
						{"origin": [2.8327, 13.1606, -2.51123], "size": [0.5, 0.25, 0.5], "pivot": [1.5, 14, 0], "rotation": [0, 15, 40], "uv": [29, 111], "mirror": true},
						{"origin": [2.5827, 13.1606, 2.01123], "size": [0.25, 1.5, 0.5], "pivot": [1.5, 14, 0], "rotation": [0, -15, 40], "uv": [27, 111], "mirror": true},
						{"origin": [2.8327, 14.4106, 2.01123], "size": [0.5, 0.25, 0.5], "pivot": [1.5, 14, 0], "rotation": [0, -15, 40], "uv": [28, 111], "mirror": true},
						{"origin": [2.8327, 13.1606, 2.01123], "size": [0.5, 0.25, 0.5], "pivot": [1.5, 14, 0], "rotation": [0, -15, 40], "uv": [28, 111], "mirror": true},
						{"origin": [3.3327, 13.1606, 2.01123], "size": [0.25, 1.5, 0.5], "pivot": [1.5, 14, 0], "rotation": [0, -15, 40], "uv": [28, 111], "mirror": true},
						{"origin": [4.83161, 11.74224, -0.90732], "size": [0.5, 1, 3], "pivot": [1.5, 14, 0], "rotation": [5, -10, 10], "uv": [14, 122], "mirror": true},
						{"origin": [4.83161, 11.74224, -2.09268], "size": [0.5, 1, 3], "pivot": [1.5, 14, 0], "rotation": [-5, 10, 10], "uv": [14, 120], "mirror": true},
						{"origin": [2.6203, 13.4106, -3], "size": [2, 1, 0.5], "pivot": [1.5, 14, 0], "rotation": [0, 0, 40], "uv": [14, 121], "mirror": true},
						{"origin": [2.6203, 13.4106, 2.5], "size": [2, 1, 0.5], "pivot": [1.5, 14, 0], "rotation": [0, 0, 40], "uv": [14, 121], "mirror": true}
					]
				},
				{
					"name": "Grass",
					"parent": "UpperBody",
					"pivot": [0, 22.75, -1],
					"cubes": [
						{"origin": [-1, 22.25, -2.9], "size": [2, 0.75, 0.5], "uv": [1, 93]},
						{"origin": [1, 21.9, -3.1], "size": [1, 1, 1], "pivot": [0.25, 22.75, -3], "rotation": [0, -7.5, -5], "uv": [9, 95]},
						{"origin": [-2.25, 21.75, -3], "size": [2, 1.25, 1], "pivot": [-0.25, 22.75, -3], "rotation": [0, 7.5, 5], "uv": [9, 92], "mirror": true},
						{"origin": [-2, 21.9, -3.1], "size": [1, 1, 1], "pivot": [-0.25, 22.75, -3], "rotation": [0, 7.5, 5], "uv": [9, 95], "mirror": true},
						{"origin": [0.25, 21.75, -3], "size": [2, 1.25, 1], "pivot": [0.25, 22.75, -3], "rotation": [0, -7.5, -5], "uv": [9, 92]},
						{"origin": [-2.25, 22, -2.4], "size": [0.5, 1, 3.5], "pivot": [-1.25, 22.75, -1.9], "rotation": [10, 0, 0], "uv": [1, 92]},
						{"origin": [-2.25, 22.51715, 1.01101], "size": [2.35, 1, 0.5], "pivot": [-2.25, 23.51715, 1.01101], "rotation": [-5, -7.5, 0], "uv": [2, 96]},
						{"origin": [1.75, 22, -2.4], "size": [0.5, 1, 3.5], "pivot": [1.25, 22.75, -1.9], "rotation": [10, 0, 0], "uv": [1, 92], "mirror": true},
						{"origin": [-0.1, 22.51715, 1.01101], "size": [2.35, 1, 0.5], "pivot": [2.25, 23.51715, 1.01101], "rotation": [-5, 7.5, 0], "uv": [1, 96], "mirror": true}
					]
				},
				{
					"name": "Vest",
					"parent": "UpperBody",
					"pivot": [0, 19, 0]
				},
				{
					"name": "Vest1",
					"parent": "Vest",
					"pivot": [0, 19, 0],
					"cubes": [
						{"origin": [-2.7, 18, -2.1], "size": [3.1, 3, 0.3], "pivot": [0, 18, 0], "rotation": [0, -2.5, -5], "uv": [6, 86]},
						{"origin": [-0.4, 18, -2.1], "size": [3.1, 3, 0.3], "pivot": [0, 18, 0], "rotation": [0, 2.5, 5], "uv": [6, 86], "mirror": true},
						{"origin": [-1.19164, 20.26523, -2.15], "size": [2, 2.85, 0.15], "pivot": [-1.19164, 23.01523, -2], "rotation": [0, 0, 35], "uv": [12, 81]},
						{"origin": [-0.80836, 20.26523, -2.15], "size": [2, 2.85, 0.15], "pivot": [1.19164, 23.01523, -2], "rotation": [0, 0, -35], "uv": [12, 81], "mirror": true},
						{"origin": [2.75195, 19.77069, -2], "size": [0.1, 1, 1], "pivot": [2.75195, 20.77069, -1], "rotation": [0, 0, 5], "uv": [20, 80], "mirror": true},
						{"origin": [-2.85195, 19.77069, -2], "size": [0.1, 1, 1], "pivot": [-2.75195, 20.77069, -1], "rotation": [0, 0, -5], "uv": [20, 80]},
						{"origin": [-2.80195, 19.77069, -1], "size": [0.05, 1, 2], "pivot": [-2.75195, 20.77069, -1], "rotation": [-30, 0, -5], "uv": [25, 79]},
						{"origin": [2.75195, 19.77069, -1], "size": [0.05, 1, 2], "pivot": [2.75195, 20.77069, -1], "rotation": [-30, 0, 5], "uv": [24, 79], "mirror": true},
						{"origin": [-2.6, 18, -2], "size": [0.1, 2, 4], "pivot": [0, 18, 0], "rotation": [0, 0, -5], "uv": [20, 80]},
						{"origin": [2.5, 18, -2], "size": [0.1, 2, 4], "pivot": [0, 18, 0], "rotation": [0, 0, 5], "uv": [20, 80], "mirror": true},
						{"origin": [-2.6, 18, 2], "size": [3, 2, 0.1], "pivot": [0, 18, 0], "rotation": [0, 0, -5], "uv": [20, 88]},
						{"origin": [-0.4, 18, 2], "size": [3, 2, 0.1], "pivot": [0, 18, 0], "rotation": [0, 0, 5], "uv": [20, 88], "mirror": true},
						{"origin": [-1.1, 20.1, -2.2], "size": [2.2, 3, 0.2], "uv": [6, 81], "mirror": true},
						{"origin": [-1.1, 22.9, -2], "size": [2.2, 0.2, 1], "uv": [5, 78], "mirror": true}
					]
				},
				{
					"name": "Vest2",
					"parent": "Vest",
					"pivot": [0, 23, 0],
					"cubes": [
						{"origin": [-2, 22, -2], "size": [2.5, 2, 4], "inflate": -0.5, "pivot": [0, 22.5, 0.25], "rotation": [0, 0, 10], "uv": [18, 72]},
						{"origin": [-0.5, 22, -2], "size": [2.5, 2, 4], "inflate": -0.5, "pivot": [0, 22.5, 0.25], "rotation": [0, 0, -10], "uv": [18, 72], "mirror": true}
					]
				},
				{
					"name": "ElytraLocator",
					"parent": "UpperBody",
					"pivot": [0, 22.15, 1.5]
				},
				{
					"name": "Elytra",
					"parent": "UpperBody",
					"pivot": [0, 21, 2.25],
					"rotation": [-5, 0, 0]
				},
				{
					"name": "0",
					"parent": "Elytra",
					"pivot": [0, 21, 2.25],
					"cubes": [
						{"origin": [-0.5, 19.5, 2.25], "size": [1, 3, 1], "uv": [89, 48]},
						{"origin": [-1.5, 20.5, 2.25], "size": [1, 1, 1], "uv": [89, 52]},
						{"origin": [-1.5, 21.5, 2.15], "size": [1, 1.4, 1], "pivot": [-1.5, 21.5, 2.15], "rotation": [0, 0, 45], "uv": [93, 50]},
						{"origin": [-1.5, 19.1, 2.15], "size": [1, 1.4, 1], "pivot": [-1.5, 20.5, 2.15], "rotation": [0, 0, -45], "uv": [93, 52]},
						{"origin": [0, 18.75, 2.495], "size": [1, 1.25, 1], "pivot": [1, 18.75, -3.5], "rotation": [0, 0, 45], "uv": [102, 43]},
						{"origin": [0.88388, 19.63388, 2.5], "size": [1, 1.25, 1], "uv": [102, 41]},
						{"origin": [-1, 20, 3], "size": [2, 2, 1], "pivot": [0, 21, -3.5], "rotation": [0, 0, -45], "uv": [95, 44]},
						{"origin": [-1, 18.75, 2.505], "size": [2, 1, 1], "uv": [102, 45]},
						{"origin": [-1.88388, 19.63388, 2.5], "size": [1, 1.25, 1], "uv": [102, 41], "mirror": true},
						{"origin": [-1, 18.75, 2.495], "size": [1, 1.25, 1], "pivot": [-1, 18.75, -3.5], "rotation": [0, 0, -45], "uv": [102, 43], "mirror": true},
						{"origin": [-0.5, 21.75, 2], "size": [1, 1, 1], "pivot": [0, 22.75, 2], "rotation": [-7.5, 0, 0], "uv": [95, 41]},
						{"origin": [-2.25, 21, 2], "size": [1, 1, 1], "pivot": [-1.75, 22, 2], "rotation": [0, 0, -45], "uv": [95, 41]},
						{"origin": [1.25, 21, 2], "size": [1, 1, 1], "pivot": [1.75, 22, 2], "rotation": [0, 0, 45], "uv": [95, 41], "mirror": true},
						{"origin": [0.5, 19.1, 2.15], "size": [1, 1.4, 1], "pivot": [1.5, 20.5, 2.15], "rotation": [0, 0, 45], "uv": [93, 52], "mirror": true},
						{"origin": [0.5, 21.5, 2.15], "size": [1, 1.4, 1], "pivot": [1.5, 21.5, 2.15], "rotation": [0, 0, -45], "uv": [93, 50], "mirror": true},
						{"origin": [0.5, 20.5, 2.25], "size": [1, 1, 1], "uv": [89, 52], "mirror": true},
						{"origin": [-1, 20, 3], "size": [2, 2, 1], "pivot": [0, 21, -3.5], "rotation": [0, 0, 45], "uv": [95, 44], "mirror": true}
					]
				},
				{
					"name": "1",
					"parent": "Elytra",
					"pivot": [0, 22.25, 3.4],
					"cubes": [
						{"origin": [-0.5, 22.60442, 3.49316], "size": [1, 2, 1], "inflate": -0.15, "pivot": [-0.4, 22.70442, 4.39316], "rotation": [7.5, 0, 0], "uv": [99, 34]},
						{"origin": [-0.5, 21.30442, 3.49316], "size": [1, 1.5, 1], "inflate": -0.1, "pivot": [0, 22.70442, 4.39316], "rotation": [-45, 0, 0], "uv": [99, 37]},
						{"origin": [-1, 22.69381, 2.42678], "size": [2, 3.5, 1.5], "inflate": -0.5, "pivot": [0, 23.19381, 2.92678], "rotation": [-15, 0, 0], "uv": [92, 31]},
						{"origin": [-1, 22.19381, 2.42678], "size": [2, 1.5, 1.5], "inflate": -0.5, "pivot": [0, 23.19381, 2.92678], "rotation": [32.5, 0, 0], "uv": [92, 35]},
						{"origin": [-1.6, 22.19381, 2.57678], "size": [1.7, 1.7, 1.5], "inflate": -0.5, "pivot": [-0.4, 23.29381, 3.07678], "rotation": [30, 15, -30], "uv": [92, 37]},
						{"origin": [-1.1, 23.12059, 2.98296], "size": [1, 2, 1], "inflate": -0.25, "pivot": [-0.85, 23.37059, 3.23296], "rotation": [-15, 0, 10], "uv": [99, 31]},
						{"origin": [0.1, 23.12059, 2.98296], "size": [1, 2, 1], "inflate": -0.25, "pivot": [0.85, 23.37059, 3.23296], "rotation": [-15, 0, -10], "uv": [99, 31], "mirror": true},
						{"origin": [-0.1, 22.19381, 2.57678], "size": [1.7, 1.7, 1.5], "inflate": -0.5, "pivot": [0.4, 23.29381, 3.07678], "rotation": [30, -15, 30], "uv": [92, 37], "mirror": true}
					]
				},
				{
					"name": "2",
					"parent": "Elytra",
					"pivot": [0, 18.5, 3.25],
					"cubes": [
						{"origin": [-0.5, 18, 3], "size": [1, 1, 1], "inflate": -0.1, "pivot": [0, 18.5, 3.5], "rotation": [45, 0, 0], "uv": [104, 32]},
						{"origin": [-0.5, 17, 2.4], "size": [1, 2, 1], "inflate": -0.25, "pivot": [0, 18.75, 2.65], "rotation": [2.5, 0, 0], "uv": [104, 34]},
						{"origin": [-1, 17.25, 2.6], "size": [1, 2, 1], "inflate": -0.25, "pivot": [-0.25, 18.75, 3.25], "rotation": [-4.6658, -2.57594, -14.78217], "uv": [109, 34]},
						{"origin": [-1.25, 18, 2.75], "size": [1.15, 2, 1], "inflate": -0.25, "pivot": [-0.5, 18.25, 3.25], "rotation": [-25, 0, -40], "uv": [109, 31]},
						{"origin": [0.1, 18, 2.75], "size": [1.15, 2, 1], "inflate": -0.25, "pivot": [0.5, 18.25, 3.25], "rotation": [-25, 0, 40], "uv": [109, 31], "mirror": true},
						{"origin": [0, 17.25, 2.6], "size": [1, 2, 1], "inflate": -0.25, "pivot": [0.25, 18.75, 3.25], "rotation": [-4.6658, 2.57594, 14.78217], "uv": [109, 34], "mirror": true}
					]
				},
				{
					"name": "Left2",
					"parent": "2",
					"pivot": [1.25, 19.5, 2.25],
					"rotation": [0, -15, -15],
					"cubes": [
						{"origin": [0.03349, 18.375, 1.9], "size": [1, 2, 1], "inflate": -0.25, "pivot": [0.28349, 18.625, 2.15], "rotation": [0, 0, 30], "uv": [118, 31], "mirror": true},
						{"origin": [0.57691, 19.42784, 1.9], "size": [1.25, 2, 1], "inflate": -0.25, "pivot": [1.07691, 19.67784, 2.15], "rotation": [-2.5, 0, 80], "uv": [114, 31], "mirror": true},
						{"origin": [0.30801, 18.21651, 2.05], "size": [1, 2, 1], "inflate": -0.25, "pivot": [1.05801, 18.46651, 2.3], "rotation": [0, -10, 55], "uv": [114, 34], "mirror": true}
					]
				},
				{
					"name": "Right2",
					"parent": "2",
					"pivot": [-1.25, 19.5, 2.25],
					"rotation": [0, 15, 15],
					"cubes": [
						{"origin": [-1.30801, 18.21651, 2.05], "size": [1, 2, 1], "inflate": -0.25, "pivot": [-1.05801, 18.46651, 2.3], "rotation": [0, 10, -55], "uv": [114, 34]},
						{"origin": [-1.03349, 18.375, 1.9], "size": [1, 2, 1], "inflate": -0.25, "pivot": [-0.28349, 18.625, 2.15], "rotation": [0, 0, -30], "uv": [118, 31]},
						{"origin": [-1.82691, 19.42784, 1.9], "size": [1.25, 2, 1], "inflate": -0.25, "pivot": [-1.07691, 19.67784, 2.15], "rotation": [-2.5, 0, -80], "uv": [114, 31]}
					]
				},
				{
					"name": "LeftElytra",
					"parent": "Elytra",
					"pivot": [1.25, 20.5, 3.25],
					"rotation": [0, -15, -30],
					"cubes": [
						{"origin": [2.5, 19.25, 3.85], "size": [3, 1.5, 1], "inflate": -0.25, "pivot": [2.75, 19.75, 4.35], "rotation": [30, 0, -10], "uv": [120, 50]},
						{"origin": [4.75, 19.5, 3], "size": [1.5, 2, 1.5], "inflate": -0.26, "pivot": [5.5, 20.5, 3.75], "rotation": [0, -45, 0], "uv": [99, 51]},
						{"origin": [1.5, 20.28015, 2.32899], "size": [4, 2, 1], "inflate": -0.25, "pivot": [1.75, 20.53015, 2.57899], "rotation": [-20, 0, 0], "uv": [110, 46]},
						{"origin": [2.5, 19.53015, 2.32899], "size": [3, 1.25, 1], "inflate": -0.25, "pivot": [1.75, 20.53015, 2.57899], "rotation": [25, 0, 0], "uv": [110, 49]},
						{"origin": [1.75, 19.28015, 2.47899], "size": [3, 1.5, 1], "inflate": -0.25, "pivot": [1.75, 20.53015, 2.57899], "rotation": [25, 0, 0], "uv": [111, 52]},
						{"origin": [1.25, 20, 3.25], "size": [4, 1, 1], "uv": [99, 49]},
						{"origin": [2.14372, 21.3151, 3.50288], "size": [2, 1.25, 1], "inflate": -0.25, "pivot": [2.39372, 22.3151, 4.25288], "rotation": [-7.51241, -11.69491, -1.40598], "uv": [121, 46]},
						{"origin": [1, 19.5, 3.75], "size": [2, 1.5, 1], "inflate": -0.25, "pivot": [1.25, 20.25, 4.25], "rotation": [30, 0, 20], "uv": [120, 52]},
						{"origin": [1.25, 20.25, 3.25], "size": [2, 1.25, 1], "inflate": -0.25, "pivot": [1.5, 21.25, 3.5], "rotation": [0, -10, -50], "uv": [121, 48]}
					]
				},
				{
					"name": "LeftForeElytra",
					"parent": "LeftElytra",
					"pivot": [5.5, 20.5, 3.75],
					"rotation": [0, 0, -15],
					"cubes": [
						{"origin": [5.90077, 19.14495, 3.7], "size": [1.5, 1, 1], "inflate": -0.25, "pivot": [7.15077, 19.39495, 3.95], "rotation": [0, 2.5, 30], "uv": [117, 42]},
						{"origin": [5.36976, 19.745, 3.73861], "size": [1.5, 1.5, 1], "inflate": -0.25, "pivot": [5.61976, 20.5, 3.98861], "rotation": [0, 10, 0], "uv": [107, 39]},
						{"origin": [5.90077, 20.85505, 3.7], "size": [1.5, 1, 1], "inflate": -0.25, "pivot": [7.15077, 21.60505, 3.95], "rotation": [0, 2.5, -30], "uv": [113, 42]},
						{"origin": [7.75, 20, 3.6], "size": [2, 1, 1], "inflate": -0.25, "uv": [122, 38]},
						{"origin": [6.75, 20, 3.7], "size": [3, 1, 1], "inflate": -0.25, "pivot": [9.5, 20.75, 3.95], "rotation": [0, 0, 20], "uv": [113, 38]},
						{"origin": [6.75, 20, 3.7], "size": [3, 1, 1], "inflate": -0.25, "pivot": [9.5, 20.25, 3.95], "rotation": [0, 0, -20], "uv": [113, 40]},
						{"origin": [5.75, 19.75, 3.7], "size": [1.5, 1.5, 1], "inflate": -0.25, "pivot": [6.5, 20.5, 3.95], "rotation": [-10, 10, -45], "uv": [122, 42]},
						{"origin": [6.25, 19.65, 3.6], "size": [2, 1.7, 1], "inflate": -0.25, "uv": [122, 40]},
						{"origin": [5.5, 19.75, 3], "size": [2.5, 1.5, 1.25], "inflate": -0.25, "pivot": [5.75, 20.5, 3.25], "rotation": [0, -10, 0], "uv": [104, 52]}
					]
				},
				{
					"name": "ysmGlowLeftHalo",
					"parent": "LeftForeElytra",
					"pivot": [5.5, 20.5, 4.75],
					"cubes": [
						{"origin": [5.5, 20.85, 4.75], "size": [2, 0.4, 0], "pivot": [5.5, 21.25, 4.75], "rotation": [0, 0, -30], "uv": [72, 3]},
						{"origin": [7.23205, 21.85, 4.75], "size": [4, 0.4, 0], "pivot": [7.23205, 22.25, 4.751], "rotation": [0, 0, 20], "uv": [72, 1]},
						{"origin": [5.5, 19.75, 4.75], "size": [2, 0.4, 0], "pivot": [5.5, 19.75, 4.75], "rotation": [0, 0, 30], "uv": [72, 7]},
						{"origin": [7.23205, 18.75, 4.75], "size": [3, 0.4, 0], "pivot": [7.23205, 18.75, 4.751], "rotation": [0, 0, -20], "uv": [72, 5]},
						{"origin": [4.16747, 20.04199, 5], "size": [2, 0.4, 0], "pivot": [4.16747, 20.44199, 5.001], "rotation": [0, 0, 40], "uv": [72, 9]}
					]
				},
				{
					"name": "RightElytra",
					"parent": "Elytra",
					"pivot": [-1.25, 20.5, 3.25],
					"rotation": [0, 15, 30],
					"cubes": [
						{"origin": [-6.25, 19.5, 3], "size": [1.5, 2, 1.5], "inflate": -0.26, "pivot": [-5.5, 20.5, 3.75], "rotation": [0, 45, 0], "uv": [99, 51], "mirror": true},
						{"origin": [-4.75, 19.28015, 2.47899], "size": [3, 1.5, 1], "inflate": -0.25, "pivot": [-1.75, 20.53015, 2.57899], "rotation": [25, 0, 0], "uv": [111, 52], "mirror": true},
						{"origin": [-5.25, 20, 3.25], "size": [4, 1, 1], "uv": [99, 49], "mirror": true},
						{"origin": [-5.5, 20.28015, 2.32899], "size": [4, 2, 1], "inflate": -0.25, "pivot": [-1.75, 20.53015, 2.57899], "rotation": [-20, 0, 0], "uv": [110, 46], "mirror": true},
						{"origin": [-5.5, 19.53015, 2.32899], "size": [3, 1.25, 1], "inflate": -0.25, "pivot": [-1.75, 20.53015, 2.57899], "rotation": [25, 0, 0], "uv": [110, 49], "mirror": true},
						{"origin": [-3, 19.5, 3.75], "size": [2, 1.5, 1], "inflate": -0.25, "pivot": [-1.25, 20.25, 4.25], "rotation": [30, 0, -20], "uv": [120, 52], "mirror": true},
						{"origin": [-5.5, 19.25, 3.85], "size": [3, 1.5, 1], "inflate": -0.25, "pivot": [-2.75, 19.75, 4.35], "rotation": [30, 0, 10], "uv": [120, 50], "mirror": true},
						{"origin": [-3.25, 20.25, 3.25], "size": [2, 1.25, 1], "inflate": -0.25, "pivot": [-1.5, 21.25, 3.5], "rotation": [0, 10, 50], "uv": [121, 48], "mirror": true},
						{"origin": [-4.14372, 21.3151, 3.50288], "size": [2, 1.25, 1], "inflate": -0.25, "pivot": [-2.39372, 22.3151, 4.25288], "rotation": [-7.51241, 11.69491, 1.40598], "uv": [121, 46], "mirror": true}
					]
				},
				{
					"name": "RightForeElytra",
					"parent": "RightElytra",
					"pivot": [-5.5, 20.5, 3.75],
					"rotation": [0, 0, 15],
					"cubes": [
						{"origin": [-8, 19.75, 3], "size": [2.5, 1.5, 1.25], "inflate": -0.25, "pivot": [-5.75, 20.5, 3.25], "rotation": [0, 10, 0], "uv": [104, 52], "mirror": true},
						{"origin": [-6.86976, 19.745, 3.73861], "size": [1.5, 1.5, 1], "inflate": -0.25, "pivot": [-5.61976, 20.5, 3.98861], "rotation": [0, -10, 0], "uv": [107, 39], "mirror": true},
						{"origin": [-9.75, 20, 3.6], "size": [2, 1, 1], "inflate": -0.25, "uv": [122, 38], "mirror": true},
						{"origin": [-8.25, 19.65, 3.6], "size": [2, 1.7, 1], "inflate": -0.25, "uv": [122, 40], "mirror": true},
						{"origin": [-7.25, 19.75, 3.7], "size": [1.5, 1.5, 1], "inflate": -0.25, "pivot": [-6.5, 20.5, 3.95], "rotation": [-10, -10, 45], "uv": [122, 42], "mirror": true},
						{"origin": [-9.75, 20, 3.7], "size": [3, 1, 1], "inflate": -0.25, "pivot": [-9.5, 20.25, 3.95], "rotation": [0, 0, 20], "uv": [113, 40], "mirror": true},
						{"origin": [-7.40077, 19.14495, 3.7], "size": [1.5, 1, 1], "inflate": -0.25, "pivot": [-7.15077, 19.39495, 3.95], "rotation": [0, -2.5, -30], "uv": [117, 42], "mirror": true},
						{"origin": [-9.75, 20, 3.7], "size": [3, 1, 1], "inflate": -0.25, "pivot": [-9.5, 20.75, 3.95], "rotation": [0, 0, -20], "uv": [113, 38], "mirror": true},
						{"origin": [-7.40077, 20.85505, 3.7], "size": [1.5, 1, 1], "inflate": -0.25, "pivot": [-7.15077, 21.60505, 3.95], "rotation": [0, -2.5, 30], "uv": [113, 42], "mirror": true}
					]
				},
				{
					"name": "ysmGlowRightHalo",
					"parent": "RightForeElytra",
					"pivot": [-5.5, 20.5, 4.75],
					"cubes": [
						{"origin": [-11.23205, 21.85, 4.75], "size": [4, 0.4, 0], "pivot": [-7.23205, 22.25, 4.751], "rotation": [0, 0, -20], "uv": [72, 1], "mirror": true},
						{"origin": [-10.23205, 18.75, 4.75], "size": [3, 0.4, 0], "pivot": [-7.23205, 18.75, 4.751], "rotation": [0, 0, 20], "uv": [72, 5], "mirror": true},
						{"origin": [-7.5, 20.85, 4.75], "size": [2, 0.4, 0], "pivot": [-5.5, 21.25, 4.75], "rotation": [0, 0, 30], "uv": [72, 3], "mirror": true},
						{"origin": [-6.16747, 20.04199, 5], "size": [2, 0.4, 0], "pivot": [-4.16747, 20.44199, 5.001], "rotation": [0, 0, -40], "uv": [72, 9], "mirror": true},
						{"origin": [-7.5, 19.75, 4.75], "size": [2, 0.4, 0], "pivot": [-5.5, 19.75, 4.75], "rotation": [0, 0, -30], "uv": [72, 7], "mirror": true}
					]
				},
				{
					"name": "ysmGlowHalo1",
					"parent": "Elytra",
					"pivot": [0, 21.5, 5],
					"cubes": [
						{"origin": [-0.5, 22.25, 5], "size": [1, 0.25, 0], "pivot": [0, 21.5, 5], "rotation": [0, 0, 90], "uv": [77, 3]},
						{"origin": [-0.35503, 22.31066, 5], "size": [0.71, 0.25, 0], "pivot": [0, 21.501, 5], "rotation": [0, 0, 45], "uv": [81, 3]},
						{"origin": [-0.5, 22.25, 5], "size": [1, 0.25, 0], "pivot": [0, 21.5, 5], "rotation": [0, 0, -90], "uv": [77, 3]},
						{"origin": [-0.5, 22.25, 5], "size": [1, 0.25, 0], "uv": [77, 3], "mirror": true},
						{"origin": [-0.35497, 22.31066, 5], "size": [0.71, 0.25, 0], "pivot": [0, 21.501, 5], "rotation": [0, 0, -45], "uv": [80, 3], "mirror": true},
						{"origin": [-0.5, 22.25, 5], "size": [1, 0.25, 0], "pivot": [0, 21.5, 5], "rotation": [0, 0, -180], "uv": [77, 3], "mirror": true},
						{"origin": [-0.35503, 22.31066, 5], "size": [0.71, 0.25, 0], "pivot": [0, 21.501, 5], "rotation": [0, 0, 135], "uv": [81, 3]},
						{"origin": [-0.35497, 22.31066, 5], "size": [0.71, 0.25, 0], "pivot": [0, 21.501, 5], "rotation": [0, 0, -135], "uv": [80, 3], "mirror": true}
					]
				},
				{
					"name": "ysmGlowHalo2",
					"parent": "ysmGlowHalo1",
					"pivot": [0, 21.5, 5.35],
					"cubes": [
						{"origin": [-0.5, 22.35, 5.35], "size": [1, 0.15, 0], "pivot": [0, 21.5, 5.35], "rotation": [0, 0, 90], "uv": [77, 3]},
						{"origin": [-0.35503, 22.41066, 5.35], "size": [0.71, 0.15, 0], "pivot": [0, 21.501, 5.35], "rotation": [0, 0, 45], "uv": [80, 3]},
						{"origin": [-0.5, 22.35, 5.35], "size": [1, 0.15, 0], "pivot": [0, 21.5, 5.35], "rotation": [0, 0, -90], "uv": [77, 3]},
						{"origin": [-0.5, 22.35, 5.35], "size": [1, 0.15, 0], "uv": [77, 3], "mirror": true},
						{"origin": [-0.35497, 22.41066, 5.35], "size": [0.71, 0.15, 0], "pivot": [0, 21.501, 5.35], "rotation": [0, 0, -45], "uv": [80, 3], "mirror": true},
						{"origin": [-0.5, 22.35, 5.35], "size": [1, 0.15, 0], "pivot": [0, 21.5, 5.35], "rotation": [0, 0, -180], "uv": [77, 3], "mirror": true},
						{"origin": [-0.35503, 22.41066, 5.35], "size": [0.71, 0.15, 0], "pivot": [0, 21.501, 5.35], "rotation": [0, 0, 135], "uv": [80, 3]},
						{"origin": [-0.35497, 22.41066, 5.35], "size": [0.71, 0.15, 0], "pivot": [0, 21.501, 5.35], "rotation": [0, 0, -135], "uv": [80, 3], "mirror": true}
					]
				},
				{
					"name": "ysmGlowHalo3",
					"parent": "Elytra",
					"pivot": [0, 18.75, 4.25],
					"rotation": [-10, 0, 0],
					"cubes": [
						{"origin": [0.5, 17, 4.25], "size": [0.3, 1.25, 0], "pivot": [1, 18.5, 4.25], "rotation": [0, 0, 12.5], "uv": [78, 7]},
						{"origin": [0.23008, 17.07884, 4.25], "size": [0.25, 1.25, 0], "pivot": [0.48008, 17.07884, 4.251], "rotation": [0, 0, 27.5], "uv": [79, 7]},
						{"origin": [0.45774, 18.36415, 4.25], "size": [0.5, 0.75, 0], "pivot": [0.45774, 18.36415, 4.251], "rotation": [0, 0, 60], "uv": [77, 7]},
						{"origin": [-0.95774, 18.36415, 4.25], "size": [0.5, 0.75, 0], "pivot": [-0.45774, 18.36415, 4.251], "rotation": [0, 0, -60], "uv": [77, 7], "mirror": true},
						{"origin": [-0.48008, 17.07884, 4.25], "size": [0.25, 1.25, 0], "pivot": [-0.48008, 17.07884, 4.251], "rotation": [0, 0, -27.5], "uv": [79, 7], "mirror": true},
						{"origin": [-0.8, 17, 4.25], "size": [0.3, 1.25, 0], "pivot": [-1, 18.5, 4.25], "rotation": [0, 0, -12.5], "uv": [78, 7], "mirror": true}
					]
				},
				{
					"name": "DownBody",
					"parent": "AllBody",
					"pivot": [0, 14, 0]
				},
				{
					"name": "Leg",
					"parent": "DownBody",
					"pivot": [0, 13.5, 0]
				},
				{
					"name": "LeftLeg",
					"parent": "Leg",
					"pivot": [2, 13.5, 0],
					"cubes": [
						{"origin": [0.5, 8, -1.75], "size": [3, 6, 3.5], "uv": [12, 31], "mirror": true},
						{"origin": [0.6, 7.25, -1.25], "size": [2.8, 1, 2], "uv": [12, 59], "mirror": true}
					]
				},
				{
					"name": "LeftLowerLeg",
					"parent": "LeftLeg",
					"pivot": [2, 8, 0],
					"cubes": [
						{"origin": [0.5, 2, -1.5], "size": [3, 6, 3], "uv": [12, 40], "mirror": true}
					]
				},
				{
					"name": "LeftFoot",
					"parent": "LeftLowerLeg",
					"pivot": [2, 1.5, 0],
					"cubes": [
						{"origin": [0.5, 0, -1.5], "size": [3, 2, 3], "uv": [12, 54], "mirror": true},
						{"origin": [0.5, 0, -2.5], "size": [3, 1.5, 1], "uv": [12, 49], "mirror": true},
						{"origin": [0.5, 1.75, -2.9], "size": [3, 1, 2], "inflate": -0.1, "pivot": [2, 2.75, -0.9], "rotation": [40, 0, 0], "uv": [12, 51], "mirror": true}
					]
				},
				{
					"name": "LeftShoe",
					"parent": "LeftFoot",
					"pivot": [2, 1.5, 0],
					"cubes": [
						{"origin": [0.25, -0.25, -3.25], "size": [3.5, 2, 3], "uv": [47, 108], "mirror": true},
						{"origin": [0.4, 1.75, -3], "size": [3.2, 1, 3], "pivot": [2, 2.75, -1], "rotation": [30, 0, 0], "uv": [47, 104], "mirror": true},
						{"origin": [1, 2, -3], "size": [2, 1, 3], "pivot": [2, 3, -1], "rotation": [37.5, 0, 0], "uv": [59, 100], "mirror": true},
						{"origin": [0, 1.25, -1.5], "size": [4, 1.25, 1.25], "pivot": [4, 1.75, -1], "rotation": [-45, 0, 0], "uv": [47, 99], "mirror": true},
						{"origin": [0.35, -0.25, -0.25], "size": [3.3, 2, 2], "uv": [59, 109], "mirror": true}
					]
				},
				{
					"name": "LeftShoe1",
					"parent": "LeftLowerLeg",
					"pivot": [2, 1.5, 0],
					"cubes": [
						{"origin": [2, 2.5, -2.75], "size": [2.25, 2.25, 1], "pivot": [2, 3.75, -2.75], "rotation": [21.88023, -23.39896, -9.0616], "uv": [47, 90], "mirror": true},
						{"origin": [-0.25, 2.5, -2.75], "size": [2.25, 2.25, 1], "pivot": [2, 3.75, -2.75], "rotation": [21.88023, 23.39896, 9.0616], "uv": [53, 90], "mirror": true},
						{"origin": [0.35, 1.75, -0.25], "size": [3.3, 2, 2], "uv": [59, 104], "mirror": true},
						{"origin": [0.35, 1.75, -1.5], "size": [3.3, 2, 1.75], "pivot": [2, 3.75, -1.5], "rotation": [-5, 0, 0], "uv": [47, 101], "mirror": true},
						{"origin": [0.5, 1.75, 1], "size": [3, 1, 1], "pivot": [2, 2.25, 1.5], "rotation": [45, 0, 0], "uv": [47, 97], "mirror": true},
						{"origin": [3, 1.25, 0.25], "size": [1, 2, 2], "pivot": [3, 2.25, 1.25], "rotation": [45, 0, 10], "uv": [47, 93], "mirror": true},
						{"origin": [0, 1.25, 0.25], "size": [1, 2, 2], "pivot": [1, 2.25, 1.25], "rotation": [45, 0, -10], "uv": [53, 93], "mirror": true}
					]
				},
				{
					"name": "ysmGlowLeftShoe",
					"parent": "LeftShoe1",
					"pivot": [2, 1.5, 0],
					"cubes": [
						{"origin": [2.5, 2.5, -3], "size": [1, 1, 1], "inflate": -0.1, "pivot": [2, 3.75, -2.75], "rotation": [21.88023, -23.39896, -9.0616], "uv": [56, 101], "mirror": true},
						{"origin": [2.75, 3.75, -3], "size": [1, 1, 1], "inflate": -0.1, "pivot": [2, 3.75, -2.75], "rotation": [21.88023, -23.39896, -9.0616], "uv": [56, 101], "mirror": true},
						{"origin": [0.5, 2.5, -3], "size": [1, 1, 1], "inflate": -0.1, "pivot": [2, 3.75, -2.75], "rotation": [21.88023, 23.39896, 9.0616], "uv": [56, 101], "mirror": true},
						{"origin": [0.25, 3.75, -3], "size": [1, 1, 1], "inflate": -0.1, "pivot": [2, 3.75, -2.75], "rotation": [21.88023, 23.39896, 9.0616], "uv": [56, 101], "mirror": true}
					]
				},
				{
					"name": "LeftOveralls",
					"parent": "LeftLeg",
					"pivot": [1, 13.75, -6],
					"cubes": [
						{"origin": [0, 10, -0.5], "size": [1, 4, 2], "pivot": [0, 14, 1], "rotation": [7.5, 0, -2.5], "uv": [40, 122]},
						{"origin": [0, 10, 1.4], "size": [2, 4, 1], "pivot": [1, 13.5, 1.4], "rotation": [10, 0, -5], "uv": [6, 111]},
						{"origin": [0.75, 10.5, -2.15], "size": [2, 4, 1], "pivot": [2.75, 14.5, -2.15], "rotation": [-7.5, 0, -10], "uv": [32, 114]},
						{"origin": [2.67216, 10.52362, -2.28053], "size": [1, 3, 1], "pivot": [2.67216, 13.52362, -2.28053], "rotation": [-7.5, 0, -15], "uv": [38, 115]},
						{"origin": [2.5, 10.5, -1.5], "size": [1, 3, 3], "pivot": [2.5, 14.5, 0], "rotation": [0, 0, -20], "uv": [32, 119]},
						{"origin": [2.67299, 10.51894, 1.33716], "size": [1, 3, 1], "pivot": [2.67299, 13.51894, 2.33716], "rotation": [5, 0, -15], "uv": [38, 115]},
						{"origin": [0.75, 10.5, 1.25], "size": [2, 4, 1], "pivot": [2.75, 14.5, 2.25], "rotation": [5, 0, -10], "uv": [32, 114]},
						{"origin": [0.07096, 10.12802, -2.24767], "size": [0.25, 0.4, 2.25], "pivot": [3.17096, 9.62802, -2.24767], "rotation": [-5, 0, -2.5], "uv": [-1, 125]},
						{"origin": [5.28888, 10.11747, -2.03744], "size": [0.25, 0.4, 2], "pivot": [3.18888, 9.21747, -3.03744], "rotation": [-5, 0, -20], "uv": [4, 122]},
						{"origin": [0.07286, 9.98448, -0.05043], "size": [0.25, 0.4, 2.25], "pivot": [3.17286, 9.58448, 2.19957], "rotation": [5, 0, -2.5], "uv": [1, 125]},
						{"origin": [5.29078, 10.07394, -0.01066], "size": [0.25, 0.4, 2], "pivot": [3.19078, 9.17394, 2.98934], "rotation": [5, 0, -20], "uv": [4, 122]},
						{"origin": [-0.1, 10, -3], "size": [3.2, 0.4, 1.1], "pivot": [1, 13.5, -1.65], "rotation": [-5, 0, -2.5], "uv": [0, 123]},
						{"origin": [-0.1, 9.9, 1.85], "size": [3.2, 0.4, 1.1], "pivot": [1, 13.5, 2.1], "rotation": [5, 0, -2.5], "uv": [0, 123]},
						{"origin": [0, 10, -2.4], "size": [2, 4, 1], "pivot": [1, 13.5, -1.4], "rotation": [-10, 0, -5], "uv": [0, 111]},
						{"origin": [0, 10, -1.5], "size": [1, 4, 2], "pivot": [0, 14, -1], "rotation": [-7.5, 0, -2.5], "uv": [40, 122]},
						{"origin": [3.18888, 10.11747, -3.13744], "size": [2.35, 0.4, 1.1], "pivot": [3.18888, 9.21747, -3.03744], "rotation": [-5, 0, -20], "uv": [0, 125]},
						{"origin": [3.19078, 10.07394, 1.98934], "size": [2.35, 0.4, 1.1], "pivot": [3.19078, 9.17394, 2.98934], "rotation": [5, 0, -20], "uv": [0, 125]},
						{"origin": [0, 9, -2.9], "size": [3, 2, 1], "pivot": [1, 13.5, -1.65], "rotation": [-5, 0, -2.5], "uv": [11, 103]},
						{"origin": [0, 9, 1.85], "size": [3, 2, 1], "pivot": [1, 13.5, 2.1], "rotation": [5, 0, -2.5], "uv": [11, 100]},
						{"origin": [-0.1, 10.5, -3], "size": [3.2, 0.35, 1.1], "pivot": [1, 13.5, -1.65], "rotation": [-5, 0, -2.5], "uv": [0, 117]},
						{"origin": [-0.1, 10.4, 1.85], "size": [3.2, 0.35, 1.1], "pivot": [1, 13.5, 2.1], "rotation": [5, 0, -2.5], "uv": [0, 117]},
						{"origin": [3.18888, 9.21747, -3.03744], "size": [2.25, 2, 1], "pivot": [3.18888, 9.21747, -3.03744], "rotation": [-5, 0, -20], "uv": [19, 103]},
						{"origin": [3.19078, 9.17394, 1.98934], "size": [2.25, 2, 1], "pivot": [3.19078, 9.17394, 2.98934], "rotation": [5, 0, -20], "uv": [19, 100]},
						{"origin": [4.18888, 9.21747, -2.03744], "size": [1.25, 2, 2], "pivot": [3.18888, 9.21747, -3.03744], "rotation": [-5, 0, -20], "uv": [13, 110]},
						{"origin": [4.19078, 9.17394, -0.01066], "size": [1.25, 2, 2], "pivot": [3.19078, 9.17394, 2.98934], "rotation": [5, 0, -20], "uv": [19, 110]},
						{"origin": [3.18888, 10.61747, -3.13744], "size": [2.35, 0.35, 1.1], "pivot": [3.18888, 9.21747, -3.03744], "rotation": [-5, 0, -20], "uv": [0, 119]},
						{"origin": [5.29078, 10.57394, -0.01066], "size": [0.25, 0.35, 2], "pivot": [3.19078, 9.17394, 2.98934], "rotation": [5, 0, -20], "uv": [4, 117]},
						{"origin": [3.19078, 10.57394, 1.98934], "size": [2.35, 0.35, 1.1], "pivot": [3.19078, 9.17394, 2.98934], "rotation": [5, 0, -20], "uv": [0, 119]},
						{"origin": [5.28888, 10.61747, -2.03744], "size": [0.25, 0.35, 2], "pivot": [3.18888, 9.21747, -3.03744], "rotation": [-5, 0, -20], "uv": [4, 117]},
						{"origin": [0.17096, 9.12802, -2.24767], "size": [1, 2, 2.25], "pivot": [3.17096, 9.62802, -2.24767], "rotation": [-5, 0, -2.5], "uv": [11, 106]},
						{"origin": [0.17286, 9.08448, -0.05043], "size": [1, 2, 2.25], "pivot": [3.17286, 9.58448, 2.19957], "rotation": [5, 0, -2.5], "uv": [17, 106]},
						{"origin": [0.07096, 10.62802, -2.24767], "size": [0.25, 0.35, 2.25], "pivot": [3.17096, 9.62802, -2.24767], "rotation": [-5, 0, -2.5], "uv": [4, 119]},
						{"origin": [0.07286, 10.48448, -0.05043], "size": [0.25, 0.35, 2.25], "pivot": [3.17286, 9.58448, 2.19957], "rotation": [5, 0, -2.5], "uv": [7, 119]}
					]
				},
				{
					"name": "RightLeg",
					"parent": "Leg",
					"pivot": [-2, 13.5, 0],
					"cubes": [
						{"origin": [-3.5, 8, -1.75], "size": [3, 6, 3.5], "uv": [12, 31]},
						{"origin": [-3.4, 7.25, -1.25], "size": [2.8, 1, 2], "uv": [12, 59]}
					]
				},
				{
					"name": "RightLowerLeg",
					"parent": "RightLeg",
					"pivot": [-2, 8, 0],
					"cubes": [
						{"origin": [-3.5, 2, -1.5], "size": [3, 6, 3], "uv": [12, 40]}
					]
				},
				{
					"name": "RightFoot",
					"parent": "RightLowerLeg",
					"pivot": [-2, 1.5, 0],
					"cubes": [
						{"origin": [-3.5, 0, -1.5], "size": [3, 2, 3], "uv": [12, 54]},
						{"origin": [-3.5, 0, -2.5], "size": [3, 1.5, 1], "uv": [12, 49]},
						{"origin": [-3.5, 1.75, -2.9], "size": [3, 1, 2], "inflate": -0.1, "pivot": [-2, 2.75, -0.9], "rotation": [40, 0, 0], "uv": [12, 51]}
					]
				},
				{
					"name": "RightShoe",
					"parent": "RightFoot",
					"pivot": [-2, 1.5, 0],
					"cubes": [
						{"origin": [-3.65, -0.25, -0.25], "size": [3.3, 2, 2], "uv": [59, 109]},
						{"origin": [-3.75, -0.25, -3.25], "size": [3.5, 2, 3], "uv": [47, 108]},
						{"origin": [-3.6, 1.75, -3], "size": [3.2, 1, 3], "pivot": [-2, 2.75, -1], "rotation": [30, 0, 0], "uv": [47, 104]},
						{"origin": [-3, 2, -3], "size": [2, 1, 3], "pivot": [-2, 3, -1], "rotation": [37.5, 0, 0], "uv": [59, 100]},
						{"origin": [-4, 1.25, -1.5], "size": [4, 1.25, 1.25], "pivot": [-4, 1.75, -1], "rotation": [-45, 0, 0], "uv": [47, 99]}
					]
				},
				{
					"name": "RightShoe1",
					"parent": "RightLowerLeg",
					"pivot": [-2, 1.5, 0],
					"cubes": [
						{"origin": [-4.25, 2.5, -2.75], "size": [2.25, 2.25, 1], "pivot": [-2, 3.75, -2.75], "rotation": [21.88023, 23.39896, 9.0616], "uv": [47, 90]},
						{"origin": [-2, 2.5, -2.75], "size": [2.25, 2.25, 1], "pivot": [-2, 3.75, -2.75], "rotation": [21.88023, -23.39896, -9.0616], "uv": [53, 90]},
						{"origin": [-3.65, 1.75, -0.25], "size": [3.3, 2, 2], "uv": [59, 104]},
						{"origin": [-3.65, 1.75, -1.5], "size": [3.3, 2, 1.75], "pivot": [-2, 3.75, -1.5], "rotation": [-5, 0, 0], "uv": [47, 101]},
						{"origin": [-4, 1.25, 0.25], "size": [1, 2, 2], "pivot": [-3, 2.25, 1.25], "rotation": [45, 0, -10], "uv": [47, 93]},
						{"origin": [-1, 1.25, 0.25], "size": [1, 2, 2], "pivot": [-1, 2.25, 1.25], "rotation": [45, 0, 10], "uv": [53, 93]},
						{"origin": [-3.5, 1.75, 1], "size": [3, 1, 1], "pivot": [-2, 2.25, 1.5], "rotation": [45, 0, 0], "uv": [47, 97]}
					]
				},
				{
					"name": "ysmGlowRightShoe",
					"parent": "RightShoe1",
					"pivot": [-2, 1.5, 0],
					"cubes": [
						{"origin": [-3.75, 3.75, -3], "size": [1, 1, 1], "inflate": -0.1, "pivot": [-2, 3.75, -2.75], "rotation": [21.88023, 23.39896, 9.0616], "uv": [56, 101]},
						{"origin": [-3.5, 2.5, -3], "size": [1, 1, 1], "inflate": -0.1, "pivot": [-2, 3.75, -2.75], "rotation": [21.88023, 23.39896, 9.0616], "uv": [56, 101]},
						{"origin": [-1.25, 3.75, -3], "size": [1, 1, 1], "inflate": -0.1, "pivot": [-2, 3.75, -2.75], "rotation": [21.88023, -23.39896, -9.0616], "uv": [56, 101]},
						{"origin": [-1.5, 2.5, -3], "size": [1, 1, 1], "inflate": -0.1, "pivot": [-2, 3.75, -2.75], "rotation": [21.88023, -23.39896, -9.0616], "uv": [56, 101]}
					]
				},
				{
					"name": "RightOveralls",
					"parent": "RightLeg",
					"pivot": [-1, 13.75, -6],
					"cubes": [
						{"origin": [-3.5, 10.5, -1.5], "size": [1, 3, 3], "pivot": [-2.5, 14.5, 0], "rotation": [0, 0, 20], "uv": [32, 119], "mirror": true},
						{"origin": [-2, 10, 1.4], "size": [2, 4, 1], "pivot": [-1, 13.5, 1.4], "rotation": [10, 0, 5], "uv": [0, 111], "mirror": true},
						{"origin": [-2, 10, -2.4], "size": [2, 4, 1], "pivot": [-1, 13.5, -1.4], "rotation": [-10, 0, 5], "uv": [0, 111], "mirror": true},
						{"origin": [-1, 10, -1.5], "size": [1, 4, 2], "pivot": [0, 14, -1], "rotation": [-7.5, 0, 2.5], "uv": [40, 122], "mirror": true},
						{"origin": [-1, 10, -0.5], "size": [1, 4, 2], "pivot": [0, 14, 1], "rotation": [7.5, 0, 2.5], "uv": [40, 122], "mirror": true},
						{"origin": [-2.75, 10.5, -2.15], "size": [2, 4, 1], "pivot": [-2.75, 14.5, -2.15], "rotation": [-7.5, 0, 10], "uv": [32, 114], "mirror": true},
						{"origin": [-3.67216, 10.52362, -2.28053], "size": [1, 3, 1], "pivot": [-2.67216, 13.52362, -2.28053], "rotation": [-7.5, 0, 15], "uv": [38, 115], "mirror": true},
						{"origin": [-3.67299, 10.51894, 1.33716], "size": [1, 3, 1], "pivot": [-2.67299, 13.51894, 2.33716], "rotation": [5, 0, 15], "uv": [38, 115], "mirror": true},
						{"origin": [-2.75, 10.5, 1.25], "size": [2, 4, 1], "pivot": [-2.75, 14.5, 2.25], "rotation": [5, 0, 10], "uv": [32, 114], "mirror": true},
						{"origin": [-3, 9, -2.9], "size": [3, 2, 1], "pivot": [-1, 13.5, -1.65], "rotation": [-5, 0, 2.5], "uv": [11, 103], "mirror": true},
						{"origin": [-5.43888, 9.21747, -3.03744], "size": [2.25, 2, 1], "pivot": [-3.18888, 9.21747, -3.03744], "rotation": [-5, 0, 20], "uv": [19, 103], "mirror": true},
						{"origin": [-5.43888, 9.21747, -2.03744], "size": [1.25, 2, 2], "pivot": [-3.18888, 9.21747, -3.03744], "rotation": [-5, 0, 20], "uv": [13, 110], "mirror": true},
						{"origin": [-5.44078, 9.17394, -0.01066], "size": [1.25, 2, 2], "pivot": [-3.19078, 9.17394, 2.98934], "rotation": [5, 0, 20], "uv": [19, 110], "mirror": true},
						{"origin": [-5.44078, 9.17394, 1.98934], "size": [2.25, 2, 1], "pivot": [-3.19078, 9.17394, 2.98934], "rotation": [5, 0, 20], "uv": [19, 100], "mirror": true},
						{"origin": [-3, 9, 1.85], "size": [3, 2, 1], "pivot": [-1, 13.5, 2.1], "rotation": [5, 0, 2.5], "uv": [11, 100], "mirror": true},
						{"origin": [-1.17096, 9.12802, -2.24767], "size": [1, 2, 2.25], "pivot": [-3.17096, 9.62802, -2.24767], "rotation": [-5, 0, 2.5], "uv": [11, 106], "mirror": true},
						{"origin": [-1.17286, 9.08448, -0.05043], "size": [1, 2, 2.25], "pivot": [-3.17286, 9.58448, 2.19957], "rotation": [5, 0, 2.5], "uv": [17, 106], "mirror": true},
						{"origin": [-3.1, 10.5, -3], "size": [3.2, 0.35, 1.1], "pivot": [-1, 13.5, -1.65], "rotation": [-5, 0, 2.5], "uv": [0, 117], "mirror": true},
						{"origin": [-3.1, 10.4, 1.85], "size": [3.2, 0.35, 1.1], "pivot": [-1, 13.5, 2.1], "rotation": [5, 0, 2.5], "uv": [0, 117], "mirror": true},
						{"origin": [-5.53888, 10.61747, -3.13744], "size": [2.35, 0.35, 1.1], "pivot": [-3.18888, 9.21747, -3.03744], "rotation": [-5, 0, 20], "uv": [0, 119], "mirror": true},
						{"origin": [-5.54078, 10.57394, 1.98934], "size": [2.35, 0.35, 1.1], "pivot": [-3.19078, 9.17394, 2.98934], "rotation": [5, 0, 20], "uv": [0, 119], "mirror": true},
						{"origin": [-5.54078, 10.57394, -0.01066], "size": [0.25, 0.35, 2], "pivot": [-3.19078, 9.17394, 2.98934], "rotation": [5, 0, 20], "uv": [4, 117], "mirror": true},
						{"origin": [-5.53888, 10.61747, -2.03744], "size": [0.25, 0.35, 2], "pivot": [-3.18888, 9.21747, -3.03744], "rotation": [-5, 0, 20], "uv": [4, 117], "mirror": true},
						{"origin": [-0.32096, 10.62802, -2.24767], "size": [0.25, 0.35, 2.25], "pivot": [-3.17096, 9.62802, -2.24767], "rotation": [-5, 0, 2.5], "uv": [4, 119], "mirror": true},
						{"origin": [-0.32286, 10.48448, -0.05043], "size": [0.25, 0.35, 2.25], "pivot": [-3.17286, 9.58448, 2.19957], "rotation": [5, 0, 2.5], "uv": [7, 119], "mirror": true},
						{"origin": [-3.1, 10, -3], "size": [3.2, 0.4, 1.1], "pivot": [-1, 13.5, -1.65], "rotation": [-5, 0, 2.5], "uv": [0, 123], "mirror": true},
						{"origin": [-3.1, 9.9, 1.85], "size": [3.2, 0.4, 1.1], "pivot": [-1, 13.5, 2.1], "rotation": [5, 0, 2.5], "uv": [0, 123], "mirror": true},
						{"origin": [-5.53888, 10.11747, -2.03744], "size": [0.25, 0.4, 2], "pivot": [-3.18888, 9.21747, -3.03744], "rotation": [-5, 0, 20], "uv": [4, 122], "mirror": true},
						{"origin": [-5.54078, 10.07394, 1.98934], "size": [2.35, 0.4, 1.1], "pivot": [-3.19078, 9.17394, 2.98934], "rotation": [5, 0, 20], "uv": [0, 125], "mirror": true},
						{"origin": [-5.54078, 10.07394, -0.01066], "size": [0.25, 0.4, 2], "pivot": [-3.19078, 9.17394, 2.98934], "rotation": [5, 0, 20], "uv": [4, 122], "mirror": true},
						{"origin": [-5.53888, 10.11747, -3.13744], "size": [2.35, 0.4, 1.1], "pivot": [-3.18888, 9.21747, -3.03744], "rotation": [-5, 0, 20], "uv": [0, 125], "mirror": true},
						{"origin": [-0.32096, 10.12802, -2.24767], "size": [0.25, 0.4, 2.25], "pivot": [-3.17096, 9.62802, -2.24767], "rotation": [-5, 0, 2.5], "uv": [-1, 125], "mirror": true},
						{"origin": [-0.32286, 9.98448, -0.05043], "size": [0.25, 0.4, 2.25], "pivot": [-3.17286, 9.58448, 2.19957], "rotation": [5, 0, 2.5], "uv": [1, 125], "mirror": true}
					]
				},
				{
					"name": "molang",
					"parent": "Root",
					"pivot": [0, -0.35, 0]
				}
			]
		}
	]
}