{
  "spec": 2,
    "metadata": {
        "name": "Tech Priest",
        "tips": "custom",
        "authors": [
            {
                "name": "Praimus"
            }
        ]
    },
  "properties": {
    "height_scale": 1,
    "width_scale": 1,
    "free": true
  },
  "files": {
    "player": {
      "model": {
        "main": "models/main.json",
        "arm": "models/arm.json"
      },
        "animation": {
            "main": "animations/main.animation.json",
            "arm": "animations/arm.animation.json",
            "tac": "animations/tac.animation.json",
            "carryon": "animations/carryon.animation.json",
            "extra": "animations/extra.animation.json",
            "parcool": "animations/parcool.animation.json"
        },
      "texture": [
        "textures/default.png"
      ]
    }
  }
}