{
	"format_version": "1.12.0",
	"minecraft:geometry": [
		{
			"description": {
				"identifier": "geometry.unknown",
				"texture_width": 256,
				"texture_height": 256,
				"visible_bounds_width": 7,
				"visible_bounds_height": 7,
				"visible_bounds_offset": [0, 2.5, 0]
			},
			"bones": [
				{
					"name": "LeftArm",
					"pivot": [-0.35, 32.2, 0],
					"cubes": [
						{
							"origin": [-1.11746, 25.72419, -1.73937],
							"size": [2.7025, 8.05, 3.45],
							"uv": {
								"north": {"uv": [53, 35], "uv_size": [2, 7]},
								"east": {"uv": [42, 24], "uv_size": [3, 7]},
								"south": {"uv": [37, 53], "uv_size": [2, 7]},
								"west": {"uv": [43, 0], "uv_size": [3, 7]},
								"up": {"uv": [80, 24], "uv_size": [2, 3]},
								"down": {"uv": [80, 30], "uv_size": [2, -3]}
							}
						},
						{
							"origin": [-0.77246, 24.68919, -1.42312],
							"size": [2.1275, 2.3, 2.8175],
							"uv": {
								"north": {"uv": [89, 17], "uv_size": [2, 2]},
								"east": {"uv": [18, 89], "uv_size": [2, 2]},
								"south": {"uv": [89, 21], "uv_size": [2, 2]},
								"west": {"uv": [22, 89], "uv_size": [2, 2]},
								"up": {"uv": [89, 23], "uv_size": [2, 2]},
								"down": {"uv": [24, 91], "uv_size": [2, -2]}
							}
						}
					]
				},
				{
					"name": "LTS",
					"parent": "LeftArm",
					"pivot": [0.20513, -2.52785, -0.79062],
					"cubes": [
						{
							"origin": [-1.2073, 28.95857, -2.08437],
							"size": [2.9361, 4.8336, 4.16875],
							"uv": {
								"north": {"uv": [22, 71], "uv_size": [2, 4]},
								"east": {"uv": [4, 50], "uv_size": [4, 4]},
								"south": {"uv": [71, 22], "uv_size": [2, 4]},
								"west": {"uv": [8, 50], "uv_size": [4, 4]},
								"up": {"uv": [71, 26], "uv_size": [2, 4]},
								"down": {"uv": [71, 34], "uv_size": [2, -4]}
							}
						}
					]
				},
				{
					"name": "LTJ",
					"parent": "LeftArm",
					"pivot": [5.41607, 28.3784, -0.01437],
					"cubes": [
						{
							"origin": [-1.40281, 25.84742, -2.22812],
							"size": [3.20563, 8.05, 4.45625],
							"uv": {
								"north": {"uv": [43, 7], "uv_size": [3, 7]},
								"east": {"uv": [17, 34], "uv_size": [4, 7]},
								"south": {"uv": [43, 14], "uv_size": [3, 7]},
								"west": {"uv": [21, 34], "uv_size": [4, 7]},
								"up": {"uv": [30, 61], "uv_size": [3, 4]},
								"down": {"uv": [61, 45], "uv_size": [3, -4]}
							}
						},
						{
							"origin": [1.06663, 25.73263, -2.22812],
							"size": [0.90562, 8.05, 4.45625],
							"pivot": [-0.2983, 30.50913, 0],
							"rotation": [0, 0, -3],
							"uv": {
								"north": {"uv": [66, 77], "uv_size": [1, 7]},
								"east": {"uv": [25, 34], "uv_size": [4, 7]},
								"south": {"uv": [67, 77], "uv_size": [1, 7]},
								"west": {"uv": [0, 35], "uv_size": [4, 7]},
								"up": {"uv": [13, 89], "uv_size": [1, 4]},
								"down": {"uv": [16, 93], "uv_size": [1, -4]}
							}
						},
						{
							"origin": [-1.25906, 24.33804, -2.08437],
							"size": [3.13375, 1.725, 4.3125],
							"uv": {
								"north": {"uv": [30, 80], "uv_size": [3, 2]},
								"east": {"uv": [71, 34], "uv_size": [4, 2]},
								"south": {"uv": [80, 30], "uv_size": [3, 2]},
								"west": {"uv": [71, 36], "uv_size": [4, 2]},
								"up": {"uv": [61, 45], "uv_size": [3, 4]},
								"down": {"uv": [61, 53], "uv_size": [3, -4]}
							}
						}
					]
				},
				{
					"name": "Star",
					"parent": "LTJ",
					"pivot": [4.7541, 31.88366, -0.07187],
					"cubes": [
						{
							"origin": [1.90706, 29.68546, -1.07812],
							"size": [0.07187, 0.14375, 2.07],
							"pivot": [-0.29161, 31.29945, 0.07187],
							"rotation": [0, 0, -3],
							"uv": {
								"north": {"uv": [103, 106], "uv_size": [1, 1]},
								"east": {"uv": [100, 97], "uv_size": [2, 1]},
								"south": {"uv": [106, 103], "uv_size": [1, 1]},
								"west": {"uv": [3, 101], "uv_size": [2, 1]},
								"up": {"uv": [5, 101], "uv_size": [1, 2]},
								"down": {"uv": [6, 103], "uv_size": [1, -2]}
							}
						},
						{
							"origin": [2.00597, 29.13559, -0.19262],
							"size": [0.07187, 1.22187, 0.299],
							"pivot": [1.60998, 29.45942, -0.04312],
							"rotation": [0, 0, -3],
							"uv": {
								"north": {"uv": [104, 106], "uv_size": [1, 1]},
								"east": {"uv": [106, 104], "uv_size": [1, 1]},
								"south": {"uv": [105, 106], "uv_size": [1, 1]},
								"west": {"uv": [106, 105], "uv_size": [1, 1]},
								"up": {"uv": [106, 106], "uv_size": [1, 1]},
								"down": {"uv": [0, 108], "uv_size": [1, -1]}
							}
						},
						{
							"origin": [2.00597, 28.70434, -0.15669],
							"size": [0.07187, 1.22187, 0.299],
							"pivot": [1.60998, 29.45942, -0.04312],
							"rotation": [36, 0, -3],
							"uv": {
								"north": {"uv": [107, 0], "uv_size": [1, 1]},
								"east": {"uv": [1, 107], "uv_size": [1, 1]},
								"south": {"uv": [107, 1], "uv_size": [1, 1]},
								"west": {"uv": [2, 107], "uv_size": [1, 1]},
								"up": {"uv": [107, 2], "uv_size": [1, 1]},
								"down": {"uv": [3, 108], "uv_size": [1, -1]}
							}
						},
						{
							"origin": [2.00597, 28.63246, -0.08481],
							"size": [0.07187, 0.14375, 0.15525],
							"pivot": [1.60998, 29.45942, -0.04312],
							"rotation": [36, 0, -3],
							"uv": {
								"north": {"uv": [107, 3], "uv_size": [1, 1]},
								"east": {"uv": [4, 107], "uv_size": [1, 1]},
								"south": {"uv": [107, 4], "uv_size": [1, 1]},
								"west": {"uv": [5, 107], "uv_size": [1, 1]},
								"up": {"uv": [107, 5], "uv_size": [1, 1]},
								"down": {"uv": [6, 108], "uv_size": [1, -1]}
							}
						},
						{
							"origin": [1.96459, 30.28529, -0.12075],
							"size": [0.07187, 0.14375, 0.15525],
							"pivot": [1.58366, 30.24935, -0.00719],
							"rotation": [0, 0, -3],
							"uv": {
								"north": {"uv": [107, 6], "uv_size": [1, 1]},
								"east": {"uv": [7, 107], "uv_size": [1, 1]},
								"south": {"uv": [107, 7], "uv_size": [1, 1]},
								"west": {"uv": [8, 107], "uv_size": [1, 1]},
								"up": {"uv": [107, 8], "uv_size": [1, 1]},
								"down": {"uv": [9, 108], "uv_size": [1, -1]}
							}
						},
						{
							"origin": [1.90706, 28.87687, 0.93941],
							"size": [0.07187, 1.22187, 0.299],
							"pivot": [-0.29161, 31.29945, 0.07906],
							"rotation": [-36, 0, -3],
							"uv": {
								"north": {"uv": [107, 9], "uv_size": [1, 1]},
								"east": {"uv": [10, 107], "uv_size": [1, 1]},
								"south": {"uv": [107, 10], "uv_size": [1, 1]},
								"west": {"uv": [11, 107], "uv_size": [1, 1]},
								"up": {"uv": [107, 11], "uv_size": [1, 1]},
								"down": {"uv": [12, 108], "uv_size": [1, -1]}
							}
						},
						{
							"origin": [1.90706, 30.18859, 1.67613],
							"size": [0.07187, 1.22188, 0.299],
							"pivot": [-0.29161, 31.29945, 0.07906],
							"rotation": [-72, 0, -3],
							"uv": {
								"north": {"uv": [107, 12], "uv_size": [1, 1]},
								"east": {"uv": [13, 107], "uv_size": [1, 1]},
								"south": {"uv": [107, 13], "uv_size": [1, 1]},
								"west": {"uv": [14, 107], "uv_size": [1, 1]},
								"up": {"uv": [107, 14], "uv_size": [1, 1]},
								"down": {"uv": [15, 108], "uv_size": [1, -1]}
							}
						},
						{
							"origin": [1.90706, 30.45812, -1.89965],
							"size": [0.07187, 1.15, 0.299],
							"pivot": [-0.29161, 31.29945, 0.07906],
							"rotation": [72, 0, -3],
							"uv": {
								"north": {"uv": [107, 15], "uv_size": [1, 1]},
								"east": {"uv": [16, 107], "uv_size": [1, 1]},
								"south": {"uv": [107, 16], "uv_size": [1, 1]},
								"west": {"uv": [17, 107], "uv_size": [1, 1]},
								"up": {"uv": [107, 17], "uv_size": [1, 1]},
								"down": {"uv": [18, 108], "uv_size": [1, -1]}
							}
						},
						{
							"origin": [1.90706, 31.53625, -1.82778],
							"size": [0.07187, 0.21563, 0.15525],
							"pivot": [-0.29161, 31.29945, 0.07906],
							"rotation": [72, 0, -3],
							"uv": {
								"north": {"uv": [107, 18], "uv_size": [1, 1]},
								"east": {"uv": [19, 107], "uv_size": [1, 1]},
								"south": {"uv": [107, 19], "uv_size": [1, 1]},
								"west": {"uv": [20, 107], "uv_size": [1, 1]},
								"up": {"uv": [107, 20], "uv_size": [1, 1]},
								"down": {"uv": [21, 108], "uv_size": [1, -1]}
							}
						},
						{
							"origin": [1.90706, 31.26671, 1.748],
							"size": [0.07187, 0.21563, 0.15525],
							"pivot": [-0.29161, 31.29945, 0.07906],
							"rotation": [-72, 0, -3],
							"uv": {
								"north": {"uv": [107, 21], "uv_size": [1, 1]},
								"east": {"uv": [22, 107], "uv_size": [1, 1]},
								"south": {"uv": [107, 22], "uv_size": [1, 1]},
								"west": {"uv": [23, 107], "uv_size": [1, 1]},
								"up": {"uv": [107, 23], "uv_size": [1, 1]},
								"down": {"uv": [24, 108], "uv_size": [1, -1]}
							}
						},
						{
							"origin": [1.90706, 28.805, 1.01129],
							"size": [0.07187, 0.14375, 0.15525],
							"pivot": [-0.29161, 31.29945, 0.07906],
							"rotation": [-36, 0, -3],
							"uv": {
								"north": {"uv": [107, 24], "uv_size": [1, 1]},
								"east": {"uv": [25, 107], "uv_size": [1, 1]},
								"south": {"uv": [107, 25], "uv_size": [1, 1]},
								"west": {"uv": [26, 107], "uv_size": [1, 1]},
								"up": {"uv": [107, 26], "uv_size": [1, 1]},
								"down": {"uv": [27, 108], "uv_size": [1, -1]}
							}
						},
						{
							"origin": [1.95785, 28.71632, -0.39132],
							"size": [0.07188, 0.14375, 2.07],
							"pivot": [-0.24082, 30.33031, 0.75868],
							"rotation": [-36, 0, -3],
							"uv": {
								"north": {"uv": [107, 27], "uv_size": [1, 1]},
								"east": {"uv": [101, 6], "uv_size": [2, 1]},
								"south": {"uv": [28, 107], "uv_size": [1, 1]},
								"west": {"uv": [101, 7], "uv_size": [2, 1]},
								"up": {"uv": [7, 101], "uv_size": [1, 2]},
								"down": {"uv": [101, 10], "uv_size": [1, -2]}
							}
						},
						{
							"origin": [1.95078, 28.85133, -1.80886],
							"size": [0.07187, 0.14375, 2.07],
							"pivot": [-0.24789, 30.46532, -0.65886],
							"rotation": [36, 0, -3],
							"uv": {
								"north": {"uv": [107, 28], "uv_size": [1, 1]},
								"east": {"uv": [101, 10], "uv_size": [2, 1]},
								"south": {"uv": [29, 107], "uv_size": [1, 1]},
								"west": {"uv": [101, 11], "uv_size": [2, 1]},
								"up": {"uv": [101, 12], "uv_size": [1, 2]},
								"down": {"uv": [14, 103], "uv_size": [1, -2]}
							}
						},
						{
							"origin": [1.99746, 29.5503, -1.39686],
							"size": [0.07188, 0.14375, 2.07],
							"pivot": [1.61652, 29.62218, -0.36186],
							"rotation": [72, 0, -3],
							"uv": {
								"north": {"uv": [107, 29], "uv_size": [1, 1]},
								"east": {"uv": [101, 14], "uv_size": [2, 1]},
								"south": {"uv": [30, 107], "uv_size": [1, 1]},
								"west": {"uv": [101, 15], "uv_size": [2, 1]},
								"up": {"uv": [15, 101], "uv_size": [1, 2]},
								"down": {"uv": [101, 18], "uv_size": [1, -2]}
							}
						},
						{
							"origin": [1.98075, 28.27937, 0.62889],
							"size": [0.07187, 0.14375, 2.07],
							"pivot": [-0.21792, 29.89336, 1.77889],
							"rotation": [-72, 0, -3],
							"uv": {
								"north": {"uv": [107, 30], "uv_size": [1, 1]},
								"east": {"uv": [101, 18], "uv_size": [2, 1]},
								"south": {"uv": [31, 107], "uv_size": [1, 1]},
								"west": {"uv": [101, 19], "uv_size": [2, 1]},
								"up": {"uv": [19, 101], "uv_size": [1, 2]},
								"down": {"uv": [101, 22], "uv_size": [1, -2]}
							}
						}
					]
				},
				{
					"name": "Star2",
					"parent": "Star",
					"pivot": [2.21571, 26.49727, -0.04736],
					"cubes": [
						{
							"origin": [2.0127, 27.39127, -1.07812],
							"size": [0.07187, 0.14375, 2.07],
							"pivot": [-0.18598, 29.00526, 0.07187],
							"rotation": [0, 0, -3],
							"uv": {
								"north": {"uv": [107, 31], "uv_size": [1, 1]},
								"east": {"uv": [101, 22], "uv_size": [2, 1]},
								"south": {"uv": [32, 107], "uv_size": [1, 1]},
								"west": {"uv": [101, 23], "uv_size": [2, 1]},
								"up": {"uv": [21, 101], "uv_size": [1, 2]},
								"down": {"uv": [24, 103], "uv_size": [1, -2]}
							}
						},
						{
							"origin": [2.1116, 26.8414, -0.19262],
							"size": [0.07187, 1.22187, 0.299],
							"pivot": [1.71562, 27.16522, -0.04312],
							"rotation": [0, 0, -3],
							"uv": {
								"north": {"uv": [107, 32], "uv_size": [1, 1]},
								"east": {"uv": [33, 107], "uv_size": [1, 1]},
								"south": {"uv": [107, 33], "uv_size": [1, 1]},
								"west": {"uv": [34, 107], "uv_size": [1, 1]},
								"up": {"uv": [107, 34], "uv_size": [1, 1]},
								"down": {"uv": [35, 108], "uv_size": [1, -1]}
							}
						},
						{
							"origin": [2.1116, 26.41015, -0.15669],
							"size": [0.07187, 1.22188, 0.299],
							"pivot": [1.71562, 27.16522, -0.04312],
							"rotation": [36, 0, -3],
							"uv": {
								"north": {"uv": [107, 35], "uv_size": [1, 1]},
								"east": {"uv": [36, 107], "uv_size": [1, 1]},
								"south": {"uv": [107, 36], "uv_size": [1, 1]},
								"west": {"uv": [37, 107], "uv_size": [1, 1]},
								"up": {"uv": [107, 37], "uv_size": [1, 1]},
								"down": {"uv": [38, 108], "uv_size": [1, -1]}
							}
						},
						{
							"origin": [2.1116, 26.33827, -0.08481],
							"size": [0.07187, 0.14375, 0.15525],
							"pivot": [1.71562, 27.16522, -0.04312],
							"rotation": [36, 0, -3],
							"uv": {
								"north": {"uv": [107, 38], "uv_size": [1, 1]},
								"east": {"uv": [39, 107], "uv_size": [1, 1]},
								"south": {"uv": [107, 39], "uv_size": [1, 1]},
								"west": {"uv": [40, 107], "uv_size": [1, 1]},
								"up": {"uv": [107, 40], "uv_size": [1, 1]},
								"down": {"uv": [41, 108], "uv_size": [1, -1]}
							}
						},
						{
							"origin": [2.07022, 27.9911, -0.12075],
							"size": [0.07188, 0.14375, 0.15525],
							"pivot": [1.68928, 27.95516, -0.00719],
							"rotation": [0, 0, -3],
							"uv": {
								"north": {"uv": [107, 41], "uv_size": [1, 1]},
								"east": {"uv": [42, 107], "uv_size": [1, 1]},
								"south": {"uv": [107, 42], "uv_size": [1, 1]},
								"west": {"uv": [43, 107], "uv_size": [1, 1]},
								"up": {"uv": [107, 43], "uv_size": [1, 1]},
								"down": {"uv": [44, 108], "uv_size": [1, -1]}
							}
						},
						{
							"origin": [2.0127, 26.58267, 0.93941],
							"size": [0.07187, 1.22187, 0.299],
							"pivot": [-0.18598, 29.00526, 0.07906],
							"rotation": [-36, 0, -3],
							"uv": {
								"north": {"uv": [107, 44], "uv_size": [1, 1]},
								"east": {"uv": [45, 107], "uv_size": [1, 1]},
								"south": {"uv": [107, 45], "uv_size": [1, 1]},
								"west": {"uv": [46, 107], "uv_size": [1, 1]},
								"up": {"uv": [107, 46], "uv_size": [1, 1]},
								"down": {"uv": [47, 108], "uv_size": [1, -1]}
							}
						},
						{
							"origin": [2.0127, 27.89439, 1.67613],
							"size": [0.07187, 1.22188, 0.299],
							"pivot": [-0.18598, 29.00526, 0.07906],
							"rotation": [-72, 0, -3],
							"uv": {
								"north": {"uv": [107, 47], "uv_size": [1, 1]},
								"east": {"uv": [48, 107], "uv_size": [1, 1]},
								"south": {"uv": [107, 48], "uv_size": [1, 1]},
								"west": {"uv": [49, 107], "uv_size": [1, 1]},
								"up": {"uv": [107, 49], "uv_size": [1, 1]},
								"down": {"uv": [50, 108], "uv_size": [1, -1]}
							}
						},
						{
							"origin": [2.0127, 28.16392, -1.89965],
							"size": [0.07187, 1.15, 0.299],
							"pivot": [-0.18598, 29.00526, 0.07906],
							"rotation": [72, 0, -3],
							"uv": {
								"north": {"uv": [107, 50], "uv_size": [1, 1]},
								"east": {"uv": [51, 107], "uv_size": [1, 1]},
								"south": {"uv": [107, 51], "uv_size": [1, 1]},
								"west": {"uv": [52, 107], "uv_size": [1, 1]},
								"up": {"uv": [107, 52], "uv_size": [1, 1]},
								"down": {"uv": [53, 108], "uv_size": [1, -1]}
							}
						},
						{
							"origin": [2.0127, 29.24204, -1.82778],
							"size": [0.07187, 0.21563, 0.15525],
							"pivot": [-0.18598, 29.00526, 0.07906],
							"rotation": [72, 0, -3],
							"uv": {
								"north": {"uv": [107, 53], "uv_size": [1, 1]},
								"east": {"uv": [54, 107], "uv_size": [1, 1]},
								"south": {"uv": [107, 54], "uv_size": [1, 1]},
								"west": {"uv": [55, 107], "uv_size": [1, 1]},
								"up": {"uv": [107, 55], "uv_size": [1, 1]},
								"down": {"uv": [56, 108], "uv_size": [1, -1]}
							}
						},
						{
							"origin": [2.0127, 28.97252, 1.748],
							"size": [0.07187, 0.21563, 0.15525],
							"pivot": [-0.18598, 29.00526, 0.07906],
							"rotation": [-72, 0, -3],
							"uv": {
								"north": {"uv": [107, 56], "uv_size": [1, 1]},
								"east": {"uv": [57, 107], "uv_size": [1, 1]},
								"south": {"uv": [107, 57], "uv_size": [1, 1]},
								"west": {"uv": [58, 107], "uv_size": [1, 1]},
								"up": {"uv": [107, 58], "uv_size": [1, 1]},
								"down": {"uv": [59, 108], "uv_size": [1, -1]}
							}
						},
						{
							"origin": [2.0127, 26.51079, 1.01129],
							"size": [0.07187, 0.14375, 0.15525],
							"pivot": [-0.18598, 29.00526, 0.07906],
							"rotation": [-36, 0, -3],
							"uv": {
								"north": {"uv": [107, 59], "uv_size": [1, 1]},
								"east": {"uv": [60, 107], "uv_size": [1, 1]},
								"south": {"uv": [107, 60], "uv_size": [1, 1]},
								"west": {"uv": [61, 107], "uv_size": [1, 1]},
								"up": {"uv": [107, 61], "uv_size": [1, 1]},
								"down": {"uv": [62, 108], "uv_size": [1, -1]}
							}
						},
						{
							"origin": [2.06348, 26.42213, -0.39132],
							"size": [0.07187, 0.14375, 2.07],
							"pivot": [-0.13519, 28.03612, 0.75868],
							"rotation": [-36, 0, -3],
							"uv": {
								"north": {"uv": [107, 62], "uv_size": [1, 1]},
								"east": {"uv": [101, 26], "uv_size": [2, 1]},
								"south": {"uv": [63, 107], "uv_size": [1, 1]},
								"west": {"uv": [101, 27], "uv_size": [2, 1]},
								"up": {"uv": [25, 101], "uv_size": [1, 2]},
								"down": {"uv": [28, 103], "uv_size": [1, -2]}
							}
						},
						{
							"origin": [2.05641, 26.55713, -1.80886],
							"size": [0.07188, 0.14375, 2.07],
							"pivot": [-0.14226, 28.17112, -0.65886],
							"rotation": [36, 0, -3],
							"uv": {
								"north": {"uv": [107, 63], "uv_size": [1, 1]},
								"east": {"uv": [101, 28], "uv_size": [2, 1]},
								"south": {"uv": [64, 107], "uv_size": [1, 1]},
								"west": {"uv": [101, 29], "uv_size": [2, 1]},
								"up": {"uv": [101, 30], "uv_size": [1, 2]},
								"down": {"uv": [31, 103], "uv_size": [1, -2]}
							}
						},
						{
							"origin": [2.1031, 27.25611, -1.39686],
							"size": [0.07187, 0.14375, 2.07],
							"pivot": [1.72216, 27.32798, -0.36186],
							"rotation": [72, 0, -3],
							"uv": {
								"north": {"uv": [107, 64], "uv_size": [1, 1]},
								"east": {"uv": [101, 32], "uv_size": [2, 1]},
								"south": {"uv": [65, 107], "uv_size": [1, 1]},
								"west": {"uv": [101, 33], "uv_size": [2, 1]},
								"up": {"uv": [32, 101], "uv_size": [1, 2]},
								"down": {"uv": [101, 36], "uv_size": [1, -2]}
							}
						},
						{
							"origin": [2.08639, 25.98516, 0.62889],
							"size": [0.07188, 0.14375, 2.07],
							"pivot": [-0.11228, 27.59915, 1.77889],
							"rotation": [-72, 0, -3],
							"uv": {
								"north": {"uv": [107, 65], "uv_size": [1, 1]},
								"east": {"uv": [36, 101], "uv_size": [2, 1]},
								"south": {"uv": [66, 107], "uv_size": [1, 1]},
								"west": {"uv": [101, 36], "uv_size": [2, 1]},
								"up": {"uv": [101, 37], "uv_size": [1, 2]},
								"down": {"uv": [38, 103], "uv_size": [1, -2]}
							}
						}
					]
				},
				{
					"name": "12",
					"parent": "LTJ",
					"pivot": [4.74742, 31.74021, 0],
					"cubes": [
						{
							"origin": [-1.52087, 33.20763, -2.26406],
							"size": [3.49312, 0.14375, 4.52812],
							"pivot": [-0.37017, 31.156, 0.03594],
							"rotation": [0, 0, -3],
							"uv": {
								"north": {"uv": [107, 66], "uv_size": [1, 1]},
								"east": {"uv": [88, 46], "uv_size": [4, 1]},
								"south": {"uv": [67, 107], "uv_size": [1, 1]},
								"west": {"uv": [88, 55], "uv_size": [4, 1]},
								"up": {"uv": [20, 89], "uv_size": [1, 4]},
								"down": {"uv": [89, 29], "uv_size": [1, -4]}
							}
						},
						{
							"origin": [-1.52087, 30.62013, -2.26406],
							"size": [3.49312, 0.14375, 4.52812],
							"pivot": [-0.37017, 31.156, 0.03594],
							"rotation": [0, 0, -3],
							"uv": {
								"north": {"uv": [107, 67], "uv_size": [1, 1]},
								"east": {"uv": [88, 68], "uv_size": [4, 1]},
								"south": {"uv": [68, 107], "uv_size": [1, 1]},
								"west": {"uv": [88, 73], "uv_size": [4, 1]},
								"up": {"uv": [26, 89], "uv_size": [1, 4]},
								"down": {"uv": [27, 93], "uv_size": [1, -4]}
							}
						}
					]
				},
				{
					"name": "1",
					"parent": "12",
					"pivot": [6.41686, 31.87442, -0.68281],
					"cubes": [
						{
							"origin": [1.06208, 31.00272, -2.15625],
							"size": [0.90562, 0.50312, 1.725],
							"pivot": [1.29927, 31.29022, -0.68281],
							"rotation": [-90, 0, -3],
							"uv": {
								"north": {"uv": [107, 68], "uv_size": [1, 1]},
								"east": {"uv": [39, 101], "uv_size": [2, 1]},
								"south": {"uv": [69, 107], "uv_size": [1, 1]},
								"west": {"uv": [101, 40], "uv_size": [2, 1]},
								"up": {"uv": [41, 101], "uv_size": [1, 2]},
								"down": {"uv": [101, 43], "uv_size": [1, -2]}
							}
						},
						{
							"origin": [0.99176, 32.35019, -1.24079],
							"size": [0.90562, 0.35938, 0.79062],
							"pivot": [1.44458, 32.63769, -0.84548],
							"rotation": [-150, 0, -3],
							"uv": {
								"north": {"uv": [107, 69], "uv_size": [1, 1]},
								"east": {"uv": [70, 107], "uv_size": [1, 1]},
								"south": {"uv": [107, 70], "uv_size": [1, 1]},
								"west": {"uv": [71, 107], "uv_size": [1, 1]},
								"up": {"uv": [107, 71], "uv_size": [1, 1]},
								"down": {"uv": [72, 108], "uv_size": [1, -1]}
							}
						}
					]
				},
				{
					"name": "2",
					"parent": "12",
					"pivot": [6.60022, 32.56768, 0.39531],
					"cubes": [
						{
							"origin": [1.05915, 30.91488, 0.44864],
							"size": [0.90562, 1.29375, 0.35938],
							"pivot": [1.29634, 31.418, 0.4127],
							"rotation": [-90, 0, -3],
							"uv": {
								"north": {"uv": [107, 72], "uv_size": [1, 1]},
								"east": {"uv": [73, 107], "uv_size": [1, 1]},
								"south": {"uv": [107, 73], "uv_size": [1, 1]},
								"west": {"uv": [74, 107], "uv_size": [1, 1]},
								"up": {"uv": [107, 74], "uv_size": [1, 1]},
								"down": {"uv": [75, 108], "uv_size": [1, -1]}
							}
						},
						{
							"origin": [0.9782, 32.96265, 0.06983],
							"size": [0.90562, 0.71875, 0.35937],
							"pivot": [1.21539, 32.96265, 0.17764],
							"rotation": [-90, 0, -3],
							"uv": {
								"north": {"uv": [107, 75], "uv_size": [1, 1]},
								"east": {"uv": [76, 107], "uv_size": [1, 1]},
								"south": {"uv": [107, 76], "uv_size": [1, 1]},
								"west": {"uv": [77, 107], "uv_size": [1, 1]},
								"up": {"uv": [107, 77], "uv_size": [1, 1]},
								"down": {"uv": [78, 108], "uv_size": [1, -1]}
							}
						},
						{
							"origin": [1.0666, 31.1322, -0.40725],
							"size": [0.90562, 0.35938, 0.35938],
							"pivot": [1.30379, 31.27594, 1.06619],
							"rotation": [-90, 0, -3],
							"uv": {
								"north": {"uv": [107, 78], "uv_size": [1, 1]},
								"east": {"uv": [79, 107], "uv_size": [1, 1]},
								"south": {"uv": [107, 79], "uv_size": [1, 1]},
								"west": {"uv": [80, 107], "uv_size": [1, 1]},
								"up": {"uv": [107, 80], "uv_size": [1, 1]},
								"down": {"uv": [81, 108], "uv_size": [1, -1]}
							}
						},
						{
							"origin": [1.13062, 29.91049, -1.42011],
							"size": [0.90562, 0.35938, 0.14375],
							"pivot": [1.36781, 30.05424, 0.05333],
							"rotation": [-90, 0, -3],
							"uv": {
								"north": {"uv": [107, 81], "uv_size": [1, 1]},
								"east": {"uv": [82, 107], "uv_size": [1, 1]},
								"south": {"uv": [107, 82], "uv_size": [1, 1]},
								"west": {"uv": [83, 107], "uv_size": [1, 1]},
								"up": {"uv": [107, 83], "uv_size": [1, 1]},
								"down": {"uv": [84, 108], "uv_size": [1, -1]}
							}
						},
						{
							"origin": [0.99157, 32.64158, -0.16184],
							"size": [0.90562, 0.43125, 0.35938],
							"pivot": [1.44438, 32.71346, 0.01785],
							"rotation": [-50, 0, -3],
							"uv": {
								"north": {"uv": [107, 84], "uv_size": [1, 1]},
								"east": {"uv": [85, 107], "uv_size": [1, 1]},
								"south": {"uv": [107, 85], "uv_size": [1, 1]},
								"west": {"uv": [86, 107], "uv_size": [1, 1]},
								"up": {"uv": [107, 86], "uv_size": [1, 1]},
								"down": {"uv": [87, 108], "uv_size": [1, -1]}
							}
						},
						{
							"origin": [0.99157, 32.56971, 0.87651],
							"size": [0.90562, 0.50312, 0.35937],
							"pivot": [1.44438, 32.71346, 1.05619],
							"rotation": [50, 0, -3],
							"uv": {
								"north": {"uv": [107, 87], "uv_size": [1, 1]},
								"east": {"uv": [88, 107], "uv_size": [1, 1]},
								"south": {"uv": [107, 88], "uv_size": [1, 1]},
								"west": {"uv": [89, 107], "uv_size": [1, 1]},
								"up": {"uv": [107, 89], "uv_size": [1, 1]},
								"down": {"uv": [90, 108], "uv_size": [1, -1]}
							}
						},
						{
							"origin": [1.03327, 31.19885, 0.36518],
							"size": [0.90562, 1.58125, 0.35938],
							"pivot": [1.48608, 31.9176, 0.54487],
							"rotation": [-45, 0, -3],
							"uv": {
								"north": {"uv": [107, 90], "uv_size": [1, 1]},
								"east": {"uv": [91, 107], "uv_size": [1, 1]},
								"south": {"uv": [107, 91], "uv_size": [1, 1]},
								"west": {"uv": [92, 107], "uv_size": [1, 1]},
								"up": {"uv": [107, 92], "uv_size": [1, 1]},
								"down": {"uv": [93, 108], "uv_size": [1, -1]}
							}
						}
					]
				},
				{
					"name": "LeftForeArm",
					"parent": "LeftArm",
					"pivot": [0.8, 24.90585, 0.15812],
					"cubes": [
						{
							"origin": [-1.08871, 17.81794, -1.71062],
							"size": [2.57312, 7.90625, 3.45],
							"uv": {
								"north": {"uv": [39, 53], "uv_size": [2, 7]},
								"east": {"uv": [43, 37], "uv_size": [3, 7]},
								"south": {"uv": [41, 53], "uv_size": [2, 7]},
								"west": {"uv": [32, 44], "uv_size": [3, 7]},
								"up": {"uv": [80, 32], "uv_size": [2, 3]},
								"down": {"uv": [33, 83], "uv_size": [2, -3]}
							}
						}
					]
				},
				{
					"name": "LeftHand",
					"parent": "LeftForeArm",
					"pivot": [0.53013, 19.07303, 0.10063]
				},
				{
					"name": "LeftHandLocator",
					"parent": "LeftHand",
					"pivot": [0.03013, 18.82303, 0.10063]
				},
				{
					"name": "SheathLocator",
					"parent": "LeftHand",
					"pivot": [0.53013, 19.07303, 0.10063]
				},
				{
					"name": "LeftWaistLocator",
					"parent": "LeftHand",
					"pivot": [0.53013, 19.07303, 0.10063]
				},
				{
					"name": "LFJ",
					"parent": "LeftForeArm",
					"pivot": [6.90038, 26.05585, 0.15812],
					"cubes": [
						{
							"origin": [-1.78748, 20.27064, -2.3],
							"size": [2.05563, 1.725, 4.6],
							"pivot": [-0.75966, 21.06127, 0],
							"rotation": [0, 0, -14],
							"uv": {
								"north": {"uv": [89, 29], "uv_size": [2, 2]},
								"east": {"uv": [71, 41], "uv_size": [4, 2]},
								"south": {"uv": [89, 31], "uv_size": [2, 2]},
								"west": {"uv": [71, 43], "uv_size": [4, 2]},
								"up": {"uv": [71, 45], "uv_size": [2, 4]},
								"down": {"uv": [52, 75], "uv_size": [2, -4]}
							}
						},
						{
							"origin": [-1.33094, 21.67575, -2.73846],
							"size": [3.13375, 4.09688, 1.15],
							"pivot": [0.2, 23.72418, -2.16346],
							"rotation": [-12, 0, 0],
							"uv": {
								"north": {"uv": [50, 61], "uv_size": [3, 4]},
								"east": {"uv": [33, 89], "uv_size": [1, 4]},
								"south": {"uv": [61, 53], "uv_size": [3, 4]},
								"west": {"uv": [34, 89], "uv_size": [1, 4]},
								"up": {"uv": [97, 37], "uv_size": [3, 1]},
								"down": {"uv": [97, 83], "uv_size": [3, -1]}
							}
						},
						{
							"origin": [0.42142, 21.65131, -2.3],
							"size": [2.05562, 4.16875, 4.52812],
							"pivot": [1.44923, 23.73568, -0.03594],
							"rotation": [0, 0, -7],
							"uv": {
								"north": {"uv": [54, 71], "uv_size": [2, 4]},
								"east": {"uv": [50, 44], "uv_size": [4, 4]},
								"south": {"uv": [71, 55], "uv_size": [2, 4]},
								"west": {"uv": [50, 48], "uv_size": [4, 4]},
								"up": {"uv": [71, 59], "uv_size": [2, 4]},
								"down": {"uv": [71, 67], "uv_size": [2, -4]}
							}
						},
						{
							"origin": [-1.40281, 21.67575, 1.58846],
							"size": [3.20563, 4.09688, 1.15],
							"pivot": [0.41562, 23.72418, 2.16346],
							"rotation": [12, 0, 0],
							"uv": {
								"north": {"uv": [24, 62], "uv_size": [3, 4]},
								"east": {"uv": [35, 89], "uv_size": [1, 4]},
								"south": {"uv": [62, 34], "uv_size": [3, 4]},
								"west": {"uv": [89, 42], "uv_size": [1, 4]},
								"up": {"uv": [97, 83], "uv_size": [3, 1]},
								"down": {"uv": [97, 85], "uv_size": [3, -1]}
							}
						},
						{
							"origin": [-1.18719, 18.94742, -1.79687],
							"size": [2.77438, 1.15, 3.59375],
							"uv": {
								"north": {"uv": [42, 101], "uv_size": [2, 1]},
								"east": {"uv": [97, 85], "uv_size": [3, 1]},
								"south": {"uv": [101, 43], "uv_size": [2, 1]},
								"west": {"uv": [97, 86], "uv_size": [3, 1]},
								"up": {"uv": [35, 80], "uv_size": [2, 3]},
								"down": {"uv": [80, 38], "uv_size": [2, -3]}
							}
						},
						{
							"origin": [1.4823, 18.925, -1.79687],
							"size": [0.18687, 1.15, 3.59375],
							"pivot": [1.46792, 19.5, 0],
							"rotation": [0, 0, -8],
							"uv": {
								"north": {"uv": [107, 93], "uv_size": [1, 1]},
								"east": {"uv": [97, 87], "uv_size": [3, 1]},
								"south": {"uv": [94, 107], "uv_size": [1, 1]},
								"west": {"uv": [97, 89], "uv_size": [3, 1]},
								"up": {"uv": [83, 97], "uv_size": [1, 3]},
								"down": {"uv": [88, 100], "uv_size": [1, -3]}
							}
						},
						{
							"origin": [-1.29366, 18.5749, -1.79687],
							"size": [0.18688, 1.15, 3.59375],
							"pivot": [1.42322, 19.1499, 0],
							"rotation": [0, 0, 8],
							"uv": {
								"north": {"uv": [107, 94], "uv_size": [1, 1]},
								"east": {"uv": [97, 90], "uv_size": [3, 1]},
								"south": {"uv": [95, 107], "uv_size": [1, 1]},
								"west": {"uv": [97, 91], "uv_size": [3, 1]},
								"up": {"uv": [89, 97], "uv_size": [1, 3]},
								"down": {"uv": [97, 95], "uv_size": [1, -3]}
							}
						},
						{
							"origin": [0.67734, 20.37803, -2.3],
							"size": [2.05562, 1.94062, 4.52812],
							"pivot": [1.70515, 22.10303, -0.07187],
							"rotation": [0, 0, 28],
							"uv": {
								"north": {"uv": [89, 33], "uv_size": [2, 2]},
								"east": {"uv": [71, 67], "uv_size": [4, 2]},
								"south": {"uv": [46, 89], "uv_size": [2, 2]},
								"west": {"uv": [0, 72], "uv_size": [4, 2]},
								"up": {"uv": [4, 72], "uv_size": [2, 4]},
								"down": {"uv": [18, 76], "uv_size": [2, -4]}
							}
						},
						{
							"origin": [-1.33094, 19.81845, -2.78462],
							"size": [3.13375, 2.37188, 1.15],
							"pivot": [0.2, 21.22001, -2.20962],
							"rotation": [26, 0, 0],
							"uv": {
								"north": {"uv": [37, 80], "uv_size": [3, 2]},
								"east": {"uv": [44, 101], "uv_size": [1, 2]},
								"south": {"uv": [80, 38], "uv_size": [3, 2]},
								"west": {"uv": [101, 44], "uv_size": [1, 2]},
								"up": {"uv": [97, 95], "uv_size": [3, 1]},
								"down": {"uv": [97, 97], "uv_size": [3, -1]}
							}
						},
						{
							"origin": [-1.40281, 19.89032, 1.63462],
							"size": [3.20563, 2.3, 1.15],
							"pivot": [0.2, 21.22001, 2.20962],
							"rotation": [-26, 0, 0],
							"uv": {
								"north": {"uv": [40, 80], "uv_size": [3, 2]},
								"east": {"uv": [45, 101], "uv_size": [1, 2]},
								"south": {"uv": [80, 40], "uv_size": [3, 2]},
								"west": {"uv": [46, 101], "uv_size": [1, 2]},
								"up": {"uv": [97, 97], "uv_size": [3, 1]},
								"down": {"uv": [98, 1], "uv_size": [3, -1]}
							}
						},
						{
							"origin": [-1.81294, 21.5636, -2.3],
							"size": [2.05563, 4.16875, 4.6],
							"pivot": [-0.78513, 22.85735, 0.07187],
							"rotation": [0, 0, 8],
							"uv": {
								"north": {"uv": [20, 72], "uv_size": [2, 4]},
								"east": {"uv": [31, 51], "uv_size": [4, 4]},
								"south": {"uv": [31, 72], "uv_size": [2, 4]},
								"west": {"uv": [52, 19], "uv_size": [4, 4]},
								"up": {"uv": [33, 72], "uv_size": [2, 4]},
								"down": {"uv": [35, 76], "uv_size": [2, -4]}
							}
						},
						{
							"origin": [-1.40281, 20.09742, -2.3],
							"size": [3.20563, 5.75, 4.6],
							"uv": {
								"north": {"uv": [53, 13], "uv_size": [3, 5]},
								"east": {"uv": [39, 48], "uv_size": [4, 5]},
								"south": {"uv": [15, 53], "uv_size": [3, 5]},
								"west": {"uv": [49, 0], "uv_size": [4, 5]},
								"up": {"uv": [53, 62], "uv_size": [3, 4]},
								"down": {"uv": [63, 12], "uv_size": [3, -4]}
							}
						}
					]
				},
				{
					"name": "Star3",
					"parent": "LFJ",
					"pivot": [7.04583, 25.41271, -0.04736],
					"rotation": [0, 0, -4],
					"cubes": [
						{
							"origin": [2.13215, 25.44704, -1.07812],
							"size": [0.14375, 0.14375, 2.07],
							"pivot": [-0.08605, 26.31662, 0.07187],
							"rotation": [0, 0, -3],
							"uv": {
								"north": {"uv": [23, 108], "uv_size": [1, 1]},
								"east": {"uv": [62, 101], "uv_size": [2, 1]},
								"south": {"uv": [108, 23], "uv_size": [1, 1]},
								"west": {"uv": [101, 62], "uv_size": [2, 1]},
								"up": {"uv": [101, 63], "uv_size": [1, 2]},
								"down": {"uv": [64, 103], "uv_size": [1, -2]}
							}
						},
						{
							"origin": [2.23106, 24.89717, -0.19262],
							"size": [0.14375, 1.22188, 0.299],
							"pivot": [1.81554, 24.47659, -0.04312],
							"rotation": [0, 0, -3],
							"uv": {
								"north": {"uv": [24, 108], "uv_size": [1, 1]},
								"east": {"uv": [108, 24], "uv_size": [1, 1]},
								"south": {"uv": [25, 108], "uv_size": [1, 1]},
								"west": {"uv": [108, 25], "uv_size": [1, 1]},
								"up": {"uv": [26, 108], "uv_size": [1, 1]},
								"down": {"uv": [108, 27], "uv_size": [1, -1]}
							}
						},
						{
							"origin": [2.23106, 24.32375, 0.28086],
							"size": [0.14375, 1.22187, 0.299],
							"pivot": [1.81554, 24.47659, -0.04312],
							"rotation": [36, 0, -3],
							"uv": {
								"north": {"uv": [27, 108], "uv_size": [1, 1]},
								"east": {"uv": [108, 27], "uv_size": [1, 1]},
								"south": {"uv": [28, 108], "uv_size": [1, 1]},
								"west": {"uv": [108, 28], "uv_size": [1, 1]},
								"up": {"uv": [29, 108], "uv_size": [1, 1]},
								"down": {"uv": [108, 30], "uv_size": [1, -1]}
							}
						},
						{
							"origin": [2.23106, 24.25187, 0.35274],
							"size": [0.14375, 0.14375, 0.15525],
							"pivot": [1.81554, 24.47659, -0.04312],
							"rotation": [36, 0, -3],
							"uv": {
								"north": {"uv": [30, 108], "uv_size": [1, 1]},
								"east": {"uv": [108, 30], "uv_size": [1, 1]},
								"south": {"uv": [31, 108], "uv_size": [1, 1]},
								"west": {"uv": [108, 31], "uv_size": [1, 1]},
								"up": {"uv": [32, 108], "uv_size": [1, 1]},
								"down": {"uv": [108, 33], "uv_size": [1, -1]}
							}
						},
						{
							"origin": [2.18967, 26.04687, -0.12075],
							"size": [0.14375, 0.14375, 0.15525],
							"pivot": [1.78921, 25.26652, -0.00719],
							"rotation": [0, 0, -3],
							"uv": {
								"north": {"uv": [33, 108], "uv_size": [1, 1]},
								"east": {"uv": [108, 33], "uv_size": [1, 1]},
								"south": {"uv": [34, 108], "uv_size": [1, 1]},
								"west": {"uv": [108, 34], "uv_size": [1, 1]},
								"up": {"uv": [35, 108], "uv_size": [1, 1]},
								"down": {"uv": [108, 36], "uv_size": [1, -1]}
							}
						},
						{
							"origin": [2.13215, 24.49627, 0.50186],
							"size": [0.14375, 1.22188, 0.299],
							"pivot": [-0.08605, 26.31662, 0.07906],
							"rotation": [-36, 0, -3],
							"uv": {
								"north": {"uv": [36, 108], "uv_size": [1, 1]},
								"east": {"uv": [108, 36], "uv_size": [1, 1]},
								"south": {"uv": [37, 108], "uv_size": [1, 1]},
								"west": {"uv": [108, 37], "uv_size": [1, 1]},
								"up": {"uv": [38, 108], "uv_size": [1, 1]},
								"down": {"uv": [108, 39], "uv_size": [1, -1]}
							}
						},
						{
							"origin": [2.13215, 25.4358, 0.96815],
							"size": [0.14375, 1.22188, 0.299],
							"pivot": [-0.08605, 26.31662, 0.07906],
							"rotation": [-72, 0, -3],
							"uv": {
								"north": {"uv": [39, 108], "uv_size": [1, 1]},
								"east": {"uv": [108, 39], "uv_size": [1, 1]},
								"south": {"uv": [40, 108], "uv_size": [1, 1]},
								"west": {"uv": [108, 40], "uv_size": [1, 1]},
								"up": {"uv": [41, 108], "uv_size": [1, 1]},
								"down": {"uv": [108, 42], "uv_size": [1, -1]}
							}
						},
						{
							"origin": [2.13215, 25.70532, -1.19168],
							"size": [0.14375, 1.15, 0.299],
							"pivot": [-0.08605, 26.31662, 0.07906],
							"rotation": [72, 0, -3],
							"uv": {
								"north": {"uv": [42, 108], "uv_size": [1, 1]},
								"east": {"uv": [108, 42], "uv_size": [1, 1]},
								"south": {"uv": [43, 108], "uv_size": [1, 1]},
								"west": {"uv": [108, 43], "uv_size": [1, 1]},
								"up": {"uv": [44, 108], "uv_size": [1, 1]},
								"down": {"uv": [108, 45], "uv_size": [1, -1]}
							}
						},
						{
							"origin": [2.13215, 26.78345, -1.1198],
							"size": [0.14375, 0.21562, 0.15525],
							"pivot": [-0.08605, 26.31662, 0.07906],
							"rotation": [72, 0, -3],
							"uv": {
								"north": {"uv": [45, 108], "uv_size": [1, 1]},
								"east": {"uv": [108, 45], "uv_size": [1, 1]},
								"south": {"uv": [46, 108], "uv_size": [1, 1]},
								"west": {"uv": [108, 46], "uv_size": [1, 1]},
								"up": {"uv": [47, 108], "uv_size": [1, 1]},
								"down": {"uv": [108, 48], "uv_size": [1, -1]}
							}
						},
						{
							"origin": [2.13215, 26.51392, 1.04003],
							"size": [0.14375, 0.21562, 0.15525],
							"pivot": [-0.08605, 26.31662, 0.07906],
							"rotation": [-72, 0, -3],
							"uv": {
								"north": {"uv": [48, 108], "uv_size": [1, 1]},
								"east": {"uv": [108, 48], "uv_size": [1, 1]},
								"south": {"uv": [49, 108], "uv_size": [1, 1]},
								"west": {"uv": [108, 49], "uv_size": [1, 1]},
								"up": {"uv": [50, 108], "uv_size": [1, 1]},
								"down": {"uv": [108, 51], "uv_size": [1, -1]}
							}
						},
						{
							"origin": [2.13215, 24.4244, 0.57374],
							"size": [0.14375, 0.14375, 0.15525],
							"pivot": [-0.08605, 26.31662, 0.07906],
							"rotation": [-36, 0, -3],
							"uv": {
								"north": {"uv": [51, 108], "uv_size": [1, 1]},
								"east": {"uv": [108, 51], "uv_size": [1, 1]},
								"south": {"uv": [52, 108], "uv_size": [1, 1]},
								"west": {"uv": [108, 52], "uv_size": [1, 1]},
								"up": {"uv": [53, 108], "uv_size": [1, 1]},
								"down": {"uv": [108, 54], "uv_size": [1, -1]}
							}
						},
						{
							"origin": [2.18295, 24.33573, -0.82887],
							"size": [0.14375, 0.14375, 2.07],
							"pivot": [-0.03526, 25.34748, 0.75868],
							"rotation": [-36, 0, -3],
							"uv": {
								"north": {"uv": [54, 108], "uv_size": [1, 1]},
								"east": {"uv": [65, 101], "uv_size": [2, 1]},
								"south": {"uv": [108, 54], "uv_size": [1, 1]},
								"west": {"uv": [101, 65], "uv_size": [2, 1]},
								"up": {"uv": [101, 66], "uv_size": [1, 2]},
								"down": {"uv": [101, 70], "uv_size": [1, -2]}
							}
						},
						{
							"origin": [2.17586, 24.47073, -1.37131],
							"size": [0.14375, 0.14375, 2.07],
							"pivot": [-0.04234, 25.48248, -0.65886],
							"rotation": [36, 0, -3],
							"uv": {
								"north": {"uv": [55, 108], "uv_size": [1, 1]},
								"east": {"uv": [70, 101], "uv_size": [2, 1]},
								"south": {"uv": [108, 55], "uv_size": [1, 1]},
								"west": {"uv": [101, 70], "uv_size": [2, 1]},
								"up": {"uv": [101, 71], "uv_size": [1, 2]},
								"down": {"uv": [73, 103], "uv_size": [1, -2]}
							}
						},
						{
							"origin": [2.22255, 24.79751, -0.68889],
							"size": [0.14375, 0.14375, 2.07],
							"pivot": [1.82209, 24.63935, -0.36186],
							"rotation": [72, 0, -3],
							"uv": {
								"north": {"uv": [56, 108], "uv_size": [1, 1]},
								"east": {"uv": [101, 73], "uv_size": [2, 1]},
								"south": {"uv": [108, 56], "uv_size": [1, 1]},
								"west": {"uv": [101, 74], "uv_size": [2, 1]},
								"up": {"uv": [75, 101], "uv_size": [1, 2]},
								"down": {"uv": [101, 77], "uv_size": [1, -2]}
							}
						},
						{
							"origin": [2.20584, 23.52657, -0.07908],
							"size": [0.14375, 0.14375, 2.07],
							"pivot": [-0.01236, 24.91052, 1.77889],
							"rotation": [-72, 0, -3],
							"uv": {
								"north": {"uv": [57, 108], "uv_size": [1, 1]},
								"east": {"uv": [76, 101], "uv_size": [2, 1]},
								"south": {"uv": [108, 57], "uv_size": [1, 1]},
								"west": {"uv": [101, 77], "uv_size": [2, 1]},
								"up": {"uv": [78, 101], "uv_size": [1, 2]},
								"down": {"uv": [101, 80], "uv_size": [1, -2]}
							}
						}
					]
				},
				{
					"name": "Star4",
					"parent": "LFJ",
					"pivot": [5.20616, 25.00879, -0.07187],
					"rotation": [0, 0, -4],
					"cubes": [
						{
							"origin": [2.34973, 23.26331, -1.07812],
							"size": [0.07188, 0.14375, 2.07],
							"pivot": [0.05965, 24.13289, 0.07187],
							"rotation": [0, 0, -3],
							"uv": {
								"north": {"uv": [107, 95], "uv_size": [1, 1]},
								"east": {"uv": [101, 46], "uv_size": [2, 1]},
								"south": {"uv": [96, 107], "uv_size": [1, 1]},
								"west": {"uv": [47, 101], "uv_size": [2, 1]},
								"up": {"uv": [101, 47], "uv_size": [1, 2]},
								"down": {"uv": [49, 103], "uv_size": [1, -2]}
							}
						},
						{
							"origin": [2.44864, 22.71343, -0.19262],
							"size": [0.07187, 1.22188, 0.299],
							"pivot": [1.96126, 22.29287, -0.04312],
							"rotation": [0, 0, -3],
							"uv": {
								"north": {"uv": [107, 96], "uv_size": [1, 1]},
								"east": {"uv": [97, 107], "uv_size": [1, 1]},
								"south": {"uv": [107, 97], "uv_size": [1, 1]},
								"west": {"uv": [98, 107], "uv_size": [1, 1]},
								"up": {"uv": [107, 98], "uv_size": [1, 1]},
								"down": {"uv": [99, 108], "uv_size": [1, -1]}
							}
						},
						{
							"origin": [2.44864, 22.14001, 0.28086],
							"size": [0.07187, 1.22187, 0.299],
							"pivot": [1.96126, 22.29287, -0.04312],
							"rotation": [36, 0, -3],
							"uv": {
								"north": {"uv": [107, 99], "uv_size": [1, 1]},
								"east": {"uv": [100, 107], "uv_size": [1, 1]},
								"south": {"uv": [107, 100], "uv_size": [1, 1]},
								"west": {"uv": [101, 107], "uv_size": [1, 1]},
								"up": {"uv": [107, 101], "uv_size": [1, 1]},
								"down": {"uv": [102, 108], "uv_size": [1, -1]}
							}
						},
						{
							"origin": [2.44864, 22.06814, 0.35274],
							"size": [0.07187, 0.14375, 0.15525],
							"pivot": [1.96126, 22.29287, -0.04312],
							"rotation": [36, 0, -3],
							"uv": {
								"north": {"uv": [107, 102], "uv_size": [1, 1]},
								"east": {"uv": [103, 107], "uv_size": [1, 1]},
								"south": {"uv": [107, 103], "uv_size": [1, 1]},
								"west": {"uv": [104, 107], "uv_size": [1, 1]},
								"up": {"uv": [107, 104], "uv_size": [1, 1]},
								"down": {"uv": [105, 108], "uv_size": [1, -1]}
							}
						},
						{
							"origin": [2.40726, 23.86315, -0.12075],
							"size": [0.07187, 0.14375, 0.15525],
							"pivot": [1.93492, 23.0828, -0.00719],
							"rotation": [0, 0, -3],
							"uv": {
								"north": {"uv": [107, 105], "uv_size": [1, 1]},
								"east": {"uv": [106, 107], "uv_size": [1, 1]},
								"south": {"uv": [107, 106], "uv_size": [1, 1]},
								"west": {"uv": [107, 107], "uv_size": [1, 1]},
								"up": {"uv": [0, 108], "uv_size": [1, 1]},
								"down": {"uv": [108, 1], "uv_size": [1, -1]}
							}
						},
						{
							"origin": [2.34973, 22.31255, 0.50186],
							"size": [0.07188, 1.22187, 0.299],
							"pivot": [0.05965, 24.13289, 0.07906],
							"rotation": [-36, 0, -3],
							"uv": {
								"north": {"uv": [1, 108], "uv_size": [1, 1]},
								"east": {"uv": [108, 1], "uv_size": [1, 1]},
								"south": {"uv": [2, 108], "uv_size": [1, 1]},
								"west": {"uv": [108, 2], "uv_size": [1, 1]},
								"up": {"uv": [3, 108], "uv_size": [1, 1]},
								"down": {"uv": [108, 4], "uv_size": [1, -1]}
							}
						},
						{
							"origin": [2.34973, 23.25206, 0.96815],
							"size": [0.07188, 1.22188, 0.299],
							"pivot": [0.05965, 24.13289, 0.07906],
							"rotation": [-72, 0, -3],
							"uv": {
								"north": {"uv": [4, 108], "uv_size": [1, 1]},
								"east": {"uv": [108, 4], "uv_size": [1, 1]},
								"south": {"uv": [5, 108], "uv_size": [1, 1]},
								"west": {"uv": [108, 5], "uv_size": [1, 1]},
								"up": {"uv": [6, 108], "uv_size": [1, 1]},
								"down": {"uv": [108, 7], "uv_size": [1, -1]}
							}
						},
						{
							"origin": [2.34973, 23.5216, -1.19168],
							"size": [0.07188, 1.15, 0.299],
							"pivot": [0.05965, 24.13289, 0.07906],
							"rotation": [72, 0, -3],
							"uv": {
								"north": {"uv": [7, 108], "uv_size": [1, 1]},
								"east": {"uv": [108, 7], "uv_size": [1, 1]},
								"south": {"uv": [8, 108], "uv_size": [1, 1]},
								"west": {"uv": [108, 8], "uv_size": [1, 1]},
								"up": {"uv": [9, 108], "uv_size": [1, 1]},
								"down": {"uv": [108, 10], "uv_size": [1, -1]}
							}
						},
						{
							"origin": [2.34973, 24.59972, -1.1198],
							"size": [0.07188, 0.21562, 0.15525],
							"pivot": [0.05965, 24.13289, 0.07906],
							"rotation": [72, 0, -3],
							"uv": {
								"north": {"uv": [10, 108], "uv_size": [1, 1]},
								"east": {"uv": [108, 10], "uv_size": [1, 1]},
								"south": {"uv": [11, 108], "uv_size": [1, 1]},
								"west": {"uv": [108, 11], "uv_size": [1, 1]},
								"up": {"uv": [12, 108], "uv_size": [1, 1]},
								"down": {"uv": [108, 13], "uv_size": [1, -1]}
							}
						},
						{
							"origin": [2.34973, 24.33019, 1.04003],
							"size": [0.07188, 0.21562, 0.15525],
							"pivot": [0.05965, 24.13289, 0.07906],
							"rotation": [-72, 0, -3],
							"uv": {
								"north": {"uv": [13, 108], "uv_size": [1, 1]},
								"east": {"uv": [108, 13], "uv_size": [1, 1]},
								"south": {"uv": [14, 108], "uv_size": [1, 1]},
								"west": {"uv": [108, 14], "uv_size": [1, 1]},
								"up": {"uv": [15, 108], "uv_size": [1, 1]},
								"down": {"uv": [108, 16], "uv_size": [1, -1]}
							}
						},
						{
							"origin": [2.34973, 22.24067, 0.57374],
							"size": [0.07188, 0.14375, 0.15525],
							"pivot": [0.05965, 24.13289, 0.07906],
							"rotation": [-36, 0, -3],
							"uv": {
								"north": {"uv": [16, 108], "uv_size": [1, 1]},
								"east": {"uv": [108, 16], "uv_size": [1, 1]},
								"south": {"uv": [17, 108], "uv_size": [1, 1]},
								"west": {"uv": [108, 17], "uv_size": [1, 1]},
								"up": {"uv": [18, 108], "uv_size": [1, 1]},
								"down": {"uv": [108, 19], "uv_size": [1, -1]}
							}
						},
						{
							"origin": [2.40053, 22.152, -0.82887],
							"size": [0.07187, 0.14375, 2.07],
							"pivot": [0.11045, 23.16375, 0.75868],
							"rotation": [-36, 0, -3],
							"uv": {
								"north": {"uv": [19, 108], "uv_size": [1, 1]},
								"east": {"uv": [101, 49], "uv_size": [2, 1]},
								"south": {"uv": [108, 19], "uv_size": [1, 1]},
								"west": {"uv": [50, 101], "uv_size": [2, 1]},
								"up": {"uv": [101, 50], "uv_size": [1, 2]},
								"down": {"uv": [52, 103], "uv_size": [1, -2]}
							}
						},
						{
							"origin": [2.39345, 22.28701, -1.37131],
							"size": [0.07187, 0.14375, 2.07],
							"pivot": [0.10338, 23.29876, -0.65886],
							"rotation": [36, 0, -3],
							"uv": {
								"north": {"uv": [20, 108], "uv_size": [1, 1]},
								"east": {"uv": [101, 52], "uv_size": [2, 1]},
								"south": {"uv": [108, 20], "uv_size": [1, 1]},
								"west": {"uv": [101, 53], "uv_size": [2, 1]},
								"up": {"uv": [53, 101], "uv_size": [1, 2]},
								"down": {"uv": [101, 56], "uv_size": [1, -2]}
							}
						},
						{
							"origin": [2.44013, 22.61378, -0.68889],
							"size": [0.07187, 0.14375, 2.07],
							"pivot": [1.96779, 22.45561, -0.36186],
							"rotation": [72, 0, -3],
							"uv": {
								"north": {"uv": [21, 108], "uv_size": [1, 1]},
								"east": {"uv": [101, 56], "uv_size": [2, 1]},
								"south": {"uv": [108, 21], "uv_size": [1, 1]},
								"west": {"uv": [57, 101], "uv_size": [2, 1]},
								"up": {"uv": [55, 101], "uv_size": [1, 2]},
								"down": {"uv": [101, 59], "uv_size": [1, -2]}
							}
						},
						{
							"origin": [2.42342, 21.34284, -0.07908],
							"size": [0.07187, 0.14375, 2.07],
							"pivot": [0.13335, 22.72679, 1.77889],
							"rotation": [-72, 0, -3],
							"uv": {
								"north": {"uv": [22, 108], "uv_size": [1, 1]},
								"east": {"uv": [59, 101], "uv_size": [2, 1]},
								"south": {"uv": [108, 22], "uv_size": [1, 1]},
								"west": {"uv": [101, 59], "uv_size": [2, 1]},
								"up": {"uv": [101, 60], "uv_size": [1, 2]},
								"down": {"uv": [61, 103], "uv_size": [1, -2]}
							}
						}
					]
				},
				{
					"name": "RightArm",
					"pivot": [-0.8, 32.2, 0.07187],
					"cubes": [
						{
							"origin": [-2.73505, 25.72419, -1.73937],
							"size": [2.7025, 8.05, 3.45],
							"uv": {
								"north": {"uv": [46, 53], "uv_size": [2, 7]},
								"east": {"uv": [43, 44], "uv_size": [3, 7]},
								"south": {"uv": [48, 53], "uv_size": [2, 7]},
								"west": {"uv": [45, 24], "uv_size": [3, 7]},
								"up": {"uv": [80, 42], "uv_size": [2, 3]},
								"down": {"uv": [43, 83], "uv_size": [2, -3]}
							}
						},
						{
							"origin": [-2.50505, 24.68919, -1.42312],
							"size": [2.1275, 2.3, 2.8175],
							"uv": {
								"north": {"uv": [89, 47], "uv_size": [2, 2]},
								"east": {"uv": [48, 89], "uv_size": [2, 2]},
								"south": {"uv": [89, 49], "uv_size": [2, 2]},
								"west": {"uv": [50, 89], "uv_size": [2, 2]},
								"up": {"uv": [89, 51], "uv_size": [2, 2]},
								"down": {"uv": [52, 91], "uv_size": [2, -2]}
							}
						}
					]
				},
				{
					"name": "RTS",
					"parent": "RightArm",
					"pivot": [3.90337, -3.86206, -0.79062],
					"cubes": [
						{
							"origin": [-2.8788, 28.95857, -2.08437],
							"size": [2.9361, 4.8336, 4.16875],
							"uv": {
								"north": {"uv": [37, 72], "uv_size": [2, 4]},
								"east": {"uv": [52, 23], "uv_size": [4, 4]},
								"south": {"uv": [39, 72], "uv_size": [2, 4]},
								"west": {"uv": [52, 27], "uv_size": [4, 4]},
								"up": {"uv": [41, 72], "uv_size": [2, 4]},
								"down": {"uv": [43, 76], "uv_size": [2, -4]}
							}
						}
					]
				},
				{
					"name": "RTJ",
					"parent": "RightArm",
					"pivot": [-1.30756, 27.04419, -0.01437],
					"cubes": [
						{
							"origin": [-2.95282, 25.84742, -2.22812],
							"size": [3.20562, 8.05, 4.45625],
							"uv": {
								"north": {"uv": [46, 0], "uv_size": [3, 7]},
								"east": {"uv": [4, 35], "uv_size": [4, 7]},
								"south": {"uv": [46, 7], "uv_size": [3, 7]},
								"west": {"uv": [35, 4], "uv_size": [4, 7]},
								"up": {"uv": [63, 12], "uv_size": [3, 4]},
								"down": {"uv": [63, 20], "uv_size": [3, -4]}
							}
						},
						{
							"origin": [-3.12226, 25.73263, -2.22812],
							"size": [0.90562, 8.05, 4.45625],
							"pivot": [-0.85172, 30.50913, 0],
							"rotation": [0, 0, 3],
							"uv": {
								"north": {"uv": [72, 77], "uv_size": [1, 7]},
								"east": {"uv": [8, 35], "uv_size": [4, 7]},
								"south": {"uv": [73, 77], "uv_size": [1, 7]},
								"west": {"uv": [35, 17], "uv_size": [4, 7]},
								"up": {"uv": [54, 89], "uv_size": [1, 4]},
								"down": {"uv": [56, 93], "uv_size": [1, -4]}
							}
						},
						{
							"origin": [-3.09657, 24.33804, -2.08437],
							"size": [3.20562, 1.725, 4.3125],
							"uv": {
								"north": {"uv": [80, 45], "uv_size": [3, 2]},
								"east": {"uv": [72, 38], "uv_size": [4, 2]},
								"south": {"uv": [80, 54], "uv_size": [3, 2]},
								"west": {"uv": [56, 72], "uv_size": [4, 2]},
								"up": {"uv": [63, 20], "uv_size": [3, 4]},
								"down": {"uv": [63, 28], "uv_size": [3, -4]}
							}
						}
					]
				},
				{
					"name": "METAL",
					"parent": "RTJ",
					"pivot": [-2.45756, 23.59419, -0.01437]
				},
				{
					"name": "E",
					"parent": "METAL",
					"pivot": [-2.33439, 26.15429, 0.14929],
					"rotation": [0, 0, 3],
					"cubes": [
						{
							"origin": [-3.40086, 25.01835, -0.75403],
							"size": [2.3, 1.50938, 0.21562],
							"pivot": [-2.2116, 25.66196, 0.10173],
							"rotation": [-87, 0, 0],
							"uv": {
								"north": {"uv": [101, 80], "uv_size": [2, 1]},
								"east": {"uv": [58, 108], "uv_size": [1, 1]},
								"south": {"uv": [101, 81], "uv_size": [2, 1]},
								"west": {"uv": [108, 58], "uv_size": [1, 1]},
								"up": {"uv": [101, 82], "uv_size": [2, 1]},
								"down": {"uv": [101, 84], "uv_size": [2, -1]}
							}
						},
						{
							"origin": [-3.40086, 26.34652, 0.71717],
							"size": [2.3, 1.07813, 0.21563],
							"uv": {
								"north": {"uv": [101, 84], "uv_size": [2, 1]},
								"east": {"uv": [59, 108], "uv_size": [1, 1]},
								"south": {"uv": [101, 85], "uv_size": [2, 1]},
								"west": {"uv": [108, 59], "uv_size": [1, 1]},
								"up": {"uv": [101, 86], "uv_size": [2, 1]},
								"down": {"uv": [101, 88], "uv_size": [2, -1]}
							}
						},
						{
							"origin": [-3.40086, 26.26753, -0.57451],
							"size": [2.3, 1.07813, 0.21563],
							"uv": {
								"north": {"uv": [101, 88], "uv_size": [2, 1]},
								"east": {"uv": [60, 108], "uv_size": [1, 1]},
								"south": {"uv": [101, 90], "uv_size": [2, 1]},
								"west": {"uv": [108, 60], "uv_size": [1, 1]},
								"up": {"uv": [101, 91], "uv_size": [2, 1]},
								"down": {"uv": [92, 102], "uv_size": [2, -1]}
							}
						},
						{
							"origin": [-3.40086, 26.3159, 0.07779],
							"size": [2.3, 1.07813, 0.21563],
							"uv": {
								"north": {"uv": [101, 93], "uv_size": [2, 1]},
								"east": {"uv": [61, 108], "uv_size": [1, 1]},
								"south": {"uv": [101, 94], "uv_size": [2, 1]},
								"west": {"uv": [108, 61], "uv_size": [1, 1]},
								"up": {"uv": [101, 95], "uv_size": [2, 1]},
								"down": {"uv": [101, 97], "uv_size": [2, -1]}
							}
						}
					]
				},
				{
					"name": "T2",
					"parent": "METAL",
					"pivot": [-0.0498, 28.04856, -0.01437],
					"rotation": [0, 0, 3],
					"cubes": [
						{
							"origin": [-3.27882, 27.81621, 0.60881],
							"size": [2.3, 1.4375, 0.21562],
							"uv": {
								"north": {"uv": [101, 98], "uv_size": [2, 1]},
								"east": {"uv": [62, 108], "uv_size": [1, 1]},
								"south": {"uv": [101, 99], "uv_size": [2, 1]},
								"west": {"uv": [108, 62], "uv_size": [1, 1]},
								"up": {"uv": [101, 100], "uv_size": [2, 1]},
								"down": {"uv": [101, 102], "uv_size": [2, -1]}
							}
						},
						{
							"origin": [-3.27882, 27.06724, -0.85891],
							"size": [2.3, 1.4375, 0.21562],
							"pivot": [-2.08956, 27.78599, -0.00213],
							"rotation": [-90, 0, 0],
							"uv": {
								"north": {"uv": [0, 102], "uv_size": [2, 1]},
								"east": {"uv": [63, 108], "uv_size": [1, 1]},
								"south": {"uv": [102, 0], "uv_size": [2, 1]},
								"west": {"uv": [108, 63], "uv_size": [1, 1]},
								"up": {"uv": [102, 1], "uv_size": [2, 1]},
								"down": {"uv": [102, 3], "uv_size": [2, -1]}
							}
						}
					]
				},
				{
					"name": "A",
					"parent": "METAL",
					"pivot": [-0.0498, 27.90481, -0.01437],
					"rotation": [0, 0, 3],
					"cubes": [
						{
							"origin": [-3.27882, 30.04434, 0.60881],
							"size": [2.3, 0.43125, 0.21562],
							"uv": {
								"north": {"uv": [3, 102], "uv_size": [2, 1]},
								"east": {"uv": [64, 108], "uv_size": [1, 1]},
								"south": {"uv": [102, 3], "uv_size": [2, 1]},
								"west": {"uv": [108, 64], "uv_size": [1, 1]},
								"up": {"uv": [102, 4], "uv_size": [2, 1]},
								"down": {"uv": [102, 6], "uv_size": [2, -1]}
							}
						},
						{
							"origin": [-3.27882, 29.90059, -0.10994],
							"size": [2.3, 0.71875, 0.21563],
							"uv": {
								"north": {"uv": [8, 102], "uv_size": [2, 1]},
								"east": {"uv": [65, 108], "uv_size": [1, 1]},
								"south": {"uv": [102, 8], "uv_size": [2, 1]},
								"west": {"uv": [108, 65], "uv_size": [1, 1]},
								"up": {"uv": [102, 9], "uv_size": [2, 1]},
								"down": {"uv": [10, 103], "uv_size": [2, -1]}
							}
						},
						{
							"origin": [-3.27882, 28.49629, -0.73324],
							"size": [2.3, 1.65312, 0.21562],
							"pivot": [-2.08956, 29.13856, 0.07838],
							"rotation": [-70, 0, 0],
							"uv": {
								"north": {"uv": [12, 102], "uv_size": [2, 1]},
								"east": {"uv": [66, 108], "uv_size": [1, 1]},
								"south": {"uv": [102, 12], "uv_size": [2, 1]},
								"west": {"uv": [108, 66], "uv_size": [1, 1]},
								"up": {"uv": [102, 13], "uv_size": [2, 1]},
								"down": {"uv": [16, 103], "uv_size": [2, -1]}
							}
						},
						{
							"origin": [-3.27882, 29.33761, 0.60684],
							"size": [2.3, 1.65313, 0.21562],
							"pivot": [-2.08956, 29.908, 0.01084],
							"rotation": [70, 0, 0],
							"uv": {
								"north": {"uv": [102, 16], "uv_size": [2, 1]},
								"east": {"uv": [67, 108], "uv_size": [1, 1]},
								"south": {"uv": [102, 17], "uv_size": [2, 1]},
								"west": {"uv": [108, 67], "uv_size": [1, 1]},
								"up": {"uv": [102, 20], "uv_size": [2, 1]},
								"down": {"uv": [102, 22], "uv_size": [2, -1]}
							}
						}
					]
				},
				{
					"name": "L",
					"parent": "METAL",
					"pivot": [0.05806, 30.06294, -1.38],
					"rotation": [0, 0, 3],
					"cubes": [
						{
							"origin": [-3.17096, 31.33997, -0.75681],
							"size": [2.3, 1.29375, 0.21563],
							"uv": {
								"north": {"uv": [22, 102], "uv_size": [2, 1]},
								"east": {"uv": [68, 108], "uv_size": [1, 1]},
								"south": {"uv": [102, 24], "uv_size": [2, 1]},
								"west": {"uv": [108, 68], "uv_size": [1, 1]},
								"up": {"uv": [102, 25], "uv_size": [2, 1]},
								"down": {"uv": [26, 103], "uv_size": [2, -1]}
							}
						},
						{
							"origin": [-3.17096, 30.016, -0.71516],
							"size": [2.3, 1.4375, 0.21562],
							"pivot": [-1.98171, 30.69881, 0.14162],
							"rotation": [-90, 0, 0],
							"uv": {
								"north": {"uv": [29, 102], "uv_size": [2, 1]},
								"east": {"uv": [69, 108], "uv_size": [1, 1]},
								"south": {"uv": [102, 30], "uv_size": [2, 1]},
								"west": {"uv": [108, 69], "uv_size": [1, 1]},
								"up": {"uv": [102, 31], "uv_size": [2, 1]},
								"down": {"uv": [33, 103], "uv_size": [2, -1]}
							}
						}
					]
				},
				{
					"name": "Tokyo",
					"parent": "RTJ",
					"pivot": [0.09395, 30.56418, -3.3925],
					"rotation": [0, 0, 3]
				},
				{
					"name": "T3",
					"parent": "Tokyo",
					"pivot": [0.09395, 30.56418, -3.3925],
					"cubes": [
						{
							"origin": [-3.13507, 25.48599, -2.22454],
							"size": [2.3, 0.50313, 0.07188],
							"pivot": [-1.94581, 25.73755, -1.43963],
							"rotation": [-90, 0, 0],
							"uv": {
								"north": {"uv": [102, 34], "uv_size": [2, 1]},
								"east": {"uv": [70, 108], "uv_size": [1, 1]},
								"south": {"uv": [35, 102], "uv_size": [2, 1]},
								"west": {"uv": [108, 70], "uv_size": [1, 1]},
								"up": {"uv": [102, 35], "uv_size": [2, 1]},
								"down": {"uv": [102, 38], "uv_size": [2, -1]}
							}
						},
						{
							"origin": [-3.13507, 26.23496, -1.25994],
							"size": [2.3, 0.50313, 0.07188],
							"uv": {
								"north": {"uv": [102, 38], "uv_size": [2, 1]},
								"east": {"uv": [71, 108], "uv_size": [1, 1]},
								"south": {"uv": [39, 102], "uv_size": [2, 1]},
								"west": {"uv": [108, 71], "uv_size": [1, 1]},
								"up": {"uv": [102, 39], "uv_size": [2, 1]},
								"down": {"uv": [102, 42], "uv_size": [2, -1]}
							}
						}
					]
				},
				{
					"name": "O",
					"parent": "Tokyo",
					"pivot": [0.09395, 30.56418, -3.3925],
					"cubes": [
						{
							"origin": [-3.13507, 26.70786, -2.22454],
							"size": [2.3, 0.50313, 0.07188],
							"pivot": [-1.94581, 26.95943, -1.43963],
							"rotation": [-90, 0, 0],
							"uv": {
								"north": {"uv": [42, 102], "uv_size": [2, 1]},
								"east": {"uv": [72, 108], "uv_size": [1, 1]},
								"south": {"uv": [102, 42], "uv_size": [2, 1]},
								"west": {"uv": [108, 72], "uv_size": [1, 1]},
								"up": {"uv": [102, 44], "uv_size": [2, 1]},
								"down": {"uv": [102, 46], "uv_size": [2, -1]}
							}
						},
						{
							"origin": [-3.13507, 26.42036, -2.22454],
							"size": [2.3, 0.50312, 0.07188],
							"pivot": [-1.94581, 26.67193, -1.43963],
							"rotation": [-90, 0, 0],
							"uv": {
								"north": {"uv": [47, 102], "uv_size": [2, 1]},
								"east": {"uv": [73, 108], "uv_size": [1, 1]},
								"south": {"uv": [102, 47], "uv_size": [2, 1]},
								"west": {"uv": [108, 73], "uv_size": [1, 1]},
								"up": {"uv": [102, 48], "uv_size": [2, 1]},
								"down": {"uv": [50, 103], "uv_size": [2, -1]}
							}
						},
						{
							"origin": [-3.13507, 27.38496, -1.25994],
							"size": [2.3, 0.35938, 0.07188],
							"uv": {
								"north": {"uv": [102, 50], "uv_size": [2, 1]},
								"east": {"uv": [74, 108], "uv_size": [1, 1]},
								"south": {"uv": [102, 51], "uv_size": [2, 1]},
								"west": {"uv": [108, 74], "uv_size": [1, 1]},
								"up": {"uv": [102, 54], "uv_size": [2, 1]},
								"down": {"uv": [102, 56], "uv_size": [2, -1]}
							}
						},
						{
							"origin": [-3.13507, 27.38496, -1.69119],
							"size": [2.3, 0.35938, 0.07187],
							"uv": {
								"north": {"uv": [56, 102], "uv_size": [2, 1]},
								"east": {"uv": [75, 108], "uv_size": [1, 1]},
								"south": {"uv": [102, 57], "uv_size": [2, 1]},
								"west": {"uv": [108, 75], "uv_size": [1, 1]},
								"up": {"uv": [58, 102], "uv_size": [2, 1]},
								"down": {"uv": [102, 59], "uv_size": [2, -1]}
							}
						}
					]
				},
				{
					"name": "K",
					"parent": "Tokyo",
					"pivot": [0.09395, 31.64231, -3.3925],
					"cubes": [
						{
							"origin": [-3.13507, 27.35474, -2.22454],
							"size": [2.3, 0.50312, 0.07188],
							"pivot": [-1.94581, 27.6063, -1.43963],
							"rotation": [-90, 0, 0],
							"uv": {
								"north": {"uv": [102, 60], "uv_size": [2, 1]},
								"east": {"uv": [76, 108], "uv_size": [1, 1]},
								"south": {"uv": [102, 61], "uv_size": [2, 1]},
								"west": {"uv": [108, 76], "uv_size": [1, 1]},
								"up": {"uv": [62, 102], "uv_size": [2, 1]},
								"down": {"uv": [102, 64], "uv_size": [2, -1]}
							}
						},
						{
							"origin": [-3.13507, 28.13771, -1.98231],
							"size": [2.3, 0.35938, 0.07188],
							"pivot": [-1.94581, 27.67998, -1.41677],
							"rotation": [-45, 0, 0],
							"uv": {
								"north": {"uv": [102, 64], "uv_size": [2, 1]},
								"east": {"uv": [77, 108], "uv_size": [1, 1]},
								"south": {"uv": [65, 102], "uv_size": [2, 1]},
								"west": {"uv": [108, 77], "uv_size": [1, 1]},
								"up": {"uv": [102, 66], "uv_size": [2, 1]},
								"down": {"uv": [67, 103], "uv_size": [2, -1]}
							}
						},
						{
							"origin": [-3.13507, 28.13771, -0.96881],
							"size": [2.3, 0.35938, 0.07188],
							"pivot": [-1.94581, 27.67998, -1.46248],
							"rotation": [45, 0, 0],
							"uv": {
								"north": {"uv": [102, 67], "uv_size": [2, 1]},
								"east": {"uv": [78, 108], "uv_size": [1, 1]},
								"south": {"uv": [102, 68], "uv_size": [2, 1]},
								"west": {"uv": [108, 78], "uv_size": [1, 1]},
								"up": {"uv": [69, 102], "uv_size": [2, 1]},
								"down": {"uv": [102, 70], "uv_size": [2, -1]}
							}
						}
					]
				},
				{
					"name": "Y",
					"parent": "Tokyo",
					"pivot": [0.09395, 31.64231, -3.3925],
					"cubes": [
						{
							"origin": [-3.13507, 28.43286, -2.22454],
							"size": [2.3, 0.35938, 0.07188],
							"pivot": [-1.94581, 28.68443, -1.43963],
							"rotation": [-90, 0, 0],
							"uv": {
								"north": {"uv": [71, 102], "uv_size": [2, 1]},
								"east": {"uv": [79, 108], "uv_size": [1, 1]},
								"south": {"uv": [102, 71], "uv_size": [2, 1]},
								"west": {"uv": [108, 79], "uv_size": [1, 1]},
								"up": {"uv": [102, 72], "uv_size": [2, 1]},
								"down": {"uv": [102, 76], "uv_size": [2, -1]}
							}
						},
						{
							"origin": [-3.13507, 29.18245, -1.84217],
							"size": [2.3, 0.2875, 0.07188],
							"pivot": [-1.94581, 28.7966, -1.27663],
							"rotation": [-45, 0, 0],
							"uv": {
								"north": {"uv": [76, 102], "uv_size": [2, 1]},
								"east": {"uv": [80, 108], "uv_size": [1, 1]},
								"south": {"uv": [102, 76], "uv_size": [2, 1]},
								"west": {"uv": [108, 80], "uv_size": [1, 1]},
								"up": {"uv": [102, 78], "uv_size": [2, 1]},
								"down": {"uv": [79, 103], "uv_size": [2, -1]}
							}
						},
						{
							"origin": [-3.13507, 28.95811, -0.78296],
							"size": [2.3, 0.2875, 0.07188],
							"pivot": [-1.94581, 28.57226, -1.27663],
							"rotation": [45, 0, 0],
							"uv": {
								"north": {"uv": [102, 79], "uv_size": [2, 1]},
								"east": {"uv": [81, 108], "uv_size": [1, 1]},
								"south": {"uv": [81, 102], "uv_size": [2, 1]},
								"west": {"uv": [108, 81], "uv_size": [1, 1]},
								"up": {"uv": [83, 102], "uv_size": [2, 1]},
								"down": {"uv": [85, 103], "uv_size": [2, -1]}
							}
						}
					]
				},
				{
					"name": "O2",
					"parent": "Tokyo",
					"pivot": [0.09395, 33.36731, -3.3925],
					"cubes": [
						{
							"origin": [-3.13507, 29.51099, -2.22454],
							"size": [2.3, 0.50312, 0.07188],
							"pivot": [-1.94581, 29.76255, -1.43963],
							"rotation": [-90, 0, 0],
							"uv": {
								"north": {"uv": [87, 102], "uv_size": [2, 1]},
								"east": {"uv": [82, 108], "uv_size": [1, 1]},
								"south": {"uv": [89, 102], "uv_size": [2, 1]},
								"west": {"uv": [108, 82], "uv_size": [1, 1]},
								"up": {"uv": [102, 89], "uv_size": [2, 1]},
								"down": {"uv": [91, 103], "uv_size": [2, -1]}
							}
						},
						{
							"origin": [-3.13507, 29.22349, -2.22454],
							"size": [2.3, 0.50313, 0.07188],
							"pivot": [-1.94581, 29.47505, -1.43963],
							"rotation": [-90, 0, 0],
							"uv": {
								"north": {"uv": [102, 92], "uv_size": [2, 1]},
								"east": {"uv": [83, 108], "uv_size": [1, 1]},
								"south": {"uv": [93, 102], "uv_size": [2, 1]},
								"west": {"uv": [108, 83], "uv_size": [1, 1]},
								"up": {"uv": [95, 102], "uv_size": [2, 1]},
								"down": {"uv": [97, 103], "uv_size": [2, -1]}
							}
						},
						{
							"origin": [-3.13507, 30.18809, -1.25994],
							"size": [2.3, 0.35938, 0.07188],
							"uv": {
								"north": {"uv": [102, 97], "uv_size": [2, 1]},
								"east": {"uv": [84, 108], "uv_size": [1, 1]},
								"south": {"uv": [99, 102], "uv_size": [2, 1]},
								"west": {"uv": [108, 84], "uv_size": [1, 1]},
								"up": {"uv": [101, 102], "uv_size": [2, 1]},
								"down": {"uv": [0, 104], "uv_size": [2, -1]}
							}
						},
						{
							"origin": [-3.13507, 30.18809, -1.69119],
							"size": [2.3, 0.35938, 0.07187],
							"uv": {
								"north": {"uv": [2, 103], "uv_size": [2, 1]},
								"east": {"uv": [85, 108], "uv_size": [1, 1]},
								"south": {"uv": [4, 103], "uv_size": [2, 1]},
								"west": {"uv": [108, 85], "uv_size": [1, 1]},
								"up": {"uv": [6, 103], "uv_size": [2, 1]},
								"down": {"uv": [103, 7], "uv_size": [2, -1]}
							}
						}
					]
				},
				{
					"name": "RightForeArm",
					"parent": "RightArm",
					"pivot": [-1.95, 24.72164, 0.15812],
					"cubes": [
						{
							"origin": [-2.63442, 17.81794, -1.71062],
							"size": [2.57313, 7.90625, 3.45],
							"uv": {
								"north": {"uv": [0, 54], "uv_size": [2, 7]},
								"east": {"uv": [46, 14], "uv_size": [3, 7]},
								"south": {"uv": [2, 54], "uv_size": [2, 7]},
								"west": {"uv": [46, 37], "uv_size": [3, 7]},
								"up": {"uv": [80, 56], "uv_size": [2, 3]},
								"down": {"uv": [68, 83], "uv_size": [2, -3]}
							}
						}
					]
				},
				{
					"name": "RFJ",
					"parent": "RightForeArm",
					"pivot": [-2.79188, 24.72164, 0.15812],
					"cubes": [
						{
							"origin": [-2.95282, 20.09742, -2.3],
							"size": [3.20562, 5.75, 4.6],
							"uv": {
								"north": {"uv": [18, 53], "uv_size": [3, 5]},
								"east": {"uv": [49, 5], "uv_size": [4, 5]},
								"south": {"uv": [21, 53], "uv_size": [3, 5]},
								"west": {"uv": [49, 10], "uv_size": [4, 5]},
								"up": {"uv": [63, 28], "uv_size": [3, 4]},
								"down": {"uv": [56, 67], "uv_size": [3, -4]}
							}
						},
						{
							"origin": [-1.3927, 21.5636, -2.3],
							"size": [2.05563, 4.16875, 4.6],
							"pivot": [-0.36489, 22.85735, 0.07187],
							"rotation": [0, 0, -8],
							"uv": {
								"north": {"uv": [45, 72], "uv_size": [2, 4]},
								"east": {"uv": [52, 31], "uv_size": [4, 4]},
								"south": {"uv": [68, 72], "uv_size": [2, 4]},
								"west": {"uv": [50, 52], "uv_size": [4, 4]},
								"up": {"uv": [72, 69], "uv_size": [2, 4]},
								"down": {"uv": [70, 76], "uv_size": [2, -4]}
							}
						},
						{
							"origin": [-1.41816, 20.27064, -2.3],
							"size": [2.05563, 1.725, 4.6],
							"pivot": [-0.39035, 21.06127, 0],
							"rotation": [0, 0, 14],
							"uv": {
								"north": {"uv": [89, 69], "uv_size": [2, 2]},
								"east": {"uv": [6, 73], "uv_size": [4, 2]},
								"south": {"uv": [77, 89], "uv_size": [2, 2]},
								"west": {"uv": [10, 73], "uv_size": [4, 2]},
								"up": {"uv": [14, 73], "uv_size": [2, 4]},
								"down": {"uv": [73, 18], "uv_size": [2, -4]}
							}
						},
						{
							"origin": [-2.95282, 21.67575, -2.73846],
							"size": [3.13375, 4.09688, 1.15],
							"pivot": [-1.35001, 23.72418, -2.16346],
							"rotation": [-12, 0, 0],
							"uv": {
								"north": {"uv": [63, 57], "uv_size": [3, 4]},
								"east": {"uv": [67, 89], "uv_size": [1, 4]},
								"south": {"uv": [59, 63], "uv_size": [3, 4]},
								"west": {"uv": [72, 89], "uv_size": [1, 4]},
								"up": {"uv": [98, 1], "uv_size": [3, 1]},
								"down": {"uv": [98, 3], "uv_size": [3, -1]}
							}
						},
						{
							"origin": [-3.88298, 20.37803, -2.3],
							"size": [2.05562, 1.94062, 4.52812],
							"pivot": [-2.85516, 22.10303, -0.07187],
							"rotation": [0, 0, -28],
							"uv": {
								"north": {"uv": [80, 89], "uv_size": [2, 2]},
								"east": {"uv": [73, 18], "uv_size": [4, 2]},
								"south": {"uv": [82, 89], "uv_size": [2, 2]},
								"west": {"uv": [73, 20], "uv_size": [4, 2]},
								"up": {"uv": [16, 73], "uv_size": [2, 4]},
								"down": {"uv": [73, 26], "uv_size": [2, -4]}
							}
						},
						{
							"origin": [-2.81918, 18.925, -1.79687],
							"size": [0.18687, 1.15, 3.59375],
							"pivot": [-2.61793, 19.5, 0],
							"rotation": [0, 0, 8],
							"uv": {
								"north": {"uv": [96, 108], "uv_size": [1, 1]},
								"east": {"uv": [98, 3], "uv_size": [3, 1]},
								"south": {"uv": [108, 96], "uv_size": [1, 1]},
								"west": {"uv": [4, 98], "uv_size": [3, 1]},
								"up": {"uv": [95, 97], "uv_size": [1, 3]},
								"down": {"uv": [98, 7], "uv_size": [1, -3]}
							}
						},
						{
							"origin": [-2.7372, 18.94742, -1.79687],
							"size": [2.77437, 1.15, 3.59375],
							"uv": {
								"north": {"uv": [58, 103], "uv_size": [2, 1]},
								"east": {"uv": [98, 7], "uv_size": [3, 1]},
								"south": {"uv": [103, 59], "uv_size": [2, 1]},
								"west": {"uv": [98, 8], "uv_size": [3, 1]},
								"up": {"uv": [70, 80], "uv_size": [2, 3]},
								"down": {"uv": [80, 82], "uv_size": [2, -3]}
							}
						},
						{
							"origin": [-0.04323, 18.5749, -1.79687],
							"size": [0.18688, 1.15, 3.59375],
							"pivot": [-2.57323, 19.1499, 0],
							"rotation": [0, 0, -8],
							"uv": {
								"north": {"uv": [97, 108], "uv_size": [1, 1]},
								"east": {"uv": [98, 9], "uv_size": [3, 1]},
								"south": {"uv": [108, 97], "uv_size": [1, 1]},
								"west": {"uv": [98, 10], "uv_size": [3, 1]},
								"up": {"uv": [7, 98], "uv_size": [1, 3]},
								"down": {"uv": [98, 14], "uv_size": [1, -3]}
							}
						},
						{
							"origin": [-2.95282, 21.67575, 1.58846],
							"size": [3.20562, 4.09688, 1.15],
							"pivot": [-1.56564, 23.72418, 2.16346],
							"rotation": [12, 0, 0],
							"uv": {
								"north": {"uv": [63, 61], "uv_size": [3, 4]},
								"east": {"uv": [89, 85], "uv_size": [1, 4]},
								"south": {"uv": [64, 0], "uv_size": [3, 4]},
								"west": {"uv": [88, 89], "uv_size": [1, 4]},
								"up": {"uv": [98, 14], "uv_size": [3, 1]},
								"down": {"uv": [98, 16], "uv_size": [3, -1]}
							}
						},
						{
							"origin": [-3.59202, 21.64917, -2.3],
							"size": [2.05562, 4.16875, 4.52812],
							"pivot": [-2.5642, 24.02104, 0],
							"rotation": [0, 0, 7],
							"uv": {
								"north": {"uv": [73, 26], "uv_size": [2, 4]},
								"east": {"uv": [53, 0], "uv_size": [4, 4]},
								"south": {"uv": [28, 73], "uv_size": [2, 4]},
								"west": {"uv": [53, 4], "uv_size": [4, 4]},
								"up": {"uv": [73, 30], "uv_size": [2, 4]},
								"down": {"uv": [73, 49], "uv_size": [2, -4]}
							}
						},
						{
							"origin": [-2.95282, 19.89032, 1.63462],
							"size": [3.20562, 2.3, 1.15],
							"pivot": [-1.35001, 21.22001, 2.20962],
							"rotation": [-26, 0, 0],
							"uv": {
								"north": {"uv": [6, 81], "uv_size": [3, 2]},
								"east": {"uv": [61, 103], "uv_size": [1, 2]},
								"south": {"uv": [9, 81], "uv_size": [3, 2]},
								"west": {"uv": [62, 103], "uv_size": [1, 2]},
								"up": {"uv": [98, 16], "uv_size": [3, 1]},
								"down": {"uv": [98, 18], "uv_size": [3, -1]}
							}
						},
						{
							"origin": [-2.95282, 19.81845, -2.78462],
							"size": [3.13375, 2.37188, 1.15],
							"pivot": [-1.35001, 21.22001, -2.20962],
							"rotation": [26, 0, 0],
							"uv": {
								"north": {"uv": [14, 81], "uv_size": [3, 2]},
								"east": {"uv": [63, 103], "uv_size": [1, 2]},
								"south": {"uv": [82, 21], "uv_size": [3, 2]},
								"west": {"uv": [64, 103], "uv_size": [1, 2]},
								"up": {"uv": [98, 18], "uv_size": [3, 1]},
								"down": {"uv": [98, 20], "uv_size": [3, -1]}
							}
						}
					]
				},
				{
					"name": "Sanjiao",
					"parent": "RFJ",
					"pivot": [-2.66761, 22.44805, 0.06575],
					"rotation": [0, 0, 7],
					"cubes": [
						{
							"origin": [-3.81994, 22.324, 0.46164],
							"size": [1.84, 1.725, 0.1725],
							"uv": {
								"north": {"uv": [89, 53], "uv_size": [2, 2]},
								"east": {"uv": [37, 102], "uv_size": [1, 2]},
								"south": {"uv": [57, 89], "uv_size": [2, 2]},
								"west": {"uv": [54, 102], "uv_size": [1, 2]},
								"up": {"uv": [103, 23], "uv_size": [2, 1]},
								"down": {"uv": [24, 104], "uv_size": [2, -1]}
							}
						},
						{
							"origin": [-3.81994, 23.12336, -0.9691],
							"size": [1.84, 0.12627, 0.23],
							"uv": {
								"north": {"uv": [26, 103], "uv_size": [2, 1]},
								"east": {"uv": [90, 108], "uv_size": [1, 1]},
								"south": {"uv": [103, 26], "uv_size": [2, 1]},
								"west": {"uv": [108, 90], "uv_size": [1, 1]},
								"up": {"uv": [103, 27], "uv_size": [2, 1]},
								"down": {"uv": [28, 104], "uv_size": [2, -1]}
							}
						},
						{
							"origin": [-3.81994, 23.12336, -0.2791],
							"size": [1.84, 0.18377, 0.1725],
							"uv": {
								"north": {"uv": [103, 28], "uv_size": [2, 1]},
								"east": {"uv": [91, 108], "uv_size": [1, 1]},
								"south": {"uv": [103, 29], "uv_size": [2, 1]},
								"west": {"uv": [108, 91], "uv_size": [1, 1]},
								"up": {"uv": [30, 103], "uv_size": [2, 1]},
								"down": {"uv": [32, 104], "uv_size": [2, -1]}
							}
						},
						{
							"origin": [-3.81994, 23.29586, 0.1234],
							"size": [1.84, 0.18377, 0.1725],
							"uv": {
								"north": {"uv": [103, 32], "uv_size": [2, 1]},
								"east": {"uv": [92, 108], "uv_size": [1, 1]},
								"south": {"uv": [103, 33], "uv_size": [2, 1]},
								"west": {"uv": [108, 92], "uv_size": [1, 1]},
								"up": {"uv": [34, 103], "uv_size": [2, 1]},
								"down": {"uv": [103, 37], "uv_size": [2, -1]}
							}
						},
						{
							"origin": [-3.81994, 22.89336, 0.06589],
							"size": [1.84, 0.18377, 0.1725],
							"uv": {
								"north": {"uv": [38, 103], "uv_size": [2, 1]},
								"east": {"uv": [93, 108], "uv_size": [1, 1]},
								"south": {"uv": [40, 103], "uv_size": [2, 1]},
								"west": {"uv": [108, 93], "uv_size": [1, 1]},
								"up": {"uv": [103, 40], "uv_size": [2, 1]},
								"down": {"uv": [42, 104], "uv_size": [2, -1]}
							}
						},
						{
							"origin": [-3.81994, 21.15506, 1.39382],
							"size": [1.84, 1.725, 0.1725],
							"pivot": [-1.94603, 20.95535, 0.00164],
							"rotation": [60, 0, 0],
							"uv": {
								"north": {"uv": [59, 89], "uv_size": [2, 2]},
								"east": {"uv": [60, 102], "uv_size": [1, 2]},
								"south": {"uv": [61, 89], "uv_size": [2, 2]},
								"west": {"uv": [74, 102], "uv_size": [1, 2]},
								"up": {"uv": [103, 43], "uv_size": [2, 1]},
								"down": {"uv": [44, 104], "uv_size": [2, -1]}
							}
						},
						{
							"origin": [-3.81994, 21.95442, 2.88208],
							"size": [1.84, 0.12627, 0.115],
							"pivot": [-1.94603, 20.95535, 0.00164],
							"rotation": [60, 0, 0],
							"uv": {
								"north": {"uv": [46, 103], "uv_size": [2, 1]},
								"east": {"uv": [94, 108], "uv_size": [1, 1]},
								"south": {"uv": [103, 46], "uv_size": [2, 1]},
								"west": {"uv": [108, 94], "uv_size": [1, 1]},
								"up": {"uv": [48, 103], "uv_size": [2, 1]},
								"down": {"uv": [103, 50], "uv_size": [2, -1]}
							}
						},
						{
							"origin": [-3.81994, 22.35637, -0.87247],
							"size": [1.84, 0.12627, 0.1725],
							"pivot": [-2.80853, 21.24793, -0.17029],
							"rotation": [-60, 0, 0],
							"uv": {
								"north": {"uv": [50, 103], "uv_size": [2, 1]},
								"east": {"uv": [95, 108], "uv_size": [1, 1]},
								"south": {"uv": [52, 103], "uv_size": [2, 1]},
								"west": {"uv": [108, 95], "uv_size": [1, 1]},
								"up": {"uv": [103, 52], "uv_size": [2, 1]},
								"down": {"uv": [103, 54], "uv_size": [2, -1]}
							}
						},
						{
							"origin": [-3.81994, 22.39639, -0.89558],
							"size": [1.84, 1.725, 0.1725],
							"pivot": [-2.80853, 22.88668, -0.19341],
							"rotation": [-60, 0, 0],
							"uv": {
								"north": {"uv": [63, 89], "uv_size": [2, 2]},
								"east": {"uv": [36, 103], "uv_size": [1, 2]},
								"south": {"uv": [65, 89], "uv_size": [2, 2]},
								"west": {"uv": [55, 103], "uv_size": [1, 2]},
								"up": {"uv": [56, 103], "uv_size": [2, 1]},
								"down": {"uv": [103, 57], "uv_size": [2, -1]}
							}
						}
					]
				},
				{
					"name": "M",
					"parent": "RFJ",
					"pivot": [-2.34333, 24.30081, 0.24889],
					"rotation": [0, 0, 7],
					"cubes": [
						{
							"origin": [-3.58474, 22.20737, -2.11106],
							"size": [2.3, 1.50937, 0.21563],
							"pivot": [-2.34333, 22.57374, -0.1476],
							"rotation": [-85, 0, 0],
							"uv": {
								"north": {"uv": [103, 7], "uv_size": [2, 1]},
								"east": {"uv": [86, 108], "uv_size": [1, 1]},
								"south": {"uv": [8, 103], "uv_size": [2, 1]},
								"west": {"uv": [108, 86], "uv_size": [1, 1]},
								"up": {"uv": [10, 103], "uv_size": [2, 1]},
								"down": {"uv": [103, 11], "uv_size": [2, -1]}
							}
						},
						{
							"origin": [-3.58474, 24.20006, 0.71128],
							"size": [2.3, 1.50938, 0.21563],
							"pivot": [-2.34333, 24.88986, 0.07751],
							"rotation": [85, 0, 0],
							"uv": {
								"north": {"uv": [103, 11], "uv_size": [2, 1]},
								"east": {"uv": [87, 108], "uv_size": [1, 1]},
								"south": {"uv": [12, 103], "uv_size": [2, 1]},
								"west": {"uv": [108, 87], "uv_size": [1, 1]},
								"up": {"uv": [14, 103], "uv_size": [2, 1]},
								"down": {"uv": [103, 15], "uv_size": [2, -1]}
							}
						},
						{
							"origin": [-3.58474, 24.08828, 0.80012],
							"size": [2.3, 0.8625, 0.21562],
							"pivot": [-2.34333, 24.14885, 0.33769],
							"rotation": [50, 0, 0],
							"uv": {
								"north": {"uv": [103, 15], "uv_size": [2, 1]},
								"east": {"uv": [88, 108], "uv_size": [1, 1]},
								"south": {"uv": [16, 103], "uv_size": [2, 1]},
								"west": {"uv": [108, 88], "uv_size": [1, 1]},
								"up": {"uv": [18, 103], "uv_size": [2, 1]},
								"down": {"uv": [103, 19], "uv_size": [2, -1]}
							}
						},
						{
							"origin": [-3.58474, 24.47945, -0.06508],
							"size": [2.3, 0.8625, 0.21562],
							"pivot": [-2.34333, 24.68377, 0.61298],
							"rotation": [-50, 0, 0],
							"uv": {
								"north": {"uv": [103, 19], "uv_size": [2, 1]},
								"east": {"uv": [89, 108], "uv_size": [1, 1]},
								"south": {"uv": [20, 103], "uv_size": [2, 1]},
								"west": {"uv": [108, 89], "uv_size": [1, 1]},
								"up": {"uv": [22, 103], "uv_size": [2, 1]},
								"down": {"uv": [103, 23], "uv_size": [2, -1]}
							}
						}
					]
				},
				{
					"name": "RightHand",
					"parent": "RightForeArm",
					"pivot": [-1.41413, 17.85132, 0.15812]
				},
				{
					"name": "RightHandLocator",
					"parent": "RightHand",
					"pivot": [-1.41413, 18.85132, 0.15812]
				},
				{
					"name": "BladeLocator",
					"parent": "RightHand",
					"pivot": [-1.41413, 17.85132, 0.15812]
				}
			]
		}
	]
}