{
	"format_version": "1.8.0",
	"animations": {
		"beg": {
			"loop": true,
			"bones": {
				"Head": {
					"rotation": [0, 0, -15],
					"position": [0, -0.5, 0]
				},
				"LongHair": {
					"rotation": [0, 0, 15]
				},
				"LeftArm": {
					"rotation": [-27.81509, 18.15489, -17.48614]
				},
				"LeftForeArm": {
					"rotation": [-135.10922, -3.53329, 3.54002]
				},
				"RightArm": {
					"rotation": [-27.81509, -18.15489, 17.48614]
				},
				"RightForeArm": {
					"rotation": [-135.10922, 3.53329, -3.54002]
				}
			}
		},
		"chair": {
			"loop": true,
			"bones": {
				"Tail": {
					"rotation": [0, "math.sin(-30+query.anim_time*90)*10", 0]
				},
				"Tail2": {
					"rotation": [0, "math.sin(-90+query.anim_time*90)*10", 0]
				},
				"Tail3": {
					"rotation": [0, "math.sin(-120+query.anim_time*90)*10", "math.sin(-120+query.anim_time*90)*-10"]
				},
				"Tail4": {
					"rotation": [0, "math.sin(-160+query.anim_time*90)*10", 0]
				},
				"Tail5": {
					"rotation": [0, "math.sin(-180+query.anim_time*90)*10", 0]
				},
				"Tail6": {
					"rotation": [0, "math.sin(-180+query.anim_time*90)*10", 0]
				},
				"Tail7": {
					"rotation": [0, "math.sin(-180+query.anim_time*90)*10", 0]
				},
				"LF": {
					"rotation": [-62.5, 0, 0]
				},
				"LF2": {
					"scale": [1, 0.7, 1]
				},
				"LF3": {
					"rotation": [67.5, 0, 0],
					"position": [0, 0.4, -0.5],
					"scale": [1, 1.9, 1]
				},
				"LB": {
					"rotation": [-0.25998, 8.18467, 21.4824],
					"position": [-0.4, 0.4, -2.1],
					"scale": [1, 0.35, 1.07]
				},
				"LM2": {
					"rotation": [-77.55592, 9.00787, -11.1043],
					"scale": [1, 0.87, 1.3]
				},
				"RM": {
					"rotation": [0, 0, 0]
				},
				"RM2": {
					"rotation": [-77.55592, -9.00787, 11.1043],
					"scale": [1, 0.87, 1.3]
				},
				"RB": {
					"rotation": [-0.25998, -8.18467, -21.4824],
					"position": [0.4, 0.4, -2.1],
					"scale": [1, 0.35, 1.07]
				},
				"RB2": {
					"scale": 1
				},
				"RF": {
					"rotation": [-62.5, 0, 0]
				},
				"RF2": {
					"scale": [1, 0.7, 1]
				},
				"RF3": {
					"rotation": [67.5, 0, 0],
					"position": [0, 0.4, -0.5],
					"scale": [1, 1.9, 1]
				},
				"BR2": {
					"rotation": [-87.5, 0, 0],
					"scale": [1, 1.1, 1]
				},
				"BL2": {
					"rotation": [-87.5, 0, 0],
					"scale": [1, 1.1, 1]
				},
				"BM2": {
					"rotation": [-87.5, 0, 0],
					"scale": [1, 1.1, 1]
				},
				"FL": {
					"rotation": [-52.5, 0, 0]
				},
				"FL1": {
					"rotation": [-10, 0, 0],
					"scale": [1, 0.7, 1]
				},
				"FL2": {
					"rotation": [60, 0, 0],
					"scale": [1, 1.9, 1]
				},
				"FR": {
					"rotation": [-52.5, 0, 0]
				},
				"FR1": {
					"rotation": [-10, 0, 0],
					"scale": [1, 0.7, 1]
				},
				"FR2": {
					"rotation": [60, 0, 0],
					"scale": [1, 1.9, 1]
				},
				"FM": {
					"rotation": [-57.5, 0, 0]
				},
				"FM1": {
					"rotation": [0, 0, 0],
					"scale": [1, 0.7, 1]
				},
				"FM2": {
					"rotation": [55, 0, 0],
					"scale": [1, 1.9, 1]
				},
				"FFM": {
					"rotation": [-55, 0, 0]
				},
				"FFM2_1": {
					"rotation": [-2.5, 0, 0],
					"scale": [1, 0.6, 1]
				},
				"FFM1_1": {
					"rotation": [-2.5, 0, 0],
					"scale": [1, 0.6, 1]
				},
				"FFM3_1": {
					"rotation": [-2.5, 0, 0],
					"scale": [1, 0.6, 1]
				},
				"Root": {
					"position": [0, -16, 0]
				},
				"UpBody": {
					"rotation": [0, 0, 0]
				},
				"UpperBody": {
					"rotation": [0, 0, "math.sin(90+query.anim_time*90)*2"]
				},
				"Head": {
					"rotation": [0, 0, "math.sin(query.anim_time*90)*2"]
				},
				"LeftArm": {
					"rotation": [-7.5, 0, 0]
				},
				"LeftForeArm": {
					"rotation": [-64.82222, 20.48789, 23.22512]
				},
				"RightArm": {
					"rotation": [-7.5, 0, 0]
				},
				"RightForeArm": {
					"rotation": [-64.82222, -20.48789, -23.22512]
				},
				"LeftLeg": {
					"rotation": [-82.5, 0, 0]
				},
				"LeftLowerLeg": {
					"rotation": ["82.5+math.sin(90+query.anim_time*180)*2", 0, 0]
				},
				"RightLeg": {
					"rotation": [-82.5, 0, 0]
				},
				"RightLowerLeg": {
					"rotation": ["82.5+math.sin(-90+query.anim_time*180)*2", 0, 0]
				}
			}
		},
		"gomoku": {
			"loop": true,
			"bones": {
				"Root": {
					"rotation": [0, 0, 0],
					"position": [0, -15, 5],
					"scale": 1
				},
				"UpBody": {
					"rotation": [15, 0, 0],
					"position": [0, 0, 0]
				},
				"LeftArm": {
					"rotation": [-23.11884, 8.76752, 1.95334],
					"position": [0, 0, 0]
				},
				"LeftForeArm": {
					"rotation": [-55.80943, 31.6193, 3.0556],
					"position": [0.5, 0, 0]
				},
				"RightArm": {
					"rotation": [1.66021, 13.93964, -5.05654]
				},
				"RightForeArm": {
					"rotation": [-74.5, 0, 0],
					"position": [0, 0, 0]
				},
				"LeftLeg": {
					"rotation": [-140.45694, -13.84064, 79.71757],
					"position": [0, 0, 0]
				},
				"LeftLowerLeg": {
					"rotation": [113.93129, -8.27756, -8.69684],
					"position": [0, 0, 0]
				},
				"LeftFoot": {
					"rotation": [37.5, 0, 0],
					"position": [0, 0, 0]
				},
				"RightLeg": {
					"rotation": [-139.71796, 8.42811, -88.0261],
					"position": [0, 0, 0]
				},
				"RightLowerLeg": {
					"rotation": [122.8976, -0.96154, -6.36007],
					"position": [0, 0, 0]
				},
				"RightFoot": {
					"rotation": [55, 0, 0],
					"position": [0, 0, 0]
				},
				"AllBody": {
					"rotation": [0, 0, 0],
					"position": [0, 0, 0],
					"scale": 1
				},
				"AllHead": {
					"rotation": [0, 0, 0],
					"position": [0, 0, 0]
				},
				"Head": {
					"rotation": ["math.sin(-60+q.anim_time*180)*1", 0, 0]
				},
				"Skirt": {
					"rotation": [-32.5, 0, 0]
				},
				"UpperBody": {
					"rotation": ["-5+math.sin(90+q.anim_time*180)*0.5", 0, 0]
				},
				"RightSkirt": {
					"rotation": [10, 0, 0],
					"scale": [1, 0.9, 1.2]
				},
				"LeftSkirt": {
					"rotation": [10, 0, 0],
					"scale": [1, 0.9, 1.2]
				},
				"BackSkirt": {
					"rotation": [37.5, 0, 0]
				},
				"BSJJK": {
					"rotation": [7.94211, 16.85395, 38.50141],
					"position": [0, 0.4375, -0.0625],
					"scale": [1, 1, 1.0625]
				},
				"FRightJK": {
					"rotation": [0, 36, 0],
					"position": [0, 0, 0.375]
				},
				"DownRightJK": {
					"position": [0, 0.75, 0.125]
				},
				"DRJJK": {
					"rotation": [-83.10531, -1.21261, 9.92695]
				},
				"DownRighSidejk": {
					"position": [0, 1.25, 0]
				},
				"DRSJK": {
					"rotation": [-66.17125, -5.51571, 47.69219]
				},
				"SideRightJK": {
					"position": [0, 0.0625, 0]
				},
				"srjjk": {
					"rotation": [0, 13, 70],
					"position": [-0.1875, 1.0625, 0],
					"scale": [1, 1, 1.1]
				},
				"BLJJK": {
					"rotation": [2.73819, -16.78446, -44.40404],
					"position": [0, 0.375, -0.125],
					"scale": [1, 1, 1.2125]
				},
				"SideLeftJK": {
					"position": [0, 0.4375, 0]
				},
				"SLJJK": {
					"rotation": [-4.06517, -12.98764, -64.64251],
					"position": [0.0625, 1, 0],
					"scale": [1, 1, 1.08125]
				},
				"FLeftJK": {
					"rotation": [0, -29, 0]
				},
				"DownLeftSidejk": {
					"position": [0, 1.3125, 0]
				},
				"DLSJK": {
					"rotation": [-59.24717, 2.59314, -50.11244]
				},
				"DownLeftJK": {
					"position": [0, 0.75, 0]
				},
				"DDLJK": {
					"rotation": [-92, 0, 0]
				},
				"LRM": {
					"rotation": [0, 13, 0]
				},
				"LFM": {
					"rotation": [0, -9, 0],
					"position": [-0.125, 0, 0]
				},
				"FronyTS": {
					"rotation": [-45, 0, 0],
					"position": [0, 0.1875, -0.3125]
				},
				"BackTS": {
					"rotation": [12, 0, 0]
				},
				"Frontmiddle": {
					"rotation": [-83, 0, 0],
					"position": [0, 0.4375, 0]
				},
				"FrontS5": {
					"rotation": [16, -18, 12],
					"position": [0, 0, -0.375],
					"scale": [1, 1.1625, 1]
				},
				"FrontS4": {
					"rotation": [10.17753, 23.57898, 4.62109],
					"position": [0.125, 0, 0],
					"scale": [1.31875, 1.13125, 1]
				},
				"FrontS3": {
					"rotation": [18.42719, 7.48136, 4.04219],
					"position": [0, 0, -0.25],
					"scale": [1.325, 1.1625, 1]
				},
				"FrontS2": {
					"rotation": [17.01768, -4.77847, 3.73863],
					"position": [0, 0, -0.1875],
					"scale": [1.325, 1.13125, 1]
				},
				"FrontS1": {
					"rotation": [19.14118, -9.69783, 11.71026],
					"position": [0, 0, -0.3125],
					"scale": [1.7375, 1.16875, 1]
				},
				"Bm1": {
					"rotation": [0, 0, 7],
					"scale": [1.43125, 1, 1]
				},
				"Bm2": {
					"rotation": [0, 0, 2],
					"scale": [1.33125, 1, 1]
				},
				"Bm3": {
					"rotation": [0, 0, -1],
					"scale": [1.48125, 1, 1]
				},
				"left5": {
					"rotation": [11.05699, -32.3519, -62.44055],
					"position": [0, -0.375, 0],
					"scale": [1, 0.7875, 1]
				},
				"left4": {
					"rotation": [1.01485, -31.96592, -65.57756],
					"position": [0, -0.125, 0.1875],
					"scale": [1, 0.8, 1.5875]
				},
				"left3": {
					"rotation": [-0.97422, -17.97449, -74.84592],
					"position": [0, 0, 0.25],
					"scale": [0.80625, 0.75625, 1.0875]
				},
				"left2": {
					"rotation": [-12, 0, -78],
					"position": [0, 0, 0.625],
					"scale": [1, 0.78125, 1.74375]
				},
				"Left1": {
					"rotation": [-17, 0, -77],
					"position": [0, 0, 0.4375],
					"scale": [1, 0.75, 1]
				},
				"RightS1": {
					"rotation": [-5, 0, 71],
					"scale": [1, 0.725, 1.11875]
				},
				"RightS2": {
					"rotation": [-2.4253, 16.09466, 70.57877],
					"position": [0, -0.75, 0],
					"scale": [1, 0.725, 1]
				},
				"RightS3": {
					"rotation": [0.04849, 11.96381, 65.95708],
					"scale": [1, 0.7875, 1]
				},
				"RightS4": {
					"rotation": [-6.18104, 29.76981, 61.28845],
					"position": [0, -0.6875, 0],
					"scale": [1, 0.74375, 1]
				},
				"RightS5": {
					"rotation": [7.03774, 27.02916, 60.98299],
					"position": [0, -0.4375, 0],
					"scale": [0.95, 0.8375, 1]
				},
				"BR6": {
					"rotation": [1.9997, -0.0349, 11.99939]
				},
				"BR5": {
					"rotation": [5.99184, -0.31344, 24.9836],
					"scale": [2.54375, 1, 1]
				},
				"BR4": {
					"rotation": [5.41721, -2.34503, 27.90955],
					"scale": [1, 0.98125, 1]
				},
				"BR3": {
					"rotation": [8.3278, -15.26407, 35.13367],
					"position": [0.0625, -0.1875, 0],
					"scale": [2.58125, 0.9, 1]
				},
				"BR2": {
					"rotation": [4.10026, 4.98595, 41.70402],
					"scale": [1.1375, 0.91875, 1]
				},
				"BR1": {
					"rotation": [8.47958, 38.51797, 56.98502],
					"scale": [1, 0.9, 1.06875]
				},
				"BLJ": {
					"rotation": [14.7801, -43.40993, -51.51587],
					"scale": [1, 0.7875, 1.2]
				},
				"BL6": {
					"rotation": [4, 0, -5],
					"scale": [1, 0.975, 1]
				},
				"BL5": {
					"rotation": [6, 0, -12],
					"scale": [2.375, 0.95625, 1]
				},
				"BL4": {
					"rotation": [7, 0, -18],
					"scale": [0.95625, 0.975, 1]
				},
				"BL3": {
					"rotation": [12.15772, 16.4625, -23.20191],
					"position": [-0.125, 0, 0],
					"scale": [2.45625, 0.8375, 0.89375]
				},
				"BL2": {
					"rotation": [9.16127, -15.82659, -35.33022],
					"scale": [1, 0.825, 1]
				},
				"Frontright": {
					"rotation": [-61.61787, 42.54815, 16.29743],
					"position": [0, 0.3125, 0]
				},
				"FR1": {
					"rotation": [0, 0, -15],
					"position": [-0.4375, 0, 0],
					"scale": [2.00625, 0.95625, 1]
				},
				"FR2": {
					"rotation": [0, 0, -7],
					"scale": [1.13125, 1, 1]
				},
				"FR3": {
					"rotation": [0, 0, -5],
					"scale": [1.125, 1, 1]
				},
				"FR5": {
					"rotation": [-1.11756, -41.23775, 9.29094]
				},
				"Frontleft": {
					"rotation": [-86.33843, -42.96074, 2.86171]
				},
				"FL5": {
					"rotation": [14.10561, 12.15477, 42.32833],
					"position": [0.375, 0, -0.1875],
					"scale": [1, 1.05625, 1]
				},
				"FL4": {
					"rotation": [9.48972, 19.34907, 35.89889],
					"position": [-0.4375, 0, 0.0625],
					"scale": [3.6875, 0.93125, 1]
				},
				"FL3": {
					"rotation": [1.9997, -0.0349, 6.99939],
					"position": [0, 0, -0.25],
					"scale": [2.4125, 1.0625, 1]
				},
				"FL2": {
					"rotation": [4.24208, 62.21339, -4.25148],
					"position": [0, 0, -0.5],
					"scale": [1, 1, 1.325]
				},
				"FL1": {
					"rotation": [5.82665, 8.49077, 25.82665],
					"position": [0, 0, -0.0625],
					"scale": [1.5375, 1, 1]
				},
				"FL0": {
					"rotation": [0, 36, 0],
					"position": [0, 0, -0.25],
					"scale": [1, 1.15, 1]
				},
				"Leg": {
					"position": [0, -0.5, 0]
				}
			}
		},
		"bookshelf": {
			"loop": true,
			"animation_length": 6,
			"bones": {
				"UpBody": {
					"rotation": [0, 0, 0]
				},
				"LeftArm": {
					"rotation": [-41.79294, 20.93003, 7.7815]
				},
				"LeftForeArm": {
					"rotation": [-151.39677, 56.47292, -79.43065]
				},
				"RightArm": {
					"rotation": [-36.3107, -1.80175, -33.18875]
				},
				"RightForeArm": {
					"rotation": [-155.95742, -27.15647, 34.04258]
				},
				"LeftLeg": {
					"rotation": [-96.36654, -5.01579, -16.96722]
				},
				"LeftLowerLeg": {
					"rotation": [52.5, 0, 0]
				},
				"LeftFoot": {
					"rotation": [37.5, 0, 0]
				},
				"RightLeg": {
					"rotation": [-96.36654, 5.01579, 16.96722]
				},
				"RightLowerLeg": {
					"rotation": [52.5, 0, 0]
				},
				"RightFoot": {
					"rotation": [37.5, 0, 0]
				},
				"AllBody": {
					"position": [0, -18.5, -2],
					"scale": 1
				},
				"Head": {
					"rotation": {
						"0.0": [10, 0, 0],
						"2.0": [10, 0, 0],
						"2.125": [15, 0, 0],
						"2.25": [10, 0, 0],
						"2.375": [15, 0, 0],
						"2.5": [10, 0, 0]
					}
				},
				"LongHair": {
					"rotation": [15, 0, 0]
				},
				"Skirt": {
					"rotation": [-96.21393, 0, 0],
					"position": [0.3, -3.15, 1.8]
				},
				"UpperBody": {
					"rotation": [0, 0, 0]
				}
			}
		},
		"computer": {
			"loop": true,
			"bones": {
				"UpBody": {
					"rotation": [0, 0, 0]
				},
				"LeftArm": {
					"rotation": [-38.27599, -14.40609, -0.53408]
				},
				"LeftForeArm": {
					"rotation": [-51.5, -10, 5]
				},
				"RightArm": {
					"rotation": [-35.40403, 18.74724, 1.17283]
				},
				"RightForeArm": {
					"rotation": [-48.9934, 2.35308, -12.85853]
				},
				"LeftLeg": {
					"rotation": [-82.5, 0, 0]
				},
				"LeftLowerLeg": {
					"rotation": ["84.5+math.sin(q.anim_time*180)*2", 0, 0]
				},
				"RightLeg": {
					"rotation": [-82.5, 0, 0]
				},
				"RightLowerLeg": {
					"rotation": ["84.5-math.sin(q.anim_time*180)*2", 0, 0]
				},
				"Head": {
					"rotation": [0, 0, 0]
				},
				"UpperBody": {
					"rotation": [0, 0, 0]
				},
				"AllBody": {
					"position": [0, -18, -4.5]
				}
			}
		},
		"keyboard": {
			"loop": true,
			"animation_length": 4.75,
			"bones": {
				"UpBody": {
					"rotation": {
						"0.0": {
							"post": [10, 0, 0],
							"lerp_mode": "catmullrom"
						},
						"0.375": {
							"post": [9.5, 0, 0],
							"lerp_mode": "catmullrom"
						},
						"0.6667": {
							"post": [10, 0, 0],
							"lerp_mode": "catmullrom"
						},
						"0.8333": {
							"post": [12.5, 0, 0],
							"lerp_mode": "catmullrom"
						},
						"1.1667": {
							"post": [12.5, 0, 0],
							"lerp_mode": "catmullrom"
						},
						"1.4167": {
							"post": [9.5, 0, 0],
							"lerp_mode": "catmullrom"
						},
						"1.5833": {
							"post": [10, 0, 0],
							"lerp_mode": "catmullrom"
						},
						"1.75": {
							"post": [12.5, 0, 0],
							"lerp_mode": "catmullrom"
						},
						"1.9583": {
							"post": [9.5, 0, 0],
							"lerp_mode": "catmullrom"
						},
						"2.25": {
							"post": [10, 0, 0],
							"lerp_mode": "catmullrom"
						},
						"2.4167": {
							"post": [12.5, 0, 0],
							"lerp_mode": "catmullrom"
						},
						"2.75": {
							"post": [10, 0, 0],
							"lerp_mode": "catmullrom"
						},
						"2.9167": {
							"post": [12.5, 0, 0],
							"lerp_mode": "catmullrom"
						},
						"3.125": {
							"post": [9.5, 0, 0],
							"lerp_mode": "catmullrom"
						},
						"3.4167": {
							"post": [10, 0, 0],
							"lerp_mode": "catmullrom"
						},
						"3.5833": {
							"post": [12.5, 0, 0],
							"lerp_mode": "catmullrom"
						},
						"3.9167": {
							"post": [12.5, 0, 0],
							"lerp_mode": "catmullrom"
						},
						"4.1667": {
							"post": [9.5, 0, 0],
							"lerp_mode": "catmullrom"
						},
						"4.4583": {
							"post": [9, 0, 0],
							"lerp_mode": "catmullrom"
						},
						"4.75": {
							"post": [10, 0, 0],
							"lerp_mode": "catmullrom"
						}
					}
				},
				"LeftArm": {
					"rotation": {
						"0.0": {
							"post": [-50, 0, 0],
							"lerp_mode": "catmullrom"
						},
						"0.0833": {
							"post": [-57.5, 0, 0],
							"lerp_mode": "catmullrom"
						},
						"0.25": {
							"post": [-57.5, 0, 0],
							"lerp_mode": "catmullrom"
						},
						"0.3333": {
							"post": [-50, 0, 0],
							"lerp_mode": "catmullrom"
						},
						"0.5": {
							"post": [-50, 0, 0],
							"lerp_mode": "catmullrom"
						},
						"0.75": {
							"post": [-50, -4.2, 0],
							"lerp_mode": "catmullrom"
						},
						"0.8333": {
							"post": [-57.5, -4.2, 0],
							"lerp_mode": "catmullrom"
						},
						"1.0": {
							"post": [-57.5, -4.2, 0],
							"lerp_mode": "catmullrom"
						},
						"1.0833": {
							"post": [-50, -4.2, 0],
							"lerp_mode": "catmullrom"
						},
						"1.25": {
							"post": [-50, -4.2, 0],
							"lerp_mode": "catmullrom"
						},
						"1.5": {
							"post": [-50, 0, 0],
							"lerp_mode": "catmullrom"
						},
						"1.5833": {
							"post": [-57.5, 0, 0],
							"lerp_mode": "catmullrom"
						},
						"1.75": {
							"post": [-57.5, 0, 0],
							"lerp_mode": "catmullrom"
						},
						"1.8333": {
							"post": [-50, 0, 0],
							"lerp_mode": "catmullrom"
						},
						"2.0": {
							"post": [-50, 0, 0],
							"lerp_mode": "catmullrom"
						},
						"2.2083": {
							"post": [-50, 4.3, 0],
							"lerp_mode": "catmullrom"
						},
						"2.2917": {
							"post": [-57.5, 4.3, 0],
							"lerp_mode": "catmullrom"
						},
						"2.4583": {
							"post": [-57.5, 4.3, 0],
							"lerp_mode": "catmullrom"
						},
						"2.5417": {
							"post": [-50, 4.3, 0],
							"lerp_mode": "catmullrom"
						},
						"2.7083": {
							"post": [-50, 4.3, 0],
							"lerp_mode": "catmullrom"
						},
						"2.8333": {
							"post": [-50, 0, 0],
							"lerp_mode": "catmullrom"
						},
						"2.9167": {
							"post": [-57.5, 0, 0],
							"lerp_mode": "catmullrom"
						},
						"3.0833": {
							"post": [-57.5, 0, 0],
							"lerp_mode": "catmullrom"
						},
						"3.1667": {
							"post": [-50, 0, 0],
							"lerp_mode": "catmullrom"
						},
						"3.3333": {
							"post": [-50, 0, 0],
							"lerp_mode": "catmullrom"
						},
						"3.5833": {
							"post": [-50, -4.2, 0],
							"lerp_mode": "catmullrom"
						},
						"3.6667": {
							"post": [-57.5, -4.2, 0],
							"lerp_mode": "catmullrom"
						},
						"3.8333": {
							"post": [-57.5, -4.2, 0],
							"lerp_mode": "catmullrom"
						},
						"3.9167": {
							"post": [-50, -4.2, 0],
							"lerp_mode": "catmullrom"
						},
						"4.0833": {
							"post": [-50, -4.2, 0],
							"lerp_mode": "catmullrom"
						},
						"4.25": {
							"post": [-50, 0, 0],
							"lerp_mode": "catmullrom"
						},
						"4.3333": {
							"post": [-57.5, 0, 0],
							"lerp_mode": "catmullrom"
						},
						"4.5": {
							"post": [-57.5, 0, 0],
							"lerp_mode": "catmullrom"
						},
						"4.5833": {
							"post": [-50, 0, 0],
							"lerp_mode": "catmullrom"
						},
						"4.75": {
							"post": [-50, 0, 0],
							"lerp_mode": "catmullrom"
						}
					}
				},
				"LeftForeArm": {
					"rotation": {
						"0.0": {
							"post": [-57.21, 59.33, -43.38],
							"lerp_mode": "catmullrom"
						},
						"0.0833": {
							"post": [-54.74523, 61.40421, -40.55192],
							"lerp_mode": "catmullrom"
						},
						"0.2083": {
							"post": [-61.18348, 55.03205, -48.10405],
							"lerp_mode": "catmullrom"
						},
						"0.3333": {
							"post": [-61.18348, 55.03205, -48.10405],
							"lerp_mode": "catmullrom"
						},
						"0.5": {
							"post": [-57.20508, 59.33164, -43.38127],
							"lerp_mode": "catmullrom"
						},
						"0.75": {
							"post": [-52.91, 59.33, -43.38],
							"lerp_mode": "catmullrom"
						},
						"0.8333": {
							"post": [-50.44523, 61.40421, -40.55192],
							"lerp_mode": "catmullrom"
						},
						"0.9583": {
							"post": [-56.88348, 55.03205, -48.10405],
							"lerp_mode": "catmullrom"
						},
						"1.0833": {
							"post": [-56.88348, 55.03205, -48.10405],
							"lerp_mode": "catmullrom"
						},
						"1.25": {
							"post": [-52.90508, 59.33164, -43.38127],
							"lerp_mode": "catmullrom"
						},
						"1.5": {
							"post": [-64.41, 59.33, -43.38],
							"lerp_mode": "catmullrom"
						},
						"1.5833": {
							"post": [-61.94523, 61.40421, -40.55192],
							"lerp_mode": "catmullrom"
						},
						"1.7083": {
							"post": [-68.38348, 55.03205, -48.10405],
							"lerp_mode": "catmullrom"
						},
						"1.8333": {
							"post": [-68.38348, 55.03205, -48.10405],
							"lerp_mode": "catmullrom"
						},
						"2.0": {
							"post": [-64.40508, 59.33164, -43.38127],
							"lerp_mode": "catmullrom"
						},
						"2.2083": {
							"post": [-57.21, 59.33, -43.38],
							"lerp_mode": "catmullrom"
						},
						"2.2917": {
							"post": [-54.74523, 61.40421, -40.55192],
							"lerp_mode": "catmullrom"
						},
						"2.4167": {
							"post": [-61.18348, 55.03205, -48.10405],
							"lerp_mode": "catmullrom"
						},
						"2.5417": {
							"post": [-61.18348, 55.03205, -48.10405],
							"lerp_mode": "catmullrom"
						},
						"2.7083": {
							"post": [-57.20508, 59.33164, -43.38127],
							"lerp_mode": "catmullrom"
						},
						"2.8333": {
							"post": [-57.21, 59.33, -43.38],
							"lerp_mode": "catmullrom"
						},
						"2.9167": {
							"post": [-54.74523, 61.40421, -40.55192],
							"lerp_mode": "catmullrom"
						},
						"3.0417": {
							"post": [-61.18348, 55.03205, -48.10405],
							"lerp_mode": "catmullrom"
						},
						"3.1667": {
							"post": [-61.18348, 55.03205, -48.10405],
							"lerp_mode": "catmullrom"
						},
						"3.3333": {
							"post": [-57.20508, 59.33164, -43.38127],
							"lerp_mode": "catmullrom"
						},
						"3.5833": {
							"post": [-67.21, 59.33, -43.38],
							"lerp_mode": "catmullrom"
						},
						"3.6667": {
							"post": [-64.74523, 61.40421, -40.55192],
							"lerp_mode": "catmullrom"
						},
						"3.7917": {
							"post": [-71.18348, 55.03205, -48.10405],
							"lerp_mode": "catmullrom"
						},
						"3.9167": {
							"post": [-71.18348, 55.03205, -48.10405],
							"lerp_mode": "catmullrom"
						},
						"4.0833": {
							"post": [-67.20508, 59.33164, -43.38127],
							"lerp_mode": "catmullrom"
						},
						"4.25": {
							"post": [-57.21, 59.33, -43.38],
							"lerp_mode": "catmullrom"
						},
						"4.3333": {
							"post": [-54.74523, 61.40421, -40.55192],
							"lerp_mode": "catmullrom"
						},
						"4.4583": {
							"post": [-61.18348, 55.03205, -48.10405],
							"lerp_mode": "catmullrom"
						},
						"4.5833": {
							"post": [-61.18348, 55.03205, -48.10405],
							"lerp_mode": "catmullrom"
						},
						"4.75": {
							"post": [-57.20508, 59.33164, -43.38127],
							"lerp_mode": "catmullrom"
						}
					}
				},
				"RightArm": {
					"rotation": {
						"0.0": {
							"post": [-57.5, 0, 0],
							"lerp_mode": "catmullrom"
						},
						"0.1667": {
							"post": [-57.5, 0, 0],
							"lerp_mode": "catmullrom"
						},
						"0.25": {
							"post": [-50, 0, 0],
							"lerp_mode": "catmullrom"
						},
						"0.4167": {
							"post": [-50, 0, 0],
							"lerp_mode": "catmullrom"
						},
						"0.6667": {
							"post": [-50, 4.2, 0],
							"lerp_mode": "catmullrom"
						},
						"0.75": {
							"post": [-57.5, 4.2, 0],
							"lerp_mode": "catmullrom"
						},
						"0.9167": {
							"post": [-57.5, 4.2, 0],
							"lerp_mode": "catmullrom"
						},
						"1.0": {
							"post": [-50, 4.2, 0],
							"lerp_mode": "catmullrom"
						},
						"1.1667": {
							"post": [-50, 4.2, 0],
							"lerp_mode": "catmullrom"
						},
						"1.3333": {
							"post": [-50, 0, 0],
							"lerp_mode": "catmullrom"
						},
						"1.4167": {
							"post": [-57.5, 0, 0],
							"lerp_mode": "catmullrom"
						},
						"1.5833": {
							"post": [-57.5, 0, 0],
							"lerp_mode": "catmullrom"
						},
						"1.6667": {
							"post": [-50, 0, 0],
							"lerp_mode": "catmullrom"
						},
						"1.8333": {
							"post": [-50, 0, 0],
							"lerp_mode": "catmullrom"
						},
						"1.9167": {
							"post": [-57.5, 0, 0],
							"lerp_mode": "catmullrom"
						},
						"2.0833": {
							"post": [-57.5, 0, 0],
							"lerp_mode": "catmullrom"
						},
						"2.1667": {
							"post": [-50, 0, 0],
							"lerp_mode": "catmullrom"
						},
						"2.3333": {
							"post": [-50, 0, 0],
							"lerp_mode": "catmullrom"
						},
						"2.5833": {
							"post": [-50, 4.2, 0],
							"lerp_mode": "catmullrom"
						},
						"2.6667": {
							"post": [-57.5, 4.2, 0],
							"lerp_mode": "catmullrom"
						},
						"2.8333": {
							"post": [-57.5, 4.2, 0],
							"lerp_mode": "catmullrom"
						},
						"2.9167": {
							"post": [-50, 4.2, 0],
							"lerp_mode": "catmullrom"
						},
						"3.0833": {
							"post": [-50, 4.2, 0],
							"lerp_mode": "catmullrom"
						},
						"3.3333": {
							"post": [-50, 0, 0],
							"lerp_mode": "catmullrom"
						},
						"3.4167": {
							"post": [-57.5, 0, 0],
							"lerp_mode": "catmullrom"
						},
						"3.5833": {
							"post": [-57.5, 0, 0],
							"lerp_mode": "catmullrom"
						},
						"3.6667": {
							"post": [-50, 0, 0],
							"lerp_mode": "catmullrom"
						},
						"3.8333": {
							"post": [-50, 0, 0],
							"lerp_mode": "catmullrom"
						},
						"4.0417": {
							"post": [-50, -4.3, 0],
							"lerp_mode": "catmullrom"
						},
						"4.125": {
							"post": [-57.5, -4.3, 0],
							"lerp_mode": "catmullrom"
						},
						"4.2917": {
							"post": [-57.5, -4.3, 0],
							"lerp_mode": "catmullrom"
						},
						"4.375": {
							"post": [-50, -4.3, 0],
							"lerp_mode": "catmullrom"
						},
						"4.5417": {
							"post": [-50, -4.3, 0],
							"lerp_mode": "catmullrom"
						},
						"4.6667": {
							"post": [-50, 0, 0],
							"lerp_mode": "catmullrom"
						},
						"4.75": {
							"post": [-57.5, 0, 0],
							"lerp_mode": "catmullrom"
						}
					}
				},
				"RightForeArm": {
					"rotation": {
						"0.0": {
							"post": [-54.74523, -61.40421, 40.55192],
							"lerp_mode": "catmullrom"
						},
						"0.125": {
							"post": [-61.18348, -55.03205, 48.10405],
							"lerp_mode": "catmullrom"
						},
						"0.25": {
							"post": [-61.18348, -55.03205, 48.10405],
							"lerp_mode": "catmullrom"
						},
						"0.4167": {
							"post": [-57.20508, -59.33164, 43.38127],
							"lerp_mode": "catmullrom"
						},
						"0.6667": {
							"post": [-67.21, -59.33, 43.38],
							"lerp_mode": "catmullrom"
						},
						"0.75": {
							"post": [-64.74523, -61.40421, 40.55192],
							"lerp_mode": "catmullrom"
						},
						"0.875": {
							"post": [-71.18348, -55.03205, 48.10405],
							"lerp_mode": "catmullrom"
						},
						"1.0": {
							"post": [-71.18348, -55.03205, 48.10405],
							"lerp_mode": "catmullrom"
						},
						"1.1667": {
							"post": [-67.20508, -59.33164, 43.38127],
							"lerp_mode": "catmullrom"
						},
						"1.3333": {
							"post": [-57.21, -59.33, 43.38],
							"lerp_mode": "catmullrom"
						},
						"1.4167": {
							"post": [-54.74523, -61.40421, 40.55192],
							"lerp_mode": "catmullrom"
						},
						"1.5417": {
							"post": [-61.18348, -55.03205, 48.10405],
							"lerp_mode": "catmullrom"
						},
						"1.6667": {
							"post": [-61.18348, -55.03205, 48.10405],
							"lerp_mode": "catmullrom"
						},
						"1.8333": {
							"post": [-57.20508, -59.33164, 43.38127],
							"lerp_mode": "catmullrom"
						},
						"1.9167": {
							"post": [-54.74523, -61.40421, 40.55192],
							"lerp_mode": "catmullrom"
						},
						"2.0417": {
							"post": [-61.18348, -55.03205, 48.10405],
							"lerp_mode": "catmullrom"
						},
						"2.1667": {
							"post": [-61.18348, -55.03205, 48.10405],
							"lerp_mode": "catmullrom"
						},
						"2.3333": {
							"post": [-57.20508, -59.33164, 43.38127],
							"lerp_mode": "catmullrom"
						},
						"2.5833": {
							"post": [-52.91, -59.33, 43.38],
							"lerp_mode": "catmullrom"
						},
						"2.6667": {
							"post": [-50.44523, -61.40421, 40.55192],
							"lerp_mode": "catmullrom"
						},
						"2.7917": {
							"post": [-56.88348, -55.03205, 48.10405],
							"lerp_mode": "catmullrom"
						},
						"2.9167": {
							"post": [-56.88348, -55.03205, 48.10405],
							"lerp_mode": "catmullrom"
						},
						"3.0833": {
							"post": [-52.90508, -59.33164, 43.38127],
							"lerp_mode": "catmullrom"
						},
						"3.3333": {
							"post": [-64.41, -59.33, 43.38],
							"lerp_mode": "catmullrom"
						},
						"3.4167": {
							"post": [-61.94523, -61.40421, 40.55192],
							"lerp_mode": "catmullrom"
						},
						"3.5417": {
							"post": [-68.38348, -55.03205, 48.10405],
							"lerp_mode": "catmullrom"
						},
						"3.6667": {
							"post": [-68.38348, -55.03205, 48.10405],
							"lerp_mode": "catmullrom"
						},
						"3.8333": {
							"post": [-64.40508, -59.33164, 43.38127],
							"lerp_mode": "catmullrom"
						},
						"4.0417": {
							"post": [-57.21, -59.33, 43.38],
							"lerp_mode": "catmullrom"
						},
						"4.125": {
							"post": [-54.74523, -61.40421, 40.55192],
							"lerp_mode": "catmullrom"
						},
						"4.25": {
							"post": [-61.18348, -55.03205, 48.10405],
							"lerp_mode": "catmullrom"
						},
						"4.375": {
							"post": [-61.18348, -55.03205, 48.10405],
							"lerp_mode": "catmullrom"
						},
						"4.5417": {
							"post": [-57.20508, -59.33164, 43.38127],
							"lerp_mode": "catmullrom"
						},
						"4.6667": {
							"post": [-57.21, -59.33, 43.38],
							"lerp_mode": "catmullrom"
						},
						"4.75": {
							"post": [-54.74523, -61.40421, 40.55192],
							"lerp_mode": "catmullrom"
						}
					}
				},
				"LeftLeg": {
					"rotation": [-82.5, 0, 0]
				},
				"LeftLowerLeg": {
					"rotation": {
						"0.0": {
							"post": [84.5, 0, 0],
							"lerp_mode": "catmullrom"
						},
						"0.0833": {
							"post": [84.35, 0, 0],
							"lerp_mode": "catmullrom"
						},
						"0.2083": {
							"post": [83.91, 0, 0],
							"lerp_mode": "catmullrom"
						},
						"0.2917": {
							"post": [83.27, 0, 0],
							"lerp_mode": "catmullrom"
						},
						"0.4167": {
							"post": [82.5, 0, 0],
							"lerp_mode": "catmullrom"
						},
						"0.5": {
							"post": [81.73, 0, 0],
							"lerp_mode": "catmullrom"
						},
						"0.5833": {
							"post": [81.09, 0, 0],
							"lerp_mode": "catmullrom"
						},
						"0.7083": {
							"post": [80.65, 0, 0],
							"lerp_mode": "catmullrom"
						},
						"0.7917": {
							"post": [80.5, 0, 0],
							"lerp_mode": "catmullrom"
						},
						"0.9167": {
							"post": [80.65, 0, 0],
							"lerp_mode": "catmullrom"
						},
						"1.0": {
							"post": [81.09, 0, 0],
							"lerp_mode": "catmullrom"
						},
						"1.0833": {
							"post": [81.73, 0, 0],
							"lerp_mode": "catmullrom"
						},
						"1.2083": {
							"post": [82.5, 0, 0],
							"lerp_mode": "catmullrom"
						},
						"1.2917": {
							"post": [83.27, 0, 0],
							"lerp_mode": "catmullrom"
						},
						"1.4167": {
							"post": [83.91, 0, 0],
							"lerp_mode": "catmullrom"
						},
						"1.5": {
							"post": [84.35, 0, 0],
							"lerp_mode": "catmullrom"
						},
						"1.5833": {
							"post": [84.5, 0, 0],
							"lerp_mode": "catmullrom"
						},
						"1.7083": {
							"post": [84.35, 0, 0],
							"lerp_mode": "catmullrom"
						},
						"1.7917": {
							"post": [83.91, 0, 0],
							"lerp_mode": "catmullrom"
						},
						"1.9167": {
							"post": [83.27, 0, 0],
							"lerp_mode": "catmullrom"
						},
						"2.0": {
							"post": [82.5, 0, 0],
							"lerp_mode": "catmullrom"
						},
						"2.0833": {
							"post": [81.73, 0, 0],
							"lerp_mode": "catmullrom"
						},
						"2.1667": {
							"post": [81.09, 0, 0],
							"lerp_mode": "catmullrom"
						},
						"2.25": {
							"post": [80.65, 0, 0],
							"lerp_mode": "catmullrom"
						},
						"2.375": {
							"post": [80.5, 0, 0],
							"lerp_mode": "catmullrom"
						},
						"2.4583": {
							"post": [80.65, 0, 0],
							"lerp_mode": "catmullrom"
						},
						"2.5417": {
							"post": [81.09, 0, 0],
							"lerp_mode": "catmullrom"
						},
						"2.6667": {
							"post": [81.73, 0, 0],
							"lerp_mode": "catmullrom"
						},
						"2.75": {
							"post": [82.5, 0, 0],
							"lerp_mode": "catmullrom"
						},
						"2.875": {
							"post": [83.27, 0, 0],
							"lerp_mode": "catmullrom"
						},
						"2.9583": {
							"post": [83.91, 0, 0],
							"lerp_mode": "catmullrom"
						},
						"3.0417": {
							"post": [84.35, 0, 0],
							"lerp_mode": "catmullrom"
						},
						"3.1667": {
							"post": [84.5, 0, 0],
							"lerp_mode": "catmullrom"
						},
						"3.25": {
							"post": [84.35, 0, 0],
							"lerp_mode": "catmullrom"
						},
						"3.375": {
							"post": [83.91, 0, 0],
							"lerp_mode": "catmullrom"
						},
						"3.4583": {
							"post": [83.27, 0, 0],
							"lerp_mode": "catmullrom"
						},
						"3.5417": {
							"post": [82.5, 0, 0],
							"lerp_mode": "catmullrom"
						},
						"3.6667": {
							"post": [81.73, 0, 0],
							"lerp_mode": "catmullrom"
						},
						"3.75": {
							"post": [81.09, 0, 0],
							"lerp_mode": "catmullrom"
						},
						"3.875": {
							"post": [80.65, 0, 0],
							"lerp_mode": "catmullrom"
						},
						"3.9583": {
							"post": [80.5, 0, 0],
							"lerp_mode": "catmullrom"
						},
						"4.0417": {
							"post": [80.65, 0, 0],
							"lerp_mode": "catmullrom"
						},
						"4.1667": {
							"post": [81.09, 0, 0],
							"lerp_mode": "catmullrom"
						},
						"4.25": {
							"post": [81.73, 0, 0],
							"lerp_mode": "catmullrom"
						},
						"4.375": {
							"post": [82.5, 0, 0],
							"lerp_mode": "catmullrom"
						},
						"4.4583": {
							"post": [83.27, 0, 0],
							"lerp_mode": "catmullrom"
						},
						"4.5417": {
							"post": [83.91, 0, 0],
							"lerp_mode": "catmullrom"
						},
						"4.6667": {
							"post": [84.35, 0, 0],
							"lerp_mode": "catmullrom"
						},
						"4.75": {
							"post": [84.5, 0, 0],
							"lerp_mode": "catmullrom"
						}
					}
				},
				"RightLeg": {
					"rotation": [-82.5, 0, 0]
				},
				"RightLowerLeg": {
					"rotation": {
						"0.0": {
							"post": [80.5, 0, 0],
							"lerp_mode": "catmullrom"
						},
						"0.0833": {
							"post": [80.65, 0, 0],
							"lerp_mode": "catmullrom"
						},
						"0.2083": {
							"post": [81.09, 0, 0],
							"lerp_mode": "catmullrom"
						},
						"0.2917": {
							"post": [81.73, 0, 0],
							"lerp_mode": "catmullrom"
						},
						"0.4167": {
							"post": [82.5, 0, 0],
							"lerp_mode": "catmullrom"
						},
						"0.5": {
							"post": [83.27, 0, 0],
							"lerp_mode": "catmullrom"
						},
						"0.5833": {
							"post": [83.91, 0, 0],
							"lerp_mode": "catmullrom"
						},
						"0.7083": {
							"post": [84.35, 0, 0],
							"lerp_mode": "catmullrom"
						},
						"0.7917": {
							"post": [84.5, 0, 0],
							"lerp_mode": "catmullrom"
						},
						"0.9167": {
							"post": [84.35, 0, 0],
							"lerp_mode": "catmullrom"
						},
						"1.0": {
							"post": [83.91, 0, 0],
							"lerp_mode": "catmullrom"
						},
						"1.0833": {
							"post": [83.27, 0, 0],
							"lerp_mode": "catmullrom"
						},
						"1.2083": {
							"post": [82.5, 0, 0],
							"lerp_mode": "catmullrom"
						},
						"1.2917": {
							"post": [81.73, 0, 0],
							"lerp_mode": "catmullrom"
						},
						"1.4167": {
							"post": [81.09, 0, 0],
							"lerp_mode": "catmullrom"
						},
						"1.5": {
							"post": [80.65, 0, 0],
							"lerp_mode": "catmullrom"
						},
						"1.5833": {
							"post": [80.5, 0, 0],
							"lerp_mode": "catmullrom"
						},
						"1.7083": {
							"post": [80.65, 0, 0],
							"lerp_mode": "catmullrom"
						},
						"1.7917": {
							"post": [81.09, 0, 0],
							"lerp_mode": "catmullrom"
						},
						"1.9167": {
							"post": [81.73, 0, 0],
							"lerp_mode": "catmullrom"
						},
						"2.0": {
							"post": [82.5, 0, 0],
							"lerp_mode": "catmullrom"
						},
						"2.0833": {
							"post": [83.27, 0, 0],
							"lerp_mode": "catmullrom"
						},
						"2.1667": {
							"post": [83.91, 0, 0],
							"lerp_mode": "catmullrom"
						},
						"2.25": {
							"post": [84.35, 0, 0],
							"lerp_mode": "catmullrom"
						},
						"2.375": {
							"post": [84.5, 0, 0],
							"lerp_mode": "catmullrom"
						},
						"2.4583": {
							"post": [84.35, 0, 0],
							"lerp_mode": "catmullrom"
						},
						"2.5417": {
							"post": [83.91, 0, 0],
							"lerp_mode": "catmullrom"
						},
						"2.6667": {
							"post": [83.27, 0, 0],
							"lerp_mode": "catmullrom"
						},
						"2.75": {
							"post": [82.5, 0, 0],
							"lerp_mode": "catmullrom"
						},
						"2.875": {
							"post": [81.73, 0, 0],
							"lerp_mode": "catmullrom"
						},
						"2.9583": {
							"post": [81.09, 0, 0],
							"lerp_mode": "catmullrom"
						},
						"3.0417": {
							"post": [80.65, 0, 0],
							"lerp_mode": "catmullrom"
						},
						"3.1667": {
							"post": [80.5, 0, 0],
							"lerp_mode": "catmullrom"
						},
						"3.25": {
							"post": [80.65, 0, 0],
							"lerp_mode": "catmullrom"
						},
						"3.375": {
							"post": [81.09, 0, 0],
							"lerp_mode": "catmullrom"
						},
						"3.4583": {
							"post": [81.73, 0, 0],
							"lerp_mode": "catmullrom"
						},
						"3.5417": {
							"post": [82.5, 0, 0],
							"lerp_mode": "catmullrom"
						},
						"3.6667": {
							"post": [83.27, 0, 0],
							"lerp_mode": "catmullrom"
						},
						"3.75": {
							"post": [83.91, 0, 0],
							"lerp_mode": "catmullrom"
						},
						"3.875": {
							"post": [84.35, 0, 0],
							"lerp_mode": "catmullrom"
						},
						"3.9583": {
							"post": [84.5, 0, 0],
							"lerp_mode": "catmullrom"
						},
						"4.0417": {
							"post": [84.35, 0, 0],
							"lerp_mode": "catmullrom"
						},
						"4.1667": {
							"post": [83.91, 0, 0],
							"lerp_mode": "catmullrom"
						},
						"4.25": {
							"post": [83.27, 0, 0],
							"lerp_mode": "catmullrom"
						},
						"4.375": {
							"post": [82.5, 0, 0],
							"lerp_mode": "catmullrom"
						},
						"4.4583": {
							"post": [81.73, 0, 0],
							"lerp_mode": "catmullrom"
						},
						"4.5417": {
							"post": [81.09, 0, 0],
							"lerp_mode": "catmullrom"
						},
						"4.6667": {
							"post": [80.65, 0, 0],
							"lerp_mode": "catmullrom"
						},
						"4.75": {
							"post": [80.5, 0, 0],
							"lerp_mode": "catmullrom"
						}
					}
				},
				"AllBody": {
					"position": [0, -14, -2]
				},
				"Head": {
					"rotation": {
						"0.0": {
							"post": [8.93, 0, 0],
							"lerp_mode": "catmullrom"
						},
						"0.2917": {
							"post": [7.05, -0.4, 1],
							"lerp_mode": "catmullrom"
						},
						"0.5": {
							"post": [11.55, -0.4, -0.8],
							"lerp_mode": "catmullrom"
						},
						"0.7917": {
							"post": [10.8, 0.5, -1.1],
							"lerp_mode": "catmullrom"
						},
						"0.9583": {
							"post": [7.05, 1.3, -0.9],
							"lerp_mode": "catmullrom"
						},
						"1.2917": {
							"post": [7.05, 1.6, 0.4],
							"lerp_mode": "catmullrom"
						},
						"1.5417": {
							"post": [11.55, -0.6, 0.9],
							"lerp_mode": "catmullrom"
						},
						"1.7083": {
							"post": [10.8, -0.8, -0.7],
							"lerp_mode": "catmullrom"
						},
						"1.875": {
							"post": [7.05, -0.6, -0.6],
							"lerp_mode": "catmullrom"
						},
						"2.0833": {
							"post": [11.55, -1.6, 0.9],
							"lerp_mode": "catmullrom"
						},
						"2.375": {
							"post": [10.8, -1.8, 1.6],
							"lerp_mode": "catmullrom"
						},
						"2.5417": {
							"post": [7.05, 0.9, 1.3],
							"lerp_mode": "catmullrom"
						},
						"2.875": {
							"post": [10.8, 1.8, 0.6],
							"lerp_mode": "catmullrom"
						},
						"3.0417": {
							"post": [7.05, 0.6, -0.5],
							"lerp_mode": "catmullrom"
						},
						"3.25": {
							"post": [11.55, 0, -1.5],
							"lerp_mode": "catmullrom"
						},
						"3.5417": {
							"post": [10.8, -0.8, -1.4],
							"lerp_mode": "catmullrom"
						},
						"3.7083": {
							"post": [7.05, 0.3, -0.7],
							"lerp_mode": "catmullrom"
						},
						"4.0417": {
							"post": [7.05, 0, 0.8],
							"lerp_mode": "catmullrom"
						},
						"4.2917": {
							"post": [11.55, -0.7, -0.3],
							"lerp_mode": "catmullrom"
						},
						"4.75": {
							"post": [8.93, 0, 0],
							"lerp_mode": "catmullrom"
						}
					}
				},
				"UpperBody": {
					"rotation": [-7.5, 0, 0]
				}
			}
		},
		"picnic": {
			"loop": true,
			"bones": {
				"UpBody": {
					"rotation": [15, 0, 0],
					"position": [0, 0, 0]
				},
				"LeftArm": {
					"rotation": [-24.04206, 5.56275, -5.43548],
					"position": [0, 0, 0]
				},
				"LeftForeArm": {
					"rotation": [-55.80943, 31.6193, 3.0556],
					"position": [0.5, 0, 0]
				},
				"RightArm": {
					"rotation": [-1.80721, -44.65951, 9.56623],
					"position": [0, 0, 0]
				},
				"RightForeArm": {
					"rotation": [-74.5, 0, 0],
					"position": [0, 0, 0]
				},
				"LeftLeg": {
					"rotation": [-140.45694, -13.84064, 79.71757],
					"position": [0, 0, 0]
				},
				"LeftLowerLeg": {
					"rotation": [113.93129, -8.27756, -8.69684],
					"position": [0, 0, 0]
				},
				"LeftFoot": {
					"rotation": [37.5, 0, 0],
					"position": [0, 0, 0]
				},
				"RightLeg": {
					"rotation": [-139.71796, 8.42811, -88.0261],
					"position": [0, 0, 0]
				},
				"RightLowerLeg": {
					"rotation": [122.8976, -0.96154, -6.36007],
					"position": [0, 0, 0]
				},
				"RightFoot": {
					"rotation": [55, 0, 0],
					"position": [0, 0, 0]
				},
				"AllBody": {
					"rotation": [0, 0, 0],
					"position": [0, 0, 0],
					"scale": 1
				},
				"AllHead": {
					"rotation": [0, 0, 0],
					"position": [0, 0, 0]
				},
				"Head": {
					"rotation": [0, 0, 0],
					"position": [0, 0, 0]
				},
				"LongHair": {
					"rotation": [12.5, 0, 0]
				},
				"UpperBody": {
					"rotation": [0, 0, 0]
				},
				"LeftHand": {
					"rotation": [0, -85, 15]
				},
				"RightHand": {
					"rotation": [0, 85, -15]
				},
				"Root": {
					"rotation": [-5, 0, 0],
					"position": [0, -12.5625, 5],
					"scale": 1
				},
				"BSJJK": {
					"rotation": [7.94211, 16.85395, 38.50141],
					"position": [0, 0.4375, -0.0625],
					"scale": [1, 1, 1.0625]
				},
				"FRightJK": {
					"rotation": [0, 36, 0],
					"position": [0, 0, 0.375]
				},
				"DownRightJK": {
					"position": [0, 0.75, 0.125]
				},
				"DRJJK": {
					"rotation": [-83.10531, -1.21261, 9.92695]
				},
				"DownRighSidejk": {
					"position": [0, 1.25, 0]
				},
				"DRSJK": {
					"rotation": [-66.17125, -5.51571, 47.69219]
				},
				"SideRightJK": {
					"position": [0, 0.0625, 0]
				},
				"srjjk": {
					"rotation": [0, 13, 70],
					"position": [-0.1875, 1.0625, 0],
					"scale": [1, 1, 1.1]
				},
				"BLJJK": {
					"rotation": [2.73819, -16.78446, -44.40404],
					"position": [0, 0.375, -0.125],
					"scale": [1, 1, 1.2125]
				},
				"SideLeftJK": {
					"position": [0, 0.4375, 0]
				},
				"SLJJK": {
					"rotation": [-4.06517, -12.98764, -64.64251],
					"position": [0.0625, 1, 0],
					"scale": [1, 1, 1.08125]
				},
				"FLeftJK": {
					"rotation": [0, -29, 0]
				},
				"DownLeftSidejk": {
					"position": [0, 1.3125, 0]
				},
				"DLSJK": {
					"rotation": [-59.24717, 2.59314, -50.11244]
				},
				"DownLeftJK": {
					"position": [0, 0.75, 0]
				},
				"DDLJK": {
					"rotation": [-92, 0, 0]
				},
				"LRM": {
					"rotation": [0, 13, 0]
				},
				"LFM": {
					"rotation": [0, -9, 0],
					"position": [-0.125, 0, 0]
				},
				"FronyTS": {
					"rotation": [-45, 0, 0],
					"position": [0, 0.1875, -0.3125]
				},
				"BackTS": {
					"rotation": [12, 0, 0]
				},
				"Frontmiddle": {
					"rotation": [-83, 0, 0],
					"position": [0, 0.4375, 0]
				},
				"FrontS5": {
					"rotation": [16, -18, 12],
					"position": [0, 0, -0.375],
					"scale": [1, 1.1625, 1]
				},
				"FrontS4": {
					"rotation": [10.17753, 23.57898, 4.62109],
					"position": [0.125, 0, 0],
					"scale": [1.31875, 1.13125, 1]
				},
				"FrontS3": {
					"rotation": [18.42719, 7.48136, 4.04219],
					"position": [0, 0, -0.25],
					"scale": [1.325, 1.1625, 1]
				},
				"FrontS2": {
					"rotation": [17.01768, -4.77847, 3.73863],
					"position": [0, 0, -0.1875],
					"scale": [1.325, 1.13125, 1]
				},
				"FrontS1": {
					"rotation": [19.14118, -9.69783, 11.71026],
					"position": [0, 0, -0.3125],
					"scale": [1.7375, 1.16875, 1]
				},
				"Bm1": {
					"rotation": [0, 0, 7],
					"scale": [1.43125, 1, 1]
				},
				"Bm2": {
					"rotation": [0, 0, 2],
					"scale": [1.33125, 1, 1]
				},
				"Bm3": {
					"rotation": [0, 0, -1],
					"scale": [1.48125, 1, 1]
				},
				"left5": {
					"rotation": [11.05699, -32.3519, -62.44055],
					"position": [0, -0.375, 0],
					"scale": [1, 0.7875, 1]
				},
				"left4": {
					"rotation": [1.01485, -31.96592, -65.57756],
					"position": [0, -0.125, 0.1875],
					"scale": [1, 0.8, 1.5875]
				},
				"left3": {
					"rotation": [-0.97422, -17.97449, -74.84592],
					"position": [0, 0, 0.25],
					"scale": [0.80625, 0.75625, 1.0875]
				},
				"left2": {
					"rotation": [-12, 0, -78],
					"position": [0, 0, 0.625],
					"scale": [1, 0.78125, 1.74375]
				},
				"Left1": {
					"rotation": [-17, 0, -77],
					"position": [0, 0, 0.4375],
					"scale": [1, 0.75, 1]
				},
				"RightS1": {
					"rotation": [-5, 0, 71],
					"scale": [1, 0.725, 1.11875]
				},
				"RightS2": {
					"rotation": [-2.4253, 16.09466, 70.57877],
					"position": [0, -0.75, 0],
					"scale": [1, 0.725, 1]
				},
				"RightS3": {
					"rotation": [0.04849, 11.96381, 65.95708],
					"scale": [1, 0.7875, 1]
				},
				"RightS4": {
					"rotation": [-6.18104, 29.76981, 61.28845],
					"position": [0, -0.6875, 0],
					"scale": [1, 0.74375, 1]
				},
				"RightS5": {
					"rotation": [7.03774, 27.02916, 60.98299],
					"position": [0, -0.4375, 0],
					"scale": [0.95, 0.8375, 1]
				},
				"BR6": {
					"rotation": [1.9997, -0.0349, 11.99939]
				},
				"BR5": {
					"rotation": [5.99184, -0.31344, 24.9836],
					"scale": [2.54375, 1, 1]
				},
				"BR4": {
					"rotation": [5.41721, -2.34503, 27.90955],
					"scale": [1, 0.98125, 1]
				},
				"BR3": {
					"rotation": [8.3278, -15.26407, 35.13367],
					"position": [0.0625, -0.1875, 0],
					"scale": [2.58125, 0.9, 1]
				},
				"BR2": {
					"rotation": [4.10026, 4.98595, 41.70402],
					"scale": [1.1375, 0.91875, 1]
				},
				"BR1": {
					"rotation": [8.47958, 38.51797, 56.98502],
					"scale": [1, 0.9, 1.06875]
				},
				"BLJ": {
					"rotation": [14.7801, -43.40993, -51.51587],
					"scale": [1, 0.7875, 1.2]
				},
				"BL6": {
					"rotation": [4, 0, -5],
					"scale": [1, 0.975, 1]
				},
				"BL5": {
					"rotation": [6, 0, -12],
					"scale": [2.375, 0.95625, 1]
				},
				"BL4": {
					"rotation": [7, 0, -18],
					"scale": [0.95625, 0.975, 1]
				},
				"BL3": {
					"rotation": [12.15772, 16.4625, -23.20191],
					"position": [-0.125, 0, 0],
					"scale": [2.45625, 0.8375, 0.89375]
				},
				"BL2": {
					"rotation": [9.16127, -15.82659, -35.33022],
					"scale": [1, 0.825, 1]
				},
				"Frontright": {
					"rotation": [-61.61787, 42.54815, 16.29743],
					"position": [0, 0.3125, 0]
				},
				"FR1": {
					"rotation": [0, 0, -15],
					"position": [-0.4375, 0, 0],
					"scale": [2.00625, 0.95625, 1]
				},
				"FR2": {
					"rotation": [0, 0, -7],
					"scale": [1.13125, 1, 1]
				},
				"FR3": {
					"rotation": [0, 0, -5],
					"scale": [1.125, 1, 1]
				},
				"FR5": {
					"rotation": [-1.11756, -41.23775, 9.29094]
				},
				"Frontleft": {
					"rotation": [-86.33843, -42.96074, 2.86171]
				},
				"FL5": {
					"rotation": [14.10561, 12.15477, 42.32833],
					"position": [0.375, 0, -0.1875],
					"scale": [1, 1.05625, 1]
				},
				"FL4": {
					"rotation": [9.48972, 19.34907, 35.89889],
					"position": [-0.4375, 0, 0.0625],
					"scale": [3.6875, 0.93125, 1]
				},
				"FL3": {
					"rotation": [1.9997, -0.0349, 6.99939],
					"position": [0, 0, -0.25],
					"scale": [2.4125, 1.0625, 1]
				},
				"FL2": {
					"rotation": [4.24208, 62.21339, -4.25148],
					"position": [0, 0, -0.5],
					"scale": [1, 1, 1.325]
				},
				"FL1": {
					"rotation": [5.82665, 8.49077, 25.82665],
					"position": [0, 0, -0.0625],
					"scale": [1.5375, 1, 1]
				},
				"FL0": {
					"rotation": [0, 36, 0],
					"position": [0, 0, -0.25],
					"scale": [1, 1.15, 1]
				},
				"Leg": {
					"position": [0, -0.5, 0]
				}
			}
		},
		"game_win": {
			"loop": true,
			"animation_length": 100,
			"bones": {
				"Root": {
					"scale": {
						"1.0": {
							"pre": [1, 1, 1],
							"post": [1, 1, 1],
							"lerp_mode": "catmullrom"
						},
						"5.0": {
							"post": [1, 1, 1],
							"lerp_mode": "catmullrom"
						}
					}
				},
				"AllBody": {
					"position": {
						"1.0": {
							"pre": [0, -13, 0],
							"post": [0, -13, 0],
							"lerp_mode": "catmullrom"
						},
						"5.0": {
							"post": [0, -13, 0],
							"lerp_mode": "catmullrom"
						}
					}
				},
				"UpBody": {
					"rotation": {
						"1.0": {
							"pre": [10, 0, 0],
							"post": [10, 0, 0],
							"lerp_mode": "catmullrom"
						},
						"1.2917": {
							"post": [5, 0, 0],
							"lerp_mode": "catmullrom"
						},
						"1.5417": {
							"post": [5, 0, 0],
							"lerp_mode": "catmullrom"
						},
						"1.8333": {
							"post": [5, 0, 0],
							"lerp_mode": "catmullrom"
						},
						"2.0": {
							"post": [5, 0, 0],
							"lerp_mode": "catmullrom"
						},
						"2.5": {
							"post": [5, 0, 0],
							"lerp_mode": "catmullrom"
						},
						"3.0": {
							"post": [5, 0, 0],
							"lerp_mode": "catmullrom"
						},
						"4.0": {
							"post": [5, 0, 0],
							"lerp_mode": "catmullrom"
						},
						"5.0": {
							"post": [10, 0, 0],
							"lerp_mode": "catmullrom"
						}
					}
				},
				"UpperBody": {
					"rotation": {
						"1.0": {
							"pre": [-4.5, 0, 0],
							"post": [-4.5, 0, 0],
							"lerp_mode": "catmullrom"
						},
						"1.2917": {
							"post": [-5, 0, 0],
							"lerp_mode": "catmullrom"
						},
						"1.5417": {
							"post": [-5, 0, 0],
							"lerp_mode": "catmullrom"
						},
						"1.8333": {
							"post": [-5, 0, 0],
							"lerp_mode": "catmullrom"
						},
						"2.0": {
							"post": [-5, 0, 0],
							"lerp_mode": "catmullrom"
						},
						"2.5": {
							"post": [-5, 0, 0],
							"lerp_mode": "catmullrom"
						},
						"3.0": {
							"post": [-5, 0, 0],
							"lerp_mode": "catmullrom"
						},
						"4.0": {
							"post": [-5, 0, 0],
							"lerp_mode": "catmullrom"
						},
						"5.0": {
							"post": [-4.5, 0, 0],
							"lerp_mode": "catmullrom"
						}
					}
				},
				"AllHead": {
					"rotation": {
						"1.0": {
							"pre": [0, 0, 0],
							"post": [0, 0, 0],
							"lerp_mode": "catmullrom"
						},
						"5.0": {
							"post": [0, 0, 0],
							"lerp_mode": "catmullrom"
						}
					}
				},
				"Head": {
					"rotation": {
						"1.0": {
							"pre": [-0.86603, 0, 0],
							"post": [-0.86603, 0, 0],
							"lerp_mode": "catmullrom"
						},
						"1.2917": {
							"post": [4.13, 0, 0],
							"lerp_mode": "catmullrom"
						},
						"1.8333": {
							"post": [-1.11, 0, 0],
							"lerp_mode": "catmullrom"
						},
						"2.0": {
							"post": [1.27, 0, 0],
							"lerp_mode": "catmullrom"
						},
						"2.1667": {
							"post": [-1.11, 0, 0],
							"lerp_mode": "catmullrom"
						},
						"5.0": {
							"post": [-0.86603, 0, 0],
							"lerp_mode": "catmullrom"
						}
					}
				},
				"LeftArm": {
					"rotation": {
						"1.0": {
							"pre": [-26.00448, 15.41426, 17.54417],
							"post": [-26.00448, 15.41426, 17.54417],
							"lerp_mode": "catmullrom"
						},
						"1.2917": {
							"post": [0, 0, -30],
							"lerp_mode": "catmullrom"
						},
						"1.5417": {
							"post": [0, 0, -45],
							"lerp_mode": "catmullrom"
						},
						"1.8333": {
							"post": [0, 0, -45],
							"lerp_mode": "catmullrom"
						},
						"2.0": {
							"post": [0, 0, -30],
							"lerp_mode": "catmullrom"
						},
						"2.5": {
							"post": [0, 0, -30],
							"lerp_mode": "catmullrom"
						},
						"3.0": {
							"post": [0, 0, -30],
							"lerp_mode": "catmullrom"
						},
						"4.0": {
							"post": [0, 0, -30],
							"lerp_mode": "catmullrom"
						},
						"5.0": {
							"post": [-26.00448, 15.41426, 17.54417],
							"lerp_mode": "catmullrom"
						}
					}
				},
				"LeftForeArm": {
					"rotation": {
						"1.0": {
							"pre": [-45.10922, 82.93343, -19.89078],
							"post": [-45.10922, 82.93343, -19.89078],
							"lerp_mode": "catmullrom"
						},
						"1.2917": {
							"post": [-148.58031, 76.1838, -87.88096],
							"lerp_mode": "catmullrom"
						},
						"1.5417": {
							"post": [0, 90, 105],
							"lerp_mode": "catmullrom"
						},
						"1.8333": {
							"post": [0, 90, 105],
							"lerp_mode": "catmullrom"
						},
						"2.0": {
							"post": [0, 90, 105],
							"lerp_mode": "catmullrom"
						},
						"2.5": {
							"post": [0, 90, 105],
							"lerp_mode": "catmullrom"
						},
						"3.0": {
							"post": [0, 90, 105],
							"lerp_mode": "catmullrom"
						},
						"4.0": {
							"post": [0, 90, 105],
							"lerp_mode": "catmullrom"
						},
						"4.5": {
							"post": [-62.76959, 56.02352, -36.79189],
							"lerp_mode": "catmullrom"
						},
						"5.0": {
							"post": [-45.10922, 82.93343, -19.89078],
							"lerp_mode": "catmullrom"
						}
					}
				},
				"RightArm": {
					"rotation": {
						"1.0": {
							"pre": [-26.00448, -15.41426, -17.54417],
							"post": [-26.00448, -15.41426, -17.54417],
							"lerp_mode": "catmullrom"
						},
						"1.2917": {
							"post": [0, 0, 30],
							"lerp_mode": "catmullrom"
						},
						"1.5417": {
							"post": [0, 0, 45],
							"lerp_mode": "catmullrom"
						},
						"1.8333": {
							"post": [0, 0, 45],
							"lerp_mode": "catmullrom"
						},
						"2.0": {
							"post": [0, 0, 30],
							"lerp_mode": "catmullrom"
						},
						"2.5": {
							"post": [0, 0, 30],
							"lerp_mode": "catmullrom"
						},
						"3.0": {
							"post": [0, 0, 30],
							"lerp_mode": "catmullrom"
						},
						"4.0": {
							"post": [0, 0, 30],
							"lerp_mode": "catmullrom"
						},
						"5.0": {
							"post": [-26.00448, -15.41426, -17.54417],
							"lerp_mode": "catmullrom"
						}
					}
				},
				"RightForeArm": {
					"rotation": {
						"1.0": {
							"pre": [-113.28031, -76.1838, 87.88096],
							"post": [-113.28031, -76.1838, 87.88096],
							"lerp_mode": "catmullrom"
						},
						"1.2917": {
							"post": [-148.58031, -76.1838, 87.88096],
							"lerp_mode": "catmullrom"
						},
						"1.5417": {
							"post": [0, -90, -105],
							"lerp_mode": "catmullrom"
						},
						"1.8333": {
							"post": [0, -90, -105],
							"lerp_mode": "catmullrom"
						},
						"2.0": {
							"post": [0, -90, -105],
							"lerp_mode": "catmullrom"
						},
						"2.5": {
							"post": [0, -90, -105],
							"lerp_mode": "catmullrom"
						},
						"3.0": {
							"post": [0, -90, -105],
							"lerp_mode": "catmullrom"
						},
						"4.0": {
							"post": [0, -90, -105],
							"lerp_mode": "catmullrom"
						},
						"4.5": {
							"post": [-62.76959, -56.02352, 36.79189],
							"lerp_mode": "catmullrom"
						},
						"5.0": {
							"post": [-113.28031, -76.1838, 87.88096],
							"lerp_mode": "catmullrom"
						}
					}
				},
				"LeftLeg": {
					"rotation": {
						"1.0": {
							"pre": [-50.32548, 0, 0],
							"post": [-50.32548, 0, 0],
							"lerp_mode": "catmullrom"
						},
						"5.0": {
							"post": [-50.32548, 0, 0],
							"lerp_mode": "catmullrom"
						}
					}
				},
				"LeftLowerLeg": {
					"rotation": {
						"1.0": {
							"pre": [145, 0, 0],
							"post": [145, 0, 0],
							"lerp_mode": "catmullrom"
						},
						"5.0": {
							"post": [145, 0, 0],
							"lerp_mode": "catmullrom"
						}
					}
				},
				"LeftFoot": {
					"rotation": {
						"1.0": {
							"pre": [37.5, 0, 0],
							"post": [37.5, 0, 0],
							"lerp_mode": "catmullrom"
						},
						"5.0": {
							"post": [37.5, 0, 0],
							"lerp_mode": "catmullrom"
						}
					}
				},
				"RightLeg": {
					"rotation": {
						"1.0": {
							"pre": [-50.32548, 0, 0],
							"post": [-50.32548, 0, 0],
							"lerp_mode": "catmullrom"
						},
						"5.0": {
							"post": [-50.32548, 0, 0],
							"lerp_mode": "catmullrom"
						}
					}
				},
				"RightLowerLeg": {
					"rotation": {
						"1.0": {
							"pre": [145, 0, 0],
							"post": [145, 0, 0],
							"lerp_mode": "catmullrom"
						},
						"5.0": {
							"post": [145, 0, 0],
							"lerp_mode": "catmullrom"
						}
					}
				},
				"RightFoot": {
					"rotation": {
						"1.0": {
							"pre": [37.5, 0, 0],
							"post": [37.5, 0, 0],
							"lerp_mode": "catmullrom"
						},
						"5.0": {
							"post": [37.5, 0, 0],
							"lerp_mode": "catmullrom"
						}
					}
				},
				"Skirt": {
					"rotation": {
						"1.0": {
							"pre": [-32.5, 0, 0],
							"post": [-32.5, 0, 0],
							"lerp_mode": "catmullrom"
						},
						"5.0": {
							"post": [-32.5, 0, 0],
							"lerp_mode": "catmullrom"
						}
					}
				},
				"BackSkirt": {
					"rotation": {
						"1.0": {
							"pre": [37.5, 0, 0],
							"post": [37.5, 0, 0],
							"lerp_mode": "catmullrom"
						},
						"5.0": {
							"post": [37.5, 0, 0],
							"lerp_mode": "catmullrom"
						}
					}
				}
			}
		},
		"game_lost": {
			"loop": true,
			"animation_length": 100,
			"bones": {
				"Root": {
					"scale": {
						"1.0": {
							"pre": [1, 1, 1],
							"post": [1, 1, 1],
							"lerp_mode": "catmullrom"
						},
						"4.5417": {
							"post": [1, 1, 1],
							"lerp_mode": "catmullrom"
						}
					}
				},
				"AllBody": {
					"position": {
						"1.0": {
							"pre": [0, -13, 0],
							"post": [0, -13, 0],
							"lerp_mode": "catmullrom"
						},
						"4.5417": {
							"post": [0, -13, 0],
							"lerp_mode": "catmullrom"
						}
					}
				},
				"UpBody": {
					"rotation": {
						"1.0": {
							"pre": [10, 0, 0],
							"post": [10, 0, 0],
							"lerp_mode": "catmullrom"
						},
						"1.4583": {
							"post": [10, 0, 0],
							"lerp_mode": "catmullrom"
						},
						"2.0": {
							"post": [22.5, 0, 0],
							"lerp_mode": "catmullrom"
						},
						"3.0": {
							"post": [22.5, 0, 0],
							"lerp_mode": "catmullrom"
						},
						"4.5417": {
							"post": [10, 0, 0],
							"lerp_mode": "catmullrom"
						}
					}
				},
				"UpperBody": {
					"rotation": {
						"1.0": {
							"pre": [-4.5, 0, 0],
							"post": [-4.5, 0, 0],
							"lerp_mode": "catmullrom"
						},
						"1.5417": {
							"post": [-7, 0, 0],
							"lerp_mode": "catmullrom"
						},
						"2.0": {
							"post": [7.85, 0, 0],
							"lerp_mode": "catmullrom"
						},
						"3.0": {
							"post": [7.85, 0, 0],
							"lerp_mode": "catmullrom"
						},
						"4.5417": {
							"post": [-4.5, 0, 0],
							"lerp_mode": "catmullrom"
						}
					}
				},
				"AllHead": {
					"rotation": {
						"1.0": {
							"pre": [0, 0, 0],
							"post": [0, 0, 0],
							"lerp_mode": "catmullrom"
						},
						"4.5417": {
							"post": [0, 0, 0],
							"lerp_mode": "catmullrom"
						}
					}
				},
				"Head": {
					"rotation": {
						"1.0": {
							"pre": [-0.86603, 0, 0],
							"post": [-0.86603, 0, 0],
							"lerp_mode": "catmullrom"
						},
						"1.5417": {
							"post": [-5, 0, 0],
							"lerp_mode": "catmullrom"
						},
						"2.125": {
							"post": [8, 0, 0],
							"lerp_mode": "catmullrom"
						},
						"3.0": {
							"post": [10.5, 0, 0],
							"lerp_mode": "catmullrom"
						},
						"4.5417": {
							"post": [-0.86603, 0, 0],
							"lerp_mode": "catmullrom"
						}
					}
				},
				"LeftArm": {
					"rotation": {
						"1.0": {
							"pre": [-26.00448, 15.41426, 17.54417],
							"post": [-26.00448, 15.41426, 17.54417],
							"lerp_mode": "catmullrom"
						},
						"1.5417": {
							"post": [-26, 15.41, 17.54],
							"lerp_mode": "catmullrom"
						},
						"2.0": {
							"post": [-27.52162, -29.78811, 11.14254],
							"lerp_mode": "catmullrom"
						},
						"3.0": {
							"post": [-27.52162, -29.78811, 11.14254],
							"lerp_mode": "catmullrom"
						},
						"4.5417": {
							"post": [-26.00448, 15.41426, 17.54417],
							"lerp_mode": "catmullrom"
						}
					}
				},
				"LeftForeArm": {
					"rotation": {
						"1.0": {
							"pre": [-45.10922, 82.93343, -19.89078],
							"post": [-45.10922, 82.93343, -19.89078],
							"lerp_mode": "catmullrom"
						},
						"1.5417": {
							"post": [-45.10922, 82.93343, -19.89078],
							"lerp_mode": "catmullrom"
						},
						"2.0": {
							"post": [-182.91562, 79.25234, -120.71726],
							"lerp_mode": "catmullrom"
						},
						"3.0": {
							"post": [-182.91562, 79.25234, -120.71726],
							"lerp_mode": "catmullrom"
						},
						"4.5417": {
							"post": [-45.10922, 82.93343, -19.89078],
							"lerp_mode": "catmullrom"
						}
					}
				},
				"RightArm": {
					"rotation": {
						"1.0": {
							"pre": [-26.00448, -15.41426, -17.54417],
							"post": [-26.00448, -15.41426, -17.54417],
							"lerp_mode": "catmullrom"
						},
						"1.5417": {
							"post": [-26, -15.41, -17.54],
							"lerp_mode": "catmullrom"
						},
						"2.0": {
							"post": [-27.52162, 29.78811, -11.14254],
							"lerp_mode": "catmullrom"
						},
						"3.0": {
							"post": [-27.52162, 29.78811, -11.14254],
							"lerp_mode": "catmullrom"
						},
						"4.5417": {
							"post": [-26.00448, -15.41426, -17.54417],
							"lerp_mode": "catmullrom"
						}
					}
				},
				"RightForeArm": {
					"rotation": {
						"1.0": {
							"pre": [-113.28031, -76.1838, 87.88096],
							"post": [-113.28031, -76.1838, 87.88096],
							"lerp_mode": "catmullrom"
						},
						"1.5417": {
							"post": [-113.28, -76.18, 87.88],
							"lerp_mode": "catmullrom"
						},
						"2.0": {
							"post": [-182.91562, -79.25234, 120.71726],
							"lerp_mode": "catmullrom"
						},
						"3.0": {
							"post": [-182.91562, -79.25234, 120.71726],
							"lerp_mode": "catmullrom"
						},
						"4.5417": {
							"post": [-113.28031, -76.1838, 87.88096],
							"lerp_mode": "catmullrom"
						}
					}
				},
				"LeftLeg": {
					"rotation": {
						"1.0": {
							"pre": [-50.32548, 0, 0],
							"post": [-50.32548, 0, 0],
							"lerp_mode": "catmullrom"
						},
						"4.5417": {
							"post": [-50.32548, 0, 0],
							"lerp_mode": "catmullrom"
						}
					}
				},
				"LeftLowerLeg": {
					"rotation": {
						"1.0": {
							"pre": [145, 0, 0],
							"post": [145, 0, 0],
							"lerp_mode": "catmullrom"
						},
						"4.5417": {
							"post": [145, 0, 0],
							"lerp_mode": "catmullrom"
						}
					}
				},
				"LeftFoot": {
					"rotation": {
						"1.0": {
							"pre": [37.5, 0, 0],
							"post": [37.5, 0, 0],
							"lerp_mode": "catmullrom"
						},
						"4.5417": {
							"post": [37.5, 0, 0],
							"lerp_mode": "catmullrom"
						}
					}
				},
				"RightLeg": {
					"rotation": {
						"1.0": {
							"pre": [-50.32548, 0, 0],
							"post": [-50.32548, 0, 0],
							"lerp_mode": "catmullrom"
						},
						"4.5417": {
							"post": [-50.32548, 0, 0],
							"lerp_mode": "catmullrom"
						}
					}
				},
				"RightLowerLeg": {
					"rotation": {
						"1.0": {
							"pre": [145, 0, 0],
							"post": [145, 0, 0],
							"lerp_mode": "catmullrom"
						},
						"4.5417": {
							"post": [145, 0, 0],
							"lerp_mode": "catmullrom"
						}
					}
				},
				"RightFoot": {
					"rotation": {
						"1.0": {
							"pre": [37.5, 0, 0],
							"post": [37.5, 0, 0],
							"lerp_mode": "catmullrom"
						},
						"4.5417": {
							"post": [37.5, 0, 0],
							"lerp_mode": "catmullrom"
						}
					}
				},
				"Skirt": {
					"rotation": {
						"1.0": {
							"pre": [-32.5, 0, 0],
							"post": [-32.5, 0, 0],
							"lerp_mode": "catmullrom"
						},
						"4.5417": {
							"post": [-32.5, 0, 0],
							"lerp_mode": "catmullrom"
						}
					}
				},
				"BackSkirt": {
					"rotation": {
						"1.0": {
							"pre": [37.5, 0, 0],
							"post": [37.5, 0, 0],
							"lerp_mode": "catmullrom"
						},
						"4.5417": {
							"post": [37.5, 0, 0],
							"lerp_mode": "catmullrom"
						}
					}
				}
			}
		},
		"broom": {
			"loop": true,
			"bones": {
				"Root": {
					"rotation": [0, 90, 0]
				},
				"AllBody": {
					"rotation": [0, 20, 0],
					"position": [0, -5, 0]
				},
				"UpperBody": {
					"rotation": [0, -10, 0]
				},
				"LeftArm": {
					"rotation": ["14+math.sin(160+q.anim_time*240)*1", -17, "-2.6+math.sin(90+q.anim_time*240)*1"]
				},
				"LeftForeArm": {
					"rotation": ["-22.5+math.sin(60+q.anim_time*240)*1", 0, 0]
				},
				"RightArm": {
					"rotation": ["7.-math.sin(160+q.anim_time*240)*0.5", -17, "8-math.sin(90+q.anim_time*240)*0.5"]
				},
				"RightForeArm": {
					"rotation": [-35, 0, 0]
				},
				"AllHead": {
					"rotation": [0, 0, 0]
				},
				"MHead": {
					"rotation": [0, 0, 0]
				},
				"Head": {
					"rotation": [12.54092, -69.7716, -9.35595]
				},
				"FrontSkirt": {
					"rotation": [0, 0, 0]
				},
				"LeftLeg": {
					"rotation": ["-58.4586+math.sin(80+q.anim_time*240)*1", 13.66758, -3.58877]
				},
				"LeftLowerLeg": {
					"rotation": ["62.5+math.sin(-40+q.anim_time*240)*3", 0, 0]
				},
				"LeftFoot": {
					"rotation": ["12.5+math.sin(-90+q.anim_time*240)*2", 0, 0]
				},
				"RightLeg": {
					"rotation": ["-70.348+math.sin(60+q.anim_time*240)*1", 9.01838, -10.02344]
				},
				"RightLowerLeg": {
					"rotation": ["102.5+math.sin(-60+q.anim_time*240)*2", 0, 0]
				},
				"RightFoot": {
					"rotation": ["20+math.sin(-90+q.anim_time*240)*2", 0, 0]
				}
			}
		},
		"statue": {
			"loop": true,
			"bones": {
				"UpBody": {
					"rotation": [0, 0, 0]
				},
				"UpperBody": {
					"rotation": [0, 0, 5]
				},
				"LeftArm": {
					"rotation": [18.41527, -19.291, -5.38152]
				},
				"LeftForeArm": {
					"rotation": [-123.59292, 10.24416, 25.63257]
				},
				"RightArm": {
					"rotation": [-150, 10, -30]
				},
				"RightForeArm": {
					"rotation": [0, 0, 0]
				},
				"RightHand": {
					"rotation": [43.03064, -0.41417, -10.5834]
				},
				"Head": {
					"rotation": [0, 0, -5]
				},
				"RightEyebrow": {
					"position": [0, 0, 0]
				},
				"LeftEyebrow": {
					"position": [0, 0, 0]
				},
				"LeftEyelid": {
					"scale": 1
				},
				"LeftEyelight": {
					"rotation": [0, 0, 0]
				},
				"RightEyelid": {
					"scale": 1
				},
				"RightEyelight": {
					"rotation": [0, 0, 0]
				},
				"DownBody": {
					"rotation": [0, -5, 0]
				},
				"LeftLeg": {
					"rotation": [5, 0, -2.5]
				},
				"LeftLowerLeg": {
					"rotation": [0, 0, 0]
				},
				"LeftFoot": {
					"rotation": [0, -5, 2.5]
				},
				"RightLeg": {
					"rotation": [-0.00954, 4.99523, 2.28135]
				},
				"RightLowerLeg": {
					"rotation": [0, 0, 0]
				},
				"RightFoot": {
					"rotation": [0, 5, -2.5]
				},
				"Eyebrow": {
					"position": [0, 0, 0]
				}
			}
		},
		"garage_kit": {
			"loop": true,
			"bones": {
				"AllBody": {
					"rotation": [0, 0, -5]
				},
				"UpBody": {
					"rotation": [5, 0, 0]
				},
				"UpperBody": {
					"rotation": [0, 0, 0]
				},
				"LeftArm": {
					"rotation": [-26.00251, -1.06466, -70.40109]
				},
				"LeftForeArm": {
					"rotation": [-135.68718, -72.39303, 44.31282]
				},
				"RightArm": {
					"rotation": [16.21349, 41.83885, 16.8725]
				},
				"RightForeArm": {
					"rotation": [-55, 0, 0]
				},
				"Head": {
					"rotation": [-5, -7.5, 12.5]
				},
				"Longhair": {
					"rotation": [0, 0, -7.5]
				},
				"RightEyebrow": {
					"position": [0, 0, 0]
				},
				"LeftEyebrow": {
					"position": [0, -1.2, 0]
				},
				"LeftEyelid": {
					"scale": 0
				},
				"RightEyelid": {
					"scale": 1
				},
				"RightEyelight": {
					"rotation": [0, 0, 0]
				},
				"LeftLeg": {
					"rotation": [5.32288, 7.27506, 0.01071]
				},
				"LeftLowerLeg": {
					"rotation": [0, 0, 0]
				},
				"LeftFoot": {
					"rotation": [-2.5, 0, 7.5]
				},
				"RightLeg": {
					"rotation": [-18.11432, -17.46046, 10.30451]
				},
				"RightLowerLeg": {
					"rotation": [45, 0, 0]
				},
				"RightFoot": {
					"rotation": [-7.5, 0, 0]
				}
			}
		},
		"use_mainhand:gohei": {
			"animation_length": 0.75,
			"bones": {
				"UpBody": {
					"rotation": {
						"0.0": {
							"post": [0, 0, 0],
							"lerp_mode": "catmullrom"
						},
						"0.25": {
							"post": [-2.3273, 24.89837, -5.51385],
							"lerp_mode": "catmullrom"
						},
						"0.3333": {
							"post": [5.12973, -28.60801, 0.22467],
							"lerp_mode": "catmullrom"
						},
						"0.5": {
							"post": [5.40682, -33.58693, -0.31131],
							"lerp_mode": "catmullrom"
						},
						"0.75": {
							"post": [0, 0, 0],
							"lerp_mode": "catmullrom"
						}
					},
					"position": {
						"0.0": {
							"post": [0, 0, 0],
							"lerp_mode": "catmullrom"
						},
						"0.75": {
							"post": [0, 0, 0],
							"lerp_mode": "catmullrom"
						}
					}
				},
				"UpperBody": {
					"rotation": {
						"0.0": {
							"post": [0, 0, 0],
							"lerp_mode": "catmullrom"
						},
						"0.25": {
							"post": [0.21865, 4.99523, 7.50954],
							"lerp_mode": "catmullrom"
						},
						"0.3333": {
							"post": [3.71143, -2.66427, -10.10343],
							"lerp_mode": "catmullrom"
						},
						"0.5": {
							"post": [8.7798, -7.60621, -10.8665],
							"lerp_mode": "catmullrom"
						},
						"0.75": {
							"post": [0, 0, 0],
							"lerp_mode": "catmullrom"
						}
					},
					"position": {
						"0.0": {
							"post": [0, 0, 0],
							"lerp_mode": "catmullrom"
						},
						"0.75": {
							"post": [0, 0, 0],
							"lerp_mode": "catmullrom"
						}
					}
				},
				"LeftArm": {
					"rotation": {
						"0.0": {
							"post": [0, 0, 0],
							"lerp_mode": "catmullrom"
						},
						"0.2083": {
							"post": [-38.32582, 17.08021, -6.78029],
							"lerp_mode": "catmullrom"
						},
						"0.375": {
							"post": [18.2429, -22.20053, -6.49536],
							"lerp_mode": "catmullrom"
						},
						"0.5833": {
							"post": [18.2429, -22.20053, -6.49536],
							"lerp_mode": "catmullrom"
						},
						"0.75": {
							"post": [0, 0, 0],
							"lerp_mode": "catmullrom"
						}
					},
					"position": {
						"0.0": {
							"post": [0, 0, 0],
							"lerp_mode": "catmullrom"
						},
						"0.75": {
							"post": [0, 0, 0],
							"lerp_mode": "catmullrom"
						}
					}
				},
				"LeftForeArm": {
					"rotation": {
						"0.0": {
							"post": [0, 0, 0],
							"lerp_mode": "catmullrom"
						},
						"0.2083": {
							"post": [-47.5, 0, 0],
							"lerp_mode": "catmullrom"
						},
						"0.375": {
							"post": [-25, 0, 0],
							"lerp_mode": "catmullrom"
						},
						"0.5833": {
							"post": [-25, 0, 0],
							"lerp_mode": "catmullrom"
						},
						"0.75": {
							"post": [0, 0, 0],
							"lerp_mode": "catmullrom"
						}
					}
				},
				"RightArm": {
					"rotation": {
						"0.0": {
							"post": [0, 0, 0],
							"lerp_mode": "catmullrom"
						},
						"0.2083": {
							"post": [-42.00691, 49.42886, -0.54733],
							"lerp_mode": "catmullrom"
						},
						"0.25": {
							"post": [-63.6591, 22.77192, -2.58607],
							"lerp_mode": "catmullrom"
						},
						"0.2917": {
							"post": [-54.56127, -1.83831, 5.95241],
							"lerp_mode": "catmullrom"
						},
						"0.3333": {
							"post": [-52.92598, -13.64311, -16.07804],
							"lerp_mode": "catmullrom"
						},
						"0.375": {
							"post": [-63.22637, -39.30832, 14.62132],
							"lerp_mode": "catmullrom"
						},
						"0.5417": {
							"post": [-77.47303, -42.8265, 29.0082],
							"lerp_mode": "catmullrom"
						},
						"0.625": {
							"post": [-56.76667, -36.04189, 33.19596],
							"lerp_mode": "catmullrom"
						},
						"0.75": {
							"post": [0, 0, 0],
							"lerp_mode": "catmullrom"
						}
					},
					"position": {
						"0.0": {
							"post": [0, 0, 0],
							"lerp_mode": "catmullrom"
						},
						"0.75": {
							"post": [0, 0, 0],
							"lerp_mode": "catmullrom"
						}
					}
				},
				"RightForeArm": {
					"rotation": {
						"0.0": {
							"post": [0, 0, 0],
							"lerp_mode": "catmullrom"
						},
						"0.2083": {
							"post": [-72.5, 0, 0],
							"lerp_mode": "catmullrom"
						},
						"0.25": {
							"post": [-27, 0, 0],
							"lerp_mode": "catmullrom"
						},
						"0.2917": {
							"post": [-18.28, 0, 0],
							"lerp_mode": "catmullrom"
						},
						"0.3333": {
							"post": [-32.66, 0, 0],
							"lerp_mode": "catmullrom"
						},
						"0.375": {
							"post": [-65, 0, 0],
							"lerp_mode": "catmullrom"
						},
						"0.5417": {
							"post": [-62.5, 0, 0],
							"lerp_mode": "catmullrom"
						},
						"0.625": {
							"post": [-53.82, 0, 0],
							"lerp_mode": "catmullrom"
						},
						"0.75": {
							"post": [0, 0, 0],
							"lerp_mode": "catmullrom"
						}
					},
					"position": {
						"0.0": {
							"post": [0, 0, 0],
							"lerp_mode": "catmullrom"
						},
						"0.75": {
							"post": [0, 0, 0],
							"lerp_mode": "catmullrom"
						}
					}
				},
				"RightHand": {
					"rotation": {
						"0.0": {
							"post": [0, 0, 0],
							"lerp_mode": "catmullrom"
						},
						"0.2083": {
							"post": [-84.57519, 63.19404, -67.35287],
							"lerp_mode": "catmullrom"
						},
						"0.2917": {
							"post": [165.34805, 56.52305, 162.10352],
							"lerp_mode": "catmullrom"
						},
						"0.375": {
							"post": [4.63596, 83.14531, -73.30905],
							"lerp_mode": "catmullrom"
						},
						"0.5417": {
							"post": [4.63596, 83.14531, -73.30905],
							"lerp_mode": "catmullrom"
						},
						"0.75": {
							"post": [0, 0, 0],
							"lerp_mode": "catmullrom"
						}
					},
					"position": {
						"0.0": {
							"post": [0, 0, 0],
							"lerp_mode": "catmullrom"
						},
						"0.75": {
							"post": [0, 0, 0],
							"lerp_mode": "catmullrom"
						}
					}
				},
				"AllHead": {
					"rotation": {
						"0.0": {
							"post": [0, 0, 0],
							"lerp_mode": "catmullrom"
						},
						"0.1667": {
							"post": [1.16524, -24.97457, -2.75806],
							"lerp_mode": "catmullrom"
						},
						"0.25": {
							"post": [0.84679, -26.79148, -1.41059],
							"lerp_mode": "catmullrom"
						},
						"0.2917": {
							"post": [-4.1172, -1.85588, 5.12846],
							"lerp_mode": "catmullrom"
						},
						"0.3333": {
							"post": [-9.02824, 32.59343, 5.50243],
							"lerp_mode": "catmullrom"
						},
						"0.4583": {
							"post": [-14.66773, 44.5057, -1.50858],
							"lerp_mode": "catmullrom"
						},
						"0.5833": {
							"post": [-10.23286, 29.92684, 3.07724],
							"lerp_mode": "catmullrom"
						},
						"0.75": {
							"post": [0, 0, 0],
							"lerp_mode": "catmullrom"
						}
					}
				}
			}
		},
		"hold_offhand$touhou_little_maid:picnic_basket": {
			"loop": true,
			"bones": {
				"LeftHandLocator": {
					"rotation": [0, 0, 10],
					"position": [0.95106, -0.30902, 0],
					"scale": 1.2
				}
			}
		},
		"chair$touhou_little_maid:moto": {
			"loop": true,
			"bones": {
				"AllBody": {
					"rotation": [25, 0, 0],
					"position": [0, -13, 0]
				},
				"UpBody": {
					"rotation": [-7.5, 0, 0]
				},
				"Head": {
					"rotation": [-20, 0, 0]
				},
				"LeftArm": {
					"rotation": [-30.98614, -27.88985, -45.65334]
				},
				"LeftForeArm": {
					"rotation": [-50, 0, 0]
				},
				"RightArm": {
					"rotation": [-30.98614, 27.88985, 45.65334]
				},
				"RightForeArm": {
					"rotation": [-50, 0, 0]
				},
				"LeftLeg": {
					"rotation": [-82.42144, -30.42978, -4.40775]
				},
				"LeftLowerLeg": {
					"rotation": [87.5, 0, 0]
				},
				"RightLeg": {
					"rotation": [-82.42144, 30.42978, 4.40775]
				},
				"RightLowerLeg": {
					"rotation": [87.5, 0, 0]
				}
			}
		}
	}
}