{
	"format_version": "1.12.0",
	"minecraft:geometry": [
		{
			"description": {
				"identifier": "geometry.unknown",
				"texture_width": 128,
				"texture_height": 128,
				"visible_bounds_width": 3,
				"visible_bounds_height": 4.5,
				"visible_bounds_offset": [0, 1.75, 0]
			},
			"bones": [
				{
					"name": "LeftArm",
					"pivot": [0.9, 29.775, 0],
					"cubes": [
						{
							"origin": [-0.05, 25.65, -2.0125],
							"size": [3.25, 5.3, 4.025],
							"uv": {
								"north": {"uv": [18, 58], "uv_size": [3.25, 5.25]},
								"east": {"uv": [54, 28], "uv_size": [4, 5.25]},
								"south": {"uv": [58, 20], "uv_size": [3.25, 5.25]},
								"west": {"uv": [54, 34], "uv_size": [4, 5.25]},
								"up": {"uv": [62, 30], "uv_size": [3.25, 4]},
								"down": {"uv": [62, 38], "uv_size": [3.25, -4]}
							}
						},
						{
							"origin": [-0.225, 24.375, -2.2625],
							"size": [3.7, 1.5, 4.575],
							"uv": {
								"north": {"uv": [25, 68], "uv_size": [3.75, 1.5]},
								"east": {"uv": [67, 28], "uv_size": [4.5, 1.5]},
								"south": {"uv": [68, 62], "uv_size": [3.75, 1.5]},
								"west": {"uv": [35, 67], "uv_size": [4.5, 1.5]},
								"up": {"uv": [31, 58], "uv_size": [3.75, 4.5]},
								"down": {"uv": [58, 36.5], "uv_size": [3.75, -4.5]}
							}
						}
					]
				},
				{
					"name": "LeftForeArm",
					"parent": "LeftArm",
					"pivot": [1.625, 23.825, 0.025],
					"cubes": [
						{
							"origin": [1.13846, 19.2167, -1.99688],
							"size": [1.7625, 6, 3.99688],
							"pivot": [2.05096, 21.9667, 0.00156],
							"rotation": [0, 0, 7.5],
							"uv": {
								"north": {"uv": [43, 63], "uv_size": [1.75, 6]},
								"east": {"uv": [31, 52], "uv_size": [4, 6]},
								"south": {"uv": [45, 63], "uv_size": [1.75, 6]},
								"west": {"uv": [0, 53], "uv_size": [4, 6]},
								"up": {"uv": [4, 67], "uv_size": [1.75, 4]},
								"down": {"uv": [6, 71], "uv_size": [1.75, -4]}
							}
						},
						{
							"origin": [0.22404, 19.2167, -1.99688],
							"size": [1.825, 6, 3.99688],
							"pivot": [1.07404, 21.9667, 0.00156],
							"rotation": [0, 0, -7.5],
							"uv": {
								"north": {"uv": [47, 63], "uv_size": [1.75, 6]},
								"east": {"uv": [4, 53], "uv_size": [4, 6]},
								"south": {"uv": [49, 63], "uv_size": [1.75, 6]},
								"west": {"uv": [53, 50], "uv_size": [4, 6]},
								"up": {"uv": [67, 10], "uv_size": [1.75, 4]},
								"down": {"uv": [67, 26], "uv_size": [1.75, -4]}
							}
						},
						{
							"origin": [0.65, 19.125, -1.99688],
							"size": [1.8875, 6, 3.99688],
							"uv": {
								"north": {"uv": [38, 10], "uv_size": [2, 6]},
								"east": {"uv": [54, 16], "uv_size": [4, 6]},
								"south": {"uv": [38, 42], "uv_size": [2, 6]},
								"west": {"uv": [54, 22], "uv_size": [4, 6]},
								"up": {"uv": [8, 65], "uv_size": [2, 4]},
								"down": {"uv": [65, 14], "uv_size": [2, -4]}
							}
						}
					]
				},
				{
					"name": "LeftHand",
					"parent": "LeftForeArm",
					"pivot": [1.875, 18.575, -0.19374],
					"cubes": [
						{
							"origin": [-0.04375, 14.975, -2.09061],
							"size": [3.25, 4.75, 4.25313],
							"uv": {
								"north": {"uv": [51, 68], "uv_size": [1.5, 3.75]},
								"east": {"uv": [26, 61], "uv_size": [3.75, 3.75]},
								"south": {"uv": [8, 69], "uv_size": [1.5, 3.75]},
								"west": {"uv": [52, 61], "uv_size": [3.75, 3.75]},
								"up": {"uv": [69, 8], "uv_size": [1.5, 3.75]},
								"down": {"uv": [69, 15.75], "uv_size": [1.5, -3.75]}
							}
						},
						{
							"origin": [2.73825, 18.01547, -1.99688],
							"size": [0.625, 1, 2.5656],
							"uv": {
								"north": {"uv": [40, 79], "uv_size": [0.75, 1]},
								"east": {"uv": [72, 19], "uv_size": [2.5, 1]},
								"south": {"uv": [79, 40], "uv_size": [0.75, 1]},
								"west": {"uv": [72, 47], "uv_size": [2.5, 1]},
								"up": {"uv": [46, 74], "uv_size": [0.75, 2.5]},
								"down": {"uv": [47, 76.5], "uv_size": [0.75, -2.5]}
							}
						},
						{
							"origin": [3.1078, 17.58406, 1.31039],
							"size": [0.1875, 0.3719, 0.1281],
							"pivot": [-8.36833, 18.20596, 1.06562],
							"rotation": [-90, 0, 0],
							"uv": {
								"north": {"uv": [81, 84], "uv_size": [0.25, 0.25]},
								"east": {"uv": [84, 81], "uv_size": [0.25, 0.25]},
								"south": {"uv": [82, 84], "uv_size": [0.25, 0.25]},
								"west": {"uv": [84, 82], "uv_size": [0.25, 0.25]},
								"up": {"uv": [83, 84], "uv_size": [0.25, 0.25]},
								"down": {"uv": [84, 83.25], "uv_size": [0.25, -0.25]}
							}
						},
						{
							"origin": [3.1078, 17.83309, 0.31562],
							"size": [0.1875, 1.375, 0.1281],
							"uv": {
								"north": {"uv": [47, 82], "uv_size": [0.25, 1.5]},
								"east": {"uv": [51, 82], "uv_size": [0.25, 1.5]},
								"south": {"uv": [52, 82], "uv_size": [0.25, 1.5]},
								"west": {"uv": [53, 82], "uv_size": [0.25, 1.5]},
								"up": {"uv": [80, 84], "uv_size": [0.25, 0.25]},
								"down": {"uv": [84, 80.25], "uv_size": [0.25, -0.25]}
							}
						},
						{
							"origin": [3.1078, 17.83309, 0.81562],
							"size": [0.1875, 1.375, 0.1281],
							"uv": {
								"north": {"uv": [43, 82], "uv_size": [0.25, 1.5]},
								"east": {"uv": [44, 82], "uv_size": [0.25, 1.5]},
								"south": {"uv": [45, 82], "uv_size": [0.25, 1.5]},
								"west": {"uv": [46, 82], "uv_size": [0.25, 1.5]},
								"up": {"uv": [79, 84], "uv_size": [0.25, 0.25]},
								"down": {"uv": [84, 79.25], "uv_size": [0.25, -0.25]}
							}
						},
						{
							"origin": [3.1078, 18.25809, 1.36563],
							"size": [0.1875, 0.3719, 0.1281],
							"pivot": [-9.33426, 19.19404, 1.37967],
							"rotation": [-90, 0, 0],
							"uv": {
								"north": {"uv": [76, 84], "uv_size": [0.25, 0.25]},
								"east": {"uv": [84, 76], "uv_size": [0.25, 0.25]},
								"south": {"uv": [77, 84], "uv_size": [0.25, 0.25]},
								"west": {"uv": [84, 77], "uv_size": [0.25, 0.25]},
								"up": {"uv": [78, 84], "uv_size": [0.25, 0.25]},
								"down": {"uv": [84, 78.25], "uv_size": [0.25, -0.25]}
							}
						},
						{
							"origin": [2.73825, 18.01547, 0.69062],
							"size": [0.625, 1, 1.3156],
							"uv": {
								"north": {"uv": [39, 79], "uv_size": [0.75, 1]},
								"east": {"uv": [77, 64], "uv_size": [1.25, 1]},
								"south": {"uv": [79, 39], "uv_size": [0.75, 1]},
								"west": {"uv": [77, 65], "uv_size": [1.25, 1]},
								"up": {"uv": [79, 13], "uv_size": [0.75, 1.25]},
								"down": {"uv": [15, 80.25], "uv_size": [0.75, -1.25]}
							}
						}
					]
				},
				{
					"name": "LeftHandLocator",
					"parent": "LeftHand",
					"pivot": [0.875, 16.575, -0.19374]
				},
				{
					"name": "SheathLocator",
					"parent": "LeftHand",
					"pivot": [0.875, 16.575, -0.19374]
				},
				{
					"name": "LeftWaistLocator",
					"parent": "LeftHand",
					"pivot": [0.875, 16.575, -0.19374]
				},
				{
					"name": "RightArm",
					"pivot": [-1.4, 29.9, 0],
					"cubes": [
						{
							"origin": [-3.7, 25.775, -2.0125],
							"size": [3.25, 5.3, 4.025],
							"uv": {
								"north": {"uv": [22, 58], "uv_size": [3.25, 5.25]},
								"east": {"uv": [35, 54], "uv_size": [4, 5.25]},
								"south": {"uv": [58, 26], "uv_size": [3.25, 5.25]},
								"west": {"uv": [39, 54], "uv_size": [4, 5.25]},
								"up": {"uv": [62, 38], "uv_size": [3.25, 4]},
								"down": {"uv": [62, 52], "uv_size": [3.25, -4]}
							}
						},
						{
							"origin": [-3.96411, 24.37548, -2.2625],
							"size": [3.7, 1.5, 4.575],
							"uv": {
								"north": {"uv": [68, 64], "uv_size": [3.75, 1.5]},
								"east": {"uv": [60, 67], "uv_size": [4.5, 1.5]},
								"south": {"uv": [69, 16], "uv_size": [3.75, 1.5]},
								"west": {"uv": [65, 67], "uv_size": [4.5, 1.5]},
								"up": {"uv": [58, 37], "uv_size": [3.75, 4.5]},
								"down": {"uv": [58, 58.5], "uv_size": [3.75, -4.5]}
							}
						}
					]
				},
				{
					"name": "RightForeArm",
					"parent": "RightArm",
					"pivot": [-2.125, 23.95, 0.025],
					"cubes": [
						{
							"origin": [-2.54904, 19.3417, -1.99688],
							"size": [1.825, 6, 3.99688],
							"pivot": [-1.57404, 22.0917, 0.00156],
							"rotation": [0, 0, 7.5],
							"uv": {
								"north": {"uv": [63, 4], "uv_size": [1.75, 6]},
								"east": {"uv": [27, 16], "uv_size": [4, 6]},
								"south": {"uv": [63, 10], "uv_size": [1.75, 6]},
								"west": {"uv": [50, 44], "uv_size": [4, 6]},
								"up": {"uv": [54, 65], "uv_size": [1.75, 4]},
								"down": {"uv": [66, 56], "uv_size": [1.75, -4]}
							}
						},
						{
							"origin": [-2.975, 19.25, -1.99688],
							"size": [1.8875, 6, 3.99688],
							"uv": {
								"north": {"uv": [15, 23], "uv_size": [2, 6]},
								"east": {"uv": [45, 50], "uv_size": [4, 6]},
								"south": {"uv": [31, 16], "uv_size": [2, 6]},
								"west": {"uv": [49, 50], "uv_size": [4, 6]},
								"up": {"uv": [31, 47], "uv_size": [2, 4]},
								"down": {"uv": [24, 68], "uv_size": [2, -4]}
							}
						},
						{
							"origin": [-3.40096, 19.3417, -1.99688],
							"size": [1.7625, 6, 3.99688],
							"pivot": [-2.55096, 22.0917, 0.00156],
							"rotation": [0, 0, -7.5],
							"uv": {
								"north": {"uv": [31, 63], "uv_size": [1.75, 6]},
								"east": {"uv": [18, 52], "uv_size": [4, 6]},
								"south": {"uv": [33, 63], "uv_size": [1.75, 6]},
								"west": {"uv": [22, 52], "uv_size": [4, 6]},
								"up": {"uv": [66, 56], "uv_size": [1.75, 4]},
								"down": {"uv": [58, 70], "uv_size": [1.75, -4]}
							}
						}
					]
				},
				{
					"name": "RightHand",
					"parent": "RightForeArm",
					"pivot": [-2.375, 18.7, -0.225],
					"cubes": [
						{
							"origin": [-3.73125, 15.1, -2.12188],
							"size": [3.25, 4.75, 4.2531],
							"uv": {
								"north": {"uv": [14, 69], "uv_size": [1.5, 3.75]},
								"east": {"uv": [10, 62], "uv_size": [3.75, 3.75]},
								"south": {"uv": [69, 22], "uv_size": [1.5, 3.75]},
								"west": {"uv": [14, 62], "uv_size": [3.75, 3.75]},
								"up": {"uv": [31, 69], "uv_size": [1.5, 3.75]},
								"down": {"uv": [33, 72.75], "uv_size": [1.5, -3.75]}
							}
						},
						{
							"origin": [-3.86551, 17.9456, 0.69062],
							"size": [0.625, 1, 1.3156],
							"uv": {
								"north": {"uv": [37, 79], "uv_size": [0.75, 1]},
								"east": {"uv": [60, 77], "uv_size": [1.25, 1]},
								"south": {"uv": [79, 37], "uv_size": [0.75, 1]},
								"west": {"uv": [62, 77], "uv_size": [1.25, 1]},
								"up": {"uv": [63, 78], "uv_size": [0.75, 1.25]},
								"down": {"uv": [11, 80.25], "uv_size": [0.75, -1.25]}
							}
						},
						{
							"origin": [-3.80727, 17.79045, 0.81562],
							"size": [0.1875, 1.375, 0.1281],
							"uv": {
								"north": {"uv": [36, 82], "uv_size": [0.25, 1.5]},
								"east": {"uv": [37, 82], "uv_size": [0.25, 1.5]},
								"south": {"uv": [38, 82], "uv_size": [0.25, 1.5]},
								"west": {"uv": [39, 82], "uv_size": [0.25, 1.5]},
								"up": {"uv": [68, 84], "uv_size": [0.25, 0.25]},
								"down": {"uv": [84, 68.25], "uv_size": [0.25, -0.25]}
							}
						},
						{
							"origin": [-3.80727, 17.79045, 0.31562],
							"size": [0.1875, 1.375, 0.1281],
							"uv": {
								"north": {"uv": [40, 82], "uv_size": [0.25, 1.5]},
								"east": {"uv": [41, 82], "uv_size": [0.25, 1.5]},
								"south": {"uv": [82, 41], "uv_size": [0.25, 1.5]},
								"west": {"uv": [42, 82], "uv_size": [0.25, 1.5]},
								"up": {"uv": [69, 84], "uv_size": [0.25, 0.25]},
								"down": {"uv": [84, 69.25], "uv_size": [0.25, -0.25]}
							}
						},
						{
							"origin": [-3.80727, 17.45906, 1.22804],
							"size": [0.1875, 0.3719, 0.1281],
							"pivot": [-2.86833, 18.08096, 1.06562],
							"rotation": [-90, 0, 0],
							"uv": {
								"north": {"uv": [70, 84], "uv_size": [0.25, 0.25]},
								"east": {"uv": [84, 70], "uv_size": [0.25, 0.25]},
								"south": {"uv": [71, 84], "uv_size": [0.25, 0.25]},
								"west": {"uv": [84, 71], "uv_size": [0.25, 0.25]},
								"up": {"uv": [72, 84], "uv_size": [0.25, 0.25]},
								"down": {"uv": [84, 72.25], "uv_size": [0.25, -0.25]}
							}
						},
						{
							"origin": [-3.80727, 18.13309, 1.28327],
							"size": [0.1875, 0.3719, 0.1281],
							"pivot": [-3.83426, 19.06904, 1.37967],
							"rotation": [-90, 0, 0],
							"uv": {
								"north": {"uv": [73, 84], "uv_size": [0.25, 0.25]},
								"east": {"uv": [84, 73], "uv_size": [0.25, 0.25]},
								"south": {"uv": [74, 84], "uv_size": [0.25, 0.25]},
								"west": {"uv": [84, 74], "uv_size": [0.25, 0.25]},
								"up": {"uv": [75, 84], "uv_size": [0.25, 0.25]},
								"down": {"uv": [84, 75.25], "uv_size": [0.25, -0.25]}
							}
						},
						{
							"origin": [-3.86551, 17.9456, -1.99688],
							"size": [0.625, 1, 2.5656],
							"uv": {
								"north": {"uv": [38, 79], "uv_size": [0.75, 1]},
								"east": {"uv": [59, 48], "uv_size": [2.5, 1]},
								"south": {"uv": [79, 38], "uv_size": [0.75, 1]},
								"west": {"uv": [10, 61], "uv_size": [2.5, 1]},
								"up": {"uv": [44, 74], "uv_size": [0.75, 2.5]},
								"down": {"uv": [45, 76.5], "uv_size": [0.75, -2.5]}
							}
						}
					]
				},
				{
					"name": "RightHandLocator",
					"parent": "RightHand",
					"pivot": [-1.25, 16.7, -0.475],
					"rotation": [0, -7.5, -20]
				},
				{
					"name": "BladeLocator",
					"parent": "RightHand",
					"pivot": [-1.25, 16.7, -0.475],
					"rotation": [0, -7.5, -20]
				}
			]
		}
	]
}