{
	"format_version": "1.12.0",
	"minecraft:geometry": [
		{
			"description": {
				"identifier": "geometry.unknown",
				"texture_width": 256,
				"texture_height": 256,
				"visible_bounds_width": 7,
				"visible_bounds_height": 5,
				"visible_bounds_offset": [0, 1.5, 0]
			},
			"bones": [
				{
					"name": "Arm",
					"pivot": [-0.2, 29.775, 0]
				},
				{
					"name": "LeftArm",
					"parent": "Arm",
					"pivot": [1.4, 30.275, 0],
					"cubes": [
						{
							"origin": [0.6, 24.325, -1.75],
							"size": [3.3, 7, 3.5],
							"uv": {
								"north": {"uv": [35, 71], "uv_size": [3.5, 7]},
								"east": {"uv": [39, 71], "uv_size": [3.5, 7]},
								"south": {"uv": [71, 49], "uv_size": [3.5, 7]},
								"west": {"uv": [71, 56], "uv_size": [3.5, 7]},
								"up": {"uv": [94, 81], "uv_size": [3.5, 3.5]},
								"down": {"uv": [13, 98.5], "uv_size": [3.5, -3.5]}
							}
						},
						{
							"origin": [0.45, 24.15, -1.95],
							"size": [3.5, 7.3, 3.9],
							"uv": {
								"north": {"uv": [23, 66], "uv_size": [3.5, 7.5]},
								"east": {"uv": [60, 59], "uv_size": [4, 7.5]},
								"south": {"uv": [67, 49], "uv_size": [3.5, 7.5]},
								"west": {"uv": [61, 0], "uv_size": [4, 7.5]},
								"up": {"uv": [88, 88], "uv_size": [3.5, 4]},
								"down": {"uv": [89, 4], "uv_size": [3.5, -4]}
							}
						},
						{
							"origin": [0.625, 27.55, -0.925],
							"size": [3.6, 4.15, 1.85],
							"uv": {
								"north": {"uv": [88, 10], "uv_size": [4, 4]},
								"east": {"uv": [67, 102], "uv_size": [2, 4]},
								"south": {"uv": [88, 14], "uv_size": [4, 4]},
								"west": {"uv": [18, 103], "uv_size": [2, 4]},
								"up": {"uv": [103, 69], "uv_size": [4, 2]},
								"down": {"uv": [103, 73], "uv_size": [4, -2]}
							}
						},
						{
							"origin": [0.9, 23.425, -1.35],
							"size": [2.8, 1.9, 2.7],
							"uv": {
								"north": {"uv": [109, 48], "uv_size": [3, 2]},
								"east": {"uv": [114, 52], "uv_size": [2.5, 2]},
								"south": {"uv": [109, 73], "uv_size": [3, 2]},
								"west": {"uv": [88, 114], "uv_size": [2.5, 2]},
								"up": {"uv": [34, 105], "uv_size": [3, 2.5]},
								"down": {"uv": [37, 107.5], "uv_size": [3, -2.5]}
							}
						},
						{
							"origin": [0.8, 23.375, -1.375],
							"size": [2.95, 2.05, 2.8],
							"uv": {
								"north": {"uv": [109, 91], "uv_size": [3, 2]},
								"east": {"uv": [3, 110], "uv_size": [3, 2]},
								"south": {"uv": [110, 5], "uv_size": [3, 2]},
								"west": {"uv": [6, 110], "uv_size": [3, 2]},
								"up": {"uv": [100, 101], "uv_size": [3, 3]},
								"down": {"uv": [13, 105], "uv_size": [3, -3]}
							}
						}
					]
				},
				{
					"name": "LeftForeArm",
					"parent": "LeftArm",
					"pivot": [2.125, 24.325, 0.025],
					"cubes": [
						{
							"origin": [0.525, 19.625, -1.825],
							"size": [3.45, 5, 3.7],
							"uv": {
								"north": {"uv": [30, 83], "uv_size": [3.5, 5]},
								"east": {"uv": [34, 83], "uv_size": [3.5, 5]},
								"south": {"uv": [61, 83], "uv_size": [3.5, 5]},
								"west": {"uv": [65, 83], "uv_size": [3.5, 5]},
								"up": {"uv": [95, 22], "uv_size": [3.5, 3.5]},
								"down": {"uv": [95, 29.5], "uv_size": [3.5, -3.5]}
							}
						},
						{
							"origin": [0.35, 20.075, -1.95],
							"size": [3.975, 1.675, 3.95],
							"uv": {
								"north": {"uv": [112, 27], "uv_size": [4, 1.5]},
								"east": {"uv": [33, 112], "uv_size": [4, 1.5]},
								"south": {"uv": [41, 112], "uv_size": [4, 1.5]},
								"west": {"uv": [112, 48], "uv_size": [4, 1.5]},
								"up": {"uv": [87, 27], "uv_size": [4, 4]},
								"down": {"uv": [87, 56], "uv_size": [4, -4]}
							}
						},
						{
							"origin": [2.525, 21.55, -1.7],
							"size": [1.8, 2.35, 3.45],
							"pivot": [3.425, 21.7, 0.025],
							"rotation": [0, 0, -12],
							"uv": {
								"north": {"uv": [116, 54], "uv_size": [2, 2.5]},
								"east": {"uv": [103, 0], "uv_size": [3.5, 2.5]},
								"south": {"uv": [116, 57], "uv_size": [2, 2.5]},
								"west": {"uv": [103, 6], "uv_size": [3.5, 2.5]},
								"up": {"uv": [61, 107], "uv_size": [2, 3.5]},
								"down": {"uv": [63, 110.5], "uv_size": [2, -3.5]}
							}
						},
						{
							"origin": [0.425, 18.775, -1.925],
							"size": [3.65, 0.875, 3.9],
							"uv": {
								"north": {"uv": [115, 121], "uv_size": [3.5, 1]},
								"east": {"uv": [103, 3], "uv_size": [4, 1]},
								"south": {"uv": [119, 121], "uv_size": [3.5, 1]},
								"west": {"uv": [103, 17], "uv_size": [4, 1]},
								"up": {"uv": [89, 18], "uv_size": [3.5, 4]},
								"down": {"uv": [6, 94], "uv_size": [3.5, -4]}
							}
						},
						{
							"origin": [0.625, 16.825, -1.725],
							"size": [3.25, 7.5, 3.5],
							"uv": {
								"north": {"uv": [67, 57], "uv_size": [3.5, 7.5]},
								"east": {"uv": [60, 67], "uv_size": [3.5, 7.5]},
								"south": {"uv": [67, 65], "uv_size": [3.5, 7.5]},
								"west": {"uv": [8, 68], "uv_size": [3.5, 7.5]},
								"up": {"uv": [95, 52], "uv_size": [3.5, 3.5]},
								"down": {"uv": [57, 98.5], "uv_size": [3.5, -3.5]}
							}
						}
					]
				},
				{
					"name": "LeftHand",
					"parent": "LeftForeArm",
					"pivot": [2.125, 18.825, 0.025]
				},
				{
					"name": "LeftHandLocator",
					"parent": "LeftHand",
					"pivot": [2.125, 18.825, 0.025]
				},
				{
					"name": "BladeLocator2",
					"parent": "LeftHand",
					"pivot": [2.125, 18.825, 0.025]
				},
				{
					"name": "RightArm",
					"parent": "Arm",
					"pivot": [-1.4, 30.275, 0],
					"cubes": [
						{
							"origin": [-3.9, 24.325, -1.75],
							"size": [3.3, 7, 3.5],
							"uv": {
								"north": {"uv": [71, 63], "uv_size": [3.5, 7]},
								"east": {"uv": [71, 70], "uv_size": [3.5, 7]},
								"south": {"uv": [72, 8], "uv_size": [3.5, 7]},
								"west": {"uv": [72, 34], "uv_size": [3.5, 7]},
								"up": {"uv": [65, 95], "uv_size": [3.5, 3.5]},
								"down": {"uv": [69, 98.5], "uv_size": [3.5, -3.5]}
							}
						},
						{
							"origin": [-3.95, 24.15, -1.95],
							"size": [3.5, 7.3, 3.9],
							"uv": {
								"north": {"uv": [15, 68], "uv_size": [3.5, 7.5]},
								"east": {"uv": [61, 27], "uv_size": [4, 7.5]},
								"south": {"uv": [19, 68], "uv_size": [3.5, 7.5]},
								"west": {"uv": [62, 46], "uv_size": [4, 7.5]},
								"up": {"uv": [10, 90], "uv_size": [3.5, 4]},
								"down": {"uv": [21, 94], "uv_size": [3.5, -4]}
							}
						},
						{
							"origin": [-4.175, 27.675, -1.025],
							"size": [3.525, 3.95, 2.05],
							"uv": {
								"north": {"uv": [0, 82], "uv_size": [4.5, 4]},
								"east": {"uv": [52, 55], "uv_size": [2, 4]},
								"south": {"uv": [5, 82], "uv_size": [4.5, 4]},
								"west": {"uv": [69, 83], "uv_size": [2, 4]},
								"up": {"uv": [75, 102], "uv_size": [4.5, 2]},
								"down": {"uv": [102, 77], "uv_size": [4.5, -2]}
							}
						},
						{
							"origin": [-3.7, 23.425, -1.35],
							"size": [2.8, 2, 2.7],
							"uv": {
								"north": {"uv": [110, 9], "uv_size": [3, 2]},
								"east": {"uv": [91, 114], "uv_size": [2.5, 2]},
								"south": {"uv": [110, 11], "uv_size": [3, 2]},
								"west": {"uv": [114, 93], "uv_size": [2.5, 2]},
								"up": {"uv": [49, 105], "uv_size": [3, 2.5]},
								"down": {"uv": [105, 56.5], "uv_size": [3, -2.5]}
							}
						},
						{
							"origin": [-3.75, 23.375, -1.375],
							"size": [2.95, 2.175, 2.8],
							"uv": {
								"north": {"uv": [110, 18], "uv_size": [3, 2]},
								"east": {"uv": [110, 20], "uv_size": [3, 2]},
								"south": {"uv": [25, 110], "uv_size": [3, 2]},
								"west": {"uv": [28, 110], "uv_size": [3, 2]},
								"up": {"uv": [25, 102], "uv_size": [3, 3]},
								"down": {"uv": [28, 105], "uv_size": [3, -3]}
							}
						}
					]
				},
				{
					"name": "RightForeArm",
					"parent": "RightArm",
					"pivot": [-2.125, 24.325, 0.025],
					"cubes": [
						{
							"origin": [-3.975, 19.625, -1.825],
							"size": [3.45, 5, 3.7],
							"uv": {
								"north": {"uv": [84, 8], "uv_size": [3.5, 5]},
								"east": {"uv": [84, 13], "uv_size": [3.5, 5]},
								"south": {"uv": [84, 34], "uv_size": [3.5, 5]},
								"west": {"uv": [84, 39], "uv_size": [3.5, 5]},
								"up": {"uv": [78, 95], "uv_size": [3.5, 3.5]},
								"down": {"uv": [82, 98.5], "uv_size": [3.5, -3.5]}
							}
						},
						{
							"origin": [-4.475, 19.875, -1.975],
							"size": [4.2, 1.65, 4.025],
							"uv": {
								"north": {"uv": [65, 112], "uv_size": [4, 1.5]},
								"east": {"uv": [112, 65], "uv_size": [4, 1.5]},
								"south": {"uv": [112, 67], "uv_size": [4, 1.5]},
								"west": {"uv": [69, 112], "uv_size": [4, 1.5]},
								"up": {"uv": [69, 87], "uv_size": [4, 4]},
								"down": {"uv": [88, 10], "uv_size": [4, -4]}
							}
						},
						{
							"origin": [-4.4, 21.275, -1.45],
							"size": [1.575, 2.25, 3.2],
							"pivot": [-3.65, 21.575, 0.15],
							"rotation": [0, 0, 17.75],
							"uv": {
								"north": {"uv": [121, 15], "uv_size": [1.5, 2.5]},
								"east": {"uv": [107, 5], "uv_size": [3, 2.5]},
								"south": {"uv": [121, 18], "uv_size": [1.5, 2.5]},
								"west": {"uv": [107, 20], "uv_size": [3, 2.5]},
								"up": {"uv": [30, 118], "uv_size": [1.5, 3]},
								"down": {"uv": [118, 35], "uv_size": [1.5, -3]}
							}
						},
						{
							"origin": [-4.075, 18.85, -1.925],
							"size": [3.65, 0.8, 3.9],
							"uv": {
								"north": {"uv": [121, 119], "uv_size": [3.5, 1]},
								"east": {"uv": [118, 50], "uv_size": [4, 1]},
								"south": {"uv": [121, 120], "uv_size": [3.5, 1]},
								"west": {"uv": [118, 54], "uv_size": [4, 1]},
								"up": {"uv": [90, 33], "uv_size": [3.5, 4]},
								"down": {"uv": [90, 41], "uv_size": [3.5, -4]}
							}
						},
						{
							"origin": [-3.875, 16.825, -1.725],
							"size": [3.25, 7.5, 3.5],
							"uv": {
								"north": {"uv": [52, 68], "uv_size": [3.5, 7.5]},
								"east": {"uv": [56, 68], "uv_size": [3.5, 7.5]},
								"south": {"uv": [0, 69], "uv_size": [3.5, 7.5]},
								"west": {"uv": [4, 69], "uv_size": [3.5, 7.5]},
								"up": {"uv": [86, 95], "uv_size": [3.5, 3.5]},
								"down": {"uv": [90, 98.5], "uv_size": [3.5, -3.5]}
							}
						}
					]
				},
				{
					"name": "RightHand",
					"parent": "RightForeArm",
					"pivot": [-2.125, 18.825, 0.025]
				},
				{
					"name": "RightHandLocator",
					"parent": "RightHand",
					"pivot": [-2.125, 18.825, 0.025]
				},
				{
					"name": "BladeLocator3",
					"parent": "RightHand",
					"pivot": [-2.125, 18.825, 0.025]
				}
			]
		}
	]
}