{
	"format_version": "1.12.0",
	"minecraft:geometry": [
		{
			"description": {
				"identifier": "geometry.unknown",
				"texture_width": 128,
				"texture_height": 128,
				"visible_bounds_width": 7,
				"visible_bounds_height": 5,
				"visible_bounds_offset": [0, 1.5, 0]
			},
			"bones": [
				{
					"name": "LeftArm",
					"pivot": [4.03184, 28.07743, -0.075],
					"cubes": [
						{
							"origin": [0.63198, 21.71669, -1.575],
							"size": [2.35, 7, 3],
							"uv": {
								"north": {"uv": [53, 35], "uv_size": [2, 7]},
								"east": {"uv": [42, 24], "uv_size": [3, 7]},
								"south": {"uv": [37, 53], "uv_size": [2, 7]},
								"west": {"uv": [43, 0], "uv_size": [3, 7]},
								"up": {"uv": [80, 24], "uv_size": [2, 3]},
								"down": {"uv": [80, 30], "uv_size": [2, -3]}
							}
						},
						{
							"origin": [0.93199, 20.81669, -1.3],
							"size": [1.85, 2, 2.45],
							"uv": {
								"north": {"uv": [89, 17], "uv_size": [2, 2]},
								"east": {"uv": [18, 89], "uv_size": [2, 2]},
								"south": {"uv": [89, 21], "uv_size": [2, 2]},
								"west": {"uv": [22, 89], "uv_size": [2, 2]},
								"up": {"uv": [89, 23], "uv_size": [2, 2]},
								"down": {"uv": [24, 91], "uv_size": [2, -2]}
							}
						}
					]
				},
				{
					"name": "LTS3",
					"parent": "LeftArm",
					"pivot": [-0.16801, -3.35831, -0.75],
					"cubes": [
						{
							"origin": [0.55386, 24.52919, -1.875],
							"size": [2.55313, 4.1875, 3.625],
							"uv": {
								"north": {"uv": [22, 71], "uv_size": [2, 4]},
								"east": {"uv": [4, 50], "uv_size": [4, 4]},
								"south": {"uv": [71, 22], "uv_size": [2, 4]},
								"west": {"uv": [8, 50], "uv_size": [4, 4]},
								"up": {"uv": [71, 26], "uv_size": [2, 4]},
								"down": {"uv": [71, 34], "uv_size": [2, -4]}
							}
						}
					]
				},
				{
					"name": "LTJ2",
					"parent": "LeftArm",
					"pivot": [4.36324, 23.51669, -0.075],
					"cubes": [
						{
							"origin": [0.38386, 21.82384, -2],
							"size": [2.7875, 7, 3.875],
							"uv": {
								"north": {"uv": [43, 7], "uv_size": [3, 7]},
								"east": {"uv": [17, 34], "uv_size": [4, 7]},
								"south": {"uv": [43, 14], "uv_size": [3, 7]},
								"west": {"uv": [21, 34], "uv_size": [4, 7]},
								"up": {"uv": [30, 61], "uv_size": [3, 4]},
								"down": {"uv": [61, 45], "uv_size": [3, -4]}
							}
						},
						{
							"origin": [2.5312, 21.72403, -2],
							"size": [0.7875, 7, 3.875],
							"pivot": [1.34431, 25.8775, -0.0625],
							"rotation": [0, 0, -3],
							"uv": {
								"north": {"uv": [66, 77], "uv_size": [1, 7]},
								"east": {"uv": [25, 34], "uv_size": [4, 7]},
								"south": {"uv": [67, 77], "uv_size": [1, 7]},
								"west": {"uv": [0, 35], "uv_size": [4, 7]},
								"up": {"uv": [13, 89], "uv_size": [1, 4]},
								"down": {"uv": [16, 93], "uv_size": [1, -4]}
							}
						},
						{
							"origin": [0.50886, 20.51134, -1.875],
							"size": [2.725, 1.5, 3.75],
							"uv": {
								"north": {"uv": [30, 80], "uv_size": [3, 2]},
								"east": {"uv": [71, 34], "uv_size": [4, 2]},
								"south": {"uv": [80, 30], "uv_size": [3, 2]},
								"west": {"uv": [71, 36], "uv_size": [4, 2]},
								"up": {"uv": [61, 45], "uv_size": [3, 4]},
								"down": {"uv": [61, 53], "uv_size": [3, -4]}
							}
						}
					]
				},
				{
					"name": "Star5",
					"parent": "LTJ2",
					"pivot": [3.78762, 26.56474, -0.125],
					"cubes": [
						{
							"origin": [3.26201, 25.16127, -1],
							"size": [0.0625, 0.125, 1.8],
							"pivot": [1.35012, 26.56474, 0],
							"rotation": [0, 0, -3],
							"uv": {
								"north": {"uv": [103, 106], "uv_size": [1, 1]},
								"east": {"uv": [100, 97], "uv_size": [2, 1]},
								"south": {"uv": [106, 103], "uv_size": [1, 1]},
								"west": {"uv": [3, 101], "uv_size": [2, 1]},
								"up": {"uv": [5, 101], "uv_size": [1, 2]},
								"down": {"uv": [6, 103], "uv_size": [1, -2]}
							}
						},
						{
							"origin": [3.34802, 24.68312, -0.23],
							"size": [0.0625, 1.0625, 0.26],
							"pivot": [3.00368, 24.96471, -0.1],
							"rotation": [0, 0, -3],
							"uv": {
								"north": {"uv": [104, 106], "uv_size": [1, 1]},
								"east": {"uv": [106, 104], "uv_size": [1, 1]},
								"south": {"uv": [105, 106], "uv_size": [1, 1]},
								"west": {"uv": [106, 105], "uv_size": [1, 1]},
								"up": {"uv": [106, 106], "uv_size": [1, 1]},
								"down": {"uv": [0, 108], "uv_size": [1, -1]}
							}
						},
						{
							"origin": [3.34802, 24.30812, -0.19875],
							"size": [0.0625, 1.0625, 0.26],
							"pivot": [3.00368, 24.96471, -0.1],
							"rotation": [36, 0, -3],
							"uv": {
								"north": {"uv": [107, 0], "uv_size": [1, 1]},
								"east": {"uv": [1, 107], "uv_size": [1, 1]},
								"south": {"uv": [107, 1], "uv_size": [1, 1]},
								"west": {"uv": [2, 107], "uv_size": [1, 1]},
								"up": {"uv": [107, 2], "uv_size": [1, 1]},
								"down": {"uv": [3, 108], "uv_size": [1, -1]}
							}
						},
						{
							"origin": [3.34802, 24.24562, -0.13625],
							"size": [0.0625, 0.125, 0.135],
							"pivot": [3.00368, 24.96471, -0.1],
							"rotation": [36, 0, -3],
							"uv": {
								"north": {"uv": [107, 3], "uv_size": [1, 1]},
								"east": {"uv": [4, 107], "uv_size": [1, 1]},
								"south": {"uv": [107, 4], "uv_size": [1, 1]},
								"west": {"uv": [5, 107], "uv_size": [1, 1]},
								"up": {"uv": [107, 5], "uv_size": [1, 1]},
								"down": {"uv": [6, 108], "uv_size": [1, -1]}
							}
						},
						{
							"origin": [3.31204, 25.68286, -0.1675],
							"size": [0.0625, 0.125, 0.135],
							"pivot": [2.98079, 25.65161, -0.06875],
							"rotation": [0, 0, -3],
							"uv": {
								"north": {"uv": [107, 6], "uv_size": [1, 1]},
								"east": {"uv": [7, 107], "uv_size": [1, 1]},
								"south": {"uv": [107, 7], "uv_size": [1, 1]},
								"west": {"uv": [8, 107], "uv_size": [1, 1]},
								"up": {"uv": [107, 8], "uv_size": [1, 1]},
								"down": {"uv": [9, 108], "uv_size": [1, -1]}
							}
						},
						{
							"origin": [3.26201, 24.45815, 0.75438],
							"size": [0.0625, 1.0625, 0.26],
							"pivot": [1.35012, 26.56474, 0.00625],
							"rotation": [-36, 0, -3],
							"uv": {
								"north": {"uv": [107, 9], "uv_size": [1, 1]},
								"east": {"uv": [10, 107], "uv_size": [1, 1]},
								"south": {"uv": [107, 10], "uv_size": [1, 1]},
								"west": {"uv": [11, 107], "uv_size": [1, 1]},
								"up": {"uv": [107, 11], "uv_size": [1, 1]},
								"down": {"uv": [12, 108], "uv_size": [1, -1]}
							}
						},
						{
							"origin": [3.26201, 25.59877, 1.395],
							"size": [0.0625, 1.0625, 0.26],
							"pivot": [1.35012, 26.56474, 0.00625],
							"rotation": [-72, 0, -3],
							"uv": {
								"north": {"uv": [107, 12], "uv_size": [1, 1]},
								"east": {"uv": [13, 107], "uv_size": [1, 1]},
								"south": {"uv": [107, 13], "uv_size": [1, 1]},
								"west": {"uv": [14, 107], "uv_size": [1, 1]},
								"up": {"uv": [107, 14], "uv_size": [1, 1]},
								"down": {"uv": [15, 108], "uv_size": [1, -1]}
							}
						},
						{
							"origin": [3.26201, 25.83315, -1.71437],
							"size": [0.0625, 1, 0.26],
							"pivot": [1.35012, 26.56474, 0.00625],
							"rotation": [72, 0, -3],
							"uv": {
								"north": {"uv": [107, 15], "uv_size": [1, 1]},
								"east": {"uv": [16, 107], "uv_size": [1, 1]},
								"south": {"uv": [107, 16], "uv_size": [1, 1]},
								"west": {"uv": [17, 107], "uv_size": [1, 1]},
								"up": {"uv": [107, 17], "uv_size": [1, 1]},
								"down": {"uv": [18, 108], "uv_size": [1, -1]}
							}
						},
						{
							"origin": [3.26201, 26.77065, -1.65187],
							"size": [0.0625, 0.1875, 0.135],
							"pivot": [1.35012, 26.56474, 0.00625],
							"rotation": [72, 0, -3],
							"uv": {
								"north": {"uv": [107, 18], "uv_size": [1, 1]},
								"east": {"uv": [19, 107], "uv_size": [1, 1]},
								"south": {"uv": [107, 19], "uv_size": [1, 1]},
								"west": {"uv": [20, 107], "uv_size": [1, 1]},
								"up": {"uv": [107, 20], "uv_size": [1, 1]},
								"down": {"uv": [21, 108], "uv_size": [1, -1]}
							}
						},
						{
							"origin": [3.26201, 26.53627, 1.4575],
							"size": [0.0625, 0.1875, 0.135],
							"pivot": [1.35012, 26.56474, 0.00625],
							"rotation": [-72, 0, -3],
							"uv": {
								"north": {"uv": [107, 21], "uv_size": [1, 1]},
								"east": {"uv": [22, 107], "uv_size": [1, 1]},
								"south": {"uv": [107, 22], "uv_size": [1, 1]},
								"west": {"uv": [23, 107], "uv_size": [1, 1]},
								"up": {"uv": [107, 23], "uv_size": [1, 1]},
								"down": {"uv": [24, 108], "uv_size": [1, -1]}
							}
						},
						{
							"origin": [3.26201, 24.39565, 0.81688],
							"size": [0.0625, 0.125, 0.135],
							"pivot": [1.35012, 26.56474, 0.00625],
							"rotation": [-36, 0, -3],
							"uv": {
								"north": {"uv": [107, 24], "uv_size": [1, 1]},
								"east": {"uv": [25, 107], "uv_size": [1, 1]},
								"south": {"uv": [107, 25], "uv_size": [1, 1]},
								"west": {"uv": [26, 107], "uv_size": [1, 1]},
								"up": {"uv": [107, 26], "uv_size": [1, 1]},
								"down": {"uv": [27, 108], "uv_size": [1, -1]}
							}
						},
						{
							"origin": [3.30618, 24.31854, -0.40278],
							"size": [0.0625, 0.125, 1.8],
							"pivot": [1.39429, 25.72201, 0.59722],
							"rotation": [-36, 0, -3],
							"uv": {
								"north": {"uv": [107, 27], "uv_size": [1, 1]},
								"east": {"uv": [101, 6], "uv_size": [2, 1]},
								"south": {"uv": [28, 107], "uv_size": [1, 1]},
								"west": {"uv": [101, 7], "uv_size": [2, 1]},
								"up": {"uv": [7, 101], "uv_size": [1, 2]},
								"down": {"uv": [101, 10], "uv_size": [1, -2]}
							}
						},
						{
							"origin": [3.30003, 24.43594, -1.63542],
							"size": [0.0625, 0.125, 1.8],
							"pivot": [1.38814, 25.83941, -0.63542],
							"rotation": [36, 0, -3],
							"uv": {
								"north": {"uv": [107, 28], "uv_size": [1, 1]},
								"east": {"uv": [101, 10], "uv_size": [2, 1]},
								"south": {"uv": [29, 107], "uv_size": [1, 1]},
								"west": {"uv": [101, 11], "uv_size": [2, 1]},
								"up": {"uv": [101, 12], "uv_size": [1, 2]},
								"down": {"uv": [14, 103], "uv_size": [1, -2]}
							}
						},
						{
							"origin": [3.34062, 25.04374, -1.27716],
							"size": [0.0625, 0.125, 1.8],
							"pivot": [3.00937, 25.10624, -0.37716],
							"rotation": [72, 0, -3],
							"uv": {
								"north": {"uv": [107, 29], "uv_size": [1, 1]},
								"east": {"uv": [101, 14], "uv_size": [2, 1]},
								"south": {"uv": [30, 107], "uv_size": [1, 1]},
								"west": {"uv": [101, 15], "uv_size": [2, 1]},
								"up": {"uv": [15, 101], "uv_size": [1, 2]},
								"down": {"uv": [101, 18], "uv_size": [1, -2]}
							}
						},
						{
							"origin": [3.32609, 23.93858, 0.48436],
							"size": [0.0625, 0.125, 1.8],
							"pivot": [1.4142, 25.34205, 1.48436],
							"rotation": [-72, 0, -3],
							"uv": {
								"north": {"uv": [107, 30], "uv_size": [1, 1]},
								"east": {"uv": [101, 18], "uv_size": [2, 1]},
								"south": {"uv": [31, 107], "uv_size": [1, 1]},
								"west": {"uv": [101, 19], "uv_size": [2, 1]},
								"up": {"uv": [19, 101], "uv_size": [1, 2]},
								"down": {"uv": [101, 22], "uv_size": [1, -2]}
							}
						}
					]
				},
				{
					"name": "Star6",
					"parent": "Star5",
					"pivot": [3.87948, 24.56979, -0.125],
					"cubes": [
						{
							"origin": [3.35387, 23.16632, -1],
							"size": [0.0625, 0.125, 1.8],
							"pivot": [1.44198, 24.56979, 0],
							"rotation": [0, 0, -3],
							"uv": {
								"north": {"uv": [107, 31], "uv_size": [1, 1]},
								"east": {"uv": [101, 22], "uv_size": [2, 1]},
								"south": {"uv": [32, 107], "uv_size": [1, 1]},
								"west": {"uv": [101, 23], "uv_size": [2, 1]},
								"up": {"uv": [21, 101], "uv_size": [1, 2]},
								"down": {"uv": [24, 103], "uv_size": [1, -2]}
							}
						},
						{
							"origin": [3.43987, 22.68817, -0.23],
							"size": [0.0625, 1.0625, 0.26],
							"pivot": [3.09554, 22.96976, -0.1],
							"rotation": [0, 0, -3],
							"uv": {
								"north": {"uv": [107, 32], "uv_size": [1, 1]},
								"east": {"uv": [33, 107], "uv_size": [1, 1]},
								"south": {"uv": [107, 33], "uv_size": [1, 1]},
								"west": {"uv": [34, 107], "uv_size": [1, 1]},
								"up": {"uv": [107, 34], "uv_size": [1, 1]},
								"down": {"uv": [35, 108], "uv_size": [1, -1]}
							}
						},
						{
							"origin": [3.43987, 22.31317, -0.19875],
							"size": [0.0625, 1.0625, 0.26],
							"pivot": [3.09554, 22.96976, -0.1],
							"rotation": [36, 0, -3],
							"uv": {
								"north": {"uv": [107, 35], "uv_size": [1, 1]},
								"east": {"uv": [36, 107], "uv_size": [1, 1]},
								"south": {"uv": [107, 36], "uv_size": [1, 1]},
								"west": {"uv": [37, 107], "uv_size": [1, 1]},
								"up": {"uv": [107, 37], "uv_size": [1, 1]},
								"down": {"uv": [38, 108], "uv_size": [1, -1]}
							}
						},
						{
							"origin": [3.43987, 22.25067, -0.13625],
							"size": [0.0625, 0.125, 0.135],
							"pivot": [3.09554, 22.96976, -0.1],
							"rotation": [36, 0, -3],
							"uv": {
								"north": {"uv": [107, 38], "uv_size": [1, 1]},
								"east": {"uv": [39, 107], "uv_size": [1, 1]},
								"south": {"uv": [107, 39], "uv_size": [1, 1]},
								"west": {"uv": [40, 107], "uv_size": [1, 1]},
								"up": {"uv": [107, 40], "uv_size": [1, 1]},
								"down": {"uv": [41, 108], "uv_size": [1, -1]}
							}
						},
						{
							"origin": [3.40389, 23.68791, -0.1675],
							"size": [0.0625, 0.125, 0.135],
							"pivot": [3.07264, 23.65666, -0.06875],
							"rotation": [0, 0, -3],
							"uv": {
								"north": {"uv": [107, 41], "uv_size": [1, 1]},
								"east": {"uv": [42, 107], "uv_size": [1, 1]},
								"south": {"uv": [107, 42], "uv_size": [1, 1]},
								"west": {"uv": [43, 107], "uv_size": [1, 1]},
								"up": {"uv": [107, 43], "uv_size": [1, 1]},
								"down": {"uv": [44, 108], "uv_size": [1, -1]}
							}
						},
						{
							"origin": [3.35387, 22.46319, 0.75438],
							"size": [0.0625, 1.0625, 0.26],
							"pivot": [1.44198, 24.56979, 0.00625],
							"rotation": [-36, 0, -3],
							"uv": {
								"north": {"uv": [107, 44], "uv_size": [1, 1]},
								"east": {"uv": [45, 107], "uv_size": [1, 1]},
								"south": {"uv": [107, 45], "uv_size": [1, 1]},
								"west": {"uv": [46, 107], "uv_size": [1, 1]},
								"up": {"uv": [107, 46], "uv_size": [1, 1]},
								"down": {"uv": [47, 108], "uv_size": [1, -1]}
							}
						},
						{
							"origin": [3.35387, 23.60382, 1.395],
							"size": [0.0625, 1.0625, 0.26],
							"pivot": [1.44198, 24.56979, 0.00625],
							"rotation": [-72, 0, -3],
							"uv": {
								"north": {"uv": [107, 47], "uv_size": [1, 1]},
								"east": {"uv": [48, 107], "uv_size": [1, 1]},
								"south": {"uv": [107, 48], "uv_size": [1, 1]},
								"west": {"uv": [49, 107], "uv_size": [1, 1]},
								"up": {"uv": [107, 49], "uv_size": [1, 1]},
								"down": {"uv": [50, 108], "uv_size": [1, -1]}
							}
						},
						{
							"origin": [3.35387, 23.83819, -1.71437],
							"size": [0.0625, 1, 0.26],
							"pivot": [1.44198, 24.56979, 0.00625],
							"rotation": [72, 0, -3],
							"uv": {
								"north": {"uv": [107, 50], "uv_size": [1, 1]},
								"east": {"uv": [51, 107], "uv_size": [1, 1]},
								"south": {"uv": [107, 51], "uv_size": [1, 1]},
								"west": {"uv": [52, 107], "uv_size": [1, 1]},
								"up": {"uv": [107, 52], "uv_size": [1, 1]},
								"down": {"uv": [53, 108], "uv_size": [1, -1]}
							}
						},
						{
							"origin": [3.35387, 24.77569, -1.65187],
							"size": [0.0625, 0.1875, 0.135],
							"pivot": [1.44198, 24.56979, 0.00625],
							"rotation": [72, 0, -3],
							"uv": {
								"north": {"uv": [107, 53], "uv_size": [1, 1]},
								"east": {"uv": [54, 107], "uv_size": [1, 1]},
								"south": {"uv": [107, 54], "uv_size": [1, 1]},
								"west": {"uv": [55, 107], "uv_size": [1, 1]},
								"up": {"uv": [107, 55], "uv_size": [1, 1]},
								"down": {"uv": [56, 108], "uv_size": [1, -1]}
							}
						},
						{
							"origin": [3.35387, 24.54132, 1.4575],
							"size": [0.0625, 0.1875, 0.135],
							"pivot": [1.44198, 24.56979, 0.00625],
							"rotation": [-72, 0, -3],
							"uv": {
								"north": {"uv": [107, 56], "uv_size": [1, 1]},
								"east": {"uv": [57, 107], "uv_size": [1, 1]},
								"south": {"uv": [107, 57], "uv_size": [1, 1]},
								"west": {"uv": [58, 107], "uv_size": [1, 1]},
								"up": {"uv": [107, 58], "uv_size": [1, 1]},
								"down": {"uv": [59, 108], "uv_size": [1, -1]}
							}
						},
						{
							"origin": [3.35387, 22.40069, 0.81688],
							"size": [0.0625, 0.125, 0.135],
							"pivot": [1.44198, 24.56979, 0.00625],
							"rotation": [-36, 0, -3],
							"uv": {
								"north": {"uv": [107, 59], "uv_size": [1, 1]},
								"east": {"uv": [60, 107], "uv_size": [1, 1]},
								"south": {"uv": [107, 60], "uv_size": [1, 1]},
								"west": {"uv": [61, 107], "uv_size": [1, 1]},
								"up": {"uv": [107, 61], "uv_size": [1, 1]},
								"down": {"uv": [62, 108], "uv_size": [1, -1]}
							}
						},
						{
							"origin": [3.39803, 22.32359, -0.40278],
							"size": [0.0625, 0.125, 1.8],
							"pivot": [1.48614, 23.72706, 0.59722],
							"rotation": [-36, 0, -3],
							"uv": {
								"north": {"uv": [107, 62], "uv_size": [1, 1]},
								"east": {"uv": [101, 26], "uv_size": [2, 1]},
								"south": {"uv": [63, 107], "uv_size": [1, 1]},
								"west": {"uv": [101, 27], "uv_size": [2, 1]},
								"up": {"uv": [25, 101], "uv_size": [1, 2]},
								"down": {"uv": [28, 103], "uv_size": [1, -2]}
							}
						},
						{
							"origin": [3.39188, 22.44098, -1.63542],
							"size": [0.0625, 0.125, 1.8],
							"pivot": [1.47999, 23.84445, -0.63542],
							"rotation": [36, 0, -3],
							"uv": {
								"north": {"uv": [107, 63], "uv_size": [1, 1]},
								"east": {"uv": [101, 28], "uv_size": [2, 1]},
								"south": {"uv": [64, 107], "uv_size": [1, 1]},
								"west": {"uv": [101, 29], "uv_size": [2, 1]},
								"up": {"uv": [101, 30], "uv_size": [1, 2]},
								"down": {"uv": [31, 103], "uv_size": [1, -2]}
							}
						},
						{
							"origin": [3.43248, 23.04879, -1.27716],
							"size": [0.0625, 0.125, 1.8],
							"pivot": [3.10123, 23.11129, -0.37716],
							"rotation": [72, 0, -3],
							"uv": {
								"north": {"uv": [107, 64], "uv_size": [1, 1]},
								"east": {"uv": [101, 32], "uv_size": [2, 1]},
								"south": {"uv": [65, 107], "uv_size": [1, 1]},
								"west": {"uv": [101, 33], "uv_size": [2, 1]},
								"up": {"uv": [32, 101], "uv_size": [1, 2]},
								"down": {"uv": [101, 36], "uv_size": [1, -2]}
							}
						},
						{
							"origin": [3.41795, 21.94362, 0.48436],
							"size": [0.0625, 0.125, 1.8],
							"pivot": [1.50606, 23.34709, 1.48436],
							"rotation": [-72, 0, -3],
							"uv": {
								"north": {"uv": [107, 65], "uv_size": [1, 1]},
								"east": {"uv": [36, 101], "uv_size": [2, 1]},
								"south": {"uv": [66, 107], "uv_size": [1, 1]},
								"west": {"uv": [101, 36], "uv_size": [2, 1]},
								"up": {"uv": [101, 37], "uv_size": [1, 2]},
								"down": {"uv": [38, 103], "uv_size": [1, -2]}
							}
						}
					]
				},
				{
					"name": "3",
					"parent": "LTJ2",
					"pivot": [3.78181, 26.44, -0.0625],
					"cubes": [
						{
							"origin": [2.2812, 28.22403, -2.03125],
							"size": [1.0375, 0.125, 3.9375],
							"pivot": [1.28181, 26.44, -0.03125],
							"rotation": [0, 0, -3],
							"uv": {
								"north": {"uv": [107, 66], "uv_size": [1, 1]},
								"east": {"uv": [88, 46], "uv_size": [4, 1]},
								"south": {"uv": [67, 107], "uv_size": [1, 1]},
								"west": {"uv": [88, 55], "uv_size": [4, 1]},
								"up": {"uv": [20, 89], "uv_size": [1, 4]},
								"down": {"uv": [89, 29], "uv_size": [1, -4]}
							}
						},
						{
							"origin": [2.2812, 25.97403, -2.03125],
							"size": [1.0375, 0.125, 3.9375],
							"pivot": [1.28181, 26.44, -0.03125],
							"rotation": [0, 0, -3],
							"uv": {
								"north": {"uv": [107, 67], "uv_size": [1, 1]},
								"east": {"uv": [88, 68], "uv_size": [4, 1]},
								"south": {"uv": [68, 107], "uv_size": [1, 1]},
								"west": {"uv": [88, 73], "uv_size": [4, 1]},
								"up": {"uv": [26, 89], "uv_size": [1, 4]},
								"down": {"uv": [27, 93], "uv_size": [1, -4]}
							}
						}
					]
				},
				{
					"name": "4",
					"parent": "3",
					"pivot": [5.23349, 26.55671, -0.65625],
					"cubes": [
						{
							"origin": [2.52725, 26.30671, -1.9375],
							"size": [0.7875, 0.4375, 1.5],
							"pivot": [2.7335, 26.55671, -0.65625],
							"rotation": [-90, 0, -3],
							"uv": {
								"north": {"uv": [107, 68], "uv_size": [1, 1]},
								"east": {"uv": [39, 101], "uv_size": [2, 1]},
								"south": {"uv": [69, 107], "uv_size": [1, 1]},
								"west": {"uv": [101, 40], "uv_size": [2, 1]},
								"up": {"uv": [41, 101], "uv_size": [1, 2]},
								"down": {"uv": [101, 43], "uv_size": [1, -2]}
							}
						},
						{
							"origin": [2.4661, 27.47843, -1.14145],
							"size": [0.7875, 0.3125, 0.6875],
							"pivot": [2.85985, 27.72843, -0.7977],
							"rotation": [-150, 0, -3],
							"uv": {
								"north": {"uv": [107, 69], "uv_size": [1, 1]},
								"east": {"uv": [70, 107], "uv_size": [1, 1]},
								"south": {"uv": [107, 70], "uv_size": [1, 1]},
								"west": {"uv": [71, 107], "uv_size": [1, 1]},
								"up": {"uv": [107, 71], "uv_size": [1, 1]},
								"down": {"uv": [72, 108], "uv_size": [1, -1]}
							}
						}
					]
				},
				{
					"name": "5",
					"parent": "3",
					"pivot": [5.39294, 27.15954, 0.28125],
					"cubes": [
						{
							"origin": [2.5247, 26.23033, 0.32762],
							"size": [0.7875, 1.125, 0.3125],
							"pivot": [2.73095, 26.66783, 0.29637],
							"rotation": [-90, 0, -3],
							"uv": {
								"north": {"uv": [107, 72], "uv_size": [1, 1]},
								"east": {"uv": [73, 107], "uv_size": [1, 1]},
								"south": {"uv": [107, 73], "uv_size": [1, 1]},
								"west": {"uv": [74, 107], "uv_size": [1, 1]},
								"up": {"uv": [107, 74], "uv_size": [1, 1]},
								"down": {"uv": [75, 108], "uv_size": [1, -1]}
							}
						},
						{
							"origin": [2.45431, 28.011, -0.00178],
							"size": [0.7875, 0.625, 0.3125],
							"pivot": [2.66056, 28.011, 0.09197],
							"rotation": [-90, 0, -3],
							"uv": {
								"north": {"uv": [107, 75], "uv_size": [1, 1]},
								"east": {"uv": [76, 107], "uv_size": [1, 1]},
								"south": {"uv": [107, 76], "uv_size": [1, 1]},
								"west": {"uv": [77, 107], "uv_size": [1, 1]},
								"up": {"uv": [107, 77], "uv_size": [1, 1]},
								"down": {"uv": [78, 108], "uv_size": [1, -1]}
							}
						},
						{
							"origin": [2.53118, 26.4193, -0.41663],
							"size": [0.7875, 0.3125, 0.3125],
							"pivot": [2.73743, 26.5443, 0.86462],
							"rotation": [-90, 0, -3],
							"uv": {
								"north": {"uv": [107, 78], "uv_size": [1, 1]},
								"east": {"uv": [79, 107], "uv_size": [1, 1]},
								"south": {"uv": [107, 79], "uv_size": [1, 1]},
								"west": {"uv": [80, 107], "uv_size": [1, 1]},
								"up": {"uv": [107, 80], "uv_size": [1, 1]},
								"down": {"uv": [81, 108], "uv_size": [1, -1]}
							}
						},
						{
							"origin": [2.58684, 25.35695, -1.29738],
							"size": [0.7875, 0.3125, 0.125],
							"pivot": [2.7931, 25.48195, -0.01613],
							"rotation": [-90, 0, -3],
							"uv": {
								"north": {"uv": [107, 81], "uv_size": [1, 1]},
								"east": {"uv": [82, 107], "uv_size": [1, 1]},
								"south": {"uv": [107, 82], "uv_size": [1, 1]},
								"west": {"uv": [83, 107], "uv_size": [1, 1]},
								"up": {"uv": [107, 83], "uv_size": [1, 1]},
								"down": {"uv": [84, 108], "uv_size": [1, -1]}
							}
						},
						{
							"origin": [2.46593, 27.73181, -0.20323],
							"size": [0.7875, 0.375, 0.3125],
							"pivot": [2.85968, 27.79431, -0.04698],
							"rotation": [-50, 0, -3],
							"uv": {
								"north": {"uv": [107, 84], "uv_size": [1, 1]},
								"east": {"uv": [85, 107], "uv_size": [1, 1]},
								"south": {"uv": [107, 85], "uv_size": [1, 1]},
								"west": {"uv": [86, 107], "uv_size": [1, 1]},
								"up": {"uv": [107, 86], "uv_size": [1, 1]},
								"down": {"uv": [87, 108], "uv_size": [1, -1]}
							}
						},
						{
							"origin": [2.46593, 27.66931, 0.69968],
							"size": [0.7875, 0.4375, 0.3125],
							"pivot": [2.85968, 27.79431, 0.85593],
							"rotation": [50, 0, -3],
							"uv": {
								"north": {"uv": [107, 87], "uv_size": [1, 1]},
								"east": {"uv": [88, 107], "uv_size": [1, 1]},
								"south": {"uv": [107, 88], "uv_size": [1, 1]},
								"west": {"uv": [89, 107], "uv_size": [1, 1]},
								"up": {"uv": [107, 89], "uv_size": [1, 1]},
								"down": {"uv": [90, 108], "uv_size": [1, -1]}
							}
						},
						{
							"origin": [2.50219, 26.47726, 0.25505],
							"size": [0.7875, 1.375, 0.3125],
							"pivot": [2.89594, 27.10226, 0.4113],
							"rotation": [-45, 0, -3],
							"uv": {
								"north": {"uv": [107, 90], "uv_size": [1, 1]},
								"east": {"uv": [91, 107], "uv_size": [1, 1]},
								"south": {"uv": [107, 91], "uv_size": [1, 1]},
								"west": {"uv": [92, 107], "uv_size": [1, 1]},
								"up": {"uv": [107, 92], "uv_size": [1, 1]},
								"down": {"uv": [93, 108], "uv_size": [1, -1]}
							}
						}
					]
				},
				{
					"name": "LeftForeArm2",
					"parent": "LeftArm",
					"pivot": [5.65395, 21.49708, 0.075],
					"cubes": [
						{
							"origin": [0.65699, 14.84169, -1.55],
							"size": [2.2375, 6.875, 3],
							"uv": {
								"north": {"uv": [39, 53], "uv_size": [2, 7]},
								"east": {"uv": [43, 37], "uv_size": [3, 7]},
								"south": {"uv": [41, 53], "uv_size": [2, 7]},
								"west": {"uv": [32, 44], "uv_size": [3, 7]},
								"up": {"uv": [80, 32], "uv_size": [2, 3]},
								"down": {"uv": [33, 83], "uv_size": [2, -3]}
							}
						}
					]
				},
				{
					"name": "LeftHand2",
					"parent": "LeftForeArm2",
					"pivot": [4.11459, 15.42506, 0.025]
				},
				{
					"name": "LeftHandLocator2",
					"parent": "LeftHand2",
					"pivot": [4.11459, 15.42506, 0.025]
				},
				{
					"name": "SheathLocator2",
					"parent": "LeftHand2",
					"pivot": [4.11459, 15.42506, 0.025]
				},
				{
					"name": "LeftWaistLocator2",
					"parent": "LeftHand2",
					"pivot": [4.11459, 15.42506, 0.025]
				},
				{
					"name": "LFJ2",
					"parent": "LeftForeArm2",
					"pivot": [5.65395, 21.49708, 0.075],
					"cubes": [
						{
							"origin": [0.04936, 16.97447, -2.0625],
							"size": [1.7875, 1.5, 4],
							"pivot": [0.94311, 17.66197, -0.0625],
							"rotation": [0, 0, -14],
							"uv": {
								"north": {"uv": [89, 29], "uv_size": [2, 2]},
								"east": {"uv": [71, 41], "uv_size": [4, 2]},
								"south": {"uv": [89, 31], "uv_size": [2, 2]},
								"west": {"uv": [71, 43], "uv_size": [4, 2]},
								"up": {"uv": [71, 45], "uv_size": [2, 4]},
								"down": {"uv": [52, 75], "uv_size": [2, -4]}
							}
						},
						{
							"origin": [0.44636, 18.1963, -2.44377],
							"size": [2.725, 3.5625, 1],
							"pivot": [1.77761, 19.97755, -1.94377],
							"rotation": [-12, 0, 0],
							"uv": {
								"north": {"uv": [50, 61], "uv_size": [3, 4]},
								"east": {"uv": [33, 89], "uv_size": [1, 4]},
								"south": {"uv": [61, 53], "uv_size": [3, 4]},
								"west": {"uv": [34, 89], "uv_size": [1, 4]},
								"up": {"uv": [97, 37], "uv_size": [3, 1]},
								"down": {"uv": [97, 83], "uv_size": [3, -1]}
							}
						},
						{
							"origin": [1.97015, 18.17505, -2.0625],
							"size": [1.7875, 3.625, 3.9375],
							"pivot": [2.8639, 19.98755, -0.09375],
							"rotation": [0, 0, -7],
							"uv": {
								"north": {"uv": [54, 71], "uv_size": [2, 4]},
								"east": {"uv": [50, 44], "uv_size": [4, 4]},
								"south": {"uv": [71, 55], "uv_size": [2, 4]},
								"west": {"uv": [50, 48], "uv_size": [4, 4]},
								"up": {"uv": [71, 59], "uv_size": [2, 4]},
								"down": {"uv": [71, 67], "uv_size": [2, -4]}
							}
						},
						{
							"origin": [0.38386, 18.1963, 1.31877],
							"size": [2.7875, 3.5625, 1],
							"pivot": [1.96511, 19.97755, 1.81877],
							"rotation": [12, 0, 0],
							"uv": {
								"north": {"uv": [24, 62], "uv_size": [3, 4]},
								"east": {"uv": [35, 89], "uv_size": [1, 4]},
								"south": {"uv": [62, 34], "uv_size": [3, 4]},
								"west": {"uv": [89, 42], "uv_size": [1, 4]},
								"up": {"uv": [97, 83], "uv_size": [3, 1]},
								"down": {"uv": [97, 85], "uv_size": [3, -1]}
							}
						},
						{
							"origin": [0.57136, 15.82384, -1.625],
							"size": [2.4125, 1, 3.125],
							"uv": {
								"north": {"uv": [42, 101], "uv_size": [2, 1]},
								"east": {"uv": [97, 85], "uv_size": [3, 1]},
								"south": {"uv": [101, 43], "uv_size": [2, 1]},
								"west": {"uv": [97, 86], "uv_size": [3, 1]},
								"up": {"uv": [35, 80], "uv_size": [2, 3]},
								"down": {"uv": [80, 38], "uv_size": [2, -3]}
							}
						},
						{
							"origin": [2.89265, 15.80435, -1.625],
							"size": [0.1625, 1, 3.125],
							"pivot": [2.88015, 16.30435, -0.0625],
							"rotation": [0, 0, -8],
							"uv": {
								"north": {"uv": [107, 93], "uv_size": [1, 1]},
								"east": {"uv": [97, 87], "uv_size": [3, 1]},
								"south": {"uv": [94, 107], "uv_size": [1, 1]},
								"west": {"uv": [97, 89], "uv_size": [3, 1]},
								"up": {"uv": [83, 97], "uv_size": [1, 3]},
								"down": {"uv": [88, 100], "uv_size": [1, -3]}
							}
						},
						{
							"origin": [0.47877, 15.49991, -1.625],
							"size": [0.1625, 1, 3.125],
							"pivot": [2.84128, 15.99991, -0.0625],
							"rotation": [0, 0, 8],
							"uv": {
								"north": {"uv": [107, 94], "uv_size": [1, 1]},
								"east": {"uv": [97, 90], "uv_size": [3, 1]},
								"south": {"uv": [95, 107], "uv_size": [1, 1]},
								"west": {"uv": [97, 91], "uv_size": [3, 1]},
								"up": {"uv": [89, 97], "uv_size": [1, 3]},
								"down": {"uv": [97, 95], "uv_size": [1, -3]}
							}
						},
						{
							"origin": [2.19269, 17.06785, -2.0625],
							"size": [1.7875, 1.6875, 3.9375],
							"pivot": [3.08644, 18.56785, -0.125],
							"rotation": [0, 0, 28],
							"uv": {
								"north": {"uv": [89, 33], "uv_size": [2, 2]},
								"east": {"uv": [71, 67], "uv_size": [4, 2]},
								"south": {"uv": [46, 89], "uv_size": [2, 2]},
								"west": {"uv": [0, 72], "uv_size": [4, 2]},
								"up": {"uv": [4, 72], "uv_size": [2, 4]},
								"down": {"uv": [18, 76], "uv_size": [2, -4]}
							}
						},
						{
							"origin": [0.44636, 16.58126, -2.48391],
							"size": [2.725, 2.0625, 1],
							"pivot": [1.77761, 17.80001, -1.98391],
							"rotation": [26, 0, 0],
							"uv": {
								"north": {"uv": [37, 80], "uv_size": [3, 2]},
								"east": {"uv": [44, 101], "uv_size": [1, 2]},
								"south": {"uv": [80, 38], "uv_size": [3, 2]},
								"west": {"uv": [101, 44], "uv_size": [1, 2]},
								"up": {"uv": [97, 95], "uv_size": [3, 1]},
								"down": {"uv": [97, 97], "uv_size": [3, -1]}
							}
						},
						{
							"origin": [0.38386, 16.64376, 1.35891],
							"size": [2.7875, 2, 1],
							"pivot": [1.77761, 17.80001, 1.85891],
							"rotation": [-26, 0, 0],
							"uv": {
								"north": {"uv": [40, 80], "uv_size": [3, 2]},
								"east": {"uv": [45, 101], "uv_size": [1, 2]},
								"south": {"uv": [80, 40], "uv_size": [3, 2]},
								"west": {"uv": [46, 101], "uv_size": [1, 2]},
								"up": {"uv": [97, 97], "uv_size": [3, 1]},
								"down": {"uv": [98, 1], "uv_size": [3, -1]}
							}
						},
						{
							"origin": [0.02723, 18.09878, -2.0625],
							"size": [1.7875, 3.625, 4],
							"pivot": [0.92098, 19.22378, 0],
							"rotation": [0, 0, 8],
							"uv": {
								"north": {"uv": [20, 72], "uv_size": [2, 4]},
								"east": {"uv": [31, 51], "uv_size": [4, 4]},
								"south": {"uv": [31, 72], "uv_size": [2, 4]},
								"west": {"uv": [52, 19], "uv_size": [4, 4]},
								"up": {"uv": [33, 72], "uv_size": [2, 4]},
								"down": {"uv": [35, 76], "uv_size": [2, -4]}
							}
						},
						{
							"origin": [0.38386, 16.82384, -2.0625],
							"size": [2.7875, 5, 4],
							"uv": {
								"north": {"uv": [53, 13], "uv_size": [3, 5]},
								"east": {"uv": [39, 48], "uv_size": [4, 5]},
								"south": {"uv": [15, 53], "uv_size": [3, 5]},
								"west": {"uv": [49, 0], "uv_size": [4, 5]},
								"up": {"uv": [53, 62], "uv_size": [3, 4]},
								"down": {"uv": [63, 12], "uv_size": [3, -4]}
							}
						}
					]
				},
				{
					"name": "Star7",
					"parent": "LFJ2",
					"pivot": [5.78043, 20.93783, -0.10368],
					"rotation": [0, 0, -4],
					"cubes": [
						{
							"origin": [3.48453, 21.38669, -1],
							"size": [0.125, 0.125, 1.8],
							"pivot": [4.11651, 22.48549, 0],
							"rotation": [0, 0, -3],
							"uv": {
								"north": {"uv": [23, 108], "uv_size": [1, 1]},
								"east": {"uv": [62, 101], "uv_size": [2, 1]},
								"south": {"uv": [108, 23], "uv_size": [1, 1]},
								"west": {"uv": [101, 62], "uv_size": [2, 1]},
								"up": {"uv": [101, 63], "uv_size": [1, 2]},
								"down": {"uv": [64, 103], "uv_size": [1, -2]}
							}
						},
						{
							"origin": [3.57054, 20.90854, -0.23],
							"size": [0.125, 1.0625, 0.26],
							"pivot": [5.77007, 20.88546, -0.1],
							"rotation": [0, 0, -3],
							"uv": {
								"north": {"uv": [24, 108], "uv_size": [1, 1]},
								"east": {"uv": [108, 24], "uv_size": [1, 1]},
								"south": {"uv": [25, 108], "uv_size": [1, 1]},
								"west": {"uv": [108, 25], "uv_size": [1, 1]},
								"up": {"uv": [26, 108], "uv_size": [1, 1]},
								"down": {"uv": [108, 27], "uv_size": [1, -1]}
							}
						},
						{
							"origin": [3.57054, 20.47536, -0.01967],
							"size": [0.125, 1.0625, 0.26],
							"pivot": [5.77007, 20.88546, -0.1],
							"rotation": [36, 0, -3],
							"uv": {
								"north": {"uv": [27, 108], "uv_size": [1, 1]},
								"east": {"uv": [108, 27], "uv_size": [1, 1]},
								"south": {"uv": [28, 108], "uv_size": [1, 1]},
								"west": {"uv": [108, 28], "uv_size": [1, 1]},
								"up": {"uv": [29, 108], "uv_size": [1, 1]},
								"down": {"uv": [108, 30], "uv_size": [1, -1]}
							}
						},
						{
							"origin": [3.57054, 20.41286, 0.04283],
							"size": [0.125, 0.125, 0.135],
							"pivot": [5.77007, 20.88546, -0.1],
							"rotation": [36, 0, -3],
							"uv": {
								"north": {"uv": [30, 108], "uv_size": [1, 1]},
								"east": {"uv": [108, 30], "uv_size": [1, 1]},
								"south": {"uv": [31, 108], "uv_size": [1, 1]},
								"west": {"uv": [108, 31], "uv_size": [1, 1]},
								"up": {"uv": [32, 108], "uv_size": [1, 1]},
								"down": {"uv": [108, 33], "uv_size": [1, -1]}
							}
						},
						{
							"origin": [3.53455, 21.90828, -0.1675],
							"size": [0.125, 0.125, 0.135],
							"pivot": [5.74717, 21.57236, -0.06875],
							"rotation": [0, 0, -3],
							"uv": {
								"north": {"uv": [33, 108], "uv_size": [1, 1]},
								"east": {"uv": [108, 33], "uv_size": [1, 1]},
								"south": {"uv": [34, 108], "uv_size": [1, 1]},
								"west": {"uv": [108, 34], "uv_size": [1, 1]},
								"up": {"uv": [35, 108], "uv_size": [1, 1]},
								"down": {"uv": [108, 36], "uv_size": [1, -1]}
							}
						},
						{
							"origin": [3.48453, 20.62538, 0.5753],
							"size": [0.125, 1.0625, 0.26],
							"pivot": [4.11651, 22.48549, 0.00625],
							"rotation": [-36, 0, -3],
							"uv": {
								"north": {"uv": [36, 108], "uv_size": [1, 1]},
								"east": {"uv": [108, 36], "uv_size": [1, 1]},
								"south": {"uv": [37, 108], "uv_size": [1, 1]},
								"west": {"uv": [108, 37], "uv_size": [1, 1]},
								"up": {"uv": [38, 108], "uv_size": [1, 1]},
								"down": {"uv": [108, 39], "uv_size": [1, -1]}
							}
						},
						{
							"origin": [3.48453, 21.61367, 1.10524],
							"size": [0.125, 1.0625, 0.26],
							"pivot": [4.11651, 22.48549, 0.00625],
							"rotation": [-72, 0, -3],
							"uv": {
								"north": {"uv": [39, 108], "uv_size": [1, 1]},
								"east": {"uv": [108, 39], "uv_size": [1, 1]},
								"south": {"uv": [40, 108], "uv_size": [1, 1]},
								"west": {"uv": [108, 40], "uv_size": [1, 1]},
								"up": {"uv": [41, 108], "uv_size": [1, 1]},
								"down": {"uv": [108, 42], "uv_size": [1, -1]}
							}
						},
						{
							"origin": [3.48453, 21.84804, -1.42461],
							"size": [0.125, 1, 0.26],
							"pivot": [4.11651, 22.48549, 0.00625],
							"rotation": [72, 0, -3],
							"uv": {
								"north": {"uv": [42, 108], "uv_size": [1, 1]},
								"east": {"uv": [108, 42], "uv_size": [1, 1]},
								"south": {"uv": [43, 108], "uv_size": [1, 1]},
								"west": {"uv": [108, 43], "uv_size": [1, 1]},
								"up": {"uv": [44, 108], "uv_size": [1, 1]},
								"down": {"uv": [108, 45], "uv_size": [1, -1]}
							}
						},
						{
							"origin": [3.48453, 22.78554, -1.36211],
							"size": [0.125, 0.1875, 0.135],
							"pivot": [4.11651, 22.48549, 0.00625],
							"rotation": [72, 0, -3],
							"uv": {
								"north": {"uv": [45, 108], "uv_size": [1, 1]},
								"east": {"uv": [108, 45], "uv_size": [1, 1]},
								"south": {"uv": [46, 108], "uv_size": [1, 1]},
								"west": {"uv": [108, 46], "uv_size": [1, 1]},
								"up": {"uv": [47, 108], "uv_size": [1, 1]},
								"down": {"uv": [108, 48], "uv_size": [1, -1]}
							}
						},
						{
							"origin": [3.48453, 22.55117, 1.16774],
							"size": [0.125, 0.1875, 0.135],
							"pivot": [4.11651, 22.48549, 0.00625],
							"rotation": [-72, 0, -3],
							"uv": {
								"north": {"uv": [48, 108], "uv_size": [1, 1]},
								"east": {"uv": [108, 48], "uv_size": [1, 1]},
								"south": {"uv": [49, 108], "uv_size": [1, 1]},
								"west": {"uv": [108, 49], "uv_size": [1, 1]},
								"up": {"uv": [50, 108], "uv_size": [1, 1]},
								"down": {"uv": [108, 51], "uv_size": [1, -1]}
							}
						},
						{
							"origin": [3.48453, 20.56288, 0.6378],
							"size": [0.125, 0.125, 0.135],
							"pivot": [4.11651, 22.48549, 0.00625],
							"rotation": [-36, 0, -3],
							"uv": {
								"north": {"uv": [51, 108], "uv_size": [1, 1]},
								"east": {"uv": [108, 51], "uv_size": [1, 1]},
								"south": {"uv": [52, 108], "uv_size": [1, 1]},
								"west": {"uv": [108, 52], "uv_size": [1, 1]},
								"up": {"uv": [53, 108], "uv_size": [1, 1]},
								"down": {"uv": [108, 54], "uv_size": [1, -1]}
							}
						},
						{
							"origin": [3.5287, 20.48578, -0.58186],
							"size": [0.125, 0.125, 1.8],
							"pivot": [4.16068, 21.64276, 0.59722],
							"rotation": [-36, 0, -3],
							"uv": {
								"north": {"uv": [54, 108], "uv_size": [1, 1]},
								"east": {"uv": [65, 101], "uv_size": [2, 1]},
								"south": {"uv": [108, 54], "uv_size": [1, 1]},
								"west": {"uv": [101, 65], "uv_size": [2, 1]},
								"up": {"uv": [101, 66], "uv_size": [1, 2]},
								"down": {"uv": [101, 70], "uv_size": [1, -2]}
							}
						},
						{
							"origin": [3.52254, 20.60317, -1.45634],
							"size": [0.125, 0.125, 1.8],
							"pivot": [4.15452, 21.76015, -0.63542],
							"rotation": [36, 0, -3],
							"uv": {
								"north": {"uv": [55, 108], "uv_size": [1, 1]},
								"east": {"uv": [70, 101], "uv_size": [2, 1]},
								"south": {"uv": [108, 55], "uv_size": [1, 1]},
								"west": {"uv": [101, 70], "uv_size": [2, 1]},
								"up": {"uv": [101, 71], "uv_size": [1, 2]},
								"down": {"uv": [73, 103], "uv_size": [1, -2]}
							}
						},
						{
							"origin": [3.56314, 21.05864, -0.9874],
							"size": [0.125, 0.125, 1.8],
							"pivot": [5.77576, 21.02699, -0.37716],
							"rotation": [72, 0, -3],
							"uv": {
								"north": {"uv": [56, 108], "uv_size": [1, 1]},
								"east": {"uv": [101, 73], "uv_size": [2, 1]},
								"south": {"uv": [108, 56], "uv_size": [1, 1]},
								"west": {"uv": [101, 74], "uv_size": [2, 1]},
								"up": {"uv": [75, 101], "uv_size": [1, 2]},
								"down": {"uv": [101, 77], "uv_size": [1, -2]}
							}
						},
						{
							"origin": [3.54861, 19.95347, 0.1946],
							"size": [0.125, 0.125, 1.8],
							"pivot": [4.18059, 21.26279, 1.48436],
							"rotation": [-72, 0, -3],
							"uv": {
								"north": {"uv": [57, 108], "uv_size": [1, 1]},
								"east": {"uv": [76, 101], "uv_size": [2, 1]},
								"south": {"uv": [108, 57], "uv_size": [1, 1]},
								"west": {"uv": [101, 77], "uv_size": [2, 1]},
								"up": {"uv": [78, 101], "uv_size": [1, 2]},
								"down": {"uv": [101, 80], "uv_size": [1, -2]}
							}
						}
					]
				},
				{
					"name": "Star8",
					"parent": "LFJ2",
					"pivot": [4.1807, 20.58659, -0.125],
					"rotation": [0, 0, -4],
					"cubes": [
						{
							"origin": [3.67373, 19.48779, -1],
							"size": [0.0625, 0.125, 1.8],
							"pivot": [4.2432, 20.58659, 0],
							"rotation": [0, 0, -3],
							"uv": {
								"north": {"uv": [107, 95], "uv_size": [1, 1]},
								"east": {"uv": [101, 46], "uv_size": [2, 1]},
								"south": {"uv": [96, 107], "uv_size": [1, 1]},
								"west": {"uv": [47, 101], "uv_size": [2, 1]},
								"up": {"uv": [101, 47], "uv_size": [1, 2]},
								"down": {"uv": [49, 103], "uv_size": [1, -2]}
							}
						},
						{
							"origin": [3.75974, 19.00964, -0.23],
							"size": [0.0625, 1.0625, 0.26],
							"pivot": [5.89678, 18.98657, -0.1],
							"rotation": [0, 0, -3],
							"uv": {
								"north": {"uv": [107, 96], "uv_size": [1, 1]},
								"east": {"uv": [97, 107], "uv_size": [1, 1]},
								"south": {"uv": [107, 97], "uv_size": [1, 1]},
								"west": {"uv": [98, 107], "uv_size": [1, 1]},
								"up": {"uv": [107, 98], "uv_size": [1, 1]},
								"down": {"uv": [99, 108], "uv_size": [1, -1]}
							}
						},
						{
							"origin": [3.75974, 18.57646, -0.01967],
							"size": [0.0625, 1.0625, 0.26],
							"pivot": [5.89678, 18.98657, -0.1],
							"rotation": [36, 0, -3],
							"uv": {
								"north": {"uv": [107, 99], "uv_size": [1, 1]},
								"east": {"uv": [100, 107], "uv_size": [1, 1]},
								"south": {"uv": [107, 100], "uv_size": [1, 1]},
								"west": {"uv": [101, 107], "uv_size": [1, 1]},
								"up": {"uv": [107, 101], "uv_size": [1, 1]},
								"down": {"uv": [102, 108], "uv_size": [1, -1]}
							}
						},
						{
							"origin": [3.75974, 18.51396, 0.04283],
							"size": [0.0625, 0.125, 0.135],
							"pivot": [5.89678, 18.98657, -0.1],
							"rotation": [36, 0, -3],
							"uv": {
								"north": {"uv": [107, 102], "uv_size": [1, 1]},
								"east": {"uv": [103, 107], "uv_size": [1, 1]},
								"south": {"uv": [107, 103], "uv_size": [1, 1]},
								"west": {"uv": [104, 107], "uv_size": [1, 1]},
								"up": {"uv": [107, 104], "uv_size": [1, 1]},
								"down": {"uv": [105, 108], "uv_size": [1, -1]}
							}
						},
						{
							"origin": [3.72376, 20.00939, -0.1675],
							"size": [0.0625, 0.125, 0.135],
							"pivot": [5.87388, 19.67347, -0.06875],
							"rotation": [0, 0, -3],
							"uv": {
								"north": {"uv": [107, 105], "uv_size": [1, 1]},
								"east": {"uv": [106, 107], "uv_size": [1, 1]},
								"south": {"uv": [107, 106], "uv_size": [1, 1]},
								"west": {"uv": [107, 107], "uv_size": [1, 1]},
								"up": {"uv": [0, 108], "uv_size": [1, 1]},
								"down": {"uv": [108, 1], "uv_size": [1, -1]}
							}
						},
						{
							"origin": [3.67373, 18.72649, 0.5753],
							"size": [0.0625, 1.0625, 0.26],
							"pivot": [4.2432, 20.58659, 0.00625],
							"rotation": [-36, 0, -3],
							"uv": {
								"north": {"uv": [1, 108], "uv_size": [1, 1]},
								"east": {"uv": [108, 1], "uv_size": [1, 1]},
								"south": {"uv": [2, 108], "uv_size": [1, 1]},
								"west": {"uv": [108, 2], "uv_size": [1, 1]},
								"up": {"uv": [3, 108], "uv_size": [1, 1]},
								"down": {"uv": [108, 4], "uv_size": [1, -1]}
							}
						},
						{
							"origin": [3.67373, 19.71477, 1.10524],
							"size": [0.0625, 1.0625, 0.26],
							"pivot": [4.2432, 20.58659, 0.00625],
							"rotation": [-72, 0, -3],
							"uv": {
								"north": {"uv": [4, 108], "uv_size": [1, 1]},
								"east": {"uv": [108, 4], "uv_size": [1, 1]},
								"south": {"uv": [5, 108], "uv_size": [1, 1]},
								"west": {"uv": [108, 5], "uv_size": [1, 1]},
								"up": {"uv": [6, 108], "uv_size": [1, 1]},
								"down": {"uv": [108, 7], "uv_size": [1, -1]}
							}
						},
						{
							"origin": [3.67373, 19.94915, -1.42461],
							"size": [0.0625, 1, 0.26],
							"pivot": [4.2432, 20.58659, 0.00625],
							"rotation": [72, 0, -3],
							"uv": {
								"north": {"uv": [7, 108], "uv_size": [1, 1]},
								"east": {"uv": [108, 7], "uv_size": [1, 1]},
								"south": {"uv": [8, 108], "uv_size": [1, 1]},
								"west": {"uv": [108, 8], "uv_size": [1, 1]},
								"up": {"uv": [9, 108], "uv_size": [1, 1]},
								"down": {"uv": [108, 10], "uv_size": [1, -1]}
							}
						},
						{
							"origin": [3.67373, 20.88665, -1.36211],
							"size": [0.0625, 0.1875, 0.135],
							"pivot": [4.2432, 20.58659, 0.00625],
							"rotation": [72, 0, -3],
							"uv": {
								"north": {"uv": [10, 108], "uv_size": [1, 1]},
								"east": {"uv": [108, 10], "uv_size": [1, 1]},
								"south": {"uv": [11, 108], "uv_size": [1, 1]},
								"west": {"uv": [108, 11], "uv_size": [1, 1]},
								"up": {"uv": [12, 108], "uv_size": [1, 1]},
								"down": {"uv": [108, 13], "uv_size": [1, -1]}
							}
						},
						{
							"origin": [3.67373, 20.65227, 1.16774],
							"size": [0.0625, 0.1875, 0.135],
							"pivot": [4.2432, 20.58659, 0.00625],
							"rotation": [-72, 0, -3],
							"uv": {
								"north": {"uv": [13, 108], "uv_size": [1, 1]},
								"east": {"uv": [108, 13], "uv_size": [1, 1]},
								"south": {"uv": [14, 108], "uv_size": [1, 1]},
								"west": {"uv": [108, 14], "uv_size": [1, 1]},
								"up": {"uv": [15, 108], "uv_size": [1, 1]},
								"down": {"uv": [108, 16], "uv_size": [1, -1]}
							}
						},
						{
							"origin": [3.67373, 18.66399, 0.6378],
							"size": [0.0625, 0.125, 0.135],
							"pivot": [4.2432, 20.58659, 0.00625],
							"rotation": [-36, 0, -3],
							"uv": {
								"north": {"uv": [16, 108], "uv_size": [1, 1]},
								"east": {"uv": [108, 16], "uv_size": [1, 1]},
								"south": {"uv": [17, 108], "uv_size": [1, 1]},
								"west": {"uv": [108, 17], "uv_size": [1, 1]},
								"up": {"uv": [18, 108], "uv_size": [1, 1]},
								"down": {"uv": [108, 19], "uv_size": [1, -1]}
							}
						},
						{
							"origin": [3.7179, 18.58688, -0.58186],
							"size": [0.0625, 0.125, 1.8],
							"pivot": [4.28738, 19.74386, 0.59722],
							"rotation": [-36, 0, -3],
							"uv": {
								"north": {"uv": [19, 108], "uv_size": [1, 1]},
								"east": {"uv": [101, 49], "uv_size": [2, 1]},
								"south": {"uv": [108, 19], "uv_size": [1, 1]},
								"west": {"uv": [50, 101], "uv_size": [2, 1]},
								"up": {"uv": [101, 50], "uv_size": [1, 2]},
								"down": {"uv": [52, 103], "uv_size": [1, -2]}
							}
						},
						{
							"origin": [3.71175, 18.70428, -1.45634],
							"size": [0.0625, 0.125, 1.8],
							"pivot": [4.28123, 19.86126, -0.63542],
							"rotation": [36, 0, -3],
							"uv": {
								"north": {"uv": [20, 108], "uv_size": [1, 1]},
								"east": {"uv": [101, 52], "uv_size": [2, 1]},
								"south": {"uv": [108, 20], "uv_size": [1, 1]},
								"west": {"uv": [101, 53], "uv_size": [2, 1]},
								"up": {"uv": [53, 101], "uv_size": [1, 2]},
								"down": {"uv": [101, 56], "uv_size": [1, -2]}
							}
						},
						{
							"origin": [3.75234, 19.15974, -0.9874],
							"size": [0.0625, 0.125, 1.8],
							"pivot": [5.90246, 19.12809, -0.37716],
							"rotation": [72, 0, -3],
							"uv": {
								"north": {"uv": [21, 108], "uv_size": [1, 1]},
								"east": {"uv": [101, 56], "uv_size": [2, 1]},
								"south": {"uv": [108, 21], "uv_size": [1, 1]},
								"west": {"uv": [57, 101], "uv_size": [2, 1]},
								"up": {"uv": [55, 101], "uv_size": [1, 2]},
								"down": {"uv": [101, 59], "uv_size": [1, -2]}
							}
						},
						{
							"origin": [3.73781, 18.05458, 0.1946],
							"size": [0.0625, 0.125, 1.8],
							"pivot": [4.30729, 19.3639, 1.48436],
							"rotation": [-72, 0, -3],
							"uv": {
								"north": {"uv": [22, 108], "uv_size": [1, 1]},
								"east": {"uv": [59, 101], "uv_size": [2, 1]},
								"south": {"uv": [108, 22], "uv_size": [1, 1]},
								"west": {"uv": [101, 59], "uv_size": [2, 1]},
								"up": {"uv": [101, 60], "uv_size": [1, 2]},
								"down": {"uv": [61, 103], "uv_size": [1, -2]}
							}
						}
					]
				},
				{
					"name": "RightArm",
					"pivot": [-4.00058, 28.07743, -0.075],
					"cubes": [
						{
							"origin": [-2.95073, 21.71669, -1.575],
							"size": [2.35, 7, 3],
							"uv": {
								"north": {"uv": [46, 53], "uv_size": [2, 7]},
								"east": {"uv": [43, 44], "uv_size": [3, 7]},
								"south": {"uv": [48, 53], "uv_size": [2, 7]},
								"west": {"uv": [45, 24], "uv_size": [3, 7]},
								"up": {"uv": [80, 42], "uv_size": [2, 3]},
								"down": {"uv": [43, 83], "uv_size": [2, -3]}
							}
						},
						{
							"origin": [-2.75073, 20.81669, -1.3],
							"size": [1.85, 2, 2.45],
							"uv": {
								"north": {"uv": [89, 47], "uv_size": [2, 2]},
								"east": {"uv": [48, 89], "uv_size": [2, 2]},
								"south": {"uv": [89, 49], "uv_size": [2, 2]},
								"west": {"uv": [50, 89], "uv_size": [2, 2]},
								"up": {"uv": [89, 51], "uv_size": [2, 2]},
								"down": {"uv": [52, 91], "uv_size": [2, -2]}
							}
						}
					]
				},
				{
					"name": "RTS2",
					"parent": "RightArm",
					"pivot": [0.19927, -3.35831, -0.75],
					"cubes": [
						{
							"origin": [-3.07573, 24.52919, -1.875],
							"size": [2.55313, 4.1875, 3.625],
							"uv": {
								"north": {"uv": [37, 72], "uv_size": [2, 4]},
								"east": {"uv": [52, 23], "uv_size": [4, 4]},
								"south": {"uv": [39, 72], "uv_size": [2, 4]},
								"west": {"uv": [52, 27], "uv_size": [4, 4]},
								"up": {"uv": [41, 72], "uv_size": [2, 4]},
								"down": {"uv": [43, 76], "uv_size": [2, -4]}
							}
						}
					]
				},
				{
					"name": "RTJ2",
					"parent": "RightArm",
					"pivot": [-4.33199, 23.51669, -0.075],
					"cubes": [
						{
							"origin": [-3.1401, 21.82384, -2],
							"size": [2.7875, 7, 3.875],
							"uv": {
								"north": {"uv": [46, 0], "uv_size": [3, 7]},
								"east": {"uv": [4, 35], "uv_size": [4, 7]},
								"south": {"uv": [46, 7], "uv_size": [3, 7]},
								"west": {"uv": [35, 4], "uv_size": [4, 7]},
								"up": {"uv": [63, 12], "uv_size": [3, 4]},
								"down": {"uv": [63, 20], "uv_size": [3, -4]}
							}
						},
						{
							"origin": [-3.28744, 21.72403, -2],
							"size": [0.7875, 7, 3.875],
							"pivot": [-1.31305, 25.8775, -0.0625],
							"rotation": [0, 0, 3],
							"uv": {
								"north": {"uv": [72, 77], "uv_size": [1, 7]},
								"east": {"uv": [8, 35], "uv_size": [4, 7]},
								"south": {"uv": [73, 77], "uv_size": [1, 7]},
								"west": {"uv": [35, 17], "uv_size": [4, 7]},
								"up": {"uv": [54, 89], "uv_size": [1, 4]},
								"down": {"uv": [56, 93], "uv_size": [1, -4]}
							}
						},
						{
							"origin": [-3.2651, 20.51134, -1.875],
							"size": [2.7875, 1.5, 3.75],
							"uv": {
								"north": {"uv": [80, 45], "uv_size": [3, 2]},
								"east": {"uv": [72, 38], "uv_size": [4, 2]},
								"south": {"uv": [80, 54], "uv_size": [3, 2]},
								"west": {"uv": [56, 72], "uv_size": [4, 2]},
								"up": {"uv": [63, 20], "uv_size": [3, 4]},
								"down": {"uv": [63, 28], "uv_size": [3, -4]}
							}
						}
					]
				},
				{
					"name": "METAL2",
					"parent": "RTJ2",
					"pivot": [-5.33198, 20.51669, -0.075]
				},
				{
					"name": "E2",
					"parent": "METAL2",
					"pivot": [-4.47267, 20.01424, -0.075],
					"rotation": [0, 0, 3],
					"cubes": [
						{
							"origin": [-3.62727, 21.69253, -0.29268],
							"size": [2, 1.3125, 0.1875],
							"pivot": [-5.12384, 22.27943, -0.06827],
							"rotation": [-87, 0, 0],
							"uv": {
								"north": {"uv": [101, 80], "uv_size": [2, 1]},
								"east": {"uv": [58, 108], "uv_size": [1, 1]},
								"south": {"uv": [101, 81], "uv_size": [2, 1]},
								"west": {"uv": [108, 58], "uv_size": [1, 1]},
								"up": {"uv": [101, 82], "uv_size": [2, 1]},
								"down": {"uv": [101, 84], "uv_size": [2, -1]}
							}
						},
						{
							"origin": [-3.62727, 22.35426, 0.4669],
							"size": [2, 0.9375, 0.1875],
							"uv": {
								"north": {"uv": [101, 84], "uv_size": [2, 1]},
								"east": {"uv": [59, 108], "uv_size": [1, 1]},
								"south": {"uv": [101, 85], "uv_size": [2, 1]},
								"west": {"uv": [108, 59], "uv_size": [1, 1]},
								"up": {"uv": [101, 86], "uv_size": [2, 1]},
								"down": {"uv": [101, 88], "uv_size": [2, -1]}
							}
						},
						{
							"origin": [-3.62727, 22.28557, -0.6563],
							"size": [2, 0.9375, 0.1875],
							"uv": {
								"north": {"uv": [101, 88], "uv_size": [2, 1]},
								"east": {"uv": [60, 108], "uv_size": [1, 1]},
								"south": {"uv": [101, 90], "uv_size": [2, 1]},
								"west": {"uv": [108, 60], "uv_size": [1, 1]},
								"up": {"uv": [101, 91], "uv_size": [2, 1]},
								"down": {"uv": [92, 102], "uv_size": [2, -1]}
							}
						},
						{
							"origin": [-3.62727, 22.32763, -0.08909],
							"size": [2, 0.9375, 0.1875],
							"uv": {
								"north": {"uv": [101, 93], "uv_size": [2, 1]},
								"east": {"uv": [61, 108], "uv_size": [1, 1]},
								"south": {"uv": [101, 94], "uv_size": [2, 1]},
								"west": {"uv": [108, 61], "uv_size": [1, 1]},
								"up": {"uv": [101, 95], "uv_size": [2, 1]},
								"down": {"uv": [101, 97], "uv_size": [2, -1]}
							}
						}
					]
				},
				{
					"name": "T4",
					"parent": "METAL2",
					"pivot": [-3.23827, 24.39005, -0.075],
					"rotation": [0, 0, 3],
					"cubes": [
						{
							"origin": [-3.39287, 23.66757, 0.4669],
							"size": [2, 1.25, 0.1875],
							"uv": {
								"north": {"uv": [101, 98], "uv_size": [2, 1]},
								"east": {"uv": [62, 108], "uv_size": [1, 1]},
								"south": {"uv": [101, 99], "uv_size": [2, 1]},
								"west": {"uv": [108, 62], "uv_size": [1, 1]},
								"up": {"uv": [101, 100], "uv_size": [2, 1]},
								"down": {"uv": [101, 102], "uv_size": [2, -1]}
							}
						},
						{
							"origin": [-3.39287, 23.53673, -0.28894],
							"size": [2, 1.25, 0.1875],
							"pivot": [-4.88944, 24.16173, -0.06435],
							"rotation": [-90, 0, 0],
							"uv": {
								"north": {"uv": [0, 102], "uv_size": [2, 1]},
								"east": {"uv": [63, 108], "uv_size": [1, 1]},
								"south": {"uv": [102, 0], "uv_size": [2, 1]},
								"west": {"uv": [108, 63], "uv_size": [1, 1]},
								"up": {"uv": [102, 1], "uv_size": [2, 1]},
								"down": {"uv": [102, 3], "uv_size": [2, -1]}
							}
						}
					]
				},
				{
					"name": "A2",
					"parent": "METAL2",
					"pivot": [-3.23827, 24.26505, -0.075],
					"rotation": [0, 0, 3],
					"cubes": [
						{
							"origin": [-3.39287, 25.60507, 0.4669],
							"size": [2, 0.375, 0.1875],
							"uv": {
								"north": {"uv": [3, 102], "uv_size": [2, 1]},
								"east": {"uv": [64, 108], "uv_size": [1, 1]},
								"south": {"uv": [102, 3], "uv_size": [2, 1]},
								"west": {"uv": [108, 64], "uv_size": [1, 1]},
								"up": {"uv": [102, 4], "uv_size": [2, 1]},
								"down": {"uv": [102, 6], "uv_size": [2, -1]}
							}
						},
						{
							"origin": [-3.39287, 25.48007, -0.1581],
							"size": [2, 0.625, 0.1875],
							"uv": {
								"north": {"uv": [8, 102], "uv_size": [2, 1]},
								"east": {"uv": [65, 108], "uv_size": [1, 1]},
								"south": {"uv": [102, 8], "uv_size": [2, 1]},
								"west": {"uv": [108, 65], "uv_size": [1, 1]},
								"up": {"uv": [102, 9], "uv_size": [2, 1]},
								"down": {"uv": [10, 103], "uv_size": [2, -1]}
							}
						},
						{
							"origin": [-3.39287, 24.60138, -0.21104],
							"size": [2, 1.4375, 0.1875],
							"pivot": [-4.88944, 25.33788, 0.00566],
							"rotation": [-70, 0, 0],
							"uv": {
								"north": {"uv": [12, 102], "uv_size": [2, 1]},
								"east": {"uv": [66, 108], "uv_size": [1, 1]},
								"south": {"uv": [102, 12], "uv_size": [2, 1]},
								"west": {"uv": [108, 66], "uv_size": [1, 1]},
								"up": {"uv": [102, 13], "uv_size": [2, 1]},
								"down": {"uv": [16, 103], "uv_size": [2, -1]}
							}
						},
						{
							"origin": [-3.39287, 25.33296, -0.02387],
							"size": [2, 1.4375, 0.1875],
							"pivot": [-4.88944, 26.00696, -0.05307],
							"rotation": [70, 0, 0],
							"uv": {
								"north": {"uv": [102, 16], "uv_size": [2, 1]},
								"east": {"uv": [67, 108], "uv_size": [1, 1]},
								"south": {"uv": [102, 17], "uv_size": [2, 1]},
								"west": {"uv": [108, 67], "uv_size": [1, 1]},
								"up": {"uv": [102, 20], "uv_size": [2, 1]},
								"down": {"uv": [102, 22], "uv_size": [2, -1]}
							}
						}
					]
				},
				{
					"name": "L2",
					"parent": "METAL2",
					"pivot": [-3.14448, 26.14169, -1.2625],
					"rotation": [0, 0, 3],
					"cubes": [
						{
							"origin": [-3.29908, 26.73171, -0.7206],
							"size": [2, 1.125, 0.1875],
							"uv": {
								"north": {"uv": [22, 102], "uv_size": [2, 1]},
								"east": {"uv": [68, 108], "uv_size": [1, 1]},
								"south": {"uv": [102, 24], "uv_size": [2, 1]},
								"west": {"uv": [108, 68], "uv_size": [1, 1]},
								"up": {"uv": [102, 25], "uv_size": [2, 1]},
								"down": {"uv": [26, 103], "uv_size": [2, -1]}
							}
						},
						{
							"origin": [-3.29908, 26.10087, -0.16394],
							"size": [2, 1.25, 0.1875],
							"pivot": [-4.79565, 26.69462, 0.06065],
							"rotation": [-90, 0, 0],
							"uv": {
								"north": {"uv": [29, 102], "uv_size": [2, 1]},
								"east": {"uv": [69, 108], "uv_size": [1, 1]},
								"south": {"uv": [102, 30], "uv_size": [2, 1]},
								"west": {"uv": [108, 69], "uv_size": [1, 1]},
								"up": {"uv": [102, 31], "uv_size": [2, 1]},
								"down": {"uv": [33, 103], "uv_size": [2, -1]}
							}
						}
					]
				},
				{
					"name": "Tokyo2",
					"parent": "RTJ2",
					"pivot": [-3.11327, 26.57755, -3.0125],
					"rotation": [0, 0, 3]
				},
				{
					"name": "T5",
					"parent": "Tokyo2",
					"pivot": [-3.11327, 26.57755, -3.0125],
					"cubes": [
						{
							"origin": [-3.26787, 22.16173, -1.47644],
							"size": [2, 0.4375, 0.0625],
							"pivot": [-4.76444, 22.38048, -1.31435],
							"rotation": [-90, 0, 0],
							"uv": {
								"north": {"uv": [102, 34], "uv_size": [2, 1]},
								"east": {"uv": [70, 108], "uv_size": [1, 1]},
								"south": {"uv": [35, 102], "uv_size": [2, 1]},
								"west": {"uv": [108, 70], "uv_size": [1, 1]},
								"up": {"uv": [102, 35], "uv_size": [2, 1]},
								"down": {"uv": [102, 38], "uv_size": [2, -1]}
							}
						},
						{
							"origin": [-3.26787, 22.29257, -1.1581],
							"size": [2, 0.4375, 0.0625],
							"uv": {
								"north": {"uv": [102, 38], "uv_size": [2, 1]},
								"east": {"uv": [71, 108], "uv_size": [1, 1]},
								"south": {"uv": [39, 102], "uv_size": [2, 1]},
								"west": {"uv": [108, 71], "uv_size": [1, 1]},
								"up": {"uv": [102, 39], "uv_size": [2, 1]},
								"down": {"uv": [102, 42], "uv_size": [2, -1]}
							}
						}
					]
				},
				{
					"name": "O3",
					"parent": "Tokyo2",
					"pivot": [-3.11327, 26.57755, -3.0125],
					"cubes": [
						{
							"origin": [-3.26787, 23.22423, -1.47644],
							"size": [2, 0.4375, 0.0625],
							"pivot": [-4.76444, 23.44298, -1.31435],
							"rotation": [-90, 0, 0],
							"uv": {
								"north": {"uv": [42, 102], "uv_size": [2, 1]},
								"east": {"uv": [72, 108], "uv_size": [1, 1]},
								"south": {"uv": [102, 42], "uv_size": [2, 1]},
								"west": {"uv": [108, 72], "uv_size": [1, 1]},
								"up": {"uv": [102, 44], "uv_size": [2, 1]},
								"down": {"uv": [102, 46], "uv_size": [2, -1]}
							}
						},
						{
							"origin": [-3.26787, 22.97423, -1.47644],
							"size": [2, 0.4375, 0.0625],
							"pivot": [-4.76444, 23.19298, -1.31435],
							"rotation": [-90, 0, 0],
							"uv": {
								"north": {"uv": [47, 102], "uv_size": [2, 1]},
								"east": {"uv": [73, 108], "uv_size": [1, 1]},
								"south": {"uv": [102, 47], "uv_size": [2, 1]},
								"west": {"uv": [108, 73], "uv_size": [1, 1]},
								"up": {"uv": [102, 48], "uv_size": [2, 1]},
								"down": {"uv": [50, 103], "uv_size": [2, -1]}
							}
						},
						{
							"origin": [-3.26787, 23.29257, -1.1581],
							"size": [2, 0.3125, 0.0625],
							"uv": {
								"north": {"uv": [102, 50], "uv_size": [2, 1]},
								"east": {"uv": [74, 108], "uv_size": [1, 1]},
								"south": {"uv": [102, 51], "uv_size": [2, 1]},
								"west": {"uv": [108, 74], "uv_size": [1, 1]},
								"up": {"uv": [102, 54], "uv_size": [2, 1]},
								"down": {"uv": [102, 56], "uv_size": [2, -1]}
							}
						},
						{
							"origin": [-3.26787, 23.29257, -1.5331],
							"size": [2, 0.3125, 0.0625],
							"uv": {
								"north": {"uv": [56, 102], "uv_size": [2, 1]},
								"east": {"uv": [75, 108], "uv_size": [1, 1]},
								"south": {"uv": [102, 57], "uv_size": [2, 1]},
								"west": {"uv": [108, 75], "uv_size": [1, 1]},
								"up": {"uv": [58, 102], "uv_size": [2, 1]},
								"down": {"uv": [102, 59], "uv_size": [2, -1]}
							}
						}
					]
				},
				{
					"name": "K2",
					"parent": "Tokyo2",
					"pivot": [-3.11327, 27.51505, -3.0125],
					"cubes": [
						{
							"origin": [-3.26787, 23.78673, -1.47644],
							"size": [2, 0.4375, 0.0625],
							"pivot": [-4.76444, 24.00548, -1.31435],
							"rotation": [-90, 0, 0],
							"uv": {
								"north": {"uv": [102, 60], "uv_size": [2, 1]},
								"east": {"uv": [76, 108], "uv_size": [1, 1]},
								"south": {"uv": [102, 61], "uv_size": [2, 1]},
								"west": {"uv": [108, 76], "uv_size": [1, 1]},
								"up": {"uv": [62, 102], "uv_size": [2, 1]},
								"down": {"uv": [102, 64], "uv_size": [2, -1]}
							}
						},
						{
							"origin": [-3.26787, 24.09957, -1.41824],
							"size": [2, 0.3125, 0.0625],
							"pivot": [-4.76444, 24.06955, -1.29447],
							"rotation": [-45, 0, 0],
							"uv": {
								"north": {"uv": [102, 64], "uv_size": [2, 1]},
								"east": {"uv": [77, 108], "uv_size": [1, 1]},
								"south": {"uv": [65, 102], "uv_size": [2, 1]},
								"west": {"uv": [108, 77], "uv_size": [1, 1]},
								"up": {"uv": [102, 66], "uv_size": [2, 1]},
								"down": {"uv": [67, 103], "uv_size": [2, -1]}
							}
						},
						{
							"origin": [-3.26787, 24.09957, -1.27295],
							"size": [2, 0.3125, 0.0625],
							"pivot": [-4.76444, 24.06955, -1.33422],
							"rotation": [45, 0, 0],
							"uv": {
								"north": {"uv": [102, 67], "uv_size": [2, 1]},
								"east": {"uv": [78, 108], "uv_size": [1, 1]},
								"south": {"uv": [102, 68], "uv_size": [2, 1]},
								"west": {"uv": [108, 78], "uv_size": [1, 1]},
								"up": {"uv": [69, 102], "uv_size": [2, 1]},
								"down": {"uv": [102, 70], "uv_size": [2, -1]}
							}
						}
					]
				},
				{
					"name": "Y2",
					"parent": "Tokyo2",
					"pivot": [-3.11327, 27.51505, -3.0125],
					"cubes": [
						{
							"origin": [-3.26787, 24.72423, -1.47644],
							"size": [2, 0.3125, 0.0625],
							"pivot": [-4.76444, 24.94298, -1.31435],
							"rotation": [-90, 0, 0],
							"uv": {
								"north": {"uv": [71, 102], "uv_size": [2, 1]},
								"east": {"uv": [79, 108], "uv_size": [1, 1]},
								"south": {"uv": [102, 71], "uv_size": [2, 1]},
								"west": {"uv": [108, 79], "uv_size": [1, 1]},
								"up": {"uv": [102, 72], "uv_size": [2, 1]},
								"down": {"uv": [102, 76], "uv_size": [2, -1]}
							}
						},
						{
							"origin": [-3.26787, 25.00804, -1.29638],
							"size": [2, 0.25, 0.0625],
							"pivot": [-4.76444, 25.04052, -1.17261],
							"rotation": [-45, 0, 0],
							"uv": {
								"north": {"uv": [76, 102], "uv_size": [2, 1]},
								"east": {"uv": [80, 108], "uv_size": [1, 1]},
								"south": {"uv": [102, 76], "uv_size": [2, 1]},
								"west": {"uv": [108, 80], "uv_size": [1, 1]},
								"up": {"uv": [102, 78], "uv_size": [2, 1]},
								"down": {"uv": [79, 103], "uv_size": [2, -1]}
							}
						},
						{
							"origin": [-3.26787, 24.81296, -1.11134],
							"size": [2, 0.25, 0.0625],
							"pivot": [-4.76444, 24.84544, -1.17261],
							"rotation": [45, 0, 0],
							"uv": {
								"north": {"uv": [102, 79], "uv_size": [2, 1]},
								"east": {"uv": [81, 108], "uv_size": [1, 1]},
								"south": {"uv": [81, 102], "uv_size": [2, 1]},
								"west": {"uv": [108, 81], "uv_size": [1, 1]},
								"up": {"uv": [83, 102], "uv_size": [2, 1]},
								"down": {"uv": [85, 103], "uv_size": [2, -1]}
							}
						}
					]
				},
				{
					"name": "O4",
					"parent": "Tokyo2",
					"pivot": [-3.11327, 29.01505, -3.0125],
					"cubes": [
						{
							"origin": [-3.26787, 25.66173, -1.47644],
							"size": [2, 0.4375, 0.0625],
							"pivot": [-4.76444, 25.88048, -1.31435],
							"rotation": [-90, 0, 0],
							"uv": {
								"north": {"uv": [87, 102], "uv_size": [2, 1]},
								"east": {"uv": [82, 108], "uv_size": [1, 1]},
								"south": {"uv": [89, 102], "uv_size": [2, 1]},
								"west": {"uv": [108, 82], "uv_size": [1, 1]},
								"up": {"uv": [102, 89], "uv_size": [2, 1]},
								"down": {"uv": [91, 103], "uv_size": [2, -1]}
							}
						},
						{
							"origin": [-3.26787, 25.41173, -1.47644],
							"size": [2, 0.4375, 0.0625],
							"pivot": [-4.76444, 25.63048, -1.31435],
							"rotation": [-90, 0, 0],
							"uv": {
								"north": {"uv": [102, 92], "uv_size": [2, 1]},
								"east": {"uv": [83, 108], "uv_size": [1, 1]},
								"south": {"uv": [93, 102], "uv_size": [2, 1]},
								"west": {"uv": [108, 83], "uv_size": [1, 1]},
								"up": {"uv": [95, 102], "uv_size": [2, 1]},
								"down": {"uv": [97, 103], "uv_size": [2, -1]}
							}
						},
						{
							"origin": [-3.26787, 25.73007, -1.1581],
							"size": [2, 0.3125, 0.0625],
							"uv": {
								"north": {"uv": [102, 97], "uv_size": [2, 1]},
								"east": {"uv": [84, 108], "uv_size": [1, 1]},
								"south": {"uv": [99, 102], "uv_size": [2, 1]},
								"west": {"uv": [108, 84], "uv_size": [1, 1]},
								"up": {"uv": [101, 102], "uv_size": [2, 1]},
								"down": {"uv": [0, 104], "uv_size": [2, -1]}
							}
						},
						{
							"origin": [-3.26787, 25.73007, -1.5331],
							"size": [2, 0.3125, 0.0625],
							"uv": {
								"north": {"uv": [2, 103], "uv_size": [2, 1]},
								"east": {"uv": [85, 108], "uv_size": [1, 1]},
								"south": {"uv": [4, 103], "uv_size": [2, 1]},
								"west": {"uv": [108, 85], "uv_size": [1, 1]},
								"up": {"uv": [6, 103], "uv_size": [2, 1]},
								"down": {"uv": [103, 7], "uv_size": [2, -1]}
							}
						}
					]
				},
				{
					"name": "RightForeArm2",
					"parent": "RightArm",
					"pivot": [-5.62269, 21.49708, 0.075],
					"cubes": [
						{
							"origin": [-2.86323, 14.84169, -1.55],
							"size": [2.2375, 6.875, 3],
							"uv": {
								"north": {"uv": [0, 54], "uv_size": [2, 7]},
								"east": {"uv": [46, 14], "uv_size": [3, 7]},
								"south": {"uv": [2, 54], "uv_size": [2, 7]},
								"west": {"uv": [46, 37], "uv_size": [3, 7]},
								"up": {"uv": [80, 56], "uv_size": [2, 3]},
								"down": {"uv": [68, 83], "uv_size": [2, -3]}
							}
						}
					]
				},
				{
					"name": "RFJ2",
					"parent": "RightForeArm2",
					"pivot": [-5.62269, 21.49708, 0.075],
					"cubes": [
						{
							"origin": [-3.1401, 16.82384, -2.0625],
							"size": [2.7875, 5, 4],
							"uv": {
								"north": {"uv": [18, 53], "uv_size": [3, 5]},
								"east": {"uv": [49, 5], "uv_size": [4, 5]},
								"south": {"uv": [21, 53], "uv_size": [3, 5]},
								"west": {"uv": [49, 10], "uv_size": [4, 5]},
								"up": {"uv": [63, 28], "uv_size": [3, 4]},
								"down": {"uv": [56, 67], "uv_size": [3, -4]}
							}
						},
						{
							"origin": [-1.78347, 18.09878, -2.0625],
							"size": [1.7875, 3.625, 4],
							"pivot": [-0.88972, 19.22378, 0],
							"rotation": [0, 0, -8],
							"uv": {
								"north": {"uv": [45, 72], "uv_size": [2, 4]},
								"east": {"uv": [52, 31], "uv_size": [4, 4]},
								"south": {"uv": [68, 72], "uv_size": [2, 4]},
								"west": {"uv": [50, 52], "uv_size": [4, 4]},
								"up": {"uv": [72, 69], "uv_size": [2, 4]},
								"down": {"uv": [70, 76], "uv_size": [2, -4]}
							}
						},
						{
							"origin": [-1.80561, 16.97447, -2.0625],
							"size": [1.7875, 1.5, 4],
							"pivot": [-0.91186, 17.66197, -0.0625],
							"rotation": [0, 0, 14],
							"uv": {
								"north": {"uv": [89, 69], "uv_size": [2, 2]},
								"east": {"uv": [6, 73], "uv_size": [4, 2]},
								"south": {"uv": [77, 89], "uv_size": [2, 2]},
								"west": {"uv": [10, 73], "uv_size": [4, 2]},
								"up": {"uv": [14, 73], "uv_size": [2, 4]},
								"down": {"uv": [73, 18], "uv_size": [2, -4]}
							}
						},
						{
							"origin": [-3.1401, 18.1963, -2.44377],
							"size": [2.725, 3.5625, 1],
							"pivot": [-1.74635, 19.97755, -1.94377],
							"rotation": [-12, 0, 0],
							"uv": {
								"north": {"uv": [63, 57], "uv_size": [3, 4]},
								"east": {"uv": [67, 89], "uv_size": [1, 4]},
								"south": {"uv": [59, 63], "uv_size": [3, 4]},
								"west": {"uv": [72, 89], "uv_size": [1, 4]},
								"up": {"uv": [98, 1], "uv_size": [3, 1]},
								"down": {"uv": [98, 3], "uv_size": [3, -1]}
							}
						},
						{
							"origin": [-3.94893, 17.06785, -2.0625],
							"size": [1.7875, 1.6875, 3.9375],
							"pivot": [-3.05518, 18.56785, -0.125],
							"rotation": [0, 0, -28],
							"uv": {
								"north": {"uv": [80, 89], "uv_size": [2, 2]},
								"east": {"uv": [73, 18], "uv_size": [4, 2]},
								"south": {"uv": [82, 89], "uv_size": [2, 2]},
								"west": {"uv": [73, 20], "uv_size": [4, 2]},
								"up": {"uv": [16, 73], "uv_size": [2, 4]},
								"down": {"uv": [73, 26], "uv_size": [2, -4]}
							}
						},
						{
							"origin": [-3.02389, 15.80435, -1.625],
							"size": [0.1625, 1, 3.125],
							"pivot": [-2.84889, 16.30435, -0.0625],
							"rotation": [0, 0, 8],
							"uv": {
								"north": {"uv": [96, 108], "uv_size": [1, 1]},
								"east": {"uv": [98, 3], "uv_size": [3, 1]},
								"south": {"uv": [108, 96], "uv_size": [1, 1]},
								"west": {"uv": [4, 98], "uv_size": [3, 1]},
								"up": {"uv": [95, 97], "uv_size": [1, 3]},
								"down": {"uv": [98, 7], "uv_size": [1, -3]}
							}
						},
						{
							"origin": [-2.9526, 15.82384, -1.625],
							"size": [2.4125, 1, 3.125],
							"uv": {
								"north": {"uv": [58, 103], "uv_size": [2, 1]},
								"east": {"uv": [98, 7], "uv_size": [3, 1]},
								"south": {"uv": [103, 59], "uv_size": [2, 1]},
								"west": {"uv": [98, 8], "uv_size": [3, 1]},
								"up": {"uv": [70, 80], "uv_size": [2, 3]},
								"down": {"uv": [80, 82], "uv_size": [2, -3]}
							}
						},
						{
							"origin": [-0.61003, 15.49991, -1.625],
							"size": [0.1625, 1, 3.125],
							"pivot": [-2.81002, 15.99991, -0.0625],
							"rotation": [0, 0, -8],
							"uv": {
								"north": {"uv": [97, 108], "uv_size": [1, 1]},
								"east": {"uv": [98, 9], "uv_size": [3, 1]},
								"south": {"uv": [108, 97], "uv_size": [1, 1]},
								"west": {"uv": [98, 10], "uv_size": [3, 1]},
								"up": {"uv": [7, 98], "uv_size": [1, 3]},
								"down": {"uv": [98, 14], "uv_size": [1, -3]}
							}
						},
						{
							"origin": [-3.1401, 18.1963, 1.31877],
							"size": [2.7875, 3.5625, 1],
							"pivot": [-1.93385, 19.97755, 1.81877],
							"rotation": [12, 0, 0],
							"uv": {
								"north": {"uv": [63, 61], "uv_size": [3, 4]},
								"east": {"uv": [89, 85], "uv_size": [1, 4]},
								"south": {"uv": [64, 0], "uv_size": [3, 4]},
								"west": {"uv": [88, 89], "uv_size": [1, 4]},
								"up": {"uv": [98, 14], "uv_size": [3, 1]},
								"down": {"uv": [98, 16], "uv_size": [3, -1]}
							}
						},
						{
							"origin": [-3.69592, 18.17319, -2.0625],
							"size": [1.7875, 3.625, 3.9375],
							"pivot": [-2.80217, 20.23569, -0.0625],
							"rotation": [0, 0, 7],
							"uv": {
								"north": {"uv": [73, 26], "uv_size": [2, 4]},
								"east": {"uv": [53, 0], "uv_size": [4, 4]},
								"south": {"uv": [28, 73], "uv_size": [2, 4]},
								"west": {"uv": [53, 4], "uv_size": [4, 4]},
								"up": {"uv": [73, 30], "uv_size": [2, 4]},
								"down": {"uv": [73, 49], "uv_size": [2, -4]}
							}
						},
						{
							"origin": [-3.1401, 16.64376, 1.35891],
							"size": [2.7875, 2, 1],
							"pivot": [-1.74635, 17.80001, 1.85891],
							"rotation": [-26, 0, 0],
							"uv": {
								"north": {"uv": [6, 81], "uv_size": [3, 2]},
								"east": {"uv": [61, 103], "uv_size": [1, 2]},
								"south": {"uv": [9, 81], "uv_size": [3, 2]},
								"west": {"uv": [62, 103], "uv_size": [1, 2]},
								"up": {"uv": [98, 16], "uv_size": [3, 1]},
								"down": {"uv": [98, 18], "uv_size": [3, -1]}
							}
						},
						{
							"origin": [-3.1401, 16.58126, -2.48391],
							"size": [2.725, 2.0625, 1],
							"pivot": [-1.74635, 17.80001, -1.98391],
							"rotation": [26, 0, 0],
							"uv": {
								"north": {"uv": [14, 81], "uv_size": [3, 2]},
								"east": {"uv": [63, 103], "uv_size": [1, 2]},
								"south": {"uv": [82, 21], "uv_size": [3, 2]},
								"west": {"uv": [64, 103], "uv_size": [1, 2]},
								"up": {"uv": [98, 18], "uv_size": [3, 1]},
								"down": {"uv": [98, 20], "uv_size": [3, -1]}
							}
						}
					]
				},
				{
					"name": "Sanjiao2",
					"parent": "RFJ2",
					"pivot": [-5.51463, 19.52004, -0.00533],
					"rotation": [0, 0, 7],
					"cubes": [
						{
							"origin": [-3.83326, 19.06953, 0.33893],
							"size": [1.6, 1.5, 0.15],
							"uv": {
								"north": {"uv": [89, 53], "uv_size": [2, 2]},
								"east": {"uv": [37, 102], "uv_size": [1, 2]},
								"south": {"uv": [57, 89], "uv_size": [2, 2]},
								"west": {"uv": [54, 102], "uv_size": [1, 2]},
								"up": {"uv": [103, 23], "uv_size": [2, 1]},
								"down": {"uv": [24, 104], "uv_size": [2, -1]}
							}
						},
						{
							"origin": [-3.83326, 19.76463, -0.9052],
							"size": [1.6, 0.1098, 0.2],
							"uv": {
								"north": {"uv": [26, 103], "uv_size": [2, 1]},
								"east": {"uv": [90, 108], "uv_size": [1, 1]},
								"south": {"uv": [103, 26], "uv_size": [2, 1]},
								"west": {"uv": [108, 90], "uv_size": [1, 1]},
								"up": {"uv": [103, 27], "uv_size": [2, 1]},
								"down": {"uv": [28, 104], "uv_size": [2, -1]}
							}
						},
						{
							"origin": [-3.83326, 19.76463, -0.3052],
							"size": [1.6, 0.1598, 0.15],
							"uv": {
								"north": {"uv": [103, 28], "uv_size": [2, 1]},
								"east": {"uv": [91, 108], "uv_size": [1, 1]},
								"south": {"uv": [103, 29], "uv_size": [2, 1]},
								"west": {"uv": [108, 91], "uv_size": [1, 1]},
								"up": {"uv": [30, 103], "uv_size": [2, 1]},
								"down": {"uv": [32, 104], "uv_size": [2, -1]}
							}
						},
						{
							"origin": [-3.83326, 19.91463, 0.0448],
							"size": [1.6, 0.1598, 0.15],
							"uv": {
								"north": {"uv": [103, 32], "uv_size": [2, 1]},
								"east": {"uv": [92, 108], "uv_size": [1, 1]},
								"south": {"uv": [103, 33], "uv_size": [2, 1]},
								"west": {"uv": [108, 92], "uv_size": [1, 1]},
								"up": {"uv": [34, 103], "uv_size": [2, 1]},
								"down": {"uv": [103, 37], "uv_size": [2, -1]}
							}
						},
						{
							"origin": [-3.83326, 19.56463, -0.0052],
							"size": [1.6, 0.1598, 0.15],
							"uv": {
								"north": {"uv": [38, 103], "uv_size": [2, 1]},
								"east": {"uv": [93, 108], "uv_size": [1, 1]},
								"south": {"uv": [40, 103], "uv_size": [2, 1]},
								"west": {"uv": [108, 93], "uv_size": [1, 1]},
								"up": {"uv": [103, 40], "uv_size": [2, 1]},
								"down": {"uv": [42, 104], "uv_size": [2, -1]}
							}
						},
						{
							"origin": [-3.83326, 18.22438, 0.85278],
							"size": [1.6, 1.5, 0.15],
							"pivot": [-4.76463, 18.22204, -0.06107],
							"rotation": [60, 0, 0],
							"uv": {
								"north": {"uv": [59, 89], "uv_size": [2, 2]},
								"east": {"uv": [60, 102], "uv_size": [1, 2]},
								"south": {"uv": [61, 89], "uv_size": [2, 2]},
								"west": {"uv": [74, 102], "uv_size": [1, 2]},
								"up": {"uv": [103, 43], "uv_size": [2, 1]},
								"down": {"uv": [44, 104], "uv_size": [2, -1]}
							}
						},
						{
							"origin": [-3.83326, 18.91948, 2.14692],
							"size": [1.6, 0.1098, 0.1],
							"pivot": [-4.76463, 18.22204, -0.06107],
							"rotation": [60, 0, 0],
							"uv": {
								"north": {"uv": [46, 103], "uv_size": [2, 1]},
								"east": {"uv": [94, 108], "uv_size": [1, 1]},
								"south": {"uv": [103, 46], "uv_size": [2, 1]},
								"west": {"uv": [108, 94], "uv_size": [1, 1]},
								"up": {"uv": [48, 103], "uv_size": [2, 1]},
								"down": {"uv": [103, 50], "uv_size": [2, -1]}
							}
						},
						{
							"origin": [-3.83326, 19.269, -0.52443],
							"size": [1.6, 0.1098, 0.15],
							"pivot": [-5.51463, 18.47646, -0.21058],
							"rotation": [-60, 0, 0],
							"uv": {
								"north": {"uv": [50, 103], "uv_size": [2, 1]},
								"east": {"uv": [95, 108], "uv_size": [1, 1]},
								"south": {"uv": [52, 103], "uv_size": [2, 1]},
								"west": {"uv": [108, 95], "uv_size": [1, 1]},
								"up": {"uv": [103, 52], "uv_size": [2, 1]},
								"down": {"uv": [103, 54], "uv_size": [2, -1]}
							}
						},
						{
							"origin": [-3.83326, 19.3038, -0.54453],
							"size": [1.6, 1.5, 0.15],
							"pivot": [-5.51463, 19.90146, -0.23068],
							"rotation": [-60, 0, 0],
							"uv": {
								"north": {"uv": [63, 89], "uv_size": [2, 2]},
								"east": {"uv": [36, 103], "uv_size": [1, 2]},
								"south": {"uv": [65, 89], "uv_size": [2, 2]},
								"west": {"uv": [55, 103], "uv_size": [1, 2]},
								"up": {"uv": [56, 103], "uv_size": [2, 1]},
								"down": {"uv": [103, 57], "uv_size": [2, -1]}
							}
						}
					]
				},
				{
					"name": "M2",
					"parent": "RFJ2",
					"pivot": [-4.61346, 19.82538, -0.075],
					"rotation": [0, 0, 7],
					"cubes": [
						{
							"origin": [-3.78326, 19.1957, -1.55686],
							"size": [2, 1.3125, 0.1875],
							"pivot": [-5.26463, 19.54415, -0.19085],
							"rotation": [-85, 0, 0],
							"uv": {
								"north": {"uv": [103, 7], "uv_size": [2, 1]},
								"east": {"uv": [86, 108], "uv_size": [1, 1]},
								"south": {"uv": [8, 103], "uv_size": [2, 1]},
								"west": {"uv": [108, 86], "uv_size": [1, 1]},
								"up": {"uv": [10, 103], "uv_size": [2, 1]},
								"down": {"uv": [103, 11], "uv_size": [2, -1]}
							}
						},
						{
							"origin": [-3.78326, 20.92847, 0.21466],
							"size": [2, 1.3125, 0.1875],
							"pivot": [-5.26463, 21.55817, 0.0049],
							"rotation": [85, 0, 0],
							"uv": {
								"north": {"uv": [103, 11], "uv_size": [2, 1]},
								"east": {"uv": [87, 108], "uv_size": [1, 1]},
								"south": {"uv": [12, 103], "uv_size": [2, 1]},
								"west": {"uv": [108, 87], "uv_size": [1, 1]},
								"up": {"uv": [14, 103], "uv_size": [2, 1]},
								"down": {"uv": [103, 15], "uv_size": [2, -1]}
							}
						},
						{
							"origin": [-3.78326, 20.6409, 0.37078],
							"size": [2, 0.75, 0.1875],
							"pivot": [-5.26463, 20.91381, 0.23114],
							"rotation": [50, 0, 0],
							"uv": {
								"north": {"uv": [103, 15], "uv_size": [2, 1]},
								"east": {"uv": [88, 108], "uv_size": [1, 1]},
								"south": {"uv": [16, 103], "uv_size": [2, 1]},
								"west": {"uv": [108, 88], "uv_size": [1, 1]},
								"up": {"uv": [18, 103], "uv_size": [2, 1]},
								"down": {"uv": [103, 19], "uv_size": [2, -1]}
							}
						},
						{
							"origin": [-3.78326, 20.98105, 0.14339],
							"size": [2, 0.75, 0.1875],
							"pivot": [-5.26463, 21.37896, 0.47053],
							"rotation": [-50, 0, 0],
							"uv": {
								"north": {"uv": [103, 19], "uv_size": [2, 1]},
								"east": {"uv": [89, 108], "uv_size": [1, 1]},
								"south": {"uv": [20, 103], "uv_size": [2, 1]},
								"west": {"uv": [108, 89], "uv_size": [1, 1]},
								"up": {"uv": [22, 103], "uv_size": [2, 1]},
								"down": {"uv": [103, 23], "uv_size": [2, -1]}
							}
						}
					]
				},
				{
					"name": "RightHand2",
					"parent": "RightForeArm2",
					"pivot": [-4.42465, 15.52289, 0.075]
				},
				{
					"name": "RightHandLocator2",
					"parent": "RightHand2",
					"pivot": [-4.42465, 15.52289, 0.075]
				},
				{
					"name": "BladeLocator2",
					"parent": "RightHand2",
					"pivot": [-4.42465, 15.52289, 0.075]
				}
			]
		}
	]
}