{
	"format_version": "1.8.0",
	"animations": {
		"beg": {
			"loop": true,
			"bones": {
				"Head": {
					"rotation": [0, 0, -15],
					"position": [0, -0.5, 0]
				},
				"LongHair": {
					"rotation": [0, 0, 15]
				},
				"LeftArm": {
					"rotation": [-27.81509, 18.15489, -17.48614]
				},
				"LeftForeArm": {
					"rotation": [-135.10922, -3.53329, 3.54002]
				},
				"RightArm": {
					"rotation": [-27.81509, -18.15489, 17.48614]
				},
				"RightForeArm": {
					"rotation": [-135.10922, 3.53329, -3.54002]
				}
			}
		},
		"chair": {
			"loop": true,
			"bones": {
				"Root": {
					"position": [0, -16, 0]
				},
				"UpBody": {
					"rotation": [0, 0, 0]
				},
				"UpperBody": {
					"rotation": [0, 0, "math.sin(90+query.anim_time*90)*2"]
				},
				"Head": {
					"rotation": [0, 0, "math.sin(query.anim_time*90)*2"]
				},
				"LeftArm": {
					"rotation": [-7.5, 0, 0]
				},
				"LeftForeArm": {
					"rotation": [-64.82222, 20.48789, 23.22512]
				},
				"RightArm": {
					"rotation": [-7.5, 0, 0]
				},
				"RightForeArm": {
					"rotation": [-64.82222, -20.48789, -23.22512]
				},
				"LeftLeg": {
					"rotation": [-82.5, 0, 0],
					"position": [-0.25, 0, 0]
				},
				"LeftLowerLeg": {
					"rotation": ["82.5+math.sin(90+query.anim_time*180)*2", 0, 0]
				},
				"RightLeg": {
					"rotation": [-82.5, 0, 0],
					"position": [0.25, 0, 0]
				},
				"RightLowerLeg": {
					"rotation": ["82.5+math.sin(-90+query.anim_time*180)*2", 0, 0]
				},
				"Rightqz": {
					"rotation": [-30.76461, 0.13243, 2.55492],
					"scale": [1, 1.05, 1]
				},
				"Leftqz": {
					"rotation": [-30.76705, -0.02298, -2.55635],
					"scale": [1, 1.05, 1]
				},
				"Frontqz": {
					"rotation": [-50, 0, 0]
				},
				"Backqz": {
					"rotation": [-2.5, 0, 0]
				}
			}
		},
		"gomoku": {
			"loop": true,
			"bones": {
				"Root": {
					"scale": ["1-math.sin(q.anim_time*180)*0.002", "1+math.sin(q.anim_time*180)*0.005", "1-math.sin(q.anim_time*180)*0.002"]
				},
				"UpBody": {
					"rotation": [10, 0, 0]
				},
				"LeftArm": {
					"rotation": [-26.00448, 15.41426, 17.54417]
				},
				"LeftForeArm": {
					"rotation": [-45.10922, 82.93343, -19.89078]
				},
				"RightArm": {
					"rotation": [-24.19091, 3.93555, -29.38766]
				},
				"RightForeArm": {
					"rotation": [-113.28031, -76.1838, 87.88096]
				},
				"LeftLeg": {
					"rotation": [-50.32548, 0, 0],
					"position": [-0.25, 0, 0]
				},
				"LeftLowerLeg": {
					"rotation": [145, 0, 0]
				},
				"LeftFoot": {
					"rotation": [37.5, 0, 0]
				},
				"RightLeg": {
					"rotation": [-50.32548, 0, 0],
					"position": [0.25, 0, 0]
				},
				"RightLowerLeg": {
					"rotation": [145, 0, 0]
				},
				"RightFoot": {
					"rotation": [37.5, 0, 0]
				},
				"AllBody": {
					"position": [0, -13, 0]
				},
				"AllHead": {
					"rotation": [0, 0, 0]
				},
				"Head": {
					"rotation": ["math.sin(-60+q.anim_time*180)*1", 0, 0]
				},
				"Skirt": {
					"rotation": [-32.5, 0, 0]
				},
				"UpperBody": {
					"rotation": ["-5+math.sin(90+q.anim_time*180)*0.5", 0, 0]
				},
				"RightSkirt": {
					"rotation": [10, 0, 0],
					"scale": [1, 0.9, 1.2]
				},
				"LeftSkirt": {
					"rotation": [10, 0, 0],
					"scale": [1, 0.9, 1.2]
				},
				"BackSkirt": {
					"rotation": [37.5, 0, 0]
				},
				"LFAelse": {
					"rotation": [0.92591, 10.72679, -16.7929]
				},
				"LFAelse2": {
					"rotation": [-1.01064, -2.56954, 4.19161]
				},
				"Frontqz": {
					"rotation": [-20, 0, 0]
				}
			}
		},
		"bookshelf": {
			"loop": true,
			"animation_length": 6,
			"bones": {
				"UpBody": {
					"rotation": [0, 0, 0]
				},
				"LeftArm": {
					"rotation": [-41.79294, 20.93003, 7.7815]
				},
				"LeftForeArm": {
					"rotation": [-151.39677, 56.47292, -79.43065]
				},
				"RightArm": {
					"rotation": [-36.3107, -1.80175, -33.18875]
				},
				"RightForeArm": {
					"rotation": [-155.95742, -27.15647, 34.04258]
				},
				"LeftLeg": {
					"rotation": [-96.36654, -5.01579, -16.96722],
					"position": [-0.5, 0, 0]
				},
				"LeftLowerLeg": {
					"rotation": [52.5, 0, 0]
				},
				"LeftFoot": {
					"rotation": [37.5, 0, 0]
				},
				"RightLeg": {
					"rotation": [-96.36654, 5.01579, 16.96722],
					"position": [0.75, 0, 0]
				},
				"RightLowerLeg": {
					"rotation": [52.5, 0, 0]
				},
				"RightFoot": {
					"rotation": [37.5, 0, 0]
				},
				"AllBody": {
					"position": [0, -18.5, -2],
					"scale": 1
				},
				"Head": {
					"rotation": {
						"0.0": [10, 0, 0],
						"2.0": [10, 0, 0],
						"2.125": [15, 0, 0],
						"2.25": [10, 0, 0],
						"2.375": [15, 0, 0],
						"2.5": [10, 0, 0]
					}
				},
				"LongHair": {
					"rotation": [15, 0, 0]
				},
				"UpperBody": {
					"rotation": [0, 0, 0]
				},
				"Rightqz": {
					"rotation": [-38, 0, 0],
					"scale": [1, 1, 1.3]
				},
				"Leftqz": {
					"rotation": [-38, 0, 0],
					"scale": [1, 1, 1.3]
				},
				"Frontqz": {
					"rotation": [-65, 0, 0]
				}
			}
		},
		"computer": {
			"loop": true,
			"bones": {
				"UpBody": {
					"rotation": [0, 0, 0]
				},
				"LeftArm": {
					"rotation": [-38.27599, -14.40609, -0.53408]
				},
				"LeftForeArm": {
					"rotation": [-51.5, -10, 5]
				},
				"RightArm": {
					"rotation": [-35.40403, 18.74724, 1.17283]
				},
				"RightForeArm": {
					"rotation": [-48.9934, 2.35308, -12.85853]
				},
				"LeftLeg": {
					"rotation": [-82.5, 0, 0]
				},
				"LeftLowerLeg": {
					"rotation": ["84.5+math.sin(q.anim_time*180)*2", 0, 0]
				},
				"RightLeg": {
					"rotation": [-82.5, 0, 0]
				},
				"RightLowerLeg": {
					"rotation": ["84.5-math.sin(q.anim_time*180)*2", 0, 0]
				},
				"Head": {
					"rotation": [0, 0, 0]
				},
				"UpperBody": {
					"rotation": [0, 0, 0]
				},
				"AllBody": {
					"position": [0, -18, -4.5]
				},
				"LeftLongDai": {
					"rotation": [37.66627, 14.58445, 5.48714]
				},
				"RightLongDai": {
					"rotation": [34.18161, -16.29525, -2.81754]
				},
				"Rightqz": {
					"rotation": [-27.29887, 3.45533, 6.66067]
				},
				"Leftqz": {
					"rotation": [-29.78729, -3.74196, -6.50446]
				},
				"Frontqz": {
					"rotation": [-50, 0, 0]
				}
			}
		},
		"keyboard": {
			"loop": true,
			"animation_length": 4.75,
			"bones": {
				"UpBody": {
					"rotation": {
						"0.0": {
							"post": [10, 0, 0],
							"lerp_mode": "catmullrom"
						},
						"0.375": {
							"post": [9.5, 0, 0],
							"lerp_mode": "catmullrom"
						},
						"0.6667": {
							"post": [10, 0, 0],
							"lerp_mode": "catmullrom"
						},
						"0.8333": {
							"post": [12.5, 0, 0],
							"lerp_mode": "catmullrom"
						},
						"1.1667": {
							"post": [12.5, 0, 0],
							"lerp_mode": "catmullrom"
						},
						"1.4167": {
							"post": [9.5, 0, 0],
							"lerp_mode": "catmullrom"
						},
						"1.5833": {
							"post": [10, 0, 0],
							"lerp_mode": "catmullrom"
						},
						"1.75": {
							"post": [12.5, 0, 0],
							"lerp_mode": "catmullrom"
						},
						"1.9583": {
							"post": [9.5, 0, 0],
							"lerp_mode": "catmullrom"
						},
						"2.25": {
							"post": [10, 0, 0],
							"lerp_mode": "catmullrom"
						},
						"2.4167": {
							"post": [12.5, 0, 0],
							"lerp_mode": "catmullrom"
						},
						"2.75": {
							"post": [10, 0, 0],
							"lerp_mode": "catmullrom"
						},
						"2.9167": {
							"post": [12.5, 0, 0],
							"lerp_mode": "catmullrom"
						},
						"3.125": {
							"post": [9.5, 0, 0],
							"lerp_mode": "catmullrom"
						},
						"3.4167": {
							"post": [10, 0, 0],
							"lerp_mode": "catmullrom"
						},
						"3.5833": {
							"post": [12.5, 0, 0],
							"lerp_mode": "catmullrom"
						},
						"3.9167": {
							"post": [12.5, 0, 0],
							"lerp_mode": "catmullrom"
						},
						"4.1667": {
							"post": [9.5, 0, 0],
							"lerp_mode": "catmullrom"
						},
						"4.4583": {
							"post": [9, 0, 0],
							"lerp_mode": "catmullrom"
						},
						"4.75": {
							"post": [10, 0, 0],
							"lerp_mode": "catmullrom"
						}
					}
				},
				"LeftArm": {
					"rotation": {
						"0.0": {
							"post": [-50, 0, 0],
							"lerp_mode": "catmullrom"
						},
						"0.0833": {
							"post": [-57.5, 0, 0],
							"lerp_mode": "catmullrom"
						},
						"0.25": {
							"post": [-57.5, 0, 0],
							"lerp_mode": "catmullrom"
						},
						"0.3333": {
							"post": [-50, 0, 0],
							"lerp_mode": "catmullrom"
						},
						"0.5": {
							"post": [-50, 0, 0],
							"lerp_mode": "catmullrom"
						},
						"0.75": {
							"post": [-50, -4.2, 0],
							"lerp_mode": "catmullrom"
						},
						"0.8333": {
							"post": [-57.5, -4.2, 0],
							"lerp_mode": "catmullrom"
						},
						"1.0": {
							"post": [-57.5, -4.2, 0],
							"lerp_mode": "catmullrom"
						},
						"1.0833": {
							"post": [-50, -4.2, 0],
							"lerp_mode": "catmullrom"
						},
						"1.25": {
							"post": [-50, -4.2, 0],
							"lerp_mode": "catmullrom"
						},
						"1.5": {
							"post": [-50, 0, 0],
							"lerp_mode": "catmullrom"
						},
						"1.5833": {
							"post": [-57.5, 0, 0],
							"lerp_mode": "catmullrom"
						},
						"1.75": {
							"post": [-57.5, 0, 0],
							"lerp_mode": "catmullrom"
						},
						"1.8333": {
							"post": [-50, 0, 0],
							"lerp_mode": "catmullrom"
						},
						"2.0": {
							"post": [-50, 0, 0],
							"lerp_mode": "catmullrom"
						},
						"2.2083": {
							"post": [-50, 4.3, 0],
							"lerp_mode": "catmullrom"
						},
						"2.2917": {
							"post": [-57.5, 4.3, 0],
							"lerp_mode": "catmullrom"
						},
						"2.4583": {
							"post": [-57.5, 4.3, 0],
							"lerp_mode": "catmullrom"
						},
						"2.5417": {
							"post": [-50, 4.3, 0],
							"lerp_mode": "catmullrom"
						},
						"2.7083": {
							"post": [-50, 4.3, 0],
							"lerp_mode": "catmullrom"
						},
						"2.8333": {
							"post": [-50, 0, 0],
							"lerp_mode": "catmullrom"
						},
						"2.9167": {
							"post": [-57.5, 0, 0],
							"lerp_mode": "catmullrom"
						},
						"3.0833": {
							"post": [-57.5, 0, 0],
							"lerp_mode": "catmullrom"
						},
						"3.1667": {
							"post": [-50, 0, 0],
							"lerp_mode": "catmullrom"
						},
						"3.3333": {
							"post": [-50, 0, 0],
							"lerp_mode": "catmullrom"
						},
						"3.5833": {
							"post": [-50, -4.2, 0],
							"lerp_mode": "catmullrom"
						},
						"3.6667": {
							"post": [-57.5, -4.2, 0],
							"lerp_mode": "catmullrom"
						},
						"3.8333": {
							"post": [-57.5, -4.2, 0],
							"lerp_mode": "catmullrom"
						},
						"3.9167": {
							"post": [-50, -4.2, 0],
							"lerp_mode": "catmullrom"
						},
						"4.0833": {
							"post": [-50, -4.2, 0],
							"lerp_mode": "catmullrom"
						},
						"4.25": {
							"post": [-50, 0, 0],
							"lerp_mode": "catmullrom"
						},
						"4.3333": {
							"post": [-57.5, 0, 0],
							"lerp_mode": "catmullrom"
						},
						"4.5": {
							"post": [-57.5, 0, 0],
							"lerp_mode": "catmullrom"
						},
						"4.5833": {
							"post": [-50, 0, 0],
							"lerp_mode": "catmullrom"
						},
						"4.75": {
							"post": [-50, 0, 0],
							"lerp_mode": "catmullrom"
						}
					}
				},
				"LeftForeArm": {
					"rotation": {
						"0.0": {
							"post": [-57.21, 59.33, -43.38],
							"lerp_mode": "catmullrom"
						},
						"0.0833": {
							"post": [-54.74523, 61.40421, -40.55192],
							"lerp_mode": "catmullrom"
						},
						"0.2083": {
							"post": [-61.18348, 55.03205, -48.10405],
							"lerp_mode": "catmullrom"
						},
						"0.3333": {
							"post": [-61.18348, 55.03205, -48.10405],
							"lerp_mode": "catmullrom"
						},
						"0.5": {
							"post": [-57.20508, 59.33164, -43.38127],
							"lerp_mode": "catmullrom"
						},
						"0.75": {
							"post": [-52.91, 59.33, -43.38],
							"lerp_mode": "catmullrom"
						},
						"0.8333": {
							"post": [-50.44523, 61.40421, -40.55192],
							"lerp_mode": "catmullrom"
						},
						"0.9583": {
							"post": [-56.88348, 55.03205, -48.10405],
							"lerp_mode": "catmullrom"
						},
						"1.0833": {
							"post": [-56.88348, 55.03205, -48.10405],
							"lerp_mode": "catmullrom"
						},
						"1.25": {
							"post": [-52.90508, 59.33164, -43.38127],
							"lerp_mode": "catmullrom"
						},
						"1.5": {
							"post": [-64.41, 59.33, -43.38],
							"lerp_mode": "catmullrom"
						},
						"1.5833": {
							"post": [-61.94523, 61.40421, -40.55192],
							"lerp_mode": "catmullrom"
						},
						"1.7083": {
							"post": [-68.38348, 55.03205, -48.10405],
							"lerp_mode": "catmullrom"
						},
						"1.8333": {
							"post": [-68.38348, 55.03205, -48.10405],
							"lerp_mode": "catmullrom"
						},
						"2.0": {
							"post": [-64.40508, 59.33164, -43.38127],
							"lerp_mode": "catmullrom"
						},
						"2.2083": {
							"post": [-57.21, 59.33, -43.38],
							"lerp_mode": "catmullrom"
						},
						"2.2917": {
							"post": [-54.74523, 61.40421, -40.55192],
							"lerp_mode": "catmullrom"
						},
						"2.4167": {
							"post": [-61.18348, 55.03205, -48.10405],
							"lerp_mode": "catmullrom"
						},
						"2.5417": {
							"post": [-61.18348, 55.03205, -48.10405],
							"lerp_mode": "catmullrom"
						},
						"2.7083": {
							"post": [-57.20508, 59.33164, -43.38127],
							"lerp_mode": "catmullrom"
						},
						"2.8333": {
							"post": [-57.21, 59.33, -43.38],
							"lerp_mode": "catmullrom"
						},
						"2.9167": {
							"post": [-54.74523, 61.40421, -40.55192],
							"lerp_mode": "catmullrom"
						},
						"3.0417": {
							"post": [-61.18348, 55.03205, -48.10405],
							"lerp_mode": "catmullrom"
						},
						"3.1667": {
							"post": [-61.18348, 55.03205, -48.10405],
							"lerp_mode": "catmullrom"
						},
						"3.3333": {
							"post": [-57.20508, 59.33164, -43.38127],
							"lerp_mode": "catmullrom"
						},
						"3.5833": {
							"post": [-67.21, 59.33, -43.38],
							"lerp_mode": "catmullrom"
						},
						"3.6667": {
							"post": [-64.74523, 61.40421, -40.55192],
							"lerp_mode": "catmullrom"
						},
						"3.7917": {
							"post": [-71.18348, 55.03205, -48.10405],
							"lerp_mode": "catmullrom"
						},
						"3.9167": {
							"post": [-71.18348, 55.03205, -48.10405],
							"lerp_mode": "catmullrom"
						},
						"4.0833": {
							"post": [-67.20508, 59.33164, -43.38127],
							"lerp_mode": "catmullrom"
						},
						"4.25": {
							"post": [-57.21, 59.33, -43.38],
							"lerp_mode": "catmullrom"
						},
						"4.3333": {
							"post": [-54.74523, 61.40421, -40.55192],
							"lerp_mode": "catmullrom"
						},
						"4.4583": {
							"post": [-61.18348, 55.03205, -48.10405],
							"lerp_mode": "catmullrom"
						},
						"4.5833": {
							"post": [-61.18348, 55.03205, -48.10405],
							"lerp_mode": "catmullrom"
						},
						"4.75": {
							"post": [-57.20508, 59.33164, -43.38127],
							"lerp_mode": "catmullrom"
						}
					}
				},
				"RightArm": {
					"rotation": {
						"0.0": {
							"post": [-57.5, 0, 0],
							"lerp_mode": "catmullrom"
						},
						"0.1667": {
							"post": [-57.5, 0, 0],
							"lerp_mode": "catmullrom"
						},
						"0.25": {
							"post": [-50, 0, 0],
							"lerp_mode": "catmullrom"
						},
						"0.4167": {
							"post": [-50, 0, 0],
							"lerp_mode": "catmullrom"
						},
						"0.6667": {
							"post": [-50, 4.2, 0],
							"lerp_mode": "catmullrom"
						},
						"0.75": {
							"post": [-57.5, 4.2, 0],
							"lerp_mode": "catmullrom"
						},
						"0.9167": {
							"post": [-57.5, 4.2, 0],
							"lerp_mode": "catmullrom"
						},
						"1.0": {
							"post": [-50, 4.2, 0],
							"lerp_mode": "catmullrom"
						},
						"1.1667": {
							"post": [-50, 4.2, 0],
							"lerp_mode": "catmullrom"
						},
						"1.3333": {
							"post": [-50, 0, 0],
							"lerp_mode": "catmullrom"
						},
						"1.4167": {
							"post": [-57.5, 0, 0],
							"lerp_mode": "catmullrom"
						},
						"1.5833": {
							"post": [-57.5, 0, 0],
							"lerp_mode": "catmullrom"
						},
						"1.6667": {
							"post": [-50, 0, 0],
							"lerp_mode": "catmullrom"
						},
						"1.8333": {
							"post": [-50, 0, 0],
							"lerp_mode": "catmullrom"
						},
						"1.9167": {
							"post": [-57.5, 0, 0],
							"lerp_mode": "catmullrom"
						},
						"2.0833": {
							"post": [-57.5, 0, 0],
							"lerp_mode": "catmullrom"
						},
						"2.1667": {
							"post": [-50, 0, 0],
							"lerp_mode": "catmullrom"
						},
						"2.3333": {
							"post": [-50, 0, 0],
							"lerp_mode": "catmullrom"
						},
						"2.5833": {
							"post": [-50, 4.2, 0],
							"lerp_mode": "catmullrom"
						},
						"2.6667": {
							"post": [-57.5, 4.2, 0],
							"lerp_mode": "catmullrom"
						},
						"2.8333": {
							"post": [-57.5, 4.2, 0],
							"lerp_mode": "catmullrom"
						},
						"2.9167": {
							"post": [-50, 4.2, 0],
							"lerp_mode": "catmullrom"
						},
						"3.0833": {
							"post": [-50, 4.2, 0],
							"lerp_mode": "catmullrom"
						},
						"3.3333": {
							"post": [-50, 0, 0],
							"lerp_mode": "catmullrom"
						},
						"3.4167": {
							"post": [-57.5, 0, 0],
							"lerp_mode": "catmullrom"
						},
						"3.5833": {
							"post": [-57.5, 0, 0],
							"lerp_mode": "catmullrom"
						},
						"3.6667": {
							"post": [-50, 0, 0],
							"lerp_mode": "catmullrom"
						},
						"3.8333": {
							"post": [-50, 0, 0],
							"lerp_mode": "catmullrom"
						},
						"4.0417": {
							"post": [-50, -4.3, 0],
							"lerp_mode": "catmullrom"
						},
						"4.125": {
							"post": [-57.5, -4.3, 0],
							"lerp_mode": "catmullrom"
						},
						"4.2917": {
							"post": [-57.5, -4.3, 0],
							"lerp_mode": "catmullrom"
						},
						"4.375": {
							"post": [-50, -4.3, 0],
							"lerp_mode": "catmullrom"
						},
						"4.5417": {
							"post": [-50, -4.3, 0],
							"lerp_mode": "catmullrom"
						},
						"4.6667": {
							"post": [-50, 0, 0],
							"lerp_mode": "catmullrom"
						},
						"4.75": {
							"post": [-57.5, 0, 0],
							"lerp_mode": "catmullrom"
						}
					}
				},
				"RightForeArm": {
					"rotation": {
						"0.0": {
							"post": [-54.74523, -61.40421, 40.55192],
							"lerp_mode": "catmullrom"
						},
						"0.125": {
							"post": [-61.18348, -55.03205, 48.10405],
							"lerp_mode": "catmullrom"
						},
						"0.25": {
							"post": [-61.18348, -55.03205, 48.10405],
							"lerp_mode": "catmullrom"
						},
						"0.4167": {
							"post": [-57.20508, -59.33164, 43.38127],
							"lerp_mode": "catmullrom"
						},
						"0.6667": {
							"post": [-67.21, -59.33, 43.38],
							"lerp_mode": "catmullrom"
						},
						"0.75": {
							"post": [-64.74523, -61.40421, 40.55192],
							"lerp_mode": "catmullrom"
						},
						"0.875": {
							"post": [-71.18348, -55.03205, 48.10405],
							"lerp_mode": "catmullrom"
						},
						"1.0": {
							"post": [-71.18348, -55.03205, 48.10405],
							"lerp_mode": "catmullrom"
						},
						"1.1667": {
							"post": [-67.20508, -59.33164, 43.38127],
							"lerp_mode": "catmullrom"
						},
						"1.3333": {
							"post": [-57.21, -59.33, 43.38],
							"lerp_mode": "catmullrom"
						},
						"1.4167": {
							"post": [-54.74523, -61.40421, 40.55192],
							"lerp_mode": "catmullrom"
						},
						"1.5417": {
							"post": [-61.18348, -55.03205, 48.10405],
							"lerp_mode": "catmullrom"
						},
						"1.6667": {
							"post": [-61.18348, -55.03205, 48.10405],
							"lerp_mode": "catmullrom"
						},
						"1.8333": {
							"post": [-57.20508, -59.33164, 43.38127],
							"lerp_mode": "catmullrom"
						},
						"1.9167": {
							"post": [-54.74523, -61.40421, 40.55192],
							"lerp_mode": "catmullrom"
						},
						"2.0417": {
							"post": [-61.18348, -55.03205, 48.10405],
							"lerp_mode": "catmullrom"
						},
						"2.1667": {
							"post": [-61.18348, -55.03205, 48.10405],
							"lerp_mode": "catmullrom"
						},
						"2.3333": {
							"post": [-57.20508, -59.33164, 43.38127],
							"lerp_mode": "catmullrom"
						},
						"2.5833": {
							"post": [-52.91, -59.33, 43.38],
							"lerp_mode": "catmullrom"
						},
						"2.6667": {
							"post": [-50.44523, -61.40421, 40.55192],
							"lerp_mode": "catmullrom"
						},
						"2.7917": {
							"post": [-56.88348, -55.03205, 48.10405],
							"lerp_mode": "catmullrom"
						},
						"2.9167": {
							"post": [-56.88348, -55.03205, 48.10405],
							"lerp_mode": "catmullrom"
						},
						"3.0833": {
							"post": [-52.90508, -59.33164, 43.38127],
							"lerp_mode": "catmullrom"
						},
						"3.3333": {
							"post": [-64.41, -59.33, 43.38],
							"lerp_mode": "catmullrom"
						},
						"3.4167": {
							"post": [-61.94523, -61.40421, 40.55192],
							"lerp_mode": "catmullrom"
						},
						"3.5417": {
							"post": [-68.38348, -55.03205, 48.10405],
							"lerp_mode": "catmullrom"
						},
						"3.6667": {
							"post": [-68.38348, -55.03205, 48.10405],
							"lerp_mode": "catmullrom"
						},
						"3.8333": {
							"post": [-64.40508, -59.33164, 43.38127],
							"lerp_mode": "catmullrom"
						},
						"4.0417": {
							"post": [-57.21, -59.33, 43.38],
							"lerp_mode": "catmullrom"
						},
						"4.125": {
							"post": [-54.74523, -61.40421, 40.55192],
							"lerp_mode": "catmullrom"
						},
						"4.25": {
							"post": [-61.18348, -55.03205, 48.10405],
							"lerp_mode": "catmullrom"
						},
						"4.375": {
							"post": [-61.18348, -55.03205, 48.10405],
							"lerp_mode": "catmullrom"
						},
						"4.5417": {
							"post": [-57.20508, -59.33164, 43.38127],
							"lerp_mode": "catmullrom"
						},
						"4.6667": {
							"post": [-57.21, -59.33, 43.38],
							"lerp_mode": "catmullrom"
						},
						"4.75": {
							"post": [-54.74523, -61.40421, 40.55192],
							"lerp_mode": "catmullrom"
						}
					}
				},
				"LeftLeg": {
					"rotation": [-82.5, 0, 0]
				},
				"LeftLowerLeg": {
					"rotation": {
						"0.0": {
							"post": [84.5, 0, 0],
							"lerp_mode": "catmullrom"
						},
						"0.0833": {
							"post": [84.35, 0, 0],
							"lerp_mode": "catmullrom"
						},
						"0.2083": {
							"post": [83.91, 0, 0],
							"lerp_mode": "catmullrom"
						},
						"0.2917": {
							"post": [83.27, 0, 0],
							"lerp_mode": "catmullrom"
						},
						"0.4167": {
							"post": [82.5, 0, 0],
							"lerp_mode": "catmullrom"
						},
						"0.5": {
							"post": [81.73, 0, 0],
							"lerp_mode": "catmullrom"
						},
						"0.5833": {
							"post": [81.09, 0, 0],
							"lerp_mode": "catmullrom"
						},
						"0.7083": {
							"post": [80.65, 0, 0],
							"lerp_mode": "catmullrom"
						},
						"0.7917": {
							"post": [80.5, 0, 0],
							"lerp_mode": "catmullrom"
						},
						"0.9167": {
							"post": [80.65, 0, 0],
							"lerp_mode": "catmullrom"
						},
						"1.0": {
							"post": [81.09, 0, 0],
							"lerp_mode": "catmullrom"
						},
						"1.0833": {
							"post": [81.73, 0, 0],
							"lerp_mode": "catmullrom"
						},
						"1.2083": {
							"post": [82.5, 0, 0],
							"lerp_mode": "catmullrom"
						},
						"1.2917": {
							"post": [83.27, 0, 0],
							"lerp_mode": "catmullrom"
						},
						"1.4167": {
							"post": [83.91, 0, 0],
							"lerp_mode": "catmullrom"
						},
						"1.5": {
							"post": [84.35, 0, 0],
							"lerp_mode": "catmullrom"
						},
						"1.5833": {
							"post": [84.5, 0, 0],
							"lerp_mode": "catmullrom"
						},
						"1.7083": {
							"post": [84.35, 0, 0],
							"lerp_mode": "catmullrom"
						},
						"1.7917": {
							"post": [83.91, 0, 0],
							"lerp_mode": "catmullrom"
						},
						"1.9167": {
							"post": [83.27, 0, 0],
							"lerp_mode": "catmullrom"
						},
						"2.0": {
							"post": [82.5, 0, 0],
							"lerp_mode": "catmullrom"
						},
						"2.0833": {
							"post": [81.73, 0, 0],
							"lerp_mode": "catmullrom"
						},
						"2.1667": {
							"post": [81.09, 0, 0],
							"lerp_mode": "catmullrom"
						},
						"2.25": {
							"post": [80.65, 0, 0],
							"lerp_mode": "catmullrom"
						},
						"2.375": {
							"post": [80.5, 0, 0],
							"lerp_mode": "catmullrom"
						},
						"2.4583": {
							"post": [80.65, 0, 0],
							"lerp_mode": "catmullrom"
						},
						"2.5417": {
							"post": [81.09, 0, 0],
							"lerp_mode": "catmullrom"
						},
						"2.6667": {
							"post": [81.73, 0, 0],
							"lerp_mode": "catmullrom"
						},
						"2.75": {
							"post": [82.5, 0, 0],
							"lerp_mode": "catmullrom"
						},
						"2.875": {
							"post": [83.27, 0, 0],
							"lerp_mode": "catmullrom"
						},
						"2.9583": {
							"post": [83.91, 0, 0],
							"lerp_mode": "catmullrom"
						},
						"3.0417": {
							"post": [84.35, 0, 0],
							"lerp_mode": "catmullrom"
						},
						"3.1667": {
							"post": [84.5, 0, 0],
							"lerp_mode": "catmullrom"
						},
						"3.25": {
							"post": [84.35, 0, 0],
							"lerp_mode": "catmullrom"
						},
						"3.375": {
							"post": [83.91, 0, 0],
							"lerp_mode": "catmullrom"
						},
						"3.4583": {
							"post": [83.27, 0, 0],
							"lerp_mode": "catmullrom"
						},
						"3.5417": {
							"post": [82.5, 0, 0],
							"lerp_mode": "catmullrom"
						},
						"3.6667": {
							"post": [81.73, 0, 0],
							"lerp_mode": "catmullrom"
						},
						"3.75": {
							"post": [81.09, 0, 0],
							"lerp_mode": "catmullrom"
						},
						"3.875": {
							"post": [80.65, 0, 0],
							"lerp_mode": "catmullrom"
						},
						"3.9583": {
							"post": [80.5, 0, 0],
							"lerp_mode": "catmullrom"
						},
						"4.0417": {
							"post": [80.65, 0, 0],
							"lerp_mode": "catmullrom"
						},
						"4.1667": {
							"post": [81.09, 0, 0],
							"lerp_mode": "catmullrom"
						},
						"4.25": {
							"post": [81.73, 0, 0],
							"lerp_mode": "catmullrom"
						},
						"4.375": {
							"post": [82.5, 0, 0],
							"lerp_mode": "catmullrom"
						},
						"4.4583": {
							"post": [83.27, 0, 0],
							"lerp_mode": "catmullrom"
						},
						"4.5417": {
							"post": [83.91, 0, 0],
							"lerp_mode": "catmullrom"
						},
						"4.6667": {
							"post": [84.35, 0, 0],
							"lerp_mode": "catmullrom"
						},
						"4.75": {
							"post": [84.5, 0, 0],
							"lerp_mode": "catmullrom"
						}
					}
				},
				"RightLeg": {
					"rotation": [-82.5, 0, 0]
				},
				"RightLowerLeg": {
					"rotation": {
						"0.0": {
							"post": [80.5, 0, 0],
							"lerp_mode": "catmullrom"
						},
						"0.0833": {
							"post": [80.65, 0, 0],
							"lerp_mode": "catmullrom"
						},
						"0.2083": {
							"post": [81.09, 0, 0],
							"lerp_mode": "catmullrom"
						},
						"0.2917": {
							"post": [81.73, 0, 0],
							"lerp_mode": "catmullrom"
						},
						"0.4167": {
							"post": [82.5, 0, 0],
							"lerp_mode": "catmullrom"
						},
						"0.5": {
							"post": [83.27, 0, 0],
							"lerp_mode": "catmullrom"
						},
						"0.5833": {
							"post": [83.91, 0, 0],
							"lerp_mode": "catmullrom"
						},
						"0.7083": {
							"post": [84.35, 0, 0],
							"lerp_mode": "catmullrom"
						},
						"0.7917": {
							"post": [84.5, 0, 0],
							"lerp_mode": "catmullrom"
						},
						"0.9167": {
							"post": [84.35, 0, 0],
							"lerp_mode": "catmullrom"
						},
						"1.0": {
							"post": [83.91, 0, 0],
							"lerp_mode": "catmullrom"
						},
						"1.0833": {
							"post": [83.27, 0, 0],
							"lerp_mode": "catmullrom"
						},
						"1.2083": {
							"post": [82.5, 0, 0],
							"lerp_mode": "catmullrom"
						},
						"1.2917": {
							"post": [81.73, 0, 0],
							"lerp_mode": "catmullrom"
						},
						"1.4167": {
							"post": [81.09, 0, 0],
							"lerp_mode": "catmullrom"
						},
						"1.5": {
							"post": [80.65, 0, 0],
							"lerp_mode": "catmullrom"
						},
						"1.5833": {
							"post": [80.5, 0, 0],
							"lerp_mode": "catmullrom"
						},
						"1.7083": {
							"post": [80.65, 0, 0],
							"lerp_mode": "catmullrom"
						},
						"1.7917": {
							"post": [81.09, 0, 0],
							"lerp_mode": "catmullrom"
						},
						"1.9167": {
							"post": [81.73, 0, 0],
							"lerp_mode": "catmullrom"
						},
						"2.0": {
							"post": [82.5, 0, 0],
							"lerp_mode": "catmullrom"
						},
						"2.0833": {
							"post": [83.27, 0, 0],
							"lerp_mode": "catmullrom"
						},
						"2.1667": {
							"post": [83.91, 0, 0],
							"lerp_mode": "catmullrom"
						},
						"2.25": {
							"post": [84.35, 0, 0],
							"lerp_mode": "catmullrom"
						},
						"2.375": {
							"post": [84.5, 0, 0],
							"lerp_mode": "catmullrom"
						},
						"2.4583": {
							"post": [84.35, 0, 0],
							"lerp_mode": "catmullrom"
						},
						"2.5417": {
							"post": [83.91, 0, 0],
							"lerp_mode": "catmullrom"
						},
						"2.6667": {
							"post": [83.27, 0, 0],
							"lerp_mode": "catmullrom"
						},
						"2.75": {
							"post": [82.5, 0, 0],
							"lerp_mode": "catmullrom"
						},
						"2.875": {
							"post": [81.73, 0, 0],
							"lerp_mode": "catmullrom"
						},
						"2.9583": {
							"post": [81.09, 0, 0],
							"lerp_mode": "catmullrom"
						},
						"3.0417": {
							"post": [80.65, 0, 0],
							"lerp_mode": "catmullrom"
						},
						"3.1667": {
							"post": [80.5, 0, 0],
							"lerp_mode": "catmullrom"
						},
						"3.25": {
							"post": [80.65, 0, 0],
							"lerp_mode": "catmullrom"
						},
						"3.375": {
							"post": [81.09, 0, 0],
							"lerp_mode": "catmullrom"
						},
						"3.4583": {
							"post": [81.73, 0, 0],
							"lerp_mode": "catmullrom"
						},
						"3.5417": {
							"post": [82.5, 0, 0],
							"lerp_mode": "catmullrom"
						},
						"3.6667": {
							"post": [83.27, 0, 0],
							"lerp_mode": "catmullrom"
						},
						"3.75": {
							"post": [83.91, 0, 0],
							"lerp_mode": "catmullrom"
						},
						"3.875": {
							"post": [84.35, 0, 0],
							"lerp_mode": "catmullrom"
						},
						"3.9583": {
							"post": [84.5, 0, 0],
							"lerp_mode": "catmullrom"
						},
						"4.0417": {
							"post": [84.35, 0, 0],
							"lerp_mode": "catmullrom"
						},
						"4.1667": {
							"post": [83.91, 0, 0],
							"lerp_mode": "catmullrom"
						},
						"4.25": {
							"post": [83.27, 0, 0],
							"lerp_mode": "catmullrom"
						},
						"4.375": {
							"post": [82.5, 0, 0],
							"lerp_mode": "catmullrom"
						},
						"4.4583": {
							"post": [81.73, 0, 0],
							"lerp_mode": "catmullrom"
						},
						"4.5417": {
							"post": [81.09, 0, 0],
							"lerp_mode": "catmullrom"
						},
						"4.6667": {
							"post": [80.65, 0, 0],
							"lerp_mode": "catmullrom"
						},
						"4.75": {
							"post": [80.5, 0, 0],
							"lerp_mode": "catmullrom"
						}
					}
				},
				"AllBody": {
					"position": [0, -14, -2]
				},
				"Head": {
					"rotation": {
						"0.0": {
							"post": [8.93, 0, 0],
							"lerp_mode": "catmullrom"
						},
						"0.2917": {
							"post": [7.05, -0.4, 1],
							"lerp_mode": "catmullrom"
						},
						"0.5": {
							"post": [11.55, -0.4, -0.8],
							"lerp_mode": "catmullrom"
						},
						"0.7917": {
							"post": [10.8, 0.5, -1.1],
							"lerp_mode": "catmullrom"
						},
						"0.9583": {
							"post": [7.05, 1.3, -0.9],
							"lerp_mode": "catmullrom"
						},
						"1.2917": {
							"post": [7.05, 1.6, 0.4],
							"lerp_mode": "catmullrom"
						},
						"1.5417": {
							"post": [11.55, -0.6, 0.9],
							"lerp_mode": "catmullrom"
						},
						"1.7083": {
							"post": [10.8, -0.8, -0.7],
							"lerp_mode": "catmullrom"
						},
						"1.875": {
							"post": [7.05, -0.6, -0.6],
							"lerp_mode": "catmullrom"
						},
						"2.0833": {
							"post": [11.55, -1.6, 0.9],
							"lerp_mode": "catmullrom"
						},
						"2.375": {
							"post": [10.8, -1.8, 1.6],
							"lerp_mode": "catmullrom"
						},
						"2.5417": {
							"post": [7.05, 0.9, 1.3],
							"lerp_mode": "catmullrom"
						},
						"2.875": {
							"post": [10.8, 1.8, 0.6],
							"lerp_mode": "catmullrom"
						},
						"3.0417": {
							"post": [7.05, 0.6, -0.5],
							"lerp_mode": "catmullrom"
						},
						"3.25": {
							"post": [11.55, 0, -1.5],
							"lerp_mode": "catmullrom"
						},
						"3.5417": {
							"post": [10.8, -0.8, -1.4],
							"lerp_mode": "catmullrom"
						},
						"3.7083": {
							"post": [7.05, 0.3, -0.7],
							"lerp_mode": "catmullrom"
						},
						"4.0417": {
							"post": [7.05, 0, 0.8],
							"lerp_mode": "catmullrom"
						},
						"4.2917": {
							"post": [11.55, -0.7, -0.3],
							"lerp_mode": "catmullrom"
						},
						"4.75": {
							"post": [8.93, 0, 0],
							"lerp_mode": "catmullrom"
						}
					}
				},
				"UpperBody": {
					"rotation": [-7.5, 0, 0]
				},
				"Rightqz": {
					"rotation": [-27.29887, 3.45533, 6.66067]
				},
				"Leftqz": {
					"rotation": [-29.78729, -3.74196, -6.50446]
				},
				"Frontqz": {
					"rotation": [-50, 0, 0]
				}
			}
		},
		"picnic": {
			"loop": true,
			"bones": {
				"UpBody": {
					"rotation": [20, 0, 0]
				},
				"LeftArm": {
					"rotation": [-22.81484, 67.44549, -15.48236],
					"position": [0, 0, 0]
				},
				"LeftForeArm": {
					"rotation": [-102.66733, 53.26745, -137.6027],
					"position": [0, 0, 0]
				},
				"RightArm": {
					"rotation": [-22.81484, -67.44549, 15.48236],
					"position": [0, 0, 0]
				},
				"RightForeArm": {
					"rotation": [-102.66733, -53.26745, 137.6027],
					"position": [0, 0, 0]
				},
				"LeftLeg": {
					"rotation": [-62.5, 0, 0],
					"position": [0, 0, 0]
				},
				"LeftLowerLeg": {
					"rotation": [152.5, 0, 0],
					"position": [0, 0, 0]
				},
				"LeftFoot": {
					"rotation": [35, 0, 0],
					"position": [0, 0, 0]
				},
				"RightLeg": {
					"rotation": [-62.5, 0, 0],
					"position": [0, 0, 0]
				},
				"RightLowerLeg": {
					"rotation": [152.5, 0, 0],
					"position": [0, 0, 0]
				},
				"RightFoot": {
					"rotation": [40, 0, 0],
					"position": [0, 0, 0]
				},
				"AllBody": {
					"rotation": [0, 0, 0],
					"position": [0, -13, 0],
					"scale": 1
				},
				"AllHead": {
					"rotation": [0, 0, 0],
					"position": [0, 0, 0]
				},
				"Head": {
					"rotation": [0, 0, 0],
					"position": [0, 0, 0]
				},
				"LongHair": {
					"rotation": [12.5, 0, 0]
				},
				"UpperBody": {
					"rotation": [-20, 0, 0]
				},
				"LeftHand": {
					"rotation": [0, -85, 15]
				},
				"RightHand": {
					"rotation": [0, 85, -15]
				},
				"Rightqz": {
					"rotation": [-12.45392, 1.08089, 4.88206]
				},
				"Leftqz": {
					"rotation": [-9.96271, -0.86717, -4.92442]
				},
				"Frontqz": {
					"rotation": [-30, 0, 0]
				}
			}
		},
		"game_win": {
			"loop": true,
			"animation_length": 100,
			"bones": {
				"Root": {
					"scale": {
						"1.0": {
							"pre": [1, 1, 1],
							"post": [1, 1, 1],
							"lerp_mode": "catmullrom"
						},
						"5.0": {
							"post": [1, 1, 1],
							"lerp_mode": "catmullrom"
						}
					}
				},
				"AllBody": {
					"position": {
						"1.0": {
							"pre": [0, -13, 0],
							"post": [0, -13, 0],
							"lerp_mode": "catmullrom"
						},
						"5.0": {
							"post": [0, -13, 0],
							"lerp_mode": "catmullrom"
						}
					}
				},
				"UpBody": {
					"rotation": {
						"1.0": {
							"pre": [10, 0, 0],
							"post": [10, 0, 0],
							"lerp_mode": "catmullrom"
						},
						"1.2917": {
							"post": [5, 0, 0],
							"lerp_mode": "catmullrom"
						},
						"1.5417": {
							"post": [5, 0, 0],
							"lerp_mode": "catmullrom"
						},
						"1.8333": {
							"post": [5, 0, 0],
							"lerp_mode": "catmullrom"
						},
						"2.0": {
							"post": [5, 0, 0],
							"lerp_mode": "catmullrom"
						},
						"2.5": {
							"post": [5, 0, 0],
							"lerp_mode": "catmullrom"
						},
						"3.0": {
							"post": [5, 0, 0],
							"lerp_mode": "catmullrom"
						},
						"4.0": {
							"post": [5, 0, 0],
							"lerp_mode": "catmullrom"
						},
						"5.0": {
							"post": [10, 0, 0],
							"lerp_mode": "catmullrom"
						}
					}
				},
				"UpperBody": {
					"rotation": {
						"1.0": {
							"pre": [-4.5, 0, 0],
							"post": [-4.5, 0, 0],
							"lerp_mode": "catmullrom"
						},
						"1.2917": {
							"post": [-5, 0, 0],
							"lerp_mode": "catmullrom"
						},
						"1.5417": {
							"post": [-5, 0, 0],
							"lerp_mode": "catmullrom"
						},
						"1.8333": {
							"post": [-5, 0, 0],
							"lerp_mode": "catmullrom"
						},
						"2.0": {
							"post": [-5, 0, 0],
							"lerp_mode": "catmullrom"
						},
						"2.5": {
							"post": [-5, 0, 0],
							"lerp_mode": "catmullrom"
						},
						"3.0": {
							"post": [-5, 0, 0],
							"lerp_mode": "catmullrom"
						},
						"4.0": {
							"post": [-5, 0, 0],
							"lerp_mode": "catmullrom"
						},
						"5.0": {
							"post": [-4.5, 0, 0],
							"lerp_mode": "catmullrom"
						}
					}
				},
				"AllHead": {
					"rotation": {
						"1.0": {
							"pre": [0, 0, 0],
							"post": [0, 0, 0],
							"lerp_mode": "catmullrom"
						},
						"5.0": {
							"post": [0, 0, 0],
							"lerp_mode": "catmullrom"
						}
					}
				},
				"Head": {
					"rotation": {
						"1.0": {
							"pre": [-0.86603, 0, 0],
							"post": [-0.86603, 0, 0],
							"lerp_mode": "catmullrom"
						},
						"1.2917": {
							"post": [4.13, 0, 0],
							"lerp_mode": "catmullrom"
						},
						"1.8333": {
							"post": [-1.11, 0, 0],
							"lerp_mode": "catmullrom"
						},
						"2.0": {
							"post": [1.27, 0, 0],
							"lerp_mode": "catmullrom"
						},
						"2.1667": {
							"post": [-1.11, 0, 0],
							"lerp_mode": "catmullrom"
						},
						"5.0": {
							"post": [-0.86603, 0, 0],
							"lerp_mode": "catmullrom"
						}
					}
				},
				"LeftArm": {
					"rotation": {
						"1.0": {
							"pre": [-26.00448, 15.41426, 17.54417],
							"post": [-26.00448, 15.41426, 17.54417],
							"lerp_mode": "catmullrom"
						},
						"1.2917": {
							"post": [0, 0, -30],
							"lerp_mode": "catmullrom"
						},
						"1.5417": {
							"post": [0, 0, -45],
							"lerp_mode": "catmullrom"
						},
						"1.8333": {
							"post": [0, 0, -45],
							"lerp_mode": "catmullrom"
						},
						"2.0": {
							"post": [0, 0, -30],
							"lerp_mode": "catmullrom"
						},
						"2.5": {
							"post": [0, 0, -30],
							"lerp_mode": "catmullrom"
						},
						"3.0": {
							"post": [0, 0, -30],
							"lerp_mode": "catmullrom"
						},
						"4.0": {
							"post": [0, 0, -30],
							"lerp_mode": "catmullrom"
						},
						"5.0": {
							"post": [-26.00448, 15.41426, 17.54417],
							"lerp_mode": "catmullrom"
						}
					}
				},
				"LeftForeArm": {
					"rotation": {
						"1.0": {
							"pre": [-45.10922, 82.93343, -19.89078],
							"post": [-45.10922, 82.93343, -19.89078],
							"lerp_mode": "catmullrom"
						},
						"1.2917": {
							"post": [-148.58031, 76.1838, -87.88096],
							"lerp_mode": "catmullrom"
						},
						"1.5417": {
							"post": [0, 90, 105],
							"lerp_mode": "catmullrom"
						},
						"1.8333": {
							"post": [0, 90, 105],
							"lerp_mode": "catmullrom"
						},
						"2.0": {
							"post": [0, 90, 105],
							"lerp_mode": "catmullrom"
						},
						"2.5": {
							"post": [0, 90, 105],
							"lerp_mode": "catmullrom"
						},
						"3.0": {
							"post": [0, 90, 105],
							"lerp_mode": "catmullrom"
						},
						"4.0": {
							"post": [0, 90, 105],
							"lerp_mode": "catmullrom"
						},
						"4.5": {
							"post": [-62.76959, 56.02352, -36.79189],
							"lerp_mode": "catmullrom"
						},
						"5.0": {
							"post": [-45.10922, 82.93343, -19.89078],
							"lerp_mode": "catmullrom"
						}
					}
				},
				"RightArm": {
					"rotation": {
						"1.0": {
							"pre": [-26.00448, -15.41426, -17.54417],
							"post": [-26.00448, -15.41426, -17.54417],
							"lerp_mode": "catmullrom"
						},
						"1.2917": {
							"post": [0, 0, 30],
							"lerp_mode": "catmullrom"
						},
						"1.5417": {
							"post": [0, 0, 45],
							"lerp_mode": "catmullrom"
						},
						"1.8333": {
							"post": [0, 0, 45],
							"lerp_mode": "catmullrom"
						},
						"2.0": {
							"post": [0, 0, 30],
							"lerp_mode": "catmullrom"
						},
						"2.5": {
							"post": [0, 0, 30],
							"lerp_mode": "catmullrom"
						},
						"3.0": {
							"post": [0, 0, 30],
							"lerp_mode": "catmullrom"
						},
						"4.0": {
							"post": [0, 0, 30],
							"lerp_mode": "catmullrom"
						},
						"5.0": {
							"post": [-26.00448, -15.41426, -17.54417],
							"lerp_mode": "catmullrom"
						}
					}
				},
				"RightForeArm": {
					"rotation": {
						"1.0": {
							"pre": [-113.28031, -76.1838, 87.88096],
							"post": [-113.28031, -76.1838, 87.88096],
							"lerp_mode": "catmullrom"
						},
						"1.2917": {
							"post": [-148.58031, -76.1838, 87.88096],
							"lerp_mode": "catmullrom"
						},
						"1.5417": {
							"post": [0, -90, -105],
							"lerp_mode": "catmullrom"
						},
						"1.8333": {
							"post": [0, -90, -105],
							"lerp_mode": "catmullrom"
						},
						"2.0": {
							"post": [0, -90, -105],
							"lerp_mode": "catmullrom"
						},
						"2.5": {
							"post": [0, -90, -105],
							"lerp_mode": "catmullrom"
						},
						"3.0": {
							"post": [0, -90, -105],
							"lerp_mode": "catmullrom"
						},
						"4.0": {
							"post": [0, -90, -105],
							"lerp_mode": "catmullrom"
						},
						"4.5": {
							"post": [-62.76959, -56.02352, 36.79189],
							"lerp_mode": "catmullrom"
						},
						"5.0": {
							"post": [-113.28031, -76.1838, 87.88096],
							"lerp_mode": "catmullrom"
						}
					}
				},
				"LeftLeg": {
					"rotation": {
						"1.0": {
							"pre": [-50.32548, 0, 0],
							"post": [-50.32548, 0, 0],
							"lerp_mode": "catmullrom"
						},
						"5.0": {
							"post": [-50.32548, 0, 0],
							"lerp_mode": "catmullrom"
						}
					}
				},
				"LeftLowerLeg": {
					"rotation": {
						"1.0": {
							"pre": [145, 0, 0],
							"post": [145, 0, 0],
							"lerp_mode": "catmullrom"
						},
						"5.0": {
							"post": [145, 0, 0],
							"lerp_mode": "catmullrom"
						}
					}
				},
				"LeftFoot": {
					"rotation": {
						"1.0": {
							"pre": [37.5, 0, 0],
							"post": [37.5, 0, 0],
							"lerp_mode": "catmullrom"
						},
						"5.0": {
							"post": [37.5, 0, 0],
							"lerp_mode": "catmullrom"
						}
					}
				},
				"RightLeg": {
					"rotation": {
						"1.0": {
							"pre": [-50.32548, 0, 0],
							"post": [-50.32548, 0, 0],
							"lerp_mode": "catmullrom"
						},
						"5.0": {
							"post": [-50.32548, 0, 0],
							"lerp_mode": "catmullrom"
						}
					}
				},
				"RightLowerLeg": {
					"rotation": {
						"1.0": {
							"pre": [145, 0, 0],
							"post": [145, 0, 0],
							"lerp_mode": "catmullrom"
						},
						"5.0": {
							"post": [145, 0, 0],
							"lerp_mode": "catmullrom"
						}
					}
				},
				"RightFoot": {
					"rotation": {
						"1.0": {
							"pre": [37.5, 0, 0],
							"post": [37.5, 0, 0],
							"lerp_mode": "catmullrom"
						},
						"5.0": {
							"post": [37.5, 0, 0],
							"lerp_mode": "catmullrom"
						}
					}
				},
				"Rightqz": {
					"rotation": [0, 0, 5]
				},
				"Leftqz": {
					"rotation": [0, 0, -5]
				},
				"Frontqz": {
					"rotation": [-20, 0, 0]
				}
			}
		},
		"game_lost": {
			"loop": true,
			"animation_length": 100,
			"bones": {
				"Root": {
					"scale": {
						"1.0": {
							"pre": [1, 1, 1],
							"post": [1, 1, 1],
							"lerp_mode": "catmullrom"
						},
						"4.5417": {
							"post": [1, 1, 1],
							"lerp_mode": "catmullrom"
						}
					}
				},
				"AllBody": {
					"position": {
						"1.0": {
							"pre": [0, -13, 0],
							"post": [0, -13, 0],
							"lerp_mode": "catmullrom"
						},
						"4.5417": {
							"post": [0, -13, 0],
							"lerp_mode": "catmullrom"
						}
					}
				},
				"UpBody": {
					"rotation": {
						"1.0": {
							"pre": [10, 0, 0],
							"post": [10, 0, 0],
							"lerp_mode": "catmullrom"
						},
						"1.4583": {
							"post": [10, 0, 0],
							"lerp_mode": "catmullrom"
						},
						"2.0": {
							"post": [22.5, 0, 0],
							"lerp_mode": "catmullrom"
						},
						"3.0": {
							"post": [22.5, 0, 0],
							"lerp_mode": "catmullrom"
						},
						"4.5417": {
							"post": [10, 0, 0],
							"lerp_mode": "catmullrom"
						}
					}
				},
				"UpperBody": {
					"rotation": {
						"1.0": {
							"pre": [-4.5, 0, 0],
							"post": [-4.5, 0, 0],
							"lerp_mode": "catmullrom"
						},
						"1.5417": {
							"post": [-7, 0, 0],
							"lerp_mode": "catmullrom"
						},
						"2.0": {
							"post": [7.85, 0, 0],
							"lerp_mode": "catmullrom"
						},
						"3.0": {
							"post": [7.85, 0, 0],
							"lerp_mode": "catmullrom"
						},
						"4.5417": {
							"post": [-4.5, 0, 0],
							"lerp_mode": "catmullrom"
						}
					}
				},
				"AllHead": {
					"rotation": {
						"1.0": {
							"pre": [0, 0, 0],
							"post": [0, 0, 0],
							"lerp_mode": "catmullrom"
						},
						"4.5417": {
							"post": [0, 0, 0],
							"lerp_mode": "catmullrom"
						}
					}
				},
				"Head": {
					"rotation": {
						"1.0": {
							"pre": [-0.86603, 0, 0],
							"post": [-0.86603, 0, 0],
							"lerp_mode": "catmullrom"
						},
						"1.5417": {
							"post": [-5, 0, 0],
							"lerp_mode": "catmullrom"
						},
						"2.125": {
							"post": [8, 0, 0],
							"lerp_mode": "catmullrom"
						},
						"3.0": {
							"post": [10.5, 0, 0],
							"lerp_mode": "catmullrom"
						},
						"4.5417": {
							"post": [-0.86603, 0, 0],
							"lerp_mode": "catmullrom"
						}
					}
				},
				"LeftArm": {
					"rotation": {
						"1.0": {
							"pre": [-26.00448, 15.41426, 17.54417],
							"post": [-26.00448, 15.41426, 17.54417],
							"lerp_mode": "catmullrom"
						},
						"1.5417": {
							"post": [-26, 15.41, 17.54],
							"lerp_mode": "catmullrom"
						},
						"2.0": {
							"post": [-27.52162, -29.78811, 11.14254],
							"lerp_mode": "catmullrom"
						},
						"3.0": {
							"post": [-27.52162, -29.78811, 11.14254],
							"lerp_mode": "catmullrom"
						},
						"4.5417": {
							"post": [-26.00448, 15.41426, 17.54417],
							"lerp_mode": "catmullrom"
						}
					}
				},
				"LeftForeArm": {
					"rotation": {
						"1.0": {
							"pre": [-45.10922, 82.93343, -19.89078],
							"post": [-45.10922, 82.93343, -19.89078],
							"lerp_mode": "catmullrom"
						},
						"1.5417": {
							"post": [-45.10922, 82.93343, -19.89078],
							"lerp_mode": "catmullrom"
						},
						"2.0": {
							"post": [-182.91562, 79.25234, -120.71726],
							"lerp_mode": "catmullrom"
						},
						"3.0": {
							"post": [-182.91562, 79.25234, -120.71726],
							"lerp_mode": "catmullrom"
						},
						"4.5417": {
							"post": [-45.10922, 82.93343, -19.89078],
							"lerp_mode": "catmullrom"
						}
					}
				},
				"RightArm": {
					"rotation": {
						"1.0": {
							"pre": [-26.00448, -15.41426, -17.54417],
							"post": [-26.00448, -15.41426, -17.54417],
							"lerp_mode": "catmullrom"
						},
						"1.5417": {
							"post": [-26, -15.41, -17.54],
							"lerp_mode": "catmullrom"
						},
						"2.0": {
							"post": [-27.52162, 29.78811, -11.14254],
							"lerp_mode": "catmullrom"
						},
						"3.0": {
							"post": [-27.52162, 29.78811, -11.14254],
							"lerp_mode": "catmullrom"
						},
						"4.5417": {
							"post": [-26.00448, -15.41426, -17.54417],
							"lerp_mode": "catmullrom"
						}
					}
				},
				"RightForeArm": {
					"rotation": {
						"1.0": {
							"pre": [-113.28031, -76.1838, 87.88096],
							"post": [-113.28031, -76.1838, 87.88096],
							"lerp_mode": "catmullrom"
						},
						"1.5417": {
							"post": [-113.28, -76.18, 87.88],
							"lerp_mode": "catmullrom"
						},
						"2.0": {
							"post": [-182.91562, -79.25234, 120.71726],
							"lerp_mode": "catmullrom"
						},
						"3.0": {
							"post": [-182.91562, -79.25234, 120.71726],
							"lerp_mode": "catmullrom"
						},
						"4.5417": {
							"post": [-113.28031, -76.1838, 87.88096],
							"lerp_mode": "catmullrom"
						}
					}
				},
				"LeftLeg": {
					"rotation": {
						"1.0": {
							"pre": [-50.32548, 0, 0],
							"post": [-50.32548, 0, 0],
							"lerp_mode": "catmullrom"
						},
						"4.5417": {
							"post": [-50.32548, 0, 0],
							"lerp_mode": "catmullrom"
						}
					}
				},
				"LeftLowerLeg": {
					"rotation": {
						"1.0": {
							"pre": [145, 0, 0],
							"post": [145, 0, 0],
							"lerp_mode": "catmullrom"
						},
						"4.5417": {
							"post": [145, 0, 0],
							"lerp_mode": "catmullrom"
						}
					}
				},
				"LeftFoot": {
					"rotation": {
						"1.0": {
							"pre": [37.5, 0, 0],
							"post": [37.5, 0, 0],
							"lerp_mode": "catmullrom"
						},
						"4.5417": {
							"post": [37.5, 0, 0],
							"lerp_mode": "catmullrom"
						}
					}
				},
				"RightLeg": {
					"rotation": {
						"1.0": {
							"pre": [-50.32548, 0, 0],
							"post": [-50.32548, 0, 0],
							"lerp_mode": "catmullrom"
						},
						"4.5417": {
							"post": [-50.32548, 0, 0],
							"lerp_mode": "catmullrom"
						}
					}
				},
				"RightLowerLeg": {
					"rotation": {
						"1.0": {
							"pre": [145, 0, 0],
							"post": [145, 0, 0],
							"lerp_mode": "catmullrom"
						},
						"4.5417": {
							"post": [145, 0, 0],
							"lerp_mode": "catmullrom"
						}
					}
				},
				"RightFoot": {
					"rotation": {
						"1.0": {
							"pre": [37.5, 0, 0],
							"post": [37.5, 0, 0],
							"lerp_mode": "catmullrom"
						},
						"4.5417": {
							"post": [37.5, 0, 0],
							"lerp_mode": "catmullrom"
						}
					}
				},
				"Skirt": {
					"rotation": {
						"1.0": {
							"pre": [-32.5, 0, 0],
							"post": [-32.5, 0, 0],
							"lerp_mode": "catmullrom"
						},
						"4.5417": {
							"post": [-32.5, 0, 0],
							"lerp_mode": "catmullrom"
						}
					}
				},
				"BackSkirt": {
					"rotation": {
						"1.0": {
							"pre": [37.5, 0, 0],
							"post": [37.5, 0, 0],
							"lerp_mode": "catmullrom"
						},
						"4.5417": {
							"post": [37.5, 0, 0],
							"lerp_mode": "catmullrom"
						}
					}
				},
				"Rightqz": {
					"rotation": [0, 0, 5]
				},
				"Leftqz": {
					"rotation": [0, 0, -5]
				},
				"Frontqz": {
					"rotation": [-20, 0, 0]
				}
			}
		},
		"broom": {
			"loop": true,
			"bones": {
				"Root": {
					"rotation": [0, 90, 0]
				},
				"AllBody": {
					"rotation": [0, 20, 0],
					"position": [0, -5, 0]
				},
				"UpperBody": {
					"rotation": [0, -10, 0]
				},
				"LeftArm": {
					"rotation": ["14+math.sin(160+q.anim_time*240)*1", -17, "-2.6+math.sin(90+q.anim_time*240)*1"]
				},
				"LeftForeArm": {
					"rotation": ["-22.5+math.sin(60+q.anim_time*240)*1", 0, 0]
				},
				"RightArm": {
					"rotation": ["7.-math.sin(160+q.anim_time*240)*0.5", -17, "8-math.sin(90+q.anim_time*240)*0.5"]
				},
				"RightForeArm": {
					"rotation": [-35, 0, 0]
				},
				"AllHead": {
					"rotation": [0, 0, 0]
				},
				"MHead": {
					"rotation": [0, 0, 0]
				},
				"Head": {
					"rotation": [12.54092, -69.7716, -9.35595]
				},
				"FrontSkirt": {
					"rotation": [0, 0, 0]
				},
				"LeftLeg": {
					"rotation": ["-58.4586+math.sin(80+q.anim_time*240)*1", 13.66758, -3.58877]
				},
				"LeftLowerLeg": {
					"rotation": ["62.5+math.sin(-40+q.anim_time*240)*3", 0, 0]
				},
				"LeftFoot": {
					"rotation": ["12.5+math.sin(-90+q.anim_time*240)*2", 0, 0]
				},
				"RightLeg": {
					"rotation": ["-70.348+math.sin(60+q.anim_time*240)*1", 9.01838, -10.02344]
				},
				"RightLowerLeg": {
					"rotation": ["102.5+math.sin(-60+q.anim_time*240)*2", 0, 0]
				},
				"RightFoot": {
					"rotation": ["20+math.sin(-90+q.anim_time*240)*2", 0, 0]
				},
				"Midbody": {
					"rotation": [0, 5, 0]
				},
				"Rightqz": {
					"rotation": [-17.35932, 2.24944, 7.15656]
				},
				"Leftqz": {
					"rotation": [-17.5, 0, 0]
				},
				"Frontqz": {
					"rotation": [-37.5, 0, 0]
				}
			}
		},
		"statue": {
			"loop": true,
			"bones": {
				"UpBody": {
					"rotation": [16, 0, 0]
				},
				"UpperBody": {
					"rotation": [-8, 0, 0]
				},
				"LeftArm": {
					"rotation": [-39, 0, 11]
				},
				"LeftForeArm": {
					"rotation": [-140.06879, -2.56992, 3.06624]
				},
				"RightArm": {
					"rotation": [0, 0, 25.5]
				},
				"RightForeArm": {
					"rotation": [0, 0, -86.5]
				},
				"Head": {
					"rotation": [3.07334, -0.93693, -8.9515]
				},
				"DownBody": {
					"position": [0, 0, 2]
				},
				"LeftLeg": {
					"rotation": [-20.82697, -12.57007, 6.01796]
				},
				"LeftLowerLeg": {
					"rotation": [0, 0, -3]
				},
				"LeftFoot": {
					"rotation": [19.06969, -6.15128, -6.4977]
				},
				"RightLeg": {
					"rotation": [20.52319, -14.07772, -5.22861]
				},
				"RightLowerLeg": {
					"rotation": [0.20946, -2.99269, -1.00547]
				},
				"RightFoot": {
					"rotation": [-19.22137, -24.5865, 15.60581],
					"position": [0, 0, -0.0625]
				},
				"Root": {
					"position": [0, -1, 0],
					"scale": 1.2
				},
				"MAllBody": {
					"rotation": [0, 44, 0]
				},
				"CCLeft8": {
					"rotation": [0, 0, -20]
				},
				"MHead": {
					"rotation": [-16.28871, -37.46671, 16.37159]
				},
				"CCleft13": {
					"rotation": [0, 0, 9]
				},
				"CCleft14": {
					"rotation": [0, 0, 8]
				},
				"FLongHair": {
					"rotation": [3, 0, -13]
				},
				"MLongHair": {
					"rotation": [31.76808, 11.96813, 7.3175]
				},
				"LongHair2": {
					"rotation": [0.50344, 17.7174, -9.7707]
				},
				"FLongRightHair": {
					"rotation": [49.49522, 54.30605, 38.98306]
				},
				"LongRightHair": {
					"rotation": [-4.57917, 23.35527, 19.69427]
				},
				"FLongLeftHair": {
					"rotation": [0, 0, -8]
				},
				"LeftLongDai": {
					"rotation": [30.37006, 5.07855, -14.13272]
				},
				"RightLongDai": {
					"rotation": [0, 0, -22]
				},
				"Midbody": {
					"rotation": [12, 0, 0],
					"position": [0, -0.1875, -0.1875]
				},
				"Frontqz": {
					"rotation": [-4.99318, -0.26135, -2.9886]
				},
				"HuDieJie": {
					"rotation": [-9, 0, 0]
				},
				"Backqz": {
					"rotation": [9, 0, 0]
				},
				"LeftEyebrow": {
					"position": [0, 0, 0],
					"scale": 1
				},
				"RightEyebrow": {
					"position": [0, 0, 0],
					"scale": 1
				},
				"RightEyelid": {
					"position": [0, 0, 0],
					"scale": 1
				},
				"RightEyesBase": {
					"position": [0, 0, 0],
					"scale": 1
				},
				"LeftEyelid": {
					"position": [0, 0, 0],
					"scale": 1
				},
				"LeftEyesBase": {
					"position": [0, 0, 0],
					"scale": 1
				},
				"Leftqz": {
					"rotation": [0, 0, -1]
				},
				"Rightqz": {
					"rotation": [0, 0, 5]
				}
			}
		},
		"garage_kit": {
			"loop": true,
			"bones": {
				"AllBody": {
					"rotation": [0, 0, -5]
				},
				"UpBody": {
					"rotation": [0, -8, 0]
				},
				"UpperBody": {
					"rotation": [0, 0, 0]
				},
				"LeftArm": {
					"rotation": [-25, 0, -13]
				},
				"LeftForeArm": {
					"rotation": [-98.49211, -38.95731, -9.89615]
				},
				"RightArm": {
					"rotation": [18, 0, 0]
				},
				"RightForeArm": {
					"rotation": [-20.15773, 6.0143, 15.93003]
				},
				"Head": {
					"rotation": [6.12266, -19.98863, -0.44408]
				},
				"LongHair": {
					"rotation": [0, 0, -7.5]
				},
				"RightEyebrow": {
					"position": [0, 0, 0]
				},
				"LeftEyebrow": {
					"position": [0, -1.2, 0]
				},
				"LeftEyelid": {
					"scale": 0
				},
				"RightEyelid": {
					"scale": 1
				},
				"RightEyelight": {
					"rotation": [0, 0, 0]
				},
				"LeftLeg": {
					"rotation": [-7, -15, -8],
					"position": [-0.11957, -0.0168, -0.03235]
				},
				"LeftLowerLeg": {
					"rotation": [10, 0, -3]
				},
				"LeftFoot": {
					"rotation": [0, 0, 10]
				},
				"RightLeg": {
					"rotation": [7.24145, 5.41001, 9.32663]
				},
				"RightLowerLeg": {
					"rotation": [2.33367, 0.61022, -4.82828]
				},
				"RightFoot": {
					"rotation": [-6.11619, 16.78406, -4.6579],
					"position": [0.00939, -0.18629, -0.01913]
				},
				"Root": {
					"scale": 1.2
				},
				"MAllBody": {
					"rotation": [0, 35, 0]
				},
				"RightEyesBase": {
					"position": [0.0625, 0, 0]
				},
				"LeftEyesBase": {
					"position": [0.125, 0, 0]
				},
				"CCLeft4": {
					"rotation": [0, 0, -43]
				},
				"CCLeft9": {
					"rotation": [0, 0, 44]
				},
				"BackDai": {
					"rotation": [0, 5, 0]
				},
				"DianZICunZheng": {
					"rotation": [142.53295, -59.36926, -149.30065],
					"position": [-8.9332, -2.69354, -3.73401],
					"scale": 1
				},
				"DaoQiao": {
					"scale": 1
				},
				"Rightqz": {
					"rotation": [0, 0, 2.5]
				}
			}
		},
		"use_mainhand:gohei": {
			"animation_length": 0.75,
			"bones": {
				"UpBody": {
					"rotation": {
						"0.0": {
							"post": [0, 0, 0],
							"lerp_mode": "catmullrom"
						},
						"0.25": {
							"post": [-2.3273, 24.89837, -5.51385],
							"lerp_mode": "catmullrom"
						},
						"0.3333": {
							"post": [5.12973, -28.60801, 0.22467],
							"lerp_mode": "catmullrom"
						},
						"0.5": {
							"post": [5.40682, -33.58693, -0.31131],
							"lerp_mode": "catmullrom"
						},
						"0.75": {
							"post": [0, 0, 0],
							"lerp_mode": "catmullrom"
						}
					},
					"position": {
						"0.0": {
							"post": [0, 0, 0],
							"lerp_mode": "catmullrom"
						},
						"0.75": {
							"post": [0, 0, 0],
							"lerp_mode": "catmullrom"
						}
					}
				},
				"UpperBody": {
					"rotation": {
						"0.0": {
							"post": [0, 0, 0],
							"lerp_mode": "catmullrom"
						},
						"0.25": {
							"post": [0.21865, 4.99523, 7.50954],
							"lerp_mode": "catmullrom"
						},
						"0.3333": {
							"post": [3.71143, -2.66427, -10.10343],
							"lerp_mode": "catmullrom"
						},
						"0.5": {
							"post": [8.7798, -7.60621, -10.8665],
							"lerp_mode": "catmullrom"
						},
						"0.75": {
							"post": [0, 0, 0],
							"lerp_mode": "catmullrom"
						}
					},
					"position": {
						"0.0": {
							"post": [0, 0, 0],
							"lerp_mode": "catmullrom"
						},
						"0.75": {
							"post": [0, 0, 0],
							"lerp_mode": "catmullrom"
						}
					}
				},
				"LeftArm": {
					"rotation": {
						"0.0": {
							"post": [0, 0, 0],
							"lerp_mode": "catmullrom"
						},
						"0.2083": {
							"post": [-38.32582, 17.08021, -6.78029],
							"lerp_mode": "catmullrom"
						},
						"0.375": {
							"post": [18.2429, -22.20053, -6.49536],
							"lerp_mode": "catmullrom"
						},
						"0.5833": {
							"post": [18.2429, -22.20053, -6.49536],
							"lerp_mode": "catmullrom"
						},
						"0.75": {
							"post": [0, 0, 0],
							"lerp_mode": "catmullrom"
						}
					},
					"position": {
						"0.0": {
							"post": [0, 0, 0],
							"lerp_mode": "catmullrom"
						},
						"0.75": {
							"post": [0, 0, 0],
							"lerp_mode": "catmullrom"
						}
					}
				},
				"LeftForeArm": {
					"rotation": {
						"0.0": {
							"post": [0, 0, 0],
							"lerp_mode": "catmullrom"
						},
						"0.2083": {
							"post": [-47.5, 0, 0],
							"lerp_mode": "catmullrom"
						},
						"0.375": {
							"post": [-25, 0, 0],
							"lerp_mode": "catmullrom"
						},
						"0.5833": {
							"post": [-25, 0, 0],
							"lerp_mode": "catmullrom"
						},
						"0.75": {
							"post": [0, 0, 0],
							"lerp_mode": "catmullrom"
						}
					}
				},
				"RightArm": {
					"rotation": {
						"0.0": {
							"post": [0, 0, 0],
							"lerp_mode": "catmullrom"
						},
						"0.2083": {
							"post": [-42.00691, 49.42886, -0.54733],
							"lerp_mode": "catmullrom"
						},
						"0.25": {
							"post": [-63.6591, 22.77192, -2.58607],
							"lerp_mode": "catmullrom"
						},
						"0.2917": {
							"post": [-54.56127, -1.83831, 5.95241],
							"lerp_mode": "catmullrom"
						},
						"0.3333": {
							"post": [-52.92598, -13.64311, -16.07804],
							"lerp_mode": "catmullrom"
						},
						"0.375": {
							"post": [-63.22637, -39.30832, 14.62132],
							"lerp_mode": "catmullrom"
						},
						"0.5417": {
							"post": [-77.47303, -42.8265, 29.0082],
							"lerp_mode": "catmullrom"
						},
						"0.625": {
							"post": [-56.76667, -36.04189, 33.19596],
							"lerp_mode": "catmullrom"
						},
						"0.75": {
							"post": [0, 0, 0],
							"lerp_mode": "catmullrom"
						}
					},
					"position": {
						"0.0": {
							"post": [0, 0, 0],
							"lerp_mode": "catmullrom"
						},
						"0.75": {
							"post": [0, 0, 0],
							"lerp_mode": "catmullrom"
						}
					}
				},
				"RightForeArm": {
					"rotation": {
						"0.0": {
							"post": [0, 0, 0],
							"lerp_mode": "catmullrom"
						},
						"0.2083": {
							"post": [-72.5, 0, 0],
							"lerp_mode": "catmullrom"
						},
						"0.25": {
							"post": [-27, 0, 0],
							"lerp_mode": "catmullrom"
						},
						"0.2917": {
							"post": [-18.28, 0, 0],
							"lerp_mode": "catmullrom"
						},
						"0.3333": {
							"post": [-32.66, 0, 0],
							"lerp_mode": "catmullrom"
						},
						"0.375": {
							"post": [-65, 0, 0],
							"lerp_mode": "catmullrom"
						},
						"0.5417": {
							"post": [-62.5, 0, 0],
							"lerp_mode": "catmullrom"
						},
						"0.625": {
							"post": [-53.82, 0, 0],
							"lerp_mode": "catmullrom"
						},
						"0.75": {
							"post": [0, 0, 0],
							"lerp_mode": "catmullrom"
						}
					},
					"position": {
						"0.0": {
							"post": [0, 0, 0],
							"lerp_mode": "catmullrom"
						},
						"0.75": {
							"post": [0, 0, 0],
							"lerp_mode": "catmullrom"
						}
					}
				},
				"RightHand": {
					"rotation": {
						"0.0": {
							"post": [0, 0, 0],
							"lerp_mode": "catmullrom"
						},
						"0.2083": {
							"post": [-84.57519, 63.19404, -67.35287],
							"lerp_mode": "catmullrom"
						},
						"0.2917": {
							"post": [165.34805, 56.52305, 162.10352],
							"lerp_mode": "catmullrom"
						},
						"0.375": {
							"post": [4.63596, 83.14531, -73.30905],
							"lerp_mode": "catmullrom"
						},
						"0.5417": {
							"post": [4.63596, 83.14531, -73.30905],
							"lerp_mode": "catmullrom"
						},
						"0.75": {
							"post": [0, 0, 0],
							"lerp_mode": "catmullrom"
						}
					},
					"position": {
						"0.0": {
							"post": [0, 0, 0],
							"lerp_mode": "catmullrom"
						},
						"0.75": {
							"post": [0, 0, 0],
							"lerp_mode": "catmullrom"
						}
					}
				},
				"AllHead": {
					"rotation": {
						"0.0": {
							"post": [0, 0, 0],
							"lerp_mode": "catmullrom"
						},
						"0.1667": {
							"post": [1.16524, -24.97457, -2.75806],
							"lerp_mode": "catmullrom"
						},
						"0.25": {
							"post": [0.84679, -26.79148, -1.41059],
							"lerp_mode": "catmullrom"
						},
						"0.2917": {
							"post": [-4.1172, -1.85588, 5.12846],
							"lerp_mode": "catmullrom"
						},
						"0.3333": {
							"post": [-9.02824, 32.59343, 5.50243],
							"lerp_mode": "catmullrom"
						},
						"0.4583": {
							"post": [-14.66773, 44.5057, -1.50858],
							"lerp_mode": "catmullrom"
						},
						"0.5833": {
							"post": [-10.23286, 29.92684, 3.07724],
							"lerp_mode": "catmullrom"
						},
						"0.75": {
							"post": [0, 0, 0],
							"lerp_mode": "catmullrom"
						}
					}
				}
			}
		},
		"hold_offhand$touhou_little_maid:picnic_basket": {
			"loop": true,
			"bones": {
				"LeftHandLocator": {
					"rotation": [0, 0, 10],
					"position": [0.95106, -0.30902, 0],
					"scale": 1.2
				}
			}
		},
		"chair$touhou_little_maid:moto": {
			"loop": true,
			"bones": {
				"AllBody": {
					"rotation": [25, 0, 0],
					"position": [0, -13, 0]
				},
				"UpBody": {
					"rotation": [-7.5, 0, 0]
				},
				"Head": {
					"rotation": [-20, 0, 0]
				},
				"LeftArm": {
					"rotation": [-30.98614, -27.88985, -45.65334]
				},
				"LeftForeArm": {
					"rotation": [-50, 0, 0]
				},
				"RightArm": {
					"rotation": [-30.98614, 27.88985, 45.65334]
				},
				"RightForeArm": {
					"rotation": [-50, 0, 0]
				},
				"LeftLeg": {
					"rotation": [-82.42144, -30.42978, -4.40775]
				},
				"LeftLowerLeg": {
					"rotation": [87.5, 0, 0]
				},
				"RightLeg": {
					"rotation": [-82.42144, 30.42978, 4.40775]
				},
				"RightLowerLeg": {
					"rotation": [87.5, 0, 0]
				}
			}
		}
	}
}