{
	"format_version": "1.21.0",
	"minecraft:geometry": [
		{
			"description": {
				"identifier": "geometry.unknown",
				"texture_width": 256,
				"texture_height": 256,
				"visible_bounds_width": 5,
				"visible_bounds_height": 4.5,
				"visible_bounds_offset": [0, 1.75, 0]
			},
			"bones": [
				{
					"name": "LeftArm",
					"pivot": [1.4, 32.025, 0],
					"cubes": [
						{"origin": [0.6, 31.075, -1.2], "size": [2.55, 1, 2.5], "uv": [11, 14], "mirror": true},
						{"origin": [0.35, 25.575, -1.3], "size": [2.85, 4.5, 2.7], "uv": [228, 28], "mirror": true},
						{"origin": [0.35, 30.075, -1.3], "size": [2.85, 1, 2.7], "uv": [229, 135], "mirror": true},
						{"origin": [0.45, 30.9, -1.2], "size": [2.5, 1.2, 2.5], "uv": [11, 14], "mirror": true},
						{"origin": [0.25, 31.5, -1.2], "size": [2.5, 1.3, 2.5], "pivot": [1.95, 31.55, -0.2], "rotation": [0, 0, 27.5], "uv": [11, 14], "mirror": true},
						{"origin": [0.25, 31.6, -1.3], "size": [2.7, 1.3, 2.7], "pivot": [1.95, 31.55, -0.2], "rotation": [0, 0, 27.5], "uv": [12, 14], "mirror": true},
						{"origin": [1.25, 31.6, -1.3], "size": [2.7, 1.3, 2.7], "pivot": [2.95, 31.55, -0.2], "rotation": [0, 0, 95], "uv": [144, 13], "mirror": true},
						{"origin": [1.25, 31.8, -2.3], "size": [2.7, 1.3, 1.7], "pivot": [2.95, 31.55, -0.2], "rotation": [20, 0, 95], "uv": [145, 14], "mirror": true},
						{"origin": [0.6, 25.175, -1.2], "size": [2.55, 2, 2.2], "uv": [229, 155], "mirror": true},
						{"origin": [0.8, 25.125, -1.2], "size": [2.2, 2.05, 1.8], "uv": [228, 153], "mirror": true}
					]
				},
				{
					"name": "LeftForeArm",
					"parent": "LeftArm",
					"pivot": [2.125, 25.075, 0.025],
					"cubes": [
						{"origin": [0.35, 21.075, -1.3], "size": [2.85, 4.5, 2.7], "uv": [144, 52], "mirror": true},
						{"origin": [0.5, 20.075, -1.4], "size": [2.95, 2, 2.9], "uv": [148, 57], "mirror": true},
						{"origin": [0.525, 20.375, -1.2], "size": [2.5, 5, 2.5], "pivot": [1.775, 22.875, 0.05], "rotation": [0, 0, -5], "uv": [106, 1], "mirror": true},
						{"origin": [-0.795, 23.975, -1.2], "size": [1, 1, 2.5], "pivot": [1.775, 22.875, 0.05], "rotation": [0, 0, 35], "uv": [104, 5], "mirror": true},
						{"origin": [0.625, 18.075, -1.2], "size": [2.5, 7, 2.5], "uv": [144, 12], "mirror": true},
						{"origin": [0.625, 25.075, -1.2], "size": [2.5, 1, 2.5], "uv": [220, 150], "mirror": true}
					]
				},
				{
					"name": "LeftForeArm2",
					"parent": "LeftForeArm",
					"pivot": [2.125, 25.075, 0.025],
					"cubes": [
						{"origin": [0.5, 19.975, -1.4], "size": [2.95, 0.1, 2.9], "uv": [212, 65], "mirror": true},
						{"origin": [2.5, 24.075, -0.9], "size": [0.95, 1.9, 1.9], "pivot": [2.975, 25.025, 0.05], "rotation": [-45, 0, 0], "uv": [155, 61], "mirror": true},
						{"origin": [2.5, 22.075, -0.9], "size": [0.95, 3, 1.9], "uv": [155, 61], "mirror": true},
						{"origin": [0.45, 24.075, -1.4], "size": [3.05, 0.5, 2.9], "uv": [7, 100], "mirror": true},
						{"origin": [0.25, 24.075, -1.4], "size": [3.25, 0.5, 2.9], "uv": [7, 100], "mirror": true},
						{"origin": [0.35, 23.075, -0.2], "size": [0.15, 2.5, 0.5], "uv": [14, 103], "mirror": true}
					]
				},
				{
					"name": "bone36",
					"parent": "LeftForeArm",
					"pivot": [6, -3, 0],
					"cubes": [
						{"origin": [0.775, 19.275, -0.2], "size": [2.6, 0.4, 0.4], "uv": [211, 60]},
						{"origin": [0.775, 18.275, 0.8], "size": [2.6, 0.3, 0.1], "uv": [212, 61]},
						{"origin": [0.775, 18.775, -0.7], "size": [2.6, 0.1, 0.1], "uv": [212, 61]},
						{"origin": [0.775, 18.775, 0.3], "size": [2.6, 0.1, 0.1], "uv": [212, 61]},
						{"origin": [0.775, 18.275, 0.3], "size": [2.6, 0.3, 0.1], "uv": [212, 61]},
						{"origin": [0.775, 18.775, -0.2], "size": [2.6, 0.1, 0.1], "uv": [212, 61]},
						{"origin": [0.775, 18.275, -0.7], "size": [2.6, 0.3, 0.1], "uv": [212, 61]},
						{"origin": [0.775, 18.775, 0.8], "size": [2.6, 0.1, 0.1], "uv": [212, 61]},
						{"origin": [0.775, 18.275, -0.2], "size": [2.6, 0.3, 0.1], "uv": [212, 61]}
					]
				},
				{
					"name": "LeftHandLocator",
					"parent": "LeftForeArm",
					"pivot": [2.125, 19.575, 0.025]
				},
				{
					"name": "RightArm",
					"pivot": [-1.4, 32.025, 0],
					"cubes": [
						{"origin": [-3.15, 26.075, -1.2], "size": [2.55, 6, 2.5], "uv": [9, 12]},
						{"origin": [-3.3, 25.575, -1.3], "size": [2.85, 4.5, 2.7], "uv": [202, 24]},
						{"origin": [-3.3, 30.075, -1.3], "size": [2.85, 1, 2.7], "uv": [138, 13]},
						{"origin": [-3.8, 29.075, -1.3], "size": [0.55, 2, 2.7], "uv": [141, 13]},
						{"origin": [-3.35, 25.075, -0.05], "size": [0.55, 4, 0.2], "uv": [144, 16]},
						{"origin": [-3.85, 30.475, -1], "size": [0.5, 0.4, 0.9], "uv": [227, 72]},
						{"origin": [-3.9, 30.075, -0.4], "size": [0.5, 0.8, 0.05], "pivot": [-3.65, 30.675, -0.275], "rotation": [-67.5, 0, 0], "uv": [224, 140]},
						{"origin": [-3.85, 30.475, 0.2], "size": [0.5, 0.4, 0.9], "uv": [227, 72]},
						{"origin": [-3.9, 30.475, 0.4], "size": [0.5, 0.2, 0.05], "pivot": [-3.65, 30.575, 0.425], "rotation": [-40, 0, 0], "uv": [242, 146]},
						{"origin": [-3.9, 30.575, 0.5], "size": [0.5, 0.2, 0.05], "pivot": [-3.65, 30.575, 0.425], "rotation": [40, 0, 0], "uv": [224, 143]},
						{"origin": [-3.3, 31.075, -1.3], "size": [2.85, 1.2, 2.7], "uv": [9, 17]},
						{"origin": [-2.95, 25.9, -1.2], "size": [1.5, 6.3, 2.5], "uv": [107, 2]},
						{"origin": [-2.75, 31.5, -1.2], "size": [2.5, 1.3, 2.5], "pivot": [-1.95, 31.55, -0.2], "rotation": [0, 0, -27.5], "uv": [11, 14]},
						{"origin": [-2.95, 31.6, -1.3], "size": [2.7, 1.3, 2.7], "pivot": [-1.95, 31.55, -0.2], "rotation": [0, 0, -27.5], "uv": [15, 17]},
						{"origin": [-3.15, 25.175, -1.2], "size": [2.55, 2, 2.2], "uv": [226, 152]},
						{"origin": [-3, 25.125, -1.2], "size": [2.2, 2.05, 1.8], "uv": [223, 152]}
					]
				},
				{
					"name": "RightForeArm",
					"parent": "RightArm",
					"pivot": [-2.125, 25.075, 0.025],
					"cubes": [
						{"origin": [-3.3, 21.075, -1.3], "size": [2.85, 4.5, 2.7], "uv": [151, 54]},
						{"origin": [-3.5, 24.075, -1.4], "size": [3.15, 0.5, 2.9], "uv": [8, 100]},
						{"origin": [-0.5, 23.075, -0.2], "size": [0.15, 2.5, 0.5], "uv": [14, 103]},
						{"origin": [-2.8, 25.075, 1.4], "size": [1.85, 1.5, 0.3], "uv": [110, 6]},
						{"origin": [-3.3, 25.275, 1.4], "size": [2.85, 1.1, 0.3], "uv": [109, 6]},
						{"origin": [-3.45, 20.075, -1.4], "size": [2.95, 2, 2.9], "uv": [152, 60]},
						{"origin": [-3.45, 22.075, -0.9], "size": [0.95, 3, 1.9], "uv": [155, 61]},
						{"origin": [-3.45, 24.075, -0.9], "size": [0.95, 1.9, 1.9], "pivot": [-2.975, 25.025, 0.05], "rotation": [-45, 0, 0], "uv": [155, 61]},
						{"origin": [-3.45, 19.975, -1.4], "size": [2.95, 0.1, 2.9], "uv": [212, 65]},
						{"origin": [-3.025, 20.375, -1.2], "size": [2.5, 5, 2.5], "pivot": [-1.775, 22.875, 0.05], "rotation": [0, 0, 5], "uv": [105, 0]},
						{"origin": [-0.205, 23.975, -1.2], "size": [1, 1, 2.5], "pivot": [-1.775, 22.875, 0.05], "rotation": [0, 0, -35], "uv": [106, 1]},
						{"origin": [-3.125, 18.075, -1.2], "size": [2.5, 7, 2.5], "uv": [140, 11]},
						{"origin": [-3.125, 25.075, -1.2], "size": [2.5, 1, 2.5], "uv": [230, 157]}
					]
				},
				{
					"name": "bone33",
					"parent": "RightForeArm",
					"pivot": [2, -3, 0],
					"cubes": [
						{"origin": [-3.325, 19.275, -0.2], "size": [2.6, 0.4, 0.4], "uv": [211, 60]},
						{"origin": [-3.325, 18.275, 0.8], "size": [2.6, 0.3, 0.1], "uv": [212, 61]},
						{"origin": [-3.325, 18.775, -0.7], "size": [2.6, 0.1, 0.1], "uv": [212, 61]},
						{"origin": [-3.325, 18.775, 0.3], "size": [2.6, 0.1, 0.1], "uv": [212, 61]},
						{"origin": [-3.325, 18.275, 0.3], "size": [2.6, 0.3, 0.1], "uv": [212, 61]},
						{"origin": [-3.325, 18.775, -0.2], "size": [2.6, 0.1, 0.1], "uv": [212, 61]},
						{"origin": [-3.325, 18.275, -0.7], "size": [2.6, 0.3, 0.1], "uv": [212, 61]},
						{"origin": [-3.325, 18.775, 0.8], "size": [2.6, 0.1, 0.1], "uv": [212, 61]},
						{"origin": [-3.325, 18.275, -0.2], "size": [2.6, 0.3, 0.1], "uv": [212, 61]}
					]
				},
				{
					"name": "RightHandLocator",
					"parent": "RightForeArm",
					"pivot": [-2.125, 19.575, 0.025]
				}
			]
		}
	]
}