{
	"format_version": "1.8.0",
	"animations": {
		"extra1": {
			"loop": "hold_on_last_frame",
			"animation_length": 1.5,
			"bones": {
				"UpBody": {
					"rotation": {
						"0.0": [0, 0, 0],
						"0.0417": [-0.03391, 3.91064, -1.87489],
						"0.0833": [-0.29512, 7.08127, -2.52866],
						"0.125": [-0.32902, 7.49282, -2.52154],
						"0.1667": [-0.33767, 3.76654, -1.19755],
						"0.2083": [-0.38233, 1.33125, -0.18026],
						"0.25": [-0.42699, -0.72404, 0.21291],
						"0.2917": [-0.43564, -2.49039, 0.03797],
						"0.3333": [-0.43584, -2.30684, -0.33087],
						"0.375": [-0.43644, -1.05446, -0.56932],
						"0.4167": [-0.43731, 0.59451, -0.66808],
						"0.4583": [-0.43819, 2.51866, -0.61805],
						"0.5": [-0.43879, 4.72129, -0.41069],
						"0.5417": [-0.43899, 7.50932, -0.03833],
						"0.5833": [-0.43876, 7.10977, 0.3623],
						"0.625": [-0.43793, 4.56106, 0.59003],
						"0.6667": [-0.43669, 1.6062, 0.58293],
						"0.7083": [-0.43587, -1.15831, 0.37153],
						"0.75": [-0.43564, -2.49039, 0.03797],
						"0.7917": [-0.43564, -1.89885, -0.23253],
						"0.8333": [-0.43564, -1.72209, -0.31122],
						"0.875": [-0.43564, -1.73311, -0.24534],
						"0.9167": [-0.43564, -1.87491, -0.11664],
						"0.9583": [-0.43564, -2.12803, -0.00519],
						"1.0": [-0.43564, -2.49039, 0.03797]
					}
				},
				"UpperBody": {
					"rotation": {
						"0.0": {
							"post": [0, 0, 0],
							"lerp_mode": "catmullrom"
						},
						"0.125": {
							"post": [0, -1.5, 0],
							"lerp_mode": "catmullrom"
						},
						"0.2917": {
							"post": [-0.02399, -1.0001, -0.49901],
							"lerp_mode": "catmullrom"
						},
						"0.5417": {
							"post": [0.04807, 3.49958, 1.00178],
							"lerp_mode": "catmullrom"
						},
						"0.75": [-0.02399, -1.0001, -0.49901],
						"0.7917": [-0.02399, 1.14339, -0.4991],
						"0.8333": [-0.024, 1.97059, -0.49938],
						"0.875": [-0.024, 2.43844, -0.49979],
						"0.9167": [-0.02401, 2.69725, -0.5002],
						"0.9583": [-0.02401, 2.79841, -0.50048],
						"1.5": {
							"pre": [-0.02402, 2.7499, -0.50058],
							"post": [-0.02402, 2.7499, -0.50058],
							"lerp_mode": "catmullrom"
						}
					}
				},
				"LeftArm": {
					"rotation": {
						"0.0": {
							"post": [0, 0, 0],
							"lerp_mode": "catmullrom"
						},
						"0.125": [-12.25091, -6.71887, 17.58623],
						"0.1667": [-11.39908, -7.02448, 10.19771],
						"0.2083": [-6.9991, -8.60309, 5.08116],
						"0.25": [-2.59912, -10.1817, 0.82901],
						"0.2917": [-1.74729, -10.48732, -2.28514],
						"0.5417": {
							"pre": [-2.66406, -10.29476, 2.79451],
							"post": [-2.66406, -10.29476, 2.79451],
							"lerp_mode": "catmullrom"
						},
						"0.75": [-1.74729, -10.48732, -2.28514],
						"0.7917": [-1.74729, -10.48732, -3.10806],
						"0.8333": [-1.74729, -10.48732, -3.61181],
						"0.875": [-1.74729, -10.48732, -3.69984],
						"0.9167": [-1.74729, -10.48732, -3.44376],
						"0.9583": [-1.74729, -10.48732, -2.94657],
						"1.0": [-1.74729, -10.48732, -2.28514]
					}
				},
				"RightArm": {
					"rotation": {
						"0.0": {
							"post": [0, 0, 0],
							"lerp_mode": "catmullrom"
						},
						"0.0833": {
							"post": [-59.42106, -21.71022, 37.05593],
							"lerp_mode": "catmullrom"
						},
						"0.125": {
							"post": [-73.41928, -8.49163, 94.20785],
							"lerp_mode": "catmullrom"
						},
						"0.2917": {
							"post": [62.34569, 75.04635, 168.42398],
							"lerp_mode": "catmullrom"
						},
						"0.5417": {
							"post": [-71.5683, 83.00411, 75.42083],
							"lerp_mode": "catmullrom"
						},
						"0.75": {
							"post": [40.00135, 81.00522, 145.62559],
							"lerp_mode": "catmullrom"
						}
					}
				},
				"RightForeArm": {
					"rotation": {
						"0.0": [0, 0, 0],
						"0.0417": [-4.072, 0.1226, -0.29885],
						"0.0833": [-20.06372, 1.06713, -2.60116],
						"0.125": [-78.92621, 1.18974, -2.9],
						"0.1667": [-51.36971, 1.18974, -2.9],
						"0.2083": [-21.51789, 1.18974, -2.9],
						"0.25": [-1.51698, 1.18974, -2.9],
						"0.2917": [0.52379, 1.18974, -2.9],
						"0.3333": [-5.3035, 1.18974, -2.9],
						"0.375": [-5.06397, 1.18974, -2.9],
						"0.4167": [-3.18571, 1.18974, -2.9],
						"0.4583": [-2.19363, 1.18974, -2.9],
						"0.5": [-5.23463, 1.18974, -2.9],
						"0.5417": [-21.42621, 1.18974, -2.9],
						"0.5833": [-35.93479, 1.18974, -2.9],
						"0.625": [-34.04018, 1.18974, -2.9],
						"0.6667": [-25.65621, 1.18974, -2.9],
						"0.7083": [-14.30415, 1.18974, -2.9],
						"0.75": [-3.92621, 1.18974, -2.9],
						"0.7917": [2.299, 1.18974, -2.9],
						"0.8333": [5.57495, 1.18974, -2.9],
						"0.875": [5.7414, 1.18974, -2.9],
						"0.9167": [3.81863, 1.18974, -2.9],
						"0.9583": [0.46448, 1.18974, -2.9],
						"1.0": [-3.92621, 1.18974, -2.9]
					}
				},
				"Head": {
					"rotation": {
						"0.0": {
							"post": [0, 0, 0],
							"lerp_mode": "catmullrom"
						},
						"0.125": {
							"post": [-0.10912, -7.49286, 2.49762],
							"lerp_mode": "catmullrom"
						},
						"0.2917": {
							"post": [0.54552, 5.02574, -2.42624],
							"lerp_mode": "catmullrom"
						},
						"0.5417": {
							"post": [0.98265, -5.03951, 2.4211],
							"lerp_mode": "catmullrom"
						},
						"0.75": {
							"post": [0.54552, 5.02574, -2.42624],
							"lerp_mode": "catmullrom"
						}
					}
				}
			}
		},
		"extra2": {
			"loop": "hold_on_last_frame",
			"animation_length": 1.5,
			"bones": {
				"Root": {
					"scale": 1
				},
				"UpBody": {
					"rotation": {
						"0.0": [0, 0, 0],
						"0.0833": [0.30154, 8.79463, 1.72251],
						"0.125": [0.55404, 12.48791, 2.56062],
						"0.2083": [0.3047, 12.71256, 2.60542],
						"0.2917": [0.3879, 12.49408, 1.79246],
						"0.3333": [0.54852, 12.26934, 1.88488],
						"0.4167": [0.55404, 12.48791, 2.56062],
						"0.5": [0.3047, 12.71256, 2.60542],
						"0.5833": [0.3879, 12.49408, 1.79246],
						"0.625": [0.54852, 12.26934, 1.88488],
						"0.7083": [0.55404, 12.48791, 2.56062],
						"0.7917": [0.3047, 12.71256, 2.60542],
						"0.8333": [0.3879, 12.49408, 1.79246],
						"0.9167": [0.54852, 12.26934, 1.88488],
						"1.0": [0.55404, 12.48791, 2.56062]
					}
				},
				"UpperBody": {
					"rotation": {
						"0.0": {
							"post": [0, 0, 0],
							"lerp_mode": "catmullrom"
						},
						"0.2917": {
							"post": [-0.03935, 4.49983, -0.50155],
							"lerp_mode": "catmullrom"
						},
						"0.4167": {
							"post": [0, 0.5, 0],
							"lerp_mode": "catmullrom"
						},
						"0.5833": {
							"post": [-0.03935, 4.49983, -0.50155],
							"lerp_mode": "catmullrom"
						},
						"0.7083": {
							"post": [0, 0.5, 0],
							"lerp_mode": "catmullrom"
						},
						"0.8333": {
							"post": [0, 2.5, 0],
							"lerp_mode": "catmullrom"
						},
						"1.0": {
							"post": [0, 0.5, 0],
							"lerp_mode": "catmullrom"
						}
					}
				},
				"LeftArm": {
					"rotation": {
						"0.0": {
							"post": [0, 0, 0],
							"lerp_mode": "catmullrom"
						},
						"0.125": {
							"post": [-59.37411, 31.46067, -44.33946],
							"lerp_mode": "catmullrom"
						},
						"0.2917": {
							"post": [-60.01498, 34.88013, -45.41058],
							"lerp_mode": "catmullrom"
						},
						"0.4167": {
							"post": [-67.89729, 33.23008, -48.58633],
							"lerp_mode": "catmullrom"
						},
						"0.5833": {
							"post": [-59.37411, 31.46067, -44.33946],
							"lerp_mode": "catmullrom"
						},
						"0.625": {
							"post": [-60.01498, 34.88013, -45.41058],
							"lerp_mode": "catmullrom"
						},
						"0.7083": {
							"post": [-67.89729, 33.23008, -48.58633],
							"lerp_mode": "catmullrom"
						},
						"0.8333": {
							"post": [-59.37411, 31.46067, -44.33946],
							"lerp_mode": "catmullrom"
						},
						"0.9167": {
							"post": [-60.01498, 34.88013, -45.41058],
							"lerp_mode": "catmullrom"
						},
						"1.0": {
							"post": [-67.89729, 33.23008, -48.58633],
							"lerp_mode": "catmullrom"
						}
					}
				},
				"LeftForeArm": {
					"rotation": {
						"0.0": {
							"post": [0, 0, 0],
							"lerp_mode": "catmullrom"
						},
						"0.125": {
							"post": [-57.5, 0, 0],
							"lerp_mode": "catmullrom"
						},
						"0.2917": {
							"post": [-52.5, 0, 0],
							"lerp_mode": "catmullrom"
						},
						"0.4167": {
							"post": [-57.5, 0, 0],
							"lerp_mode": "catmullrom"
						},
						"0.5833": {
							"post": [-57.5, 0, 0],
							"lerp_mode": "catmullrom"
						},
						"0.625": {
							"post": [-52.5, 0, 0],
							"lerp_mode": "catmullrom"
						},
						"0.7083": {
							"post": [-57.5, 0, 0],
							"lerp_mode": "catmullrom"
						},
						"0.8333": {
							"post": [-57.5, 0, 0],
							"lerp_mode": "catmullrom"
						},
						"0.9167": {
							"post": [-52.5, 0, 0],
							"lerp_mode": "catmullrom"
						},
						"1.0": {
							"post": [-57.5, 0, 0],
							"lerp_mode": "catmullrom"
						}
					}
				},
				"RightArm": {
					"rotation": {
						"0.0": {
							"post": [0, 0, 0],
							"lerp_mode": "catmullrom"
						},
						"0.125": {
							"post": [-65.61482, -1.0823, 78.81763],
							"lerp_mode": "catmullrom"
						},
						"0.2917": {
							"post": [-67.81604, 1.71605, 47.4038],
							"lerp_mode": "catmullrom"
						},
						"0.4167": {
							"post": [-74.59409, -20.31435, 65.81328],
							"lerp_mode": "catmullrom"
						},
						"0.5833": {
							"post": [-65.61482, -1.0823, 78.81763],
							"lerp_mode": "catmullrom"
						},
						"0.625": {
							"post": [-67.81604, 1.71605, 47.4038],
							"lerp_mode": "catmullrom"
						},
						"0.7083": {
							"post": [-74.59409, -20.31435, 65.81328],
							"lerp_mode": "catmullrom"
						},
						"0.8333": {
							"post": [-65.61482, -1.0823, 78.81763],
							"lerp_mode": "catmullrom"
						},
						"0.9167": {
							"post": [-67.81604, 1.71605, 47.4038],
							"lerp_mode": "catmullrom"
						},
						"1.0": {
							"post": [-74.59409, -20.31435, 65.81328],
							"lerp_mode": "catmullrom"
						}
					}
				},
				"RightForeArm": {
					"rotation": {
						"0.0": {
							"post": [0, 0, 0],
							"lerp_mode": "catmullrom"
						},
						"0.125": {
							"post": [-75, 0, 0],
							"lerp_mode": "catmullrom"
						},
						"0.2917": {
							"post": [-74.77926, 9.65594, 2.61298],
							"lerp_mode": "catmullrom"
						},
						"0.4167": {
							"post": [-62.5, 0, 0],
							"lerp_mode": "catmullrom"
						},
						"0.5833": {
							"post": [-75, 0, 0],
							"lerp_mode": "catmullrom"
						},
						"0.625": {
							"post": [-74.77926, 9.65594, 2.61298],
							"lerp_mode": "catmullrom"
						},
						"0.7083": {
							"post": [-62.5, 0, 0],
							"lerp_mode": "catmullrom"
						},
						"0.8333": {
							"post": [-75, 0, 0],
							"lerp_mode": "catmullrom"
						},
						"0.9167": {
							"post": [-74.77926, 9.65594, 2.61298],
							"lerp_mode": "catmullrom"
						},
						"1.0": {
							"post": [-62.5, 0, 0],
							"lerp_mode": "catmullrom"
						}
					}
				},
				"AllBody": {
					"scale": 1
				},
				"Head": {
					"rotation": {
						"0.0": [0, 0, 0],
						"0.125": [0.39753, -13.49938, -1.03041]
					}
				}
			}
		},
		"extra3": {
			"loop": "hold_on_last_frame",
			"animation_length": 1.5,
			"bones": {
				"Root": {
					"position": {
						"0.0": {
							"post": [0, 0, 0],
							"lerp_mode": "catmullrom"
						},
						"0.25": {
							"post": [0, -0.25, 0],
							"lerp_mode": "catmullrom"
						}
					},
					"scale": {
						"0.0": {
							"post": [1, 1, 1],
							"lerp_mode": "catmullrom"
						}
					}
				},
				"UpBody": {
					"rotation": {
						"0.0": {
							"post": [0, 0, 0],
							"lerp_mode": "catmullrom"
						},
						"0.1667": {
							"post": [-2.5, 0, 0],
							"lerp_mode": "catmullrom"
						},
						"0.3333": {
							"post": [-4, 0, 0],
							"lerp_mode": "catmullrom"
						},
						"0.4167": {
							"post": [-3, 0, 0],
							"lerp_mode": "catmullrom"
						},
						"0.6667": {
							"post": [-3.5, 0, 0],
							"lerp_mode": "catmullrom"
						},
						"0.8333": {
							"post": [-4, 0, 0],
							"lerp_mode": "catmullrom"
						}
					}
				},
				"UpperBody": {
					"rotation": {
						"0.0": {
							"post": [0, 0, 0],
							"lerp_mode": "catmullrom"
						},
						"0.25": {
							"post": [-5, 0, 0],
							"lerp_mode": "catmullrom"
						},
						"0.4167": {
							"post": [5, 0, 0],
							"lerp_mode": "catmullrom"
						},
						"0.6667": {
							"post": [4.25, 0, 0],
							"lerp_mode": "catmullrom"
						},
						"0.8333": {
							"post": [5, 0, 0],
							"lerp_mode": "catmullrom"
						}
					}
				},
				"LeftArm": {
					"rotation": {
						"0.0": {
							"post": [0, 0, 0],
							"lerp_mode": "catmullrom"
						},
						"0.25": {
							"post": [-87.85882, 4.61451, -80.51949],
							"lerp_mode": "catmullrom"
						},
						"0.4167": {
							"post": [-98.55733, 36.48777, -85.68129],
							"lerp_mode": "catmullrom"
						}
					}
				},
				"LeftForeArm": {
					"rotation": {
						"0.0": {
							"post": [0, 0, 0],
							"lerp_mode": "catmullrom"
						},
						"0.25": {
							"post": [-105, 0, 0],
							"lerp_mode": "catmullrom"
						}
					}
				},
				"RightArm": {
					"rotation": {
						"0.0": {
							"post": [0, 0, 0],
							"lerp_mode": "catmullrom"
						},
						"0.25": {
							"post": [-84.83476, -27.0478, 78.75686],
							"lerp_mode": "catmullrom"
						},
						"0.4167": {
							"post": [-95.77005, -45.85387, 82.64597],
							"lerp_mode": "catmullrom"
						}
					}
				},
				"RightForeArm": {
					"rotation": {
						"0.0": {
							"post": [0, 0, 0],
							"lerp_mode": "catmullrom"
						},
						"0.25": {
							"post": [-105, 0, 0],
							"lerp_mode": "catmullrom"
						},
						"0.4167": {
							"post": [-100, 0, 0],
							"lerp_mode": "catmullrom"
						}
					}
				},
				"LeftLeg": {
					"rotation": {
						"0.0": {
							"post": [0, 0, 0],
							"lerp_mode": "catmullrom"
						},
						"0.25": {
							"post": [0, -5, -5],
							"lerp_mode": "catmullrom"
						}
					}
				},
				"LeftFoot": {
					"rotation": {
						"0.0": {
							"post": [0, 0, 0],
							"lerp_mode": "catmullrom"
						},
						"0.25": {
							"post": [0, -5, 5],
							"lerp_mode": "catmullrom"
						}
					}
				},
				"RightLeg": {
					"rotation": {
						"0.0": {
							"post": [0, 0, 0],
							"lerp_mode": "catmullrom"
						},
						"0.25": {
							"post": [0, 5, 5],
							"lerp_mode": "catmullrom"
						}
					}
				},
				"RightFoot": {
					"rotation": {
						"0.0": {
							"post": [0, 0, 0],
							"lerp_mode": "catmullrom"
						},
						"0.25": {
							"post": [0, 5, -5],
							"lerp_mode": "catmullrom"
						}
					}
				},
				"AllBody": {
					"scale": 1
				},
				"Head": {
					"rotation": {
						"0.0": [0, 0, 0],
						"0.0833": [1.77084, 0, 0],
						"0.1667": [4.01873, 0, 0],
						"0.25": [-4.7, 0, 0],
						"0.3333": [-4.92143, 0, 0],
						"0.4167": [17.5, 0, 0],
						"0.5": [20.09526, 0, 0],
						"0.5833": [11.799, 0, 0],
						"0.6667": [-4.7, 0, 0],
						"0.75": [-3.67156, 0, 0],
						"0.8333": [17.5, 0, 0],
						"0.9167": [21.79995, 0, 0],
						"1.0": [5, 0, 0]
					}
				}
			}
		},
		"extra4": {
			"loop": "hold_on_last_frame",
			"animation_length": 1.5,
			"bones": {
				"Root": {
					"position": {
						"0.0": {
							"post": [0, 0, 0],
							"lerp_mode": "catmullrom"
						},
						"0.25": {
							"post": [0, -0.25, 0],
							"lerp_mode": "catmullrom"
						}
					},
					"scale": {
						"0.0": {
							"post": [1, 1, 1],
							"lerp_mode": "catmullrom"
						}
					}
				},
				"UpBody": {
					"rotation": {
						"0.0": {
							"post": [0, 0, 0],
							"lerp_mode": "catmullrom"
						},
						"0.1667": {
							"post": [-2.5, 0, 0],
							"lerp_mode": "catmullrom"
						},
						"0.3333": {
							"post": [-3, 0, 0],
							"lerp_mode": "catmullrom"
						},
						"0.4167": {
							"post": [-2, 0, 0],
							"lerp_mode": "catmullrom"
						},
						"0.6667": {
							"post": [-2.5, 0, 0],
							"lerp_mode": "catmullrom"
						},
						"0.8333": {
							"post": [-3, 0, 0],
							"lerp_mode": "catmullrom"
						}
					}
				},
				"UpperBody": {
					"rotation": {
						"0.0": {
							"post": [0, 0, 0],
							"lerp_mode": "catmullrom"
						},
						"0.25": {
							"post": [-5.01372, 2.9838, -0.37109],
							"lerp_mode": "catmullrom"
						},
						"0.4167": {
							"post": [5.01215, -2.33475, -0.34919],
							"lerp_mode": "catmullrom"
						},
						"0.6667": {
							"post": [4.25682, 1.21605, 0.24111],
							"lerp_mode": "catmullrom"
						},
						"0.8333": {
							"post": [5.00384, -2.24143, -0.1962],
							"lerp_mode": "catmullrom"
						}
					}
				},
				"LeftArm": {
					"rotation": {
						"0.0": {
							"post": [0, 0, 0],
							"lerp_mode": "catmullrom"
						},
						"0.25": {
							"post": [-87.85882, 4.61451, -80.51949],
							"lerp_mode": "catmullrom"
						},
						"0.4167": {
							"post": [-98.55733, 36.48777, -85.68129],
							"lerp_mode": "catmullrom"
						}
					}
				},
				"LeftForeArm": {
					"rotation": {
						"0.0": {
							"post": [0, 0, 0],
							"lerp_mode": "catmullrom"
						},
						"0.25": {
							"post": [-105, 0, 0],
							"lerp_mode": "catmullrom"
						}
					}
				},
				"RightArm": {
					"rotation": {
						"0.0": {
							"post": [0, 0, 0],
							"lerp_mode": "catmullrom"
						},
						"0.25": {
							"post": [-84.83476, -27.0478, 78.75686],
							"lerp_mode": "catmullrom"
						},
						"0.4167": {
							"post": [-95.77005, -45.85387, 82.64597],
							"lerp_mode": "catmullrom"
						}
					}
				},
				"RightForeArm": {
					"rotation": {
						"0.0": {
							"post": [0, 0, 0],
							"lerp_mode": "catmullrom"
						},
						"0.25": {
							"post": [-105, 0, 0],
							"lerp_mode": "catmullrom"
						},
						"0.4167": {
							"post": [-100, 0, 0],
							"lerp_mode": "catmullrom"
						}
					}
				},
				"LeftLeg": {
					"rotation": {
						"0.0": {
							"post": [0, 0, 0],
							"lerp_mode": "catmullrom"
						},
						"0.25": {
							"post": [0, -5, -5],
							"lerp_mode": "catmullrom"
						}
					}
				},
				"LeftFoot": {
					"rotation": {
						"0.0": {
							"post": [0, 0, 0],
							"lerp_mode": "catmullrom"
						},
						"0.25": {
							"post": [0, -5, 5],
							"lerp_mode": "catmullrom"
						}
					}
				},
				"RightLeg": {
					"rotation": {
						"0.0": {
							"post": [0, 0, 0],
							"lerp_mode": "catmullrom"
						},
						"0.25": {
							"post": [0, 5, 5],
							"lerp_mode": "catmullrom"
						}
					}
				},
				"RightFoot": {
					"rotation": {
						"0.0": {
							"post": [0, 0, 0],
							"lerp_mode": "catmullrom"
						},
						"0.25": {
							"post": [0, 5, -5],
							"lerp_mode": "catmullrom"
						}
					}
				},
				"AllBody": {
					"scale": 1
				},
				"Head": {
					"rotation": {
						"0.0": [0, 0, 0],
						"0.0833": [12.5, 0, 0],
						"0.1667": [12.7931, 13.51805, 3.54067],
						"0.25": [13.08619, 20.37228, 3.90399],
						"0.3333": [13.02579, -0.16859, 1.84312],
						"0.4167": [12.56041, -10.02382, -0.08408],
						"0.5": [12.5, 0, 0],
						"0.5833": [12.7931, 24.77059, 3.54067],
						"0.6667": [13.08619, 17.07228, 3.90399],
						"0.75": [12.85958, 4.71206, 0.5573],
						"0.8333": [12.60443, -7.32123, -1.63219],
						"0.9167": [12.60443, -10.01867, -1.9225],
						"1.0": [12.60443, -7.32123, -1.63219]
					}
				}
			}
		},
		"extra5": {
			"animation_length": 3.5,
			"bones": {
				"UpperBody": {
					"rotation": {
						"0.4167": [0, 0, 0],
						"0.5": [0.99939, -0.0349, 1.9997],
						"2.6667": [0.99939, -0.0349, 1.9997],
						"2.7917": [0, 0, 0]
					}
				},
				"LeftArm": {
					"rotation": {
						"0.0": [0, 0, 0],
						"0.0417": [-10.32, 6.95, -10.13],
						"0.0833": [-20.64, 13.91, -20.25],
						"0.125": [-30.95, 20.86, -30.38],
						"0.1667": [-24.61, 16.46, -31.12],
						"0.2083": [-18.26, 12.06, -31.87],
						"0.25": [-11.91, 7.66, -32.62],
						"0.2917": [-5.56, 3.26, -33.36],
						"0.3333": [0.78, -1.14, -34.11],
						"0.375": [7.13, -5.54, -34.86],
						"0.4167": [13.48, -9.95, -35.6],
						"0.4583": [19.83, -14.35, -36.35],
						"0.5": [26.17, -18.75, -37.1],
						"2.6667": [26.17, -18.75, -37.1],
						"2.7083": [19.83, -14.35, -36.35],
						"2.75": [13.48, -9.95, -35.6],
						"2.7917": [7.13, -5.54, -34.86],
						"2.8333": [0.78, -1.14, -34.11],
						"2.875": [-5.56, 3.26, -33.36],
						"2.9167": [-5.56, 3.26, -33.36],
						"2.9583": [-18.26, 12.06, -31.87],
						"3.0": [-24.61, 16.46, -31.12],
						"3.5": [0, 0, 0]
					}
				},
				"LeftForeArm": {
					"rotation": {
						"0.0": [0, 0, 0],
						"0.0417": [-14.33, 11.51, 20.56],
						"0.0833": [-28.65, 23.01, 41.13],
						"0.125": [-42.98, 34.52, 61.69],
						"0.1667": [-42.14, 34.67, 63.47],
						"0.2083": [-41.3, 34.82, 65.25],
						"0.25": [-40.47, 34.96, 67.03],
						"0.2917": [-39.63, 35.11, 68.82],
						"0.3333": [-38.79, 35.26, 70.6],
						"0.375": [-37.96, 35.41, 72.38],
						"0.4167": [-37.12, 35.56, 74.16],
						"0.4583": [-36.29, 35.7, 75.94],
						"0.5": [-35.45, 35.85, 77.72],
						"2.6667": [-35.45, 35.85, 77.72],
						"2.7083": [-36.29, 35.7, 75.94],
						"2.75": [-37.12, 35.56, 74.16],
						"2.7917": [-37.96, 35.41, 72.38],
						"2.8333": [-38.79, 35.26, 70.6],
						"2.875": [-39.63, 35.11, 68.82],
						"2.9167": [-39.63, 35.11, 68.82],
						"2.9583": [-41.3, 34.82, 65.25],
						"3.0": [-42.14, 34.67, 63.47],
						"3.5": [0, 0, 0]
					}
				},
				"MHead": {
					"rotation": {
						"0.4167": [0, 0, 0],
						"0.4583": [0, 0, 2.5],
						"0.5": [0, 0, 5],
						"2.6667": [0, 0, 5],
						"2.7917": [0, 0, 0]
					}
				},
				"LeftEyebrow": {
					"position": {
						"0.4167": [0, 0, 0],
						"0.4583": [0, -0.47, 0],
						"0.5": [0, -0.95, 0],
						"2.6667": [0, -0.95, 0],
						"2.75": [0, 0, 0]
					}
				},
				"LeftEyelid": {
					"scale": {
						"0.4167": [1, 1, 1],
						"0.4583": [0.5, 0.5, 0.5],
						"0.5": [0, 0, 0],
						"2.6667": [0, 0, 0],
						"2.75": [1, 1, 1]
					}
				},
				"FLeftJK": {
					"rotation": {
						"0.0": [0, 0, 0],
						"0.0417": [0, 0, 0],
						"0.0833": [0, 0, 0],
						"0.125": [0, 0, 0],
						"0.1667": [0, -15.44, 0],
						"0.2083": [0, -30.89, 0],
						"0.25": [0, -46.33, 0],
						"0.2917": [0, -61.78, 0],
						"0.3333": [0, -77.22, 0],
						"0.375": [0, -92.67, 0],
						"0.4167": [0, -108.11, 0],
						"0.4583": [0, -123.56, 0],
						"0.5": [0, -139, 0],
						"2.6667": [0, -139, 0],
						"3.0": [0, 0, 0]
					},
					"position": {
						"0.0": [0, 0, 0],
						"0.0417": [0, 0, 0],
						"0.0833": [0, 0, 0],
						"0.125": [0, 0, 0],
						"0.1667": [0, 0, 0.08],
						"0.2083": [0, 0, 0.17],
						"0.25": [0, 0, 0.25],
						"0.2917": [0, 0, 0.33],
						"0.3333": [0, 0, 0.42],
						"0.375": [0, 0, 0.5],
						"0.4167": [0, 0, 0.58],
						"0.4583": [0, 0, 0.67],
						"0.5": [0, 0, 0.75],
						"2.6667": [0, 0, 0.75],
						"3.0": [0, 0, 0]
					},
					"scale": {
						"0.0": [1, 1, 1],
						"0.0417": [1, 1, 1],
						"0.0833": [1, 1, 1],
						"0.125": [1, 1, 1],
						"0.1667": [1.0431, 1, 1],
						"0.2083": [1.0861, 1, 1],
						"0.25": [1.1292, 1, 1],
						"0.2917": [1.1722, 1, 1],
						"0.3333": [1.2153, 1, 1],
						"0.375": [1.2583, 1, 1],
						"0.4167": [1.3014, 1, 1],
						"0.4583": [1.3444, 1, 1],
						"0.5": [1.3875, 1, 1],
						"2.6667": [1.3875, 1, 1],
						"3.0": [1, 1, 1]
					}
				},
				"DownLeftSidejk": {
					"position": {
						"0.0": [0, 0, 0],
						"0.0417": [0, 0, 0],
						"0.0833": [0, 0, 0],
						"0.125": [0, 0, 0],
						"0.1667": [0, 0, -0.01],
						"0.2083": [0, 0, -0.03],
						"0.25": [0, 0, -0.04],
						"0.2917": [0, 0, -0.06],
						"0.3333": [0, 0, -0.07],
						"0.375": [0, 0, -0.08],
						"0.4167": [0, 0, -0.1],
						"0.4583": [0, 0, -0.11],
						"0.5": [0, 0, -0.12],
						"2.6667": [0, 0, -0.12],
						"2.7917": [0, 0, 0]
					}
				},
				"LRM": {
					"rotation": {
						"0.0": [0, 0, 0],
						"0.125": [0, 0, 0],
						"0.5": [0, -99, 0],
						"2.6667": [0, -99, 0],
						"3.0": [0, 0, 0]
					},
					"position": {
						"0.0": [0, 0, 0],
						"0.125": [0, 0, 0],
						"0.5": [2.3, -0.02, -0.6],
						"2.6667": [2.3, -0.02, -0.6],
						"3.0": [0, 0, 0]
					},
					"scale": {
						"0.0": [1, 1, 1],
						"0.125": [1, 1, 1],
						"0.5": [0.7, 0.8, 1.8],
						"2.6667": [0.7, 0.8, 1.8],
						"3.0": [1, 1, 1]
					}
				},
				"LJKDJ": {
					"rotation": {
						"0.125": [0, 0, 0],
						"0.1667": [0, -16.67, 0],
						"0.2083": [0, -33.33, 0],
						"0.25": [0, -50, 0],
						"0.2917": [0, -65.42, 0],
						"0.3333": [0, -80.83, 0],
						"0.375": [0, -96.25, 0],
						"0.4167": [0, -111.67, 0],
						"0.4583": [0, -127.08, 0],
						"0.5": [0, -142.5, 0],
						"2.6667": [0, -142.5, 0],
						"2.7083": [178, -58.33, -180],
						"2.75": [172.22855, -71.11603, -172.50566],
						"2.7917": [100.3053, -86.28092, -103.43185],
						"2.8333": [-3.54405, -63.65422, -0.82744],
						"2.875": [-2.59286, -52.66952, -1.94195],
						"2.9167": [-2.792, -28.68601, -3.14379],
						"2.9583": [-2.4925, -10.70477, -4.02153]
					},
					"position": {
						"0.125": [0, 0, 0],
						"0.1667": [-0.1, 0, -0.33],
						"0.2083": [-0.19, 0, -0.66],
						"0.25": [-0.29, 0, -0.98],
						"0.2917": [0.1, 0, -1.02],
						"0.3333": [0.49, 0, -1.06],
						"0.375": [0.88, 0, -1.1],
						"0.4167": [1.27, 0, -1.13],
						"0.4583": [1.67, 0, -1.17],
						"0.5": [2.06, 0, -1.21],
						"2.6667": [2.06, 0, -1.21],
						"2.7083": [1.27, 0, -1.13],
						"2.75": [1.1305, -0.02375, -1.38222],
						"2.7917": [0.63461, -0.06629, -1.54513],
						"2.8333": [0.0704, -0.0336, -1.27407],
						"2.875": [-0.27665, -0.06156, -1.00497],
						"2.9167": [-0.39901, -0.07873, -0.78094],
						"2.9583": [-0.46893, -0.10391, -0.34868]
					},
					"scale": {
						"0.0": [1, 1, 1],
						"2.9583": [1, 1, 1],
						"3.0": [0, 0, 0]
					}
				}
			}
		},
		"extra6": {
			"loop": true,
			"bones": {
				"UpBody": {
					"rotation": [0, 0, 0]
				},
				"LeftArm": {
					"rotation": [29.70553, -2.87656, -1.18307]
				},
				"LeftForeArm": {
					"rotation": [0, 0, 86]
				},
				"RightArm": {
					"rotation": [29.60313, 3.86617, -0.55798]
				},
				"RightForeArm": {
					"rotation": [0, 0, -86]
				},
				"LeftLeg": {
					"rotation": [0, 0, -3],
					"position": [-0.25, 0, 0]
				},
				"LeftFoot": {
					"rotation": [0, 0, 3]
				},
				"RightLeg": {
					"rotation": [0, 0, 3],
					"position": [0.25, 0, 0]
				},
				"RightFoot": {
					"rotation": [0, 0, -3]
				},
				"Head": {
					"rotation": [-4, 0, 0]
				},
				"UpperBody": {
					"rotation": [0, 0, 0]
				},
				"Eyebrow": {
					"position": [0, 0, 0]
				},
				"LeftEyebrow": {
					"position": [0, 0, 0]
				},
				"RightEyebrow": {
					"position": [0, 0, 0]
				},
				"RightEyelid": {
					"scale": 1
				},
				"LeftEyelid": {
					"scale": 1
				},
				"LTJ": {
					"scale": 1
				},
				"LFJ": {
					"scale": 1
				},
				"RTJ": {
					"scale": 1
				},
				"RFJ": {
					"scale": 1
				},
				"JiaKe": {
					"scale": 1
				},
				"PistolLocator": {
					"position": [0.24966, 0.01308, -0.5]
				}
			}
		},
		"extra7": {
			"loop": true,
			"bones": {
				"UpBody": {
					"rotation": [15, 0, 0],
					"position": [0, 0, 0]
				},
				"LeftArm": {
					"rotation": [-23.11884, 8.76752, 1.95334],
					"position": [0, 0, 0]
				},
				"LeftForeArm": {
					"rotation": [-55.80943, 31.6193, 3.0556],
					"position": [0.5, 0, 0]
				},
				"RightForeArm": {
					"rotation": [-74.5, 0, 0],
					"position": [0, 0, 0]
				},
				"LeftLeg": {
					"rotation": [-140.85626, -15.10866, 81.31497],
					"position": [0, 0, 0]
				},
				"LeftLowerLeg": {
					"rotation": [114.13905, -11.01756, -9.93614],
					"position": [0, 0, 0]
				},
				"LeftFoot": {
					"rotation": [37.5, 0, 0],
					"position": [0, 0.58225, 0.65614]
				},
				"RightLeg": {
					"rotation": [-139.71796, 8.42811, -88.0261],
					"position": [0, 0, 0]
				},
				"RightLowerLeg": {
					"rotation": [116.9107, -1.80112, -6.90347],
					"position": [0, 0, 0]
				},
				"RightFoot": {
					"rotation": [55, 0, 0],
					"position": [0, 0.64506, 0.60427]
				},
				"AllBody": {
					"rotation": [0, 0, 0],
					"position": [0, 0, 0],
					"scale": 1
				},
				"Head": {
					"rotation": [-10, 0, 0]
				},
				"AllHead": {
					"rotation": [0, 0, 0],
					"position": [0, 0, 0]
				},
				"Frontmiddle": {
					"rotation": [-83, 0, 0],
					"position": [0, 0.4375, 0]
				},
				"FrontS5": {
					"rotation": [16, -18, 12],
					"position": [0, 0, -0.375],
					"scale": [1, 1.1625, 1]
				},
				"FrontS4": {
					"rotation": [10.17753, 23.57898, 4.62109],
					"position": [0.125, 0, 0],
					"scale": [1.31875, 1.13125, 1]
				},
				"FrontS3": {
					"rotation": [18.42719, 7.48136, 4.04219],
					"position": [0, 0, -0.25],
					"scale": [1.325, 1.1625, 1]
				},
				"FrontS2": {
					"rotation": [17.01768, -4.77847, 3.73863],
					"position": [0, 0, -0.1875],
					"scale": [1.325, 1.13125, 1]
				},
				"FrontS1": {
					"rotation": [19.14118, -9.69783, 11.71026],
					"position": [0, 0, -0.3125],
					"scale": [1.7375, 1.16875, 1]
				},
				"Bm1": {
					"rotation": [0, 0, 7],
					"scale": [1.43125, 1, 1]
				},
				"Bm2": {
					"rotation": [0, 0, 2],
					"scale": [1.33125, 1, 1]
				},
				"Bm3": {
					"rotation": [0, 0, -1],
					"scale": [1.48125, 1, 1]
				},
				"left5": {
					"rotation": [11.05699, -32.3519, -62.44055],
					"position": [0, -0.375, 0],
					"scale": [1, 0.7875, 1]
				},
				"left4": {
					"rotation": [1.01485, -31.96592, -65.57756],
					"position": [0, -0.125, 0.1875],
					"scale": [1, 0.8, 1.5875]
				},
				"left3": {
					"rotation": [-0.97422, -17.97449, -74.84592],
					"position": [0, 0, 0.25],
					"scale": [0.80625, 0.75625, 1.0875]
				},
				"left2": {
					"rotation": [-12, 0, -78],
					"position": [0, 0, 0.625],
					"scale": [1, 0.78125, 1.74375]
				},
				"Left1": {
					"rotation": [-17, 0, -77],
					"position": [0, 0, 0.4375],
					"scale": [1, 0.75, 1]
				},
				"RightS1": {
					"rotation": [-5, 0, 71],
					"scale": [1, 0.725, 1.11875]
				},
				"RightS2": {
					"rotation": [-2.4253, 16.09466, 70.57877],
					"position": [0, -0.75, 0],
					"scale": [1, 0.725, 1]
				},
				"RightS3": {
					"rotation": [0.04849, 11.96381, 65.95708],
					"scale": [1, 0.7875, 1]
				},
				"RightS4": {
					"rotation": [-6.18104, 29.76981, 61.28845],
					"position": [0, -0.6875, 0],
					"scale": [1, 0.74375, 1]
				},
				"RightS5": {
					"rotation": [7.03774, 27.02916, 60.98299],
					"position": [0, -0.4375, 0],
					"scale": [0.95, 0.8375, 1]
				},
				"BR6": {
					"rotation": [1.9997, -0.0349, 11.99939]
				},
				"BR5": {
					"rotation": [5.99184, -0.31344, 24.9836],
					"scale": [2.54375, 1, 1]
				},
				"BR4": {
					"rotation": [5.41721, -2.34503, 27.90955],
					"scale": [1, 0.98125, 1]
				},
				"BR3": {
					"rotation": [8.3278, -15.26407, 35.13367],
					"position": [0.0625, -0.1875, 0],
					"scale": [2.58125, 0.9, 1]
				},
				"BR2": {
					"rotation": [4.10026, 4.98595, 41.70402],
					"scale": [1.1375, 0.91875, 1]
				},
				"BR1": {
					"rotation": [8.47958, 38.51797, 56.98502],
					"scale": [1, 0.9, 1.06875]
				},
				"BLJ": {
					"rotation": [14.7801, -43.40993, -51.51587],
					"scale": [1, 0.7875, 1.2]
				},
				"BL6": {
					"rotation": [4, 0, -5],
					"scale": [1, 0.975, 1]
				},
				"BL5": {
					"rotation": [6, 0, -12],
					"scale": [2.375, 0.95625, 1]
				},
				"BL4": {
					"rotation": [7, 0, -18],
					"scale": [0.95625, 0.975, 1]
				},
				"BL3": {
					"rotation": [12.15772, 16.4625, -23.20191],
					"position": [-0.125, 0, 0],
					"scale": [2.45625, 0.8375, 0.89375]
				},
				"BL2": {
					"rotation": [9.16127, -15.82659, -35.33022],
					"scale": [1, 0.825, 1]
				},
				"Frontright": {
					"rotation": [-61.61787, 42.54815, 16.29743],
					"position": [0, 0.3125, 0]
				},
				"FR1": {
					"rotation": [0, 0, -15],
					"position": [-0.4375, 0, 0],
					"scale": [2.00625, 0.95625, 1]
				},
				"FR2": {
					"rotation": [0, 0, -7],
					"scale": [1.13125, 1, 1]
				},
				"FR3": {
					"rotation": [0, 0, -5],
					"scale": [1.125, 1, 1]
				},
				"FR5": {
					"rotation": [-1.11756, -41.23775, 9.29094]
				},
				"Frontleft": {
					"rotation": [-86.33843, -42.96074, 2.86171]
				},
				"FL5": {
					"rotation": [14.10561, 12.15477, 42.32833],
					"position": [0.375, 0, -0.1875],
					"scale": [1, 1.05625, 1]
				},
				"FL4": {
					"rotation": [9.48972, 19.34907, 35.89889],
					"position": [-0.4375, 0, 0.0625],
					"scale": [3.6875, 0.93125, 1]
				},
				"FL3": {
					"rotation": [1.9997, -0.0349, 6.99939],
					"position": [0, 0, -0.25],
					"scale": [2.4125, 1.0625, 1]
				},
				"FL2": {
					"rotation": [4.24208, 62.21339, -4.25148],
					"position": [0, 0, -0.5],
					"scale": [1, 1, 1.325]
				},
				"FL1": {
					"rotation": [5.82665, 8.49077, 25.82665],
					"position": [0, 0, -0.0625],
					"scale": [1.5375, 1, 1]
				},
				"FL0": {
					"rotation": [0, 36, 0],
					"position": [0, 0, -0.25],
					"scale": [1, 1.15, 1]
				},
				"BSJJK": {
					"rotation": [7.94211, 16.85395, 38.50141],
					"position": [0, 0.4375, -0.0625],
					"scale": [1, 1, 1.0625]
				},
				"FRightJK": {
					"rotation": [0, 36, 0],
					"position": [0, 0, 0.375]
				},
				"DownRightJK": {
					"position": [0, 0.75, 0.125]
				},
				"DRJJK": {
					"rotation": [-83.10531, -1.21261, 9.92695]
				},
				"DownRighSidejk": {
					"position": [0, 1.25, 0]
				},
				"DRSJK": {
					"rotation": [-66.17125, -5.51571, 47.69219]
				},
				"SideRightJK": {
					"position": [0, 0.0625, 0]
				},
				"srjjk": {
					"rotation": [0, 13, 70],
					"position": [-0.1875, 1.0625, 0],
					"scale": [1, 1, 1.1]
				},
				"BLJJK": {
					"rotation": [2.73819, -16.78446, -44.40404],
					"position": [0, 0.375, -0.125],
					"scale": [1, 1, 1.2125]
				},
				"SideLeftJK": {
					"position": [0, 0.4375, 0]
				},
				"SLJJK": {
					"rotation": [-4.06517, -12.98764, -64.64251],
					"position": [0.0625, 1, 0],
					"scale": [1, 1, 1.08125]
				},
				"FLeftJK": {
					"rotation": [0, -29, 0]
				},
				"DownLeftSidejk": {
					"position": [0, 1.3125, 0]
				},
				"DLSJK": {
					"rotation": [-59.24717, 2.59314, -50.11244]
				},
				"DownLeftJK": {
					"position": [0, 0.75, 0]
				},
				"DDLJK": {
					"rotation": [-92, 0, 0]
				},
				"LRM": {
					"rotation": [0, 13, 0]
				},
				"LFM": {
					"rotation": [0, -9, 0],
					"position": [-0.125, 0, 0]
				},
				"FronyTS": {
					"rotation": [-45, 0, 0],
					"position": [0, 0.1875, -0.3125]
				},
				"BackTS": {
					"rotation": [12, 0, 0]
				},
				"Leg": {
					"position": [0, -0.5, 0]
				},
				"MAllBody": {
					"position": [0, -16, 0]
				}
			}
		},
		"extra0": {
			"loop": true,
			"animation_length": 1.0833,
			"bones": {
				"Root": {
					"position": {
						"0.0": {
							"post": [0, -4.9, 0],
							"lerp_mode": "catmullrom"
						},
						"0.2917": {
							"post": [0, 1.1, 0],
							"lerp_mode": "catmullrom"
						},
						"0.5417": {
							"post": [0, -4.9, 0],
							"lerp_mode": "catmullrom"
						},
						"0.8333": {
							"post": [0, 1.1, 0],
							"lerp_mode": "catmullrom"
						},
						"1.0833": {
							"post": [0, -4.9, 0],
							"lerp_mode": "catmullrom"
						}
					},
					"scale": {
						"0.0": {
							"post": [1, 1, 1],
							"lerp_mode": "catmullrom"
						}
					}
				},
				"AllBody": {
					"scale": 1
				},
				"LeftArm": {
					"rotation": {
						"0.0": {
							"post": [27.78262, 22.98187, -87.39673],
							"lerp_mode": "catmullrom"
						},
						"0.2917": {
							"post": [-12.96126, 47.9816, -30.51447],
							"lerp_mode": "catmullrom"
						},
						"0.5417": {
							"post": [-72.8577, 47.72648, -67.37094],
							"lerp_mode": "catmullrom"
						},
						"0.8333": {
							"post": [-12.96126, 47.9816, -30.51447],
							"lerp_mode": "catmullrom"
						},
						"1.0833": {
							"post": [27.78262, 22.98187, -87.39673],
							"lerp_mode": "catmullrom"
						}
					}
				},
				"LeftForeArm": {
					"rotation": {
						"0.0": {
							"post": [-12.5, 0, 0],
							"lerp_mode": "catmullrom"
						},
						"0.2917": {
							"post": [-22.5, 0, 0],
							"lerp_mode": "catmullrom"
						},
						"0.5417": {
							"post": [-42.5, 0, 0],
							"lerp_mode": "catmullrom"
						},
						"0.8333": {
							"post": [-22.5, 0, 0],
							"lerp_mode": "catmullrom"
						},
						"1.0833": {
							"post": [-12.5, 0, 0],
							"lerp_mode": "catmullrom"
						}
					}
				},
				"RightArm": {
					"rotation": {
						"0.0": {
							"post": [-72.8577, -47.72648, 67.37094],
							"lerp_mode": "catmullrom"
						},
						"0.2917": {
							"post": [-12.96126, -47.9816, 30.51447],
							"lerp_mode": "catmullrom"
						},
						"0.5417": {
							"post": [27.78262, -22.98187, 87.39673],
							"lerp_mode": "catmullrom"
						},
						"0.8333": {
							"post": [-12.96126, -47.9816, 30.51447],
							"lerp_mode": "catmullrom"
						},
						"1.0833": {
							"post": [-72.8577, -47.72648, 67.37094],
							"lerp_mode": "catmullrom"
						}
					}
				},
				"RightForeArm": {
					"rotation": {
						"0.0": {
							"post": [-42.5, 0, 0],
							"lerp_mode": "catmullrom"
						},
						"0.2917": {
							"post": [-22.5, 0, 0],
							"lerp_mode": "catmullrom"
						},
						"0.5417": {
							"post": [-12.5, 0, 0],
							"lerp_mode": "catmullrom"
						},
						"0.8333": {
							"post": [-22.5, 0, 0],
							"lerp_mode": "catmullrom"
						},
						"1.0833": {
							"post": [-42.5, 0, 0],
							"lerp_mode": "catmullrom"
						}
					}
				},
				"LeftLeg": {
					"rotation": {
						"0.0": {
							"post": [-34.29798, -47.22879, 0.4418],
							"lerp_mode": "catmullrom"
						},
						"0.2917": {
							"post": [-19.18172, -10.14587, -5.15952],
							"lerp_mode": "catmullrom"
						},
						"0.5417": {
							"post": [2.30829, -26.57803, -22.15059],
							"lerp_mode": "catmullrom"
						},
						"0.8333": {
							"post": [-19.18172, -10.14587, -5.15952],
							"lerp_mode": "catmullrom"
						},
						"1.0833": {
							"post": [-34.29798, -47.22879, 0.4418],
							"lerp_mode": "catmullrom"
						}
					}
				},
				"LeftLowerLeg": {
					"rotation": {
						"0.0": {
							"post": [85, 0, 0],
							"lerp_mode": "catmullrom"
						},
						"0.2917": {
							"post": [47.5, 0, 0],
							"lerp_mode": "catmullrom"
						},
						"0.5417": {
							"post": [112.5, 0, 0],
							"lerp_mode": "catmullrom"
						},
						"0.8333": {
							"post": [47.5, 0, 0],
							"lerp_mode": "catmullrom"
						},
						"1.0833": {
							"post": [85, 0, 0],
							"lerp_mode": "catmullrom"
						}
					}
				},
				"LeftFoot": {
					"rotation": {
						"0.0": {
							"post": [-20, 0, 0],
							"lerp_mode": "catmullrom"
						},
						"0.2917": {
							"post": [12.5, 0, 0],
							"lerp_mode": "catmullrom"
						},
						"0.5417": {
							"post": [0, 0, 0],
							"lerp_mode": "catmullrom"
						},
						"0.8333": {
							"post": [12.5, 0, 0],
							"lerp_mode": "catmullrom"
						},
						"1.0833": {
							"post": [-20, 0, 0],
							"lerp_mode": "catmullrom"
						}
					}
				},
				"RightLeg": {
					"rotation": {
						"0.0": {
							"post": [2.30829, 26.57803, 22.15059],
							"lerp_mode": "catmullrom"
						},
						"0.2917": {
							"post": [-19.18172, 10.14587, 5.15952],
							"lerp_mode": "catmullrom"
						},
						"0.5417": {
							"post": [-34.29798, 47.22879, -0.4418],
							"lerp_mode": "catmullrom"
						},
						"0.8333": {
							"post": [-19.18172, 10.14587, 5.15952],
							"lerp_mode": "catmullrom"
						},
						"1.0833": {
							"post": [2.30829, 26.57803, 22.15059],
							"lerp_mode": "catmullrom"
						}
					}
				},
				"RightLowerLeg": {
					"rotation": {
						"0.0": {
							"post": [112.5, 0, 0],
							"lerp_mode": "catmullrom"
						},
						"0.2917": {
							"post": [47.5, 0, 0],
							"lerp_mode": "catmullrom"
						},
						"0.5417": {
							"post": [85, 0, 0],
							"lerp_mode": "catmullrom"
						},
						"0.8333": {
							"post": [47.5, 0, 0],
							"lerp_mode": "catmullrom"
						},
						"1.0833": {
							"post": [112.5, 0, 0],
							"lerp_mode": "catmullrom"
						}
					}
				},
				"RightFoot": {
					"rotation": {
						"0.0": {
							"post": [0, 0, 0],
							"lerp_mode": "catmullrom"
						},
						"0.2917": {
							"post": [12.5, 0, 0],
							"lerp_mode": "catmullrom"
						},
						"0.5417": {
							"post": [-20, 0, 0],
							"lerp_mode": "catmullrom"
						},
						"0.8333": {
							"post": [12.5, 0, 0],
							"lerp_mode": "catmullrom"
						},
						"1.0833": {
							"post": [0, 0, 0],
							"lerp_mode": "catmullrom"
						}
					}
				}
			}
		}
	},
	"geckolib_format_version": 2
}