{
	"format_version": "1.12.0",
	"minecraft:geometry": [
		{
			"description": {
				"identifier": "geometry.unknown",
				"texture_width": 128,
				"texture_height": 128,
				"visible_bounds_width": 4,
				"visible_bounds_height": 5.5,
				"visible_bounds_offset": [0, 2.25, 0]
			},
			"bones": [
				{
					"name": "Root",
					"pivot": [0, 0, 0]
				},
				{
					"name": "AllBody",
					"parent": "Root",
					"pivot": [0, 20, 0]
				},
				{
					"name": "UpBody",
					"parent": "AllBody",
					"pivot": [0, 21, 0]
				},
				{
					"name": "AllHead",
					"parent": "UpBody",
					"pivot": [0, 28.2, 0],
					"cubes": [
						{
							"origin": [-1.5, 27.925, -1.525],
							"size": [3, 2, 3],
							"uv": {
								"north": {"uv": [3, 74], "uv_size": [3, 2]},
								"east": {"uv": [0, 74], "uv_size": [3, 2]},
								"south": {"uv": [9, 74], "uv_size": [3, 2]},
								"west": {"uv": [6, 74], "uv_size": [3, 2]},
								"up": {"uv": [3, 71], "uv_size": [3, 3]},
								"down": {"uv": [6, 74], "uv_size": [3, -3]}
							}
						}
					]
				},
				{
					"name": "Head",
					"parent": "AllHead",
					"pivot": [0, 28.5, 0],
					"cubes": [
						{
							"origin": [-1.5, 27.35, -1.5],
							"size": [3, 2, 3],
							"inflate": 0.01,
							"uv": {
								"north": {"uv": [54, 71], "uv_size": [3, 2]},
								"east": {"uv": [51, 71], "uv_size": [3, 2]},
								"south": {"uv": [60, 71], "uv_size": [3, 2]},
								"west": {"uv": [57, 71], "uv_size": [3, 2]},
								"up": {"uv": [54, 68], "uv_size": [3, 3]},
								"down": {"uv": [57, 71], "uv_size": [3, -3]}
							}
						},
						{
							"origin": [-1.5, 28.53223, -0.73223],
							"size": [3, 2.12132, 2.12132],
							"pivot": [0, 29.65355, 0.76777],
							"rotation": [45, 0, 0],
							"uv": {
								"north": {"uv": [73, 69], "uv_size": [3, 2]},
								"east": {"uv": [71, 69], "uv_size": [2, 2]},
								"south": {"uv": [78, 69], "uv_size": [3, 2]},
								"west": {"uv": [76, 69], "uv_size": [2, 2]},
								"up": {"uv": [73, 67], "uv_size": [3, 2]},
								"down": {"uv": [76, 69], "uv_size": [3, -2]}
							}
						},
						{
							"origin": [-1.5, 26.23934, -0.56066],
							"size": [3, 2.12132, 2.12132],
							"pivot": [0, 27.3, 0.5],
							"rotation": [45, 0, 0],
							"uv": {
								"north": {"uv": [72, 20], "uv_size": [3, 2]},
								"east": {"uv": [70, 20], "uv_size": [2, 2]},
								"south": {"uv": [77, 20], "uv_size": [3, 2]},
								"west": {"uv": [75, 20], "uv_size": [2, 2]},
								"up": {"uv": [72, 18], "uv_size": [3, 2]},
								"down": {"uv": [75, 20], "uv_size": [3, -2]}
							}
						}
					]
				},
				{
					"name": "Head2",
					"parent": "Head",
					"pivot": [0.10721, 37.71828, 0.07637],
					"rotation": [0, -177.5, 0],
					"cubes": [
						{
							"origin": [-2.74699, 19.61654, 26.64589],
							"size": [5.75, 3.5, 1],
							"pivot": [0.1134, 14.69786, 0.07366],
							"rotation": [67.5, 0, 0],
							"uv": {
								"north": {"uv": [70, 1], "uv_size": [5, 3]},
								"east": {"uv": [69, 1], "uv_size": [1, 3]},
								"south": {"uv": [76, 1], "uv_size": [5, 3]},
								"west": {"uv": [75, 1], "uv_size": [1, 3]},
								"up": {"uv": [70, 0], "uv_size": [5, 1]},
								"down": {"uv": [75, 1], "uv_size": [5, -1]}
							}
						},
						{
							"origin": [-2.74699, 38.13604, -1.07049],
							"size": [5.75, 3.5, 1],
							"pivot": [0.1134, 44.69786, 0.07366],
							"rotation": [0, -90, 67.5],
							"uv": {
								"north": {"uv": [73, 3], "uv_size": [5, 3]},
								"east": {"uv": [72, 3], "uv_size": [1, 3]},
								"south": {"uv": [79, 3], "uv_size": [5, 3]},
								"west": {"uv": [78, 3], "uv_size": [1, 3]},
								"up": {"uv": [73, 2], "uv_size": [5, 1]},
								"down": {"uv": [78, 3], "uv_size": [5, -1]}
							}
						},
						{
							"origin": [-2.74699, 38.13604, -1.07049],
							"size": [5.75, 3.5, 1],
							"pivot": [0.1134, 44.69786, 0.07366],
							"rotation": [-112.5, 0, -180],
							"uv": {
								"north": {"uv": [71, 22], "uv_size": [5, 3]},
								"east": {"uv": [70, 22], "uv_size": [1, 3]},
								"south": {"uv": [77, 22], "uv_size": [5, 3]},
								"west": {"uv": [76, 22], "uv_size": [1, 3]},
								"up": {"uv": [71, 21], "uv_size": [5, 1]},
								"down": {"uv": [76, 22], "uv_size": [5, -1]}
							}
						},
						{
							"origin": [-2.74699, 38.13604, -1.07049],
							"size": [5.75, 3.5, 1],
							"pivot": [0.1134, 44.69786, 0.07366],
							"rotation": [0, 90, -67.5],
							"uv": {
								"north": {"uv": [92, 13], "uv_size": [5, 3]},
								"east": {"uv": [91, 13], "uv_size": [1, 3]},
								"south": {"uv": [98, 13], "uv_size": [5, 3]},
								"west": {"uv": [97, 13], "uv_size": [1, 3]},
								"up": {"uv": [92, 12], "uv_size": [5, 1]},
								"down": {"uv": [97, 13], "uv_size": [5, -1]}
							}
						},
						{
							"origin": [-2.77971, 11.91455, 27.84258],
							"size": [5.75, 5.5, 1],
							"pivot": [0.1134, 14.69786, 0.07366],
							"rotation": [90, 0, 0],
							"uv": {
								"north": {"uv": [25, 69], "uv_size": [5, 5]},
								"east": {"uv": [24, 69], "uv_size": [1, 5]},
								"south": {"uv": [31, 69], "uv_size": [5, 5]},
								"west": {"uv": [30, 69], "uv_size": [1, 5]},
								"up": {"uv": [25, 68], "uv_size": [5, 1]},
								"down": {"uv": [30, 69], "uv_size": [5, -1]}
							}
						},
						{
							"origin": [-5.52971, 10.91455, 26.84258],
							"size": [11.25, 7.75, 0.75],
							"pivot": [0.1134, 14.69786, 0.07366],
							"rotation": [90, 0, 0],
							"uv": {
								"north": {"uv": [0, 40], "uv_size": [11, 7]},
								"east": {"uv": [0, 40], "uv_size": [0, 7]},
								"south": {"uv": [11, 40], "uv_size": [11, 7]},
								"west": {"uv": [11, 40], "uv_size": [0, 7]},
								"up": {"uv": [0, 40], "uv_size": [11, 0]},
								"down": {"uv": [11, 40], "uv_size": [11, 0]}
							}
						},
						{
							"origin": [-5.52971, 10.91455, 26.84258],
							"size": [11.25, 7.75, 0.75],
							"pivot": [0.1134, 14.69786, 0.07366],
							"rotation": [90, 67.5, 0],
							"uv": {
								"north": {"uv": [4, 40], "uv_size": [11, 7]},
								"east": {"uv": [4, 40], "uv_size": [0, 7]},
								"south": {"uv": [15, 40], "uv_size": [11, 7]},
								"west": {"uv": [15, 40], "uv_size": [0, 7]},
								"up": {"uv": [4, 40], "uv_size": [11, 0]},
								"down": {"uv": [15, 40], "uv_size": [11, 0]}
							}
						},
						{
							"origin": [-5.52971, 10.91455, 26.84258],
							"size": [11.25, 7.75, 0.75],
							"pivot": [0.1134, 14.69786, 0.07366],
							"rotation": [-90, 67.5, -180],
							"uv": {
								"north": {"uv": [0, 39], "uv_size": [11, 7]},
								"east": {"uv": [0, 39], "uv_size": [0, 7]},
								"south": {"uv": [11, 39], "uv_size": [11, 7]},
								"west": {"uv": [11, 39], "uv_size": [0, 7]},
								"up": {"uv": [0, 39], "uv_size": [11, 0]},
								"down": {"uv": [11, 39], "uv_size": [11, 0]}
							}
						},
						{
							"origin": [-5.52971, 10.91455, 26.84258],
							"size": [11.25, 7.5, 0.75],
							"pivot": [0.1134, 14.69786, 0.07366],
							"rotation": [-90, 22.5, -180],
							"uv": {
								"north": {"uv": [37, 0], "uv_size": [11, 7]},
								"east": {"uv": [6.5, 41.5], "uv_size": [0, 7]},
								"south": {"uv": [117, 0], "uv_size": [11, 7]},
								"west": {"uv": [48, 0], "uv_size": [0, 7]},
								"up": {"uv": [37, 0], "uv_size": [11, 0]},
								"down": {"uv": [48, 0], "uv_size": [11, 0]}
							}
						},
						{
							"origin": [-0.61346, 42.48693, 3.81024],
							"size": [2, 2, 2],
							"pivot": [0.10789, 41.21819, 0.36679],
							"rotation": [-22.5, 45, 0],
							"uv": {
								"north": {"uv": [2, 69], "uv_size": [2, 2]},
								"east": {"uv": [0, 69], "uv_size": [2, 2]},
								"south": {"uv": [6, 69], "uv_size": [2, 2]},
								"west": {"uv": [4, 69], "uv_size": [2, 2]},
								"up": {"uv": [2, 67], "uv_size": [2, 2]},
								"down": {"uv": [4, 69], "uv_size": [2, -2]}
							}
						},
						{
							"origin": [-1.15974, 25.32852, -22.40533],
							"size": [2, 2, 2],
							"pivot": [0.11891, -11.82247, -0.21947],
							"rotation": [-22.5, 45, 0],
							"uv": {
								"north": {"uv": [41, 57], "uv_size": [-2, 2]},
								"east": {"uv": [43, 57], "uv_size": [-2, 2]},
								"south": {"uv": [45, 57], "uv_size": [-2, 2]},
								"west": {"uv": [39, 57], "uv_size": [-2, 2]},
								"up": {"uv": [41, 55], "uv_size": [-2, 2]},
								"down": {"uv": [43, 57], "uv_size": [-2, -2]}
							}
						},
						{
							"origin": [-2.74699, 4.50208, -41.49022],
							"size": [5.75, 3.5, 1],
							"pivot": [0.1134, -15.30214, 0.07366],
							"rotation": [0, -90, -67.5],
							"uv": {
								"north": {"uv": [55, 9], "uv_size": [5, 3]},
								"east": {"uv": [54, 9], "uv_size": [1, 3]},
								"south": {"uv": [61, 9], "uv_size": [5, 3]},
								"west": {"uv": [60, 9], "uv_size": [1, 3]},
								"up": {"uv": [55, 8], "uv_size": [5, 1]},
								"down": {"uv": [60, 9], "uv_size": [5, -1]}
							}
						},
						{
							"origin": [-1.15974, 25.32852, 20.55265],
							"size": [2, 2, 2],
							"pivot": [0.11891, -11.82247, 0.36679],
							"rotation": [22.5, -45, 0],
							"uv": {
								"north": {"uv": [41, 57], "uv_size": [-2, 2]},
								"east": {"uv": [43, 57], "uv_size": [-2, 2]},
								"south": {"uv": [45, 57], "uv_size": [-2, 2]},
								"west": {"uv": [39, 57], "uv_size": [-2, 2]},
								"up": {"uv": [41, 55], "uv_size": [-2, 2]},
								"down": {"uv": [43, 57], "uv_size": [-2, -2]}
							}
						},
						{
							"origin": [-2.74699, 23.02158, -13.77384],
							"size": [5.75, 3.5, 1],
							"pivot": [0.1134, 14.69786, 0.07366],
							"rotation": [-67.5, 0, 0],
							"uv": {
								"north": {"uv": [55, 9], "uv_size": [5, 3]},
								"east": {"uv": [54, 9], "uv_size": [1, 3]},
								"south": {"uv": [61, 9], "uv_size": [5, 3]},
								"west": {"uv": [60, 9], "uv_size": [1, 3]},
								"up": {"uv": [55, 8], "uv_size": [5, 1]},
								"down": {"uv": [60, 9], "uv_size": [5, -1]}
							}
						},
						{
							"origin": [-2.77971, 11.98117, -15.90742],
							"size": [5.75, 5.5, 1],
							"pivot": [0.1134, 14.69786, 0.07366],
							"rotation": [-90, 0, 0],
							"uv": {
								"north": {"uv": [14, 51], "uv_size": [5, 5]},
								"east": {"uv": [13, 51], "uv_size": [1, 5]},
								"south": {"uv": [20, 51], "uv_size": [5, 5]},
								"west": {"uv": [19, 51], "uv_size": [1, 5]},
								"up": {"uv": [14, 50], "uv_size": [5, 1]},
								"down": {"uv": [19, 51], "uv_size": [5, -1]}
							}
						},
						{
							"origin": [-2.74699, 4.50208, -41.49022],
							"size": [5.75, 3.5, 1],
							"pivot": [0.1134, -15.30214, 0.07366],
							"rotation": [112.5, 0, 180],
							"uv": {
								"north": {"uv": [55, 9], "uv_size": [5, 3]},
								"east": {"uv": [54, 9], "uv_size": [1, 3]},
								"south": {"uv": [61, 9], "uv_size": [5, 3]},
								"west": {"uv": [60, 9], "uv_size": [1, 3]},
								"up": {"uv": [55, 8], "uv_size": [5, 1]},
								"down": {"uv": [60, 9], "uv_size": [5, -1]}
							}
						},
						{
							"origin": [-2.74699, 4.50208, -41.49022],
							"size": [5.75, 3.5, 1],
							"pivot": [0.1134, -15.30214, 0.07366],
							"rotation": [0, 90, 67.5],
							"uv": {
								"north": {"uv": [55, 9], "uv_size": [5, 3]},
								"east": {"uv": [54, 9], "uv_size": [1, 3]},
								"south": {"uv": [61, 9], "uv_size": [5, 3]},
								"west": {"uv": [60, 9], "uv_size": [1, 3]},
								"up": {"uv": [55, 8], "uv_size": [5, 1]},
								"down": {"uv": [60, 9], "uv_size": [5, -1]}
							}
						},
						{
							"origin": [-0.61346, 25.32852, -22.40533],
							"size": [2, 2, 2],
							"pivot": [0.10789, -11.82247, -0.21947],
							"rotation": [-22.5, -45, 0],
							"uv": {
								"north": {"uv": [39, 57], "uv_size": [2, 2]},
								"east": {"uv": [37, 57], "uv_size": [2, 2]},
								"south": {"uv": [43, 57], "uv_size": [2, 2]},
								"west": {"uv": [41, 57], "uv_size": [2, 2]},
								"up": {"uv": [39, 55], "uv_size": [2, 2]},
								"down": {"uv": [41, 57], "uv_size": [2, -2]}
							}
						},
						{
							"origin": [-0.61346, 25.32852, 20.55265],
							"size": [2, 2, 2],
							"pivot": [0.10789, -11.82247, 0.36679],
							"rotation": [22.5, 45, 0],
							"uv": {
								"north": {"uv": [39, 57], "uv_size": [2, 2]},
								"east": {"uv": [37, 57], "uv_size": [2, 2]},
								"south": {"uv": [43, 57], "uv_size": [2, 2]},
								"west": {"uv": [41, 57], "uv_size": [2, 2]},
								"up": {"uv": [39, 55], "uv_size": [2, 2]},
								"down": {"uv": [41, 57], "uv_size": [2, -2]}
							}
						},
						{
							"origin": [-1.15974, 42.48693, 3.81024],
							"size": [2, 2, 2],
							"pivot": [0.11891, 41.21819, 0.36679],
							"rotation": [-22.5, -45, 0],
							"uv": {
								"north": {"uv": [49, 76], "uv_size": [-2, 2]},
								"east": {"uv": [51, 76], "uv_size": [-2, 2]},
								"south": {"uv": [53, 76], "uv_size": [-2, 2]},
								"west": {"uv": [47, 76], "uv_size": [-2, 2]},
								"up": {"uv": [49, 74], "uv_size": [-2, 2]},
								"down": {"uv": [51, 76], "uv_size": [-2, -2]}
							}
						},
						{
							"origin": [-1.15974, 42.48693, -5.66292],
							"size": [2, 2, 2],
							"pivot": [0.11891, 41.21819, -0.21947],
							"rotation": [22.5, 45, 0],
							"uv": {
								"north": {"uv": [50, 69], "uv_size": [-2, 2]},
								"east": {"uv": [52, 69], "uv_size": [-2, 2]},
								"south": {"uv": [54, 69], "uv_size": [-2, 2]},
								"west": {"uv": [48, 69], "uv_size": [-2, 2]},
								"up": {"uv": [50, 67], "uv_size": [-2, 2]},
								"down": {"uv": [52, 69], "uv_size": [-2, -2]}
							}
						},
						{
							"origin": [-0.61346, 42.48693, -5.66292],
							"size": [2, 2, 2],
							"pivot": [0.10789, 41.21819, -0.21947],
							"rotation": [22.5, -45, 0],
							"uv": {
								"north": {"uv": [2, 77], "uv_size": [2, 2]},
								"east": {"uv": [0, 77], "uv_size": [2, 2]},
								"south": {"uv": [6, 77], "uv_size": [2, 2]},
								"west": {"uv": [4, 77], "uv_size": [2, 2]},
								"up": {"uv": [2, 75], "uv_size": [2, 2]},
								"down": {"uv": [4, 77], "uv_size": [2, -2]}
							}
						},
						{
							"origin": [-5.52971, 10.91455, 26.84258],
							"size": [11.25, 7.75, 0.75],
							"pivot": [0.1134, 14.69786, 0.07366],
							"rotation": [-90, -22.5, -180],
							"uv": {
								"north": {"uv": [2, 40], "uv_size": [11, 7]},
								"east": {"uv": [2, 40], "uv_size": [0, 7]},
								"south": {"uv": [13, 40], "uv_size": [11, 7]},
								"west": {"uv": [13, 40], "uv_size": [0, 7]},
								"up": {"uv": [2, 40], "uv_size": [11, 0]},
								"down": {"uv": [13, 40], "uv_size": [11, 0]}
							}
						}
					]
				},
				{
					"name": "Head3",
					"parent": "Head2",
					"pivot": [0.11891, 37.21819, 0.36679],
					"rotation": [0, -2.5, 0],
					"cubes": [
						{
							"origin": [-2.30613, 31.19786, -6.15742],
							"size": [5.75, 11, 13],
							"pivot": [0.6134, 14.69786, 0.07366],
							"rotation": [0, 22.5, 0],
							"uv": {
								"north": {"uv": [13, 38], "uv_size": [5, 11]},
								"east": {"uv": [0, 38], "uv_size": [13, 11]},
								"south": {"uv": [31, 38], "uv_size": [5, 11]},
								"west": {"uv": [18, 38], "uv_size": [13, 11]},
								"up": {"uv": [13, 25], "uv_size": [5, 13]},
								"down": {"uv": [18, 38], "uv_size": [5, -13]}
							}
						},
						{
							"origin": [-2.71122, 31.19786, -6.0917],
							"size": [5.5, 11, 13],
							"pivot": [0.1134, 14.69786, 0.07366],
							"rotation": [0, -17.5, 0],
							"uv": {
								"north": {"uv": [105, 25], "uv_size": [5, 11]},
								"east": {"uv": [92, 25], "uv_size": [13, 11]},
								"south": {"uv": [123, 25], "uv_size": [5, 11]},
								"west": {"uv": [110, 25], "uv_size": [13, 11]},
								"up": {"uv": [105, 12], "uv_size": [5, 13]},
								"down": {"uv": [110, 25], "uv_size": [5, -13]}
							}
						},
						{
							"origin": [-2.71122, 31.19786, -5.7917],
							"size": [5.75, 11, 13],
							"pivot": [0.1134, 14.69786, 0.37366],
							"rotation": [0, 72.5, 0],
							"uv": {
								"north": {"uv": [13, 13], "uv_size": [5, 11]},
								"east": {"uv": [0, 13], "uv_size": [13, 11]},
								"south": {"uv": [31, 13], "uv_size": [5, 11]},
								"west": {"uv": [18, 13], "uv_size": [13, 11]},
								"up": {"uv": [13, 0], "uv_size": [5, 13]},
								"down": {"uv": [18, 13], "uv_size": [5, -13]}
							}
						},
						{
							"origin": [-2.71122, 31.19786, -6.0917],
							"size": [5.75, 11, 13],
							"pivot": [0.1134, 14.69786, 0.07366],
							"rotation": [0, 117.5, 0],
							"uv": {
								"north": {"uv": [13, 13], "uv_size": [5, 11]},
								"east": {"uv": [0, 13], "uv_size": [13, 11]},
								"south": {"uv": [31, 13], "uv_size": [5, 11]},
								"west": {"uv": [18, 13], "uv_size": [13, 11]},
								"up": {"uv": [13, 0], "uv_size": [5, 13]},
								"down": {"uv": [18, 13], "uv_size": [5, -13]}
							}
						},
						{
							"origin": [-2.71122, 31.19786, -6.0917],
							"size": [5.75, 11, 13],
							"pivot": [0.1134, 14.69786, 0.07366],
							"rotation": [0, 162.5, 0],
							"uv": {
								"north": {"uv": [13, 13], "uv_size": [5, 11]},
								"east": {"uv": [0, 13], "uv_size": [13, 11]},
								"south": {"uv": [31, 13], "uv_size": [5, 11]},
								"west": {"uv": [18, 13], "uv_size": [13, 11]},
								"up": {"uv": [13, 0], "uv_size": [5, 13]},
								"down": {"uv": [18, 13], "uv_size": [5, -13]}
							}
						},
						{
							"origin": [-2.71122, 31.19786, -6.0917],
							"size": [5.75, 11, 13],
							"pivot": [0.1134, 14.69786, 0.07366],
							"rotation": [0, -152.5, 0],
							"uv": {
								"north": {"uv": [13, 13], "uv_size": [5, 11]},
								"east": {"uv": [0, 13], "uv_size": [13, 11]},
								"south": {"uv": [31, 13], "uv_size": [5, 11]},
								"west": {"uv": [18, 13], "uv_size": [13, 11]},
								"up": {"uv": [13, 0], "uv_size": [5, 13]},
								"down": {"uv": [18, 13], "uv_size": [5, -13]}
							}
						},
						{
							"origin": [-2.71122, 31.19786, -6.0917],
							"size": [5.75, 11, 13],
							"pivot": [0.1134, 14.69786, 0.07366],
							"rotation": [0, -62.5, 0],
							"uv": {
								"north": {"uv": [13, 13], "uv_size": [5, 11]},
								"east": {"uv": [0, 13], "uv_size": [13, 11]},
								"south": {"uv": [31, 13], "uv_size": [5, 11]},
								"west": {"uv": [18, 13], "uv_size": [13, 11]},
								"up": {"uv": [13, 0], "uv_size": [5, 13]},
								"down": {"uv": [18, 13], "uv_size": [5, -13]}
							}
						},
						{
							"origin": [-2.71122, 31.19786, -6.0917],
							"size": [5.75, 11, 13],
							"pivot": [0.1134, 14.69786, 0.07366],
							"rotation": [0, -107.5, 0],
							"uv": {
								"north": {"uv": [13, 13], "uv_size": [5, 11]},
								"east": {"uv": [0, 13], "uv_size": [13, 11]},
								"south": {"uv": [31, 13], "uv_size": [5, 11]},
								"west": {"uv": [18, 13], "uv_size": [13, 11]},
								"up": {"uv": [13, 0], "uv_size": [5, 13]},
								"down": {"uv": [18, 13], "uv_size": [5, -13]}
							}
						}
					]
				},
				{
					"name": "Headball",
					"parent": "Head2",
					"pivot": [0.16417, 41.01434, -6.31919],
					"cubes": [
						{
							"origin": [-1.01246, 41.17279, -10.58267],
							"size": [1.5, 1.5, 5],
							"pivot": [-0.01246, 41.92279, -8.58267],
							"rotation": [8.18001, -38.36924, -99.60668],
							"uv": {
								"north": {"uv": [4, 4], "uv_size": [1, 1]},
								"east": {"uv": [-1, 4], "uv_size": [5, 1]},
								"south": {"uv": [10, 4], "uv_size": [1, 1]},
								"west": {"uv": [5, 4], "uv_size": [5, 1]},
								"up": {"uv": [4, -1], "uv_size": [1, 5]},
								"down": {"uv": [5, 4], "uv_size": [1, -5]}
							}
						}
					]
				},
				{
					"name": "ball",
					"parent": "Headball",
					"pivot": [-0.01246, 41.92279, -8.58267],
					"cubes": [
						{
							"origin": [-0.24764, 40.01653, -13.58267],
							"size": [4, 4, 4],
							"pivot": [0.16417, 40.51434, -7.61919],
							"rotation": [-9.27166, -9.1526, -44.25627],
							"uv": {
								"north": {"uv": [72, 32], "uv_size": [4, 4]},
								"east": {"uv": [68, 32], "uv_size": [4, 4]},
								"south": {"uv": [80, 32], "uv_size": [4, 4]},
								"west": {"uv": [76, 32], "uv_size": [4, 4]},
								"up": {"uv": [72, 28], "uv_size": [4, 4]},
								"down": {"uv": [76, 32], "uv_size": [4, -4]}
							}
						},
						{
							"origin": [2.47852, 38.51624, -10.964],
							"size": [4, 4, 4],
							"pivot": [0.16417, 40.51434, -7.61919],
							"rotation": [0, 32, -90],
							"uv": {
								"north": {"uv": [74, 14], "uv_size": [4, 4]},
								"east": {"uv": [70, 14], "uv_size": [4, 4]},
								"south": {"uv": [82, 14], "uv_size": [4, 4]},
								"west": {"uv": [78, 14], "uv_size": [4, 4]},
								"up": {"uv": [74, 10], "uv_size": [4, 4]},
								"down": {"uv": [78, 14], "uv_size": [4, -4]}
							}
						}
					]
				},
				{
					"name": "Copter",
					"parent": "ball",
					"pivot": [0.31144, 43.87992, -12.35537],
					"cubes": [
						{
							"origin": [-9.54655, 43.5725, -11.78952],
							"size": [19.7, 0.9, 1.2],
							"pivot": [0.75345, 43.5725, -9.78952],
							"rotation": [-13, 0, 0],
							"uv": {
								"north": {"uv": [83.5, 74.5], "uv_size": [19.5, 1]},
								"east": {"uv": [83.5, 74.5], "uv_size": [19.5, 1]},
								"south": {"uv": [83.5, 74.5], "uv_size": [19.5, 1]},
								"west": {"uv": [83.5, 74.5], "uv_size": [19.5, 1]},
								"up": {"uv": [103, 75.5], "uv_size": [-19.5, -1]},
								"down": {"uv": [103, 75.5], "uv_size": [-19.5, -1]}
							}
						},
						{
							"origin": [-9.54655, 43.5725, -11.78952],
							"size": [19.7, 0.9, 1.2],
							"pivot": [0.75345, 43.5725, -9.78952],
							"rotation": [0.46164, -12.99194, -92.05257],
							"uv": {
								"north": {"uv": [83.5, 74.5], "uv_size": [19.5, 1]},
								"east": {"uv": [83.5, 74.5], "uv_size": [19.5, 1]},
								"south": {"uv": [83.5, 74.5], "uv_size": [19.5, 1]},
								"west": {"uv": [83.5, 74.5], "uv_size": [19.5, 1]},
								"up": {"uv": [103, 75.5], "uv_size": [-19.5, -1]},
								"down": {"uv": [103, 75.5], "uv_size": [-19.5, -1]}
							}
						}
					]
				},
				{
					"name": "Face",
					"parent": "Head",
					"pivot": [0, 28.5, 0]
				},
				{
					"name": "Eyes",
					"parent": "Face",
					"pivot": [0, 30.575, -0.5]
				},
				{
					"name": "Eyes1",
					"parent": "Eyes",
					"pivot": [-0.53234, 36.54786, -6.09428],
					"rotation": [0, -178, 0]
				},
				{
					"name": "Lefteye",
					"parent": "Eyes1",
					"pivot": [-2.83811, 36.74786, -6.01065],
					"rotation": [0, -40, 0],
					"cubes": [
						{
							"origin": [-5.90613, 34.39786, -7.05742],
							"size": [1.05, 4.9, 1.2],
							"pivot": [-2.9866, 16.79786, -12.62634],
							"rotation": [0, 22.5, 0],
							"uv": {
								"north": {"uv": [1, 6], "uv_size": [1, 6]},
								"east": {"uv": [0, 6], "uv_size": [1, 6]},
								"south": {"uv": [3, 6], "uv_size": [1, 6]},
								"west": {"uv": [2, 6], "uv_size": [1, 6]},
								"up": {"uv": [1, 5], "uv_size": [1, 1]},
								"down": {"uv": [2, 6], "uv_size": [1, -1]}
							}
						}
					]
				},
				{
					"name": "RightEye",
					"parent": "Eyes1",
					"pivot": [1.36189, 36.74786, -6.01065],
					"cubes": [
						{
							"origin": [0.83689, 34.39786, -6.61065],
							"size": [1.05, 4.9, 1.2],
							"pivot": [1.36189, 36.74786, -6.01065],
							"rotation": [0, 21.5, 0],
							"uv": {
								"north": {"uv": [1, 6], "uv_size": [1, 6]},
								"east": {"uv": [0, 6], "uv_size": [1, 6]},
								"south": {"uv": [3, 6], "uv_size": [1, 6]},
								"west": {"uv": [2, 6], "uv_size": [1, 6]},
								"up": {"uv": [1, 5], "uv_size": [1, 1]},
								"down": {"uv": [2, 6], "uv_size": [1, -1]}
							}
						}
					]
				},
				{
					"name": "LeftShoulderLocator",
					"parent": "Head",
					"pivot": [3, 38, 0]
				},
				{
					"name": "RightShoulderLocator",
					"parent": "Head",
					"pivot": [-3, 38, 0]
				},
				{
					"name": "Arm",
					"parent": "UpBody",
					"pivot": [0, 28.2, 0]
				},
				{
					"name": "LeftArm",
					"parent": "Arm",
					"pivot": [4.25, 26.9, 0],
					"rotation": [0, 0, -15],
					"cubes": [
						{
							"origin": [4.05, 21.15, -1.6],
							"size": [2.15, 7, 1.9],
							"uv": {
								"north": {"uv": [98, 93], "uv_size": [1, 7]},
								"east": {"uv": [97, 93], "uv_size": [1, 7]},
								"south": {"uv": [100, 93], "uv_size": [1, 7]},
								"west": {"uv": [99, 93], "uv_size": [1, 7]},
								"up": {"uv": [98, 92], "uv_size": [1, 1]},
								"down": {"uv": [99, 93], "uv_size": [1, -1]}
							}
						}
					]
				},
				{
					"name": "LeftForeArm",
					"parent": "LeftArm",
					"pivot": [4.475, 21.25, 0.025],
					"cubes": [
						{
							"origin": [4.025, 14.225, -1.575],
							"size": [2.15, 7, 1.9],
							"uv": {
								"north": {"uv": [121, 69], "uv_size": [1, 7]},
								"east": {"uv": [120, 69], "uv_size": [1, 7]},
								"south": {"uv": [123, 69], "uv_size": [1, 7]},
								"west": {"uv": [122, 69], "uv_size": [1, 7]},
								"up": {"uv": [121, 68], "uv_size": [1, 1]},
								"down": {"uv": [122, 69], "uv_size": [1, -1]}
							}
						}
					]
				},
				{
					"name": "LeftHand",
					"parent": "LeftForeArm",
					"pivot": [4.575, 15.725, 0.025]
				},
				{
					"name": "Lefthand2",
					"parent": "LeftHand",
					"pivot": [12.01928, 15.3273, -0.07254],
					"cubes": [
						{
							"origin": [31.9786, 27.05925, -21.53111],
							"size": [5.814, 5.814, 5.814],
							"pivot": [11.80878, 36.88612, -11.10884],
							"rotation": [0, -45, 90],
							"uv": {
								"north": {"uv": [119, 125], "uv_size": [3, 3]},
								"east": {"uv": [116, 125], "uv_size": [3, 3]},
								"south": {"uv": [125, 125], "uv_size": [3, 3]},
								"west": {"uv": [122, 125], "uv_size": [3, 3]},
								"up": {"uv": [119, 122], "uv_size": [3, 3]},
								"down": {"uv": [122, 125], "uv_size": [3, -3]}
							}
						},
						{
							"origin": [19.12559, 13.81747, -2.94693],
							"size": [5.814, 5.814, 5.814],
							"pivot": [11.80878, 36.88612, -11.10884],
							"rotation": [0, 0, 45],
							"uv": {
								"north": {"uv": [97, 125], "uv_size": [3, 3]},
								"east": {"uv": [94, 125], "uv_size": [3, 3]},
								"south": {"uv": [103, 125], "uv_size": [3, 3]},
								"west": {"uv": [100, 125], "uv_size": [3, 3]},
								"up": {"uv": [97, 122], "uv_size": [3, 3]},
								"down": {"uv": [100, 125], "uv_size": [3, -3]}
							}
						}
					]
				},
				{
					"name": "LeftHandLocator",
					"parent": "Lefthand2",
					"pivot": [4.575, 15.725, 0.025],
					"cubes": [
						{
							"origin": [4.075, 15.225, -0.475],
							"size": [1, 1, 1],
							"uv": {
								"north": {"uv": [94, 67], "uv_size": [1, 1]},
								"east": {"uv": [93, 67], "uv_size": [1, 1]},
								"south": {"uv": [96, 67], "uv_size": [1, 1]},
								"west": {"uv": [95, 67], "uv_size": [1, 1]},
								"up": {"uv": [94, 66], "uv_size": [1, 1]},
								"down": {"uv": [95, 67], "uv_size": [1, -1]}
							}
						}
					]
				},
				{
					"name": "RightArm",
					"parent": "Arm",
					"pivot": [-4.25, 26.775, 0],
					"rotation": [0, 0, 15],
					"cubes": [
						{
							"origin": [-6, 21.025, -1.05],
							"size": [2.15, 7, 1.9],
							"uv": {
								"north": {"uv": [97, 89], "uv_size": [1, 7]},
								"east": {"uv": [96, 89], "uv_size": [1, 7]},
								"south": {"uv": [99, 89], "uv_size": [1, 7]},
								"west": {"uv": [98, 89], "uv_size": [1, 7]},
								"up": {"uv": [97, 88], "uv_size": [1, 1]},
								"down": {"uv": [98, 89], "uv_size": [1, -1]}
							}
						}
					]
				},
				{
					"name": "RightForeArm",
					"parent": "RightArm",
					"pivot": [-4.475, 21.225, 0.025],
					"cubes": [
						{
							"origin": [-5.975, 14.2, -1.025],
							"size": [2.1, 8, 1.9],
							"uv": {
								"north": {"uv": [120, 65], "uv_size": [1, 8]},
								"east": {"uv": [119, 65], "uv_size": [1, 8]},
								"south": {"uv": [122, 65], "uv_size": [1, 8]},
								"west": {"uv": [121, 65], "uv_size": [1, 8]},
								"up": {"uv": [120, 64], "uv_size": [1, 1]},
								"down": {"uv": [121, 65], "uv_size": [1, -1]}
							}
						}
					]
				},
				{
					"name": "RightHand",
					"parent": "RightForeArm",
					"pivot": [-4.575, 15.825, 0.025],
					"cubes": [
						{
							"origin": [-5.075, 15.325, -0.475],
							"size": [1, 1, 1],
							"uv": {
								"north": {"uv": [92, 61], "uv_size": [1, 1]},
								"east": {"uv": [91, 61], "uv_size": [1, 1]},
								"south": {"uv": [94, 61], "uv_size": [1, 1]},
								"west": {"uv": [93, 61], "uv_size": [1, 1]},
								"up": {"uv": [92, 60], "uv_size": [1, 1]},
								"down": {"uv": [93, 61], "uv_size": [1, -1]}
							}
						}
					]
				},
				{
					"name": "Righthand2",
					"parent": "RightHand",
					"pivot": [-4.38072, 15.3273, -0.07254],
					"cubes": [
						{
							"origin": [22.0786, 27.05925, -21.53111],
							"size": [5.814, 5.814, 5.814],
							"pivot": [1.90878, 36.88612, -11.10884],
							"rotation": [0, -45, 90],
							"uv": {
								"north": {"uv": [119, 125], "uv_size": [3, 3]},
								"east": {"uv": [116, 125], "uv_size": [3, 3]},
								"south": {"uv": [125, 125], "uv_size": [3, 3]},
								"west": {"uv": [122, 125], "uv_size": [3, 3]},
								"up": {"uv": [119, 122], "uv_size": [3, 3]},
								"down": {"uv": [122, 125], "uv_size": [3, -3]}
							}
						},
						{
							"origin": [9.22559, 13.81747, -2.94693],
							"size": [5.814, 5.814, 5.814],
							"pivot": [1.90878, 36.88612, -11.10884],
							"rotation": [0, 0, 45],
							"uv": {
								"north": {"uv": [97, 125], "uv_size": [3, 3]},
								"east": {"uv": [94, 125], "uv_size": [3, 3]},
								"south": {"uv": [103, 125], "uv_size": [3, 3]},
								"west": {"uv": [100, 125], "uv_size": [3, 3]},
								"up": {"uv": [97, 122], "uv_size": [3, 3]},
								"down": {"uv": [100, 125], "uv_size": [3, -3]}
							}
						}
					]
				},
				{
					"name": "RightHandLocator",
					"parent": "RightHand",
					"pivot": [-4.575, 15.825, 0.025],
					"cubes": [
						{
							"origin": [-5.075, 15.325, -0.475],
							"size": [1, 1, 1],
							"uv": {
								"north": {"uv": [92, 61], "uv_size": [1, 1]},
								"east": {"uv": [91, 61], "uv_size": [1, 1]},
								"south": {"uv": [94, 61], "uv_size": [1, 1]},
								"west": {"uv": [93, 61], "uv_size": [1, 1]},
								"up": {"uv": [92, 60], "uv_size": [1, 1]},
								"down": {"uv": [93, 61], "uv_size": [1, -1]}
							}
						}
					]
				},
				{
					"name": "Body",
					"parent": "UpBody",
					"pivot": [0.16121, 21.91832, 0.2161],
					"rotation": [0, -177.5, 0],
					"cubes": [
						{
							"origin": [-7.68177, 17.98082, -2.9436],
							"size": [6.3, 8.6625, 5.5125],
							"pivot": [0.36731, 19.55582, -9.2294],
							"rotation": [0, 32.5, 0],
							"uv": {
								"north": {"uv": [40, 49], "uv_size": [4, 5]},
								"east": {"uv": [37, 49], "uv_size": [3, 5]},
								"south": {"uv": [47, 49], "uv_size": [4, 5]},
								"west": {"uv": [44, 49], "uv_size": [3, 5]},
								"up": {"uv": [40, 46], "uv_size": [4, 3]},
								"down": {"uv": [44, 49], "uv_size": [4, -3]}
							}
						},
						{
							"origin": [-11.20835, 17.98082, -13.18072],
							"size": [5.90625, 8.6625, 7.48125],
							"pivot": [0.36731, 19.55582, -9.2294],
							"rotation": [0, 90, 0],
							"uv": {
								"north": {"uv": [41, 40], "uv_size": [3, 5]},
								"east": {"uv": [37, 40], "uv_size": [4, 5]},
								"south": {"uv": [48, 40], "uv_size": [3, 5]},
								"west": {"uv": [44, 40], "uv_size": [4, 5]},
								"up": {"uv": [41, 36], "uv_size": [3, 4]},
								"down": {"uv": [44, 40], "uv_size": [3, -4]}
							}
						},
						{
							"origin": [-3.41462, 28.41153, -13.04332],
							"size": [4.33125, 3.15, 7.0875],
							"pivot": [0.36731, 19.55582, -9.2294],
							"rotation": [-90, 45, -90],
							"uv": {
								"north": {"uv": [56, 30], "uv_size": [2, 2]},
								"east": {"uv": [52, 30], "uv_size": [4, 2]},
								"south": {"uv": [62, 30], "uv_size": [2, 2]},
								"west": {"uv": [58, 30], "uv_size": [4, 2]},
								"up": {"uv": [56, 26], "uv_size": [2, 4]},
								"down": {"uv": [58, 30], "uv_size": [2, -4]}
							}
						},
						{
							"origin": [17.9208, 10.7848, -3.73065],
							"size": [5.5125, 2.3625, 3.9375],
							"pivot": [0.36731, -11.94418, -1.3544],
							"rotation": [-45.28089, 35.39626, -60.16243],
							"uv": {
								"north": {"uv": [54, 56], "uv_size": [3, 1]},
								"east": {"uv": [52, 56], "uv_size": [2, 1]},
								"south": {"uv": [59, 56], "uv_size": [3, 1]},
								"west": {"uv": [57, 56], "uv_size": [2, 1]},
								"up": {"uv": [54, 54], "uv_size": [3, 2]},
								"down": {"uv": [57, 56], "uv_size": [3, -2]}
							}
						},
						{
							"origin": [1.77132, 18.72397, -2.40231],
							"size": [0.7875, 1.575, 1.96875],
							"pivot": [0.36731, 14.83082, -1.3544],
							"rotation": [-87.41193, 14.98539, -89.33037],
							"uv": {
								"north": {"uv": [67, 42], "uv_size": [0, 1]},
								"east": {"uv": [68, 42], "uv_size": [-1, 1]},
								"south": {"uv": [68, 42], "uv_size": [0, 1]},
								"west": {"uv": [67, 42], "uv_size": [-1, 1]},
								"up": {"uv": [67, 41], "uv_size": [0, 1]},
								"down": {"uv": [67, 42], "uv_size": [0, -1]}
							}
						},
						{
							"origin": [-22.86816, 10.61532, -3.41826],
							"size": [5.5125, 2.3625, 3.9375],
							"pivot": [0.36731, -11.94418, -1.3544],
							"rotation": [-45.28089, -35.39626, 60.16243],
							"uv": {
								"north": {"uv": [57, 56], "uv_size": [-3, 1]},
								"east": {"uv": [59, 56], "uv_size": [-2, 1]},
								"south": {"uv": [62, 56], "uv_size": [-3, 1]},
								"west": {"uv": [54, 56], "uv_size": [-2, 1]},
								"up": {"uv": [57, 54], "uv_size": [-3, 2]},
								"down": {"uv": [60, 56], "uv_size": [-3, -2]}
							}
						},
						{
							"origin": [-29.58641, 2.22191, -13.04332],
							"size": [4.33125, 3.15, 7.0875],
							"pivot": [0.36731, -11.94418, -9.2294],
							"rotation": [90, 45, 90],
							"uv": {
								"north": {"uv": [56, 30], "uv_size": [2, 2]},
								"east": {"uv": [52, 30], "uv_size": [4, 2]},
								"south": {"uv": [62, 30], "uv_size": [2, 2]},
								"west": {"uv": [58, 30], "uv_size": [4, 2]},
								"up": {"uv": [56, 26], "uv_size": [2, 4]},
								"down": {"uv": [58, 30], "uv_size": [2, -4]}
							}
						},
						{
							"origin": [-1.18633, 17.98082, 1.49755],
							"size": [5.5125, 8.6625, 1.575],
							"pivot": [0.36731, 19.55582, -1.3544],
							"rotation": [0, -102.5, 0],
							"uv": {
								"north": {"uv": [55, 20], "uv_size": [3, 5]},
								"east": {"uv": [54, 20], "uv_size": [1, 5]},
								"south": {"uv": [59, 20], "uv_size": [3, 5]},
								"west": {"uv": [58, 20], "uv_size": [1, 5]},
								"up": {"uv": [55, 19], "uv_size": [3, 1]},
								"down": {"uv": [58, 20], "uv_size": [3, -1]}
							}
						},
						{
							"origin": [-3.79262, 17.98082, -4.96316],
							"size": [5.5125, 8.6625, 7.48125],
							"pivot": [0.36731, 19.55582, -1.3544],
							"rotation": [0, 105, 0],
							"uv": {
								"north": {"uv": [41, 30], "uv_size": [3, 5]},
								"east": {"uv": [37, 30], "uv_size": [4, 5]},
								"south": {"uv": [48, 30], "uv_size": [3, 5]},
								"west": {"uv": [44, 30], "uv_size": [4, 5]},
								"up": {"uv": [41, 26], "uv_size": [3, 4]},
								"down": {"uv": [44, 30], "uv_size": [3, -4]}
							}
						},
						{
							"origin": [-5.0676, 17.98082, -3.76271],
							"size": [5.5125, 8.6625, 5.5125],
							"pivot": [0.36731, 19.55582, -1.3544],
							"rotation": [0, 55, 0],
							"uv": {
								"north": {"uv": [3, 53], "uv_size": [3, 5]},
								"east": {"uv": [0, 53], "uv_size": [3, 5]},
								"south": {"uv": [9, 53], "uv_size": [3, 5]},
								"west": {"uv": [6, 53], "uv_size": [3, 5]},
								"up": {"uv": [3, 50], "uv_size": [3, 3]},
								"down": {"uv": [6, 53], "uv_size": [3, -3]}
							}
						},
						{
							"origin": [-8.25099, 20.63613, -3.73065],
							"size": [3.9375, 3.9375, 5.5125],
							"pivot": [0.36731, 19.55582, -1.3544],
							"rotation": [45.28089, 35.39626, 60.16243],
							"uv": {
								"north": {"uv": [29, 53], "uv_size": [2, 2]},
								"east": {"uv": [26, 53], "uv_size": [3, 2]},
								"south": {"uv": [34, 53], "uv_size": [2, 2]},
								"west": {"uv": [31, 53], "uv_size": [3, 2]},
								"up": {"uv": [29, 50], "uv_size": [2, 3]},
								"down": {"uv": [31, 53], "uv_size": [2, -3]}
							}
						},
						{
							"origin": [4.87863, 20.80561, -3.41826],
							"size": [3.9375, 3.9375, 5.5125],
							"pivot": [0.36731, 19.55582, -1.3544],
							"rotation": [45.28089, -35.39626, -60.16243],
							"uv": {
								"north": {"uv": [57, 16], "uv_size": [2, 2]},
								"east": {"uv": [54, 16], "uv_size": [3, 2]},
								"south": {"uv": [62, 16], "uv_size": [2, 2]},
								"west": {"uv": [59, 16], "uv_size": [3, 2]},
								"up": {"uv": [57, 13], "uv_size": [2, 3]},
								"down": {"uv": [59, 16], "uv_size": [2, -3]}
							}
						}
					]
				},
				{
					"name": "RifleLocator",
					"parent": "UpBody",
					"pivot": [0, 22.15, 2.3],
					"rotation": [0, 0, 45]
				},
				{
					"name": "PistolLocator",
					"parent": "UpBody",
					"pivot": [-4, 21.75, -1.6],
					"rotation": [-30, 0, 0]
				},
				{
					"name": "ElytraLocator",
					"parent": "UpBody",
					"pivot": [0, 28.65, 2]
				},
				{
					"name": "RightWaistLocator",
					"parent": "UpBody",
					"pivot": [-4, 18, 0],
					"rotation": [-5, 0, 0]
				},
				{
					"name": "LeftWaistLocator",
					"parent": "UpBody",
					"pivot": [4, 18, 0],
					"rotation": [-20, 0, 0]
				},
				{
					"name": "DownBody",
					"parent": "AllBody",
					"pivot": [0, 24, 0]
				},
				{
					"name": "Skirt",
					"parent": "DownBody",
					"pivot": [0, 23.45, 0.375]
				},
				{
					"name": "LeftLeg",
					"parent": "DownBody",
					"pivot": [2.15, 18.95, -1],
					"rotation": [0, 0, -2.5],
					"cubes": [
						{
							"origin": [0.82862, 11.69905, -1],
							"size": [2.69, 9, 2.4],
							"uv": {
								"north": {"uv": [67, 107], "uv_size": [2, 9]},
								"east": {"uv": [65, 107], "uv_size": [2, 9]},
								"south": {"uv": [71, 107], "uv_size": [2, 9]},
								"west": {"uv": [69, 107], "uv_size": [2, 9]},
								"up": {"uv": [67, 105], "uv_size": [2, 2]},
								"down": {"uv": [69, 107], "uv_size": [2, -2]}
							}
						},
						{"origin": [0.94362, 10.74905, -0.225], "size": [2.375, 2, 1.2], "pivot": [-0.60638, 11.74905, -0.325], "rotation": [30, 0, 0], "uv": [97, 51]}
					]
				},
				{
					"name": "LeftLowerLeg",
					"parent": "LeftLeg",
					"pivot": [1.99362, 11.84905, -0.3],
					"cubes": [
						{
							"origin": [0.84362, 2.54905, -0.975],
							"size": [2.65, 9.2, 2.4],
							"uv": {
								"north": {"uv": [119, 92], "uv_size": [2, 9]},
								"east": {"uv": [117, 92], "uv_size": [2, 9]},
								"south": {"uv": [123, 92], "uv_size": [2, 9]},
								"west": {"uv": [121, 92], "uv_size": [2, 9]},
								"up": {"uv": [119, 90], "uv_size": [2, 2]},
								"down": {"uv": [121, 92], "uv_size": [2, -2]}
							}
						}
					]
				},
				{
					"name": "LeftFoot",
					"parent": "LeftLowerLeg",
					"pivot": [2.1875, 2.5, 0.1375]
				},
				{
					"name": "Leftfoot2",
					"parent": "LeftFoot",
					"pivot": [3.21928, 4.3273, -0.07254],
					"cubes": [
						{
							"origin": [-0.95638, 2.37405, -1.45],
							"size": [3.825, 1.75, 2.425],
							"uv": {
								"north": {"uv": [4, 11], "uv_size": [4, 2]},
								"east": {"uv": [10, 0], "uv_size": [2.5, 2]},
								"south": {"uv": [8, 11], "uv_size": [4, 2]},
								"west": {"uv": [10, 2], "uv_size": [2.5, 2]},
								"up": {"uv": [0, 0], "uv_size": [4, 2.5]},
								"down": {"uv": [6, 2.5], "uv_size": [4, -2.5]}
							}
						},
						{
							"origin": [34.17669, 18.05368, -25.17906],
							"size": [6.80238, 6.80238, 6.80238],
							"pivot": [10.57799, 29.55112, -12.98502],
							"rotation": [0, -45, 90],
							"uv": {
								"north": {"uv": [4, 5], "uv_size": [6, 6]},
								"east": {"uv": [23, 0], "uv_size": [6, 6]},
								"south": {"uv": [23, 6], "uv_size": [6, 6]},
								"west": {"uv": [0, 24], "uv_size": [6, 6]},
								"up": {"uv": [6, 24], "uv_size": [6, 6]},
								"down": {"uv": [23, 30], "uv_size": [6, -6]}
							}
						},
						{
							"origin": [19.13867, 2.5608, -3.43557],
							"size": [6.80238, 6.80238, 6.80238],
							"pivot": [10.57799, 29.55112, -12.98502],
							"rotation": [0, 0, 45],
							"uv": {
								"north": {"uv": [29, 0], "uv_size": [6, 6]},
								"east": {"uv": [29, 6], "uv_size": [6, 6]},
								"south": {"uv": [29, 24], "uv_size": [6, 6]},
								"west": {"uv": [0, 30], "uv_size": [6, 6]},
								"up": {"uv": [6, 30], "uv_size": [6, 6]},
								"down": {"uv": [23, 36], "uv_size": [6, -6]}
							}
						}
					]
				},
				{
					"name": "RightLeg",
					"parent": "DownBody",
					"pivot": [-2.15, 18.95, -1],
					"rotation": [0, 0, 2.5],
					"cubes": [
						{
							"origin": [-3.51862, 11.69905, -1.2],
							"size": [2.69, 9, 2.4],
							"uv": {
								"north": {"uv": [119, 69], "uv_size": [2, 9]},
								"east": {"uv": [117, 69], "uv_size": [2, 9]},
								"south": {"uv": [123, 69], "uv_size": [2, 9]},
								"west": {"uv": [121, 69], "uv_size": [2, 9]},
								"up": {"uv": [119, 67], "uv_size": [2, 2]},
								"down": {"uv": [121, 69], "uv_size": [2, -2]}
							}
						},
						{"origin": [-3.31862, 10.74905, -0.725], "size": [2.375, 2, 1.1], "pivot": [0.60638, 11.74905, -0.325], "rotation": [30, 0, 0], "uv": [92, 31]}
					]
				},
				{
					"name": "RightLowerLeg",
					"parent": "RightLeg",
					"pivot": [-1.99362, 11.84905, -0.3],
					"cubes": [
						{
							"origin": [-3.49362, 2.54905, -1.175],
							"size": [2.65, 9.2, 2.4],
							"uv": {
								"north": {"uv": [67, 84], "uv_size": [2, 9]},
								"east": {"uv": [65, 84], "uv_size": [2, 9]},
								"south": {"uv": [71, 84], "uv_size": [2, 9]},
								"west": {"uv": [69, 84], "uv_size": [2, 9]},
								"up": {"uv": [67, 82], "uv_size": [2, 2]},
								"down": {"uv": [69, 84], "uv_size": [2, -2]}
							}
						}
					]
				},
				{
					"name": "RightFoot",
					"parent": "RightLowerLeg",
					"pivot": [-2.1875, 2.5, 0.1375]
				},
				{
					"name": "Rightfoot2",
					"parent": "RightFoot",
					"pivot": [-1.18072, 4.3273, -0.07254],
					"cubes": [
						{
							"origin": [29.77669, 18.05368, -25.17906],
							"size": [6.80238, 6.80238, 6.80238],
							"pivot": [6.17799, 29.55112, -12.98502],
							"rotation": [0, -45, 90],
							"uv": {
								"north": {"uv": [4, 5], "uv_size": [6, 6]},
								"east": {"uv": [23, 0], "uv_size": [6, 6]},
								"south": {"uv": [23, 6], "uv_size": [6, 6]},
								"west": {"uv": [0, 24], "uv_size": [6, 6]},
								"up": {"uv": [6, 24], "uv_size": [6, 6]},
								"down": {"uv": [23, 30], "uv_size": [6, -6]}
							}
						},
						{
							"origin": [14.73867, 2.5608, -3.43557],
							"size": [6.80238, 6.80238, 6.80238],
							"pivot": [6.17799, 29.55112, -12.98502],
							"rotation": [0, 0, 45],
							"uv": {
								"north": {"uv": [29, 0], "uv_size": [6, 6]},
								"east": {"uv": [29, 6], "uv_size": [6, 6]},
								"south": {"uv": [29, 24], "uv_size": [6, 6]},
								"west": {"uv": [0, 30], "uv_size": [6, 6]},
								"up": {"uv": [6, 30], "uv_size": [6, 6]},
								"down": {"uv": [23, 36], "uv_size": [6, -6]}
							}
						},
						{
							"origin": [-4.06862, 2.37405, -1.45],
							"size": [3.825, 1.75, 2.425],
							"uv": {
								"north": {"uv": [39, 20], "uv_size": [-3, 1]},
								"east": {"uv": [41, 20], "uv_size": [-2, 1]},
								"south": {"uv": [44, 20], "uv_size": [-3, 1]},
								"west": {"uv": [36, 20], "uv_size": [-2, 1]},
								"up": {"uv": [39, 18], "uv_size": [-3, 2]},
								"down": {"uv": [42, 20], "uv_size": [-3, -2]}
							}
						}
					]
				}
			]
		}
	]
}