{
	"format_version": "1.12.0",
	"minecraft:geometry": [
		{
			"description": {
				"identifier": "geometry.unknown",
				"texture_width": 128,
				"texture_height": 128,
				"visible_bounds_width": 4,
				"visible_bounds_height": 4.5,
				"visible_bounds_offset": [0, 1.75, 0]
			},
			"bones": [
				{
					"name": "LeftArm",
					"pivot": [1.05, 32.1, 0.0625],
					"cubes": [
						{
							"origin": [0.05, 24.6, -1.25],
							"size": [2.5, 7.5, 2.5],
							"uv": {
								"north": {"uv": [48, 38], "uv_size": [2.5, 7.5]},
								"east": {"uv": [48, 46], "uv_size": [2.5, 7.5]},
								"south": {"uv": [18, 49], "uv_size": [2.5, 7.5]},
								"west": {"uv": [34, 49], "uv_size": [2.5, 7.5]},
								"up": {"uv": [82, 0], "uv_size": [2.5, 2.5]},
								"down": {"uv": [82, 5.5], "uv_size": [2.5, -2.5]}
							}
						},
						{
							"origin": [-0.2, 28.35, -1.75],
							"size": [3.25, 4, 3.5],
							"uv": {
								"north": {"uv": [60, 13], "uv_size": [3.5, 4]},
								"east": {"uv": [62, 35], "uv_size": [3.5, 4]},
								"south": {"uv": [63, 56], "uv_size": [3.5, 4]},
								"west": {"uv": [58, 63], "uv_size": [3.5, 4]},
								"up": {"uv": [65, 67], "uv_size": [3.5, 3.5]},
								"down": {"uv": [68, 3.5], "uv_size": [3.5, -3.5]}
							}
						},
						{
							"origin": [-0.2, 27.35, -1.5],
							"size": [3, 1, 3],
							"uv": {
								"north": {"uv": [97, 62], "uv_size": [3, 1]},
								"east": {"uv": [98, 0], "uv_size": [3, 1]},
								"south": {"uv": [98, 1], "uv_size": [3, 1]},
								"west": {"uv": [98, 50], "uv_size": [3, 1]},
								"up": {"uv": [75, 32], "uv_size": [3, 3]},
								"down": {"uv": [75, 41], "uv_size": [3, -3]}
							}
						},
						{
							"origin": [2.5086, 29.44509, -1.75],
							"size": [0.95, 2.85, 3.5],
							"pivot": [2.9836, 30.87009, 0],
							"rotation": [0, 0, -15],
							"uv": {
								"north": {"uv": [98, 55], "uv_size": [1, 3]},
								"east": {"uv": [72, 0], "uv_size": [3.5, 3]},
								"south": {"uv": [98, 64], "uv_size": [1, 3]},
								"west": {"uv": [72, 3], "uv_size": [3.5, 3]},
								"up": {"uv": [56, 95], "uv_size": [1, 3.5]},
								"down": {"uv": [58, 98.5], "uv_size": [1, -3.5]}
							}
						},
						{
							"origin": [2.52949, 28.51316, -1.75],
							"size": [1, 1.45, 3.5],
							"pivot": [3.02949, 29.23816, 0],
							"rotation": [0, 0, 30],
							"uv": {
								"north": {"uv": [2, 103], "uv_size": [1, 1.5]},
								"east": {"uv": [87, 51], "uv_size": [3.5, 1.5]},
								"south": {"uv": [4, 103], "uv_size": [1, 1.5]},
								"west": {"uv": [87, 53], "uv_size": [3.5, 1.5]},
								"up": {"uv": [61, 95], "uv_size": [1, 3.5]},
								"down": {"uv": [62, 98.5], "uv_size": [1, -3.5]}
							}
						},
						{
							"origin": [0.15, 23.82782, -0.49289],
							"size": [2.3, 1.5, 1.4],
							"pivot": [1.3, 24.57782, 0.20711],
							"rotation": [-45, 0, 0],
							"uv": {
								"north": {"uv": [93, 91], "uv_size": [2.5, 1.5]},
								"east": {"uv": [100, 91], "uv_size": [1.5, 1.5]},
								"south": {"uv": [93, 93], "uv_size": [2.5, 1.5]},
								"west": {"uv": [100, 93], "uv_size": [1.5, 1.5]},
								"up": {"uv": [95.5, 88.5], "uv_size": [-2.5, -1.5]},
								"down": {"uv": [95.5, 90.5], "uv_size": [-2.5, -1.5]}
							}
						},
						{
							"origin": [0.15, 23.87782, -1.29289],
							"size": [2.3, 1.15, 1.4],
							"pivot": [1.3, 24.27782, -0.59289],
							"rotation": [-90, 0, 0],
							"uv": {
								"north": {"uv": [99, 89], "uv_size": [2.5, 1]},
								"east": {"uv": [70, 103], "uv_size": [1.5, 1]},
								"south": {"uv": [99, 90], "uv_size": [2.5, 1]},
								"west": {"uv": [72, 103], "uv_size": [1.5, 1]},
								"up": {"uv": [93, 87], "uv_size": [2.5, 1.5]},
								"down": {"uv": [93, 90.5], "uv_size": [2.5, -1.5]}
							}
						}
					]
				},
				{
					"name": "LeftForeArm",
					"parent": "LeftArm",
					"pivot": [1.175, 24.5, 0.125],
					"cubes": [
						{
							"origin": [0.05, 17.1, -1.25],
							"size": [2.5, 7.5, 2.5],
							"uv": {
								"north": {"uv": [37, 49], "uv_size": [2.5, 7.5]},
								"east": {"uv": [40, 49], "uv_size": [2.5, 7.5]},
								"south": {"uv": [43, 49], "uv_size": [2.5, 7.5]},
								"west": {"uv": [50, 4], "uv_size": [2.5, 7.5]},
								"up": {"uv": [82, 6], "uv_size": [2.5, 2.5]},
								"down": {"uv": [82, 11.5], "uv_size": [2.5, -2.5]}
							}
						}
					]
				},
				{
					"name": "LeftHandLocator",
					"parent": "LeftForeArm",
					"pivot": [1.05, 18.25, 0.25]
				},
				{
					"name": "RightArm",
					"pivot": [-1.05, 32.1, 0.0625],
					"cubes": [
						{
							"origin": [-2.55, 24.6, -1.25],
							"size": [2.5, 7.5, 2.5],
							"uv": {
								"north": {"uv": [50, 12], "uv_size": [2.5, 7.5]},
								"east": {"uv": [50, 20], "uv_size": [2.5, 7.5]},
								"south": {"uv": [13, 51], "uv_size": [2.5, 7.5]},
								"west": {"uv": [25, 51], "uv_size": [2.5, 7.5]},
								"up": {"uv": [82, 14], "uv_size": [2.5, 2.5]},
								"down": {"uv": [15, 84.5], "uv_size": [2.5, -2.5]}
							}
						},
						{
							"origin": [-3.05, 28.35, -1.75],
							"size": [3.25, 4, 3.5],
							"uv": {
								"north": {"uv": [63, 60], "uv_size": [3.5, 4]},
								"east": {"uv": [64, 0], "uv_size": [3.5, 4]},
								"south": {"uv": [64, 4], "uv_size": [3.5, 4]},
								"west": {"uv": [64, 8], "uv_size": [3.5, 4]},
								"up": {"uv": [68, 4], "uv_size": [3.5, 3.5]},
								"down": {"uv": [68, 11.5], "uv_size": [3.5, -3.5]}
							}
						},
						{
							"origin": [-3.4, 28.8, -1.75],
							"size": [1, 1.45, 3.5],
							"pivot": [-2.4, 29.25, 0],
							"rotation": [0, 0, -30],
							"uv": {
								"north": {"uv": [86, 102], "uv_size": [1, 1.5]},
								"east": {"uv": [87, 31], "uv_size": [3.5, 1.5]},
								"south": {"uv": [96, 102], "uv_size": [1, 1.5]},
								"west": {"uv": [87, 49], "uv_size": [3.5, 1.5]},
								"up": {"uv": [53, 95], "uv_size": [1, 3.5]},
								"down": {"uv": [55, 98.5], "uv_size": [1, -3.5]}
							}
						},
						{
							"origin": [-3.45, 29.15, -1.75],
							"size": [0.95, 2.85, 3.5],
							"pivot": [-1.825, 30.5, 0],
							"rotation": [0, 0, 15],
							"uv": {
								"north": {"uv": [96, 92], "uv_size": [1, 3]},
								"east": {"uv": [71, 66], "uv_size": [3.5, 3]},
								"south": {"uv": [54, 98], "uv_size": [1, 3]},
								"west": {"uv": [71, 69], "uv_size": [3.5, 3]},
								"up": {"uv": [51, 95], "uv_size": [1, 3.5]},
								"down": {"uv": [52, 98.5], "uv_size": [1, -3.5]}
							}
						},
						{
							"origin": [-2.8, 27.35, -1.5],
							"size": [3, 1, 3],
							"uv": {
								"north": {"uv": [98, 51], "uv_size": [3, 1]},
								"east": {"uv": [98, 52], "uv_size": [3, 1]},
								"south": {"uv": [98, 53], "uv_size": [3, 1]},
								"west": {"uv": [98, 54], "uv_size": [3, 1]},
								"up": {"uv": [75, 41], "uv_size": [3, 3]},
								"down": {"uv": [75, 47], "uv_size": [3, -3]}
							}
						},
						{
							"origin": [-2.45, 23.87782, -1.29289],
							"size": [2.3, 1.15, 1.4],
							"pivot": [-1.3, 24.27782, -0.59289],
							"rotation": [-90, 0, 0],
							"uv": {
								"north": {"uv": [99, 89], "uv_size": [2.5, 1]},
								"east": {"uv": [70, 103], "uv_size": [1.5, 1]},
								"south": {"uv": [99, 90], "uv_size": [2.5, 1]},
								"west": {"uv": [72, 103], "uv_size": [1.5, 1]},
								"up": {"uv": [95.5, 88.5], "uv_size": [-2.5, -1.5]},
								"down": {"uv": [95.5, 90.5], "uv_size": [-2.5, -1.5]}
							}
						},
						{
							"origin": [-2.45, 23.82782, -0.49289],
							"size": [2.3, 1.5, 1.4],
							"pivot": [-1.3, 24.57782, 0.20711],
							"rotation": [-45, 0, 0],
							"uv": {
								"north": {"uv": [93, 91], "uv_size": [2.5, 1.5]},
								"east": {"uv": [100, 91], "uv_size": [1.5, 1.5]},
								"south": {"uv": [93, 93], "uv_size": [2.5, 1.5]},
								"west": {"uv": [100, 93], "uv_size": [1.5, 1.5]},
								"up": {"uv": [95.5, 88.5], "uv_size": [-2.5, -1.5]},
								"down": {"uv": [95.5, 90.5], "uv_size": [-2.5, -1.5]}
							}
						}
					]
				},
				{
					"name": "RightForeArm",
					"parent": "RightArm",
					"pivot": [-1.175, 24.5, 0.125],
					"cubes": [
						{
							"origin": [-2.55, 17.1, -1.25],
							"size": [2.5, 7.5, 2.5],
							"uv": {
								"north": {"uv": [28, 51], "uv_size": [2.5, 7.5]},
								"east": {"uv": [31, 51], "uv_size": [2.5, 7.5]},
								"south": {"uv": [51, 38], "uv_size": [2.5, 7.5]},
								"west": {"uv": [51, 46], "uv_size": [2.5, 7.5]},
								"up": {"uv": [82, 17], "uv_size": [2.5, 2.5]},
								"down": {"uv": [18, 84.5], "uv_size": [2.5, -2.5]}
							}
						}
					]
				},
				{
					"name": "RightHandLocator",
					"parent": "RightForeArm",
					"pivot": [-1.05, 18.25, 0.25]
				}
			]
		}
	]
}