{
	"format_version": "1.12.0",
	"minecraft:geometry": [
		{
			"description": {
				"identifier": "geometry.unknown",
				"texture_width": 256,
				"texture_height": 256,
				"visible_bounds_width": 7,
				"visible_bounds_height": 5,
				"visible_bounds_offset": [0, 1.5, 0]
			},
			"bones": [
				{
					"name": "Arm",
					"pivot": [-0.2, 29.25, 0]
				},
				{
					"name": "LeftArm",
					"parent": "Arm",
					"pivot": [1.4, 29.75, 0],
					"cubes": [
						{
							"origin": [0.6, 23.8, -1.75],
							"size": [3.3, 7, 3.5],
							"uv": {
								"north": {"uv": [17, 80], "uv_size": [3.5, 7]},
								"east": {"uv": [7, 81], "uv_size": [3.5, 7]},
								"south": {"uv": [81, 22], "uv_size": [3.5, 7]},
								"west": {"uv": [81, 35], "uv_size": [3.5, 7]},
								"up": {"uv": [103, 56], "uv_size": [3.5, 3.5]},
								"down": {"uv": [94, 106.5], "uv_size": [3.5, -3.5]}
							}
						},
						{
							"origin": [0.45, 23.625, -1.95],
							"size": [3.5, 7.3, 3.9],
							"uv": {
								"north": {"uv": [51, 76], "uv_size": [3.5, 7.5]},
								"east": {"uv": [39, 70], "uv_size": [4, 7.5]},
								"south": {"uv": [76, 63], "uv_size": [3.5, 7.5]},
								"west": {"uv": [17, 72], "uv_size": [4, 7.5]},
								"up": {"uv": [98, 36], "uv_size": [3.5, 4]},
								"down": {"uv": [48, 102], "uv_size": [3.5, -4]}
							}
						},
						{
							"origin": [0.625, 27.025, -0.925],
							"size": [3.6, 4.15, 1.85],
							"uv": {
								"north": {"uv": [98, 48], "uv_size": [3.5, 4]},
								"east": {"uv": [102, 110], "uv_size": [2, 4]},
								"south": {"uv": [98, 52], "uv_size": [3.5, 4]},
								"west": {"uv": [104, 110], "uv_size": [2, 4]},
								"up": {"uv": [112, 86], "uv_size": [3.5, 2]},
								"down": {"uv": [112, 109], "uv_size": [3.5, -2]}
							}
						},
						{
							"origin": [0.9, 22.9, -1.35],
							"size": [2.8, 1.9, 2.7],
							"uv": {
								"north": {"uv": [97, 117], "uv_size": [3, 2]},
								"east": {"uv": [62, 120], "uv_size": [2.5, 2]},
								"south": {"uv": [100, 117], "uv_size": [3, 2]},
								"west": {"uv": [120, 66], "uv_size": [2.5, 2]},
								"up": {"uv": [96, 111], "uv_size": [3, 2.5]},
								"down": {"uv": [111, 111.5], "uv_size": [3, -2.5]}
							}
						},
						{
							"origin": [0.8, 22.85, -1.375],
							"size": [2.95, 2.05, 2.8],
							"uv": {
								"north": {"uv": [117, 114], "uv_size": [3, 2]},
								"east": {"uv": [117, 116], "uv_size": [3, 2]},
								"south": {"uv": [3, 118], "uv_size": [3, 2]},
								"west": {"uv": [118, 7], "uv_size": [3, 2]},
								"up": {"uv": [21, 108], "uv_size": [3, 3]},
								"down": {"uv": [24, 111], "uv_size": [3, -3]}
							}
						}
					]
				},
				{
					"name": "LeftForeArm",
					"parent": "LeftArm",
					"pivot": [2.125, 23.8, 0.025],
					"cubes": [
						{
							"origin": [0.525, 19.1, -1.825],
							"size": [3.45, 5, 3.7],
							"uv": {
								"north": {"uv": [15, 92], "uv_size": [3.5, 5]},
								"east": {"uv": [92, 66], "uv_size": [3.5, 5]},
								"south": {"uv": [78, 92], "uv_size": [3.5, 5]},
								"west": {"uv": [4, 93], "uv_size": [3.5, 5]},
								"up": {"uv": [98, 103], "uv_size": [3.5, 3.5]},
								"down": {"uv": [0, 107.5], "uv_size": [3.5, -3.5]}
							}
						},
						{
							"origin": [0.35, 19.55, -1.95],
							"size": [3.975, 1.675, 3.95],
							"uv": {
								"north": {"uv": [118, 14], "uv_size": [4, 1.5]},
								"east": {"uv": [118, 20], "uv_size": [4, 1.5]},
								"south": {"uv": [21, 118], "uv_size": [4, 1.5]},
								"west": {"uv": [118, 22], "uv_size": [4, 1.5]},
								"up": {"uv": [94, 36], "uv_size": [4, 4]},
								"down": {"uv": [94, 56], "uv_size": [4, -4]}
							}
						},
						{
							"origin": [2.525, 21.025, -1.7],
							"size": [1.8, 2.35, 3.45],
							"pivot": [3.425, 21.175, 0.025],
							"rotation": [0, 0, -12],
							"uv": {
								"north": {"uv": [68, 120], "uv_size": [2, 2.5]},
								"east": {"uv": [59, 109], "uv_size": [3.5, 2.5]},
								"south": {"uv": [70, 120], "uv_size": [2, 2.5]},
								"west": {"uv": [65, 109], "uv_size": [3.5, 2.5]},
								"up": {"uv": [72, 113], "uv_size": [2, 3.5]},
								"down": {"uv": [74, 116.5], "uv_size": [2, -3.5]}
							}
						},
						{
							"origin": [0.425, 18.25, -1.925],
							"size": [3.65, 0.875, 3.9],
							"uv": {
								"north": {"uv": [124, 101], "uv_size": [3.5, 1]},
								"east": {"uv": [87, 49], "uv_size": [4, 1]},
								"south": {"uv": [124, 117], "uv_size": [3.5, 1]},
								"west": {"uv": [94, 3], "uv_size": [4, 1]},
								"up": {"uv": [63, 98], "uv_size": [3.5, 4]},
								"down": {"uv": [98, 99], "uv_size": [3.5, -4]}
							}
						},
						{
							"origin": [0.625, 16.3, -1.725],
							"size": [3.25, 7.5, 3.5],
							"uv": {
								"north": {"uv": [3, 77], "uv_size": [3.5, 7.5]},
								"east": {"uv": [34, 77], "uv_size": [3.5, 7.5]},
								"south": {"uv": [46, 77], "uv_size": [3.5, 7.5]},
								"west": {"uv": [77, 53], "uv_size": [3.5, 7.5]},
								"up": {"uv": [104, 0], "uv_size": [3.5, 3.5]},
								"down": {"uv": [104, 7.5], "uv_size": [3.5, -3.5]}
							}
						}
					]
				},
				{
					"name": "LeftHand",
					"parent": "LeftForeArm",
					"pivot": [2.125, 18.3, 0.025]
				},
				{
					"name": "LeftHandLocator",
					"parent": "LeftHand",
					"pivot": [2.125, 18.3, 0.025]
				},
				{
					"name": "BladeLocator2",
					"parent": "LeftHand",
					"pivot": [2.125, 18.3, 0.025]
				},
				{
					"name": "RightArm",
					"parent": "Arm",
					"pivot": [-1.4, 29.75, 0],
					"cubes": [
						{
							"origin": [-3.9, 23.8, -1.75],
							"size": [3.3, 7, 3.5],
							"uv": {
								"north": {"uv": [81, 53], "uv_size": [3.5, 7]},
								"east": {"uv": [81, 66], "uv_size": [3.5, 7]},
								"south": {"uv": [67, 82], "uv_size": [3.5, 7]},
								"west": {"uv": [71, 82], "uv_size": [3.5, 7]},
								"up": {"uv": [8, 104], "uv_size": [3.5, 3.5]},
								"down": {"uv": [104, 11.5], "uv_size": [3.5, -3.5]}
							}
						},
						{
							"origin": [-3.95, 23.625, -1.95],
							"size": [3.5, 7.3, 3.9],
							"uv": {
								"north": {"uv": [55, 77], "uv_size": [3.5, 7.5]},
								"east": {"uv": [72, 32], "uv_size": [4, 7.5]},
								"south": {"uv": [59, 77], "uv_size": [3.5, 7.5]},
								"west": {"uv": [72, 63], "uv_size": [4, 7.5]},
								"up": {"uv": [99, 20], "uv_size": [3.5, 4]},
								"down": {"uv": [99, 28], "uv_size": [3.5, -4]}
							}
						},
						{
							"origin": [-4.175, 27.15, -1.025],
							"size": [3.525, 3.95, 2.05],
							"uv": {
								"north": {"uv": [99, 40], "uv_size": [3.5, 4]},
								"east": {"uv": [12, 111], "uv_size": [2, 4]},
								"south": {"uv": [99, 56], "uv_size": [3.5, 4]},
								"west": {"uv": [14, 111], "uv_size": [2, 4]},
								"up": {"uv": [113, 31], "uv_size": [3.5, 2]},
								"down": {"uv": [113, 37], "uv_size": [3.5, -2]}
							}
						},
						{
							"origin": [-3.7, 22.9, -1.35],
							"size": [2.8, 2, 2.7],
							"uv": {
								"north": {"uv": [17, 118], "uv_size": [3, 2]},
								"east": {"uv": [85, 120], "uv_size": [2.5, 2]},
								"south": {"uv": [118, 24], "uv_size": [3, 2]},
								"west": {"uv": [120, 86], "uv_size": [2.5, 2]},
								"up": {"uv": [112, 1], "uv_size": [3, 2.5]},
								"down": {"uv": [112, 6.5], "uv_size": [3, -2.5]}
							}
						},
						{
							"origin": [-3.75, 22.85, -1.375],
							"size": [2.95, 2.175, 2.8],
							"uv": {
								"north": {"uv": [118, 26], "uv_size": [3, 2]},
								"east": {"uv": [118, 37], "uv_size": [3, 2]},
								"south": {"uv": [40, 118], "uv_size": [3, 2]},
								"west": {"uv": [43, 118], "uv_size": [3, 2]},
								"up": {"uv": [27, 108], "uv_size": [3, 3]},
								"down": {"uv": [30, 111], "uv_size": [3, -3]}
							}
						}
					]
				},
				{
					"name": "RightForeArm",
					"parent": "RightArm",
					"pivot": [-2.125, 23.8, 0.025],
					"cubes": [
						{
							"origin": [-3.975, 19.1, -1.825],
							"size": [3.45, 5, 3.7],
							"uv": {
								"north": {"uv": [93, 16], "uv_size": [3.5, 5]},
								"east": {"uv": [47, 93], "uv_size": [3.5, 5]},
								"south": {"uv": [51, 93], "uv_size": [3.5, 5]},
								"west": {"uv": [63, 93], "uv_size": [3.5, 5]},
								"up": {"uv": [21, 104], "uv_size": [3.5, 3.5]},
								"down": {"uv": [25, 107.5], "uv_size": [3.5, -3.5]}
							}
						},
						{
							"origin": [-4.475, 19.35, -1.975],
							"size": [4.2, 1.65, 4.025],
							"uv": {
								"north": {"uv": [118, 55], "uv_size": [4, 1.5]},
								"east": {"uv": [118, 57], "uv_size": [4, 1.5]},
								"south": {"uv": [118, 59], "uv_size": [4, 1.5]},
								"west": {"uv": [118, 61], "uv_size": [4, 1.5]},
								"up": {"uv": [95, 40], "uv_size": [4, 4]},
								"down": {"uv": [95, 60], "uv_size": [4, -4]}
							}
						},
						{
							"origin": [-4.4, 20.75, -1.45],
							"size": [1.575, 2.25, 3.2],
							"pivot": [-3.65, 21.05, 0.15],
							"rotation": [0, 0, 17.75],
							"uv": {
								"north": {"uv": [125, 9], "uv_size": [1.5, 2.5]},
								"east": {"uv": [112, 12], "uv_size": [3, 2.5]},
								"south": {"uv": [125, 14], "uv_size": [1.5, 2.5]},
								"west": {"uv": [112, 24], "uv_size": [3, 2.5]},
								"up": {"uv": [58, 122], "uv_size": [1.5, 3]},
								"down": {"uv": [122, 62], "uv_size": [1.5, -3]}
							}
						},
						{
							"origin": [-4.075, 18.325, -1.925],
							"size": [3.65, 0.8, 3.9],
							"uv": {
								"north": {"uv": [124, 122], "uv_size": [3.5, 1]},
								"east": {"uv": [96, 70], "uv_size": [4, 1]},
								"south": {"uv": [125, 3], "uv_size": [3.5, 1]},
								"west": {"uv": [99, 28], "uv_size": [4, 1]},
								"up": {"uv": [70, 99], "uv_size": [3.5, 4]},
								"down": {"uv": [99, 82], "uv_size": [3.5, -4]}
							}
						},
						{
							"origin": [-3.875, 16.3, -1.725],
							"size": [3.25, 7.5, 3.5],
							"uv": {
								"north": {"uv": [77, 71], "uv_size": [3.5, 7.5]},
								"east": {"uv": [13, 78], "uv_size": [3.5, 7.5]},
								"south": {"uv": [24, 78], "uv_size": [3.5, 7.5]},
								"west": {"uv": [28, 78], "uv_size": [3.5, 7.5]},
								"up": {"uv": [29, 104], "uv_size": [3.5, 3.5]},
								"down": {"uv": [37, 107.5], "uv_size": [3.5, -3.5]}
							}
						}
					]
				},
				{
					"name": "RightHand",
					"parent": "RightForeArm",
					"pivot": [-2.125, 18.3, 0.025]
				},
				{
					"name": "RightHandLocator",
					"parent": "RightHand",
					"pivot": [-2.125, 18.3, 0.025]
				},
				{
					"name": "BladeLocator3",
					"parent": "RightHand",
					"pivot": [-2.125, 18.3, 0.025]
				}
			]
		}
	]
}