{
	"format_version": "1.21.0",
	"minecraft:geometry": [
		{
			"description": {
				"identifier": "geometry.unknown",
				"texture_width": 256,
				"texture_height": 256,
				"visible_bounds_width": 5,
				"visible_bounds_height": 4.5,
				"visible_bounds_offset": [0, 1.75, 0]
			},
			"bones": [
				{
					"name": "RightArm",
					"pivot": [-1.4, 32.025, 0],
					"cubes": [
						{"origin": [-3.15, 26.075, -1.2], "size": [2.55, 6, 2.5], "uv": [9, 12]},
						{"origin": [-3.3, 26.575, -1.3], "size": [2.85, 2.5, 2.7], "uv": [202, 24]},
						{"origin": [-3.3, 25.575, -1.3], "size": [2.85, 1, 2.7], "uv": [214, 65]},
						{"origin": [-3.3, 29.075, -1.3], "size": [2.85, 1, 2.7], "uv": [226, 136]},
						{"origin": [-3.3, 30.575, -1.3], "size": [2.85, 0.5, 2.7], "uv": [138, 13]},
						{"origin": [-3.35, 25.075, -0.05], "size": [0.55, 4, 0.2], "uv": [144, 16]},
						{"origin": [-3.3, 31.075, -1.3], "size": [2.85, 1.2, 2.7], "uv": [208, 64]},
						{"origin": [-2.95, 25.9, -1.2], "size": [1.5, 3.3, 2.5], "uv": [107, 2]},
						{"origin": [-2.75, 31.5, -1.2], "size": [2.5, 1.3, 2.5], "pivot": [-1.95, 31.55, -0.2], "rotation": [0, 0, -27.5], "uv": [11, 14]},
						{"origin": [-2.95, 31.6, -1.3], "size": [2.7, 1.3, 2.7], "pivot": [-1.95, 31.55, -0.2], "rotation": [0, 0, -27.5], "uv": [223, 64]},
						{"origin": [-0.95, 31.4, -1.8], "size": [1.2, 1.8, 3.7], "pivot": [-1.95, 31.55, -0.2], "rotation": [0, 0, -27.5], "uv": [152, 55]},
						{"origin": [-0.95, 31, -2.2], "size": [1.2, 1.5, 0.7], "pivot": [-1.95, 31.55, -0.2], "rotation": [-17.5, 0, -27.5], "uv": [155, 58]},
						{"origin": [-3.15, 25.175, -1.2], "size": [2.55, 2, 2.2], "uv": [226, 152]},
						{"origin": [-3, 25.125, -1.2], "size": [2.2, 2.05, 1.8], "uv": [223, 152]}
					]
				},
				{
					"name": "RightArm2",
					"parent": "RightArm",
					"pivot": [-1.4, 32.025, 0]
				},
				{
					"name": "bone15",
					"parent": "RightArm2",
					"pivot": [-4.36633, 31.89041, 0.72651],
					"rotation": [0, 12.5, 0],
					"cubes": [
						{"origin": [-3.95, 29.6, -0.3], "size": [2.7, 1.3, 2.7], "pivot": [-2.95, 29.55, 0.8], "rotation": [0, 0, -95], "uv": [224, 27]},
						{"origin": [-3.95, 31.6, -0.3], "size": [2.7, 1.3, 2.7], "pivot": [-2.95, 31.55, 0.8], "rotation": [0, 0, -95], "uv": [224, 27]},
						{"origin": [1.05, 31.2, -0.2], "size": [0.7, 0.1, 0.5], "pivot": [-2.95, 29.55, 0.8], "rotation": [0, 0, -95], "uv": [150, 20]},
						{"origin": [0.05, 31.2, -0.1], "size": [1, 0.1, 0.3], "pivot": [-2.95, 29.55, 0.8], "rotation": [0, 0, -95], "uv": [151, 21]},
						{"origin": [0.85, 31.2, 0.8], "size": [0.7, 0.1, 1.5], "pivot": [-2.95, 29.55, 0.8], "rotation": [0, 0, -95], "uv": [218, 98]},
						{"origin": [-3.95, 31.8, -1.3], "size": [2.7, 1.3, 1.7], "pivot": [-2.95, 31.55, 0.8], "rotation": [20, 0, -95], "uv": [217, 27]}
					]
				},
				{
					"name": "bone12",
					"parent": "bone15",
					"pivot": [-2.95, 29.55, 0.8],
					"cubes": [
						{"origin": [-2.95, 30.6, -0.3], "size": [4.7, 0.6, 2.7], "pivot": [-2.95, 29.55, 0.8], "rotation": [0, 0, -95], "uv": [204, 58]},
						{"origin": [-3.75, 30.6, 0.05], "size": [1.9, 0.6, 1.9], "pivot": [-2.95, 29.55, 0.8], "rotation": [0, -45, -95], "uv": [208, 59]},
						{"origin": [0.05, 30.6, -0.8], "size": [1.7, 0.6, 3.7], "pivot": [-2.95, 29.55, 0.8], "rotation": [0, 0, -95], "uv": [206, 57]},
						{"origin": [-1.95, 30.7, 0.2], "size": [0.7, 0.6, 1.7], "pivot": [-2.95, 29.55, 0.8], "rotation": [0, 0, -95], "uv": [156, 48]}
					]
				},
				{
					"name": "RightForeArm",
					"parent": "RightArm",
					"pivot": [-2.125, 25.075, 0.025],
					"cubes": [
						{"origin": [-3.3, 21.075, -1.3], "size": [1.35, 4.5, 2.7], "uv": [218, 62]},
						{"origin": [-1.95, 22.075, -1.3], "size": [1.5, 3.5, 2.7], "uv": [209, 17]},
						{"origin": [-2.8, 25.075, 1.4], "size": [1.85, 1.5, 0.3], "uv": [110, 6]},
						{"origin": [-3.3, 25.275, 1.4], "size": [2.85, 1.1, 0.3], "uv": [109, 6]},
						{"origin": [-3.45, 20.075, -1.4], "size": [2.95, 2, 2.9], "uv": [207, 64]},
						{"origin": [-3.45, 19.755, -0.9], "size": [1.95, 0.25, 1.9], "uv": [154, 25]},
						{"origin": [-3.45, 22.075, -0.9], "size": [0.95, 3, 1.9], "uv": [228, 61]},
						{"origin": [-3.45, 24.075, -0.9], "size": [0.95, 1.9, 1.9], "pivot": [-2.975, 25.025, 0.05], "rotation": [-45, 0, 0], "uv": [227, 53]},
						{"origin": [-3.45, 19.975, -1.4], "size": [2.95, 0.1, 2.9], "uv": [212, 65]},
						{"origin": [-3.025, 20.375, -1.2], "size": [2.5, 5, 2.5], "pivot": [-1.775, 22.875, 0.05], "rotation": [0, 0, 5], "uv": [223, 20]},
						{"origin": [-0.205, 23.975, -1.2], "size": [1, 1, 2.5], "pivot": [-1.775, 22.875, 0.05], "rotation": [0, 0, -35], "uv": [106, 1]},
						{"origin": [-3.125, 18.075, -1.2], "size": [2.5, 7, 2.5], "uv": [222, 59]},
						{"origin": [-2.875, 18.575, -1.2], "size": [0.25, 1, 0.5], "pivot": [-2.75, 19.075, -0.95], "rotation": [-7.5, 0, 0], "uv": [227, 61]},
						{"origin": [-3.125, 25.075, -1.2], "size": [2.5, 1, 2.5], "uv": [230, 157]}
					]
				},
				{
					"name": "bone33",
					"parent": "RightForeArm",
					"pivot": [2, -3, 0],
					"cubes": [
						{"origin": [-3.325, 18.275, 0.8], "size": [2.6, 0.3, 0.1], "uv": [149, 56]},
						{"origin": [-3.325, 18.775, -0.7], "size": [2.6, 1.1, 0.1], "uv": [149, 56]},
						{"origin": [-3.325, 18.775, 0.3], "size": [2.6, 1.1, 0.1], "uv": [149, 56]},
						{"origin": [-3.325, 18.275, 0.3], "size": [2.6, 0.3, 0.1], "uv": [149, 56]},
						{"origin": [-3.325, 18.775, -0.2], "size": [2.6, 1.1, 0.1], "uv": [149, 56]},
						{"origin": [-3.325, 18.275, -0.7], "size": [2.6, 0.3, 0.1], "uv": [149, 56]},
						{"origin": [-3.325, 18.775, 0.8], "size": [2.6, 1.1, 0.1], "uv": [149, 56]},
						{"origin": [-3.325, 18.275, -0.2], "size": [2.6, 0.3, 0.1], "uv": [149, 56]}
					]
				},
				{
					"name": "RightHandLocator",
					"parent": "RightForeArm",
					"pivot": [-2.125, 19.575, 0.025]
				},
				{
					"name": "LeftArm",
					"pivot": [1.4, 32.025, 0],
					"cubes": [
						{"origin": [0.6, 31.075, -1.2], "size": [2.55, 1, 2.5], "uv": [214, 71], "mirror": true},
						{"origin": [0.35, 26.575, -1.3], "size": [2.85, 2.5, 2.7], "uv": [228, 28], "mirror": true},
						{"origin": [0.35, 25.575, -1.3], "size": [2.85, 1, 2.7], "uv": [216, 65], "mirror": true},
						{"origin": [0.35, 29.075, -1.3], "size": [2.85, 1, 2.7], "uv": [229, 135], "mirror": true},
						{"origin": [0.35, 30.075, -1.3], "size": [2.85, 0.5, 2.7], "uv": [10, 15], "mirror": true},
						{"origin": [0.35, 30.575, -1.3], "size": [2.85, 0.5, 2.7], "uv": [224, 151], "mirror": true},
						{"origin": [0.45, 30.9, -1.2], "size": [2.5, 1.2, 2.5], "uv": [207, 59], "mirror": true},
						{"origin": [0.25, 31.5, -1.2], "size": [2.5, 1.3, 2.5], "pivot": [1.95, 31.55, -0.2], "rotation": [0, 0, 27.5], "uv": [225, 66], "mirror": true},
						{"origin": [0.25, 31.6, -1.3], "size": [2.7, 1.3, 2.7], "pivot": [1.95, 31.55, -0.2], "rotation": [0, 0, 27.5], "uv": [206, 60], "mirror": true},
						{"origin": [0.6, 25.175, -1.2], "size": [2.55, 2, 2.2], "uv": [229, 155], "mirror": true},
						{"origin": [0.8, 25.125, -1.2], "size": [2.2, 2.05, 1.8], "uv": [228, 153], "mirror": true}
					]
				},
				{
					"name": "LeftArm2",
					"parent": "LeftArm",
					"pivot": [1.4, 32.025, 0],
					"cubes": [
						{"origin": [-0.25, 31.4, -1.8], "size": [1.2, 1.8, 3.7], "pivot": [1.95, 31.55, -0.2], "rotation": [0, 0, 27.5], "uv": [152, 55], "mirror": true},
						{"origin": [-0.25, 31, -2.2], "size": [1.2, 1.5, 0.7], "pivot": [1.95, 31.55, -0.2], "rotation": [-17.5, 0, 27.5], "uv": [155, 58], "mirror": true}
					]
				},
				{
					"name": "bone",
					"parent": "LeftArm",
					"pivot": [2.95, 29.55, -0.2],
					"cubes": [
						{"origin": [1.25, 29.6, -1.3], "size": [2.7, 1.3, 2.7], "pivot": [2.95, 29.55, -0.2], "rotation": [0, 0, 95], "uv": [224, 27], "mirror": true},
						{"origin": [1.25, 31.6, -1.3], "size": [2.7, 1.3, 2.7], "pivot": [2.95, 31.55, -0.2], "rotation": [0, 0, 95], "uv": [224, 27], "mirror": true},
						{"origin": [1.25, 32.7, -0.3], "size": [2.7, 0.3, 0.7], "pivot": [2.95, 31.55, -0.2], "rotation": [0, 0, 95], "uv": [220, 131], "mirror": true},
						{"origin": [1.55, 32.8, -0.6], "size": [0.7, 0.3, 0.7], "pivot": [2.95, 31.55, -0.2], "rotation": [0, 0, 95], "uv": [217, 62], "mirror": true},
						{"origin": [1.55, 32.9, -0.3], "size": [0.7, 0.3, 0.1], "pivot": [2.95, 31.55, -0.2], "rotation": [0, 0, 95], "uv": [216, 130], "mirror": true},
						{"origin": [1.25, 31.8, -2.3], "size": [2.7, 1.3, 1.7], "pivot": [2.95, 31.55, -0.2], "rotation": [20, 0, 95], "uv": [217, 27], "mirror": true},
						{"origin": [1.25, 32.9, -1.3], "size": [2.7, 0.3, 0.7], "pivot": [2.95, 31.55, -0.2], "rotation": [20, 0, 95], "uv": [216, 134], "mirror": true}
					]
				},
				{
					"name": "LeftForeArm",
					"parent": "LeftArm",
					"pivot": [2.125, 25.075, 0.025],
					"cubes": [
						{"origin": [1.85, 21.075, -1.3], "size": [1.35, 4.5, 2.7], "uv": [214, 54], "mirror": true},
						{"origin": [0.3, 22.075, -1.3], "size": [1.5, 3.5, 2.7], "uv": [214, 9], "mirror": true},
						{"origin": [0.5, 20.075, -1.4], "size": [2.95, 2, 2.9], "uv": [214, 63], "mirror": true},
						{"origin": [0.525, 20.375, -1.2], "size": [2.5, 5, 2.5], "pivot": [1.775, 22.875, 0.05], "rotation": [0, 0, -5], "uv": [106, 1], "mirror": true},
						{"origin": [-0.795, 23.975, -1.2], "size": [1, 1, 2.5], "pivot": [1.775, 22.875, 0.05], "rotation": [0, 0, 35], "uv": [104, 5], "mirror": true},
						{"origin": [0.625, 18.075, -1.2], "size": [2.5, 7, 2.5], "uv": [215, 61], "mirror": true},
						{"origin": [0.625, 25.075, -1.2], "size": [2.5, 1, 2.5], "uv": [220, 150], "mirror": true}
					]
				},
				{
					"name": "LeftForeArm2",
					"parent": "LeftForeArm",
					"pivot": [2.125, 25.075, 0.025],
					"cubes": [
						{"origin": [0.5, 19.975, -1.4], "size": [2.95, 0.1, 2.9], "uv": [212, 65], "mirror": true},
						{"origin": [2.5, 24.075, -0.9], "size": [0.95, 1.9, 1.9], "pivot": [2.975, 25.025, 0.05], "rotation": [-45, 0, 0], "uv": [213, 54], "mirror": true},
						{"origin": [2.5, 22.075, -0.9], "size": [0.95, 3, 1.9], "uv": [214, 59], "mirror": true},
						{"origin": [0.35, 23.075, -0.2], "size": [0.15, 2.5, 0.5], "uv": [14, 103], "mirror": true}
					]
				},
				{
					"name": "bone36",
					"parent": "LeftForeArm",
					"pivot": [6, -3, 0],
					"cubes": [
						{"origin": [0.775, 18.275, 0.8], "size": [2.6, 0.3, 0.1], "uv": [149, 53]},
						{"origin": [0.775, 18.775, -0.7], "size": [2.6, 1.1, 0.1], "uv": [149, 53]},
						{"origin": [0.775, 18.775, 0.3], "size": [2.6, 1.1, 0.1], "uv": [149, 53]},
						{"origin": [0.775, 18.275, 0.3], "size": [2.6, 0.3, 0.1], "uv": [149, 53]},
						{"origin": [0.775, 18.775, -0.2], "size": [2.6, 1.1, 0.1], "uv": [149, 53]},
						{"origin": [0.775, 18.275, -0.7], "size": [2.6, 0.3, 0.1], "uv": [149, 53]},
						{"origin": [1.5, 19.755, -0.9], "size": [1.95, 0.25, 1.9], "uv": [154, 25], "mirror": true},
						{"origin": [0.775, 18.775, 0.8], "size": [2.6, 1.1, 0.1], "uv": [149, 53]},
						{"origin": [0.775, 18.275, -0.2], "size": [2.6, 0.3, 0.1], "uv": [149, 53]}
					]
				},
				{
					"name": "LeftHandLocator",
					"parent": "LeftForeArm",
					"pivot": [2.125, 19.575, 0.025]
				},
				{
					"name": "bone31",
					"parent": "LeftArm",
					"pivot": [4.36633, 31.89041, 0.72651],
					"rotation": [0, -12.5, 0]
				},
				{
					"name": "bone32",
					"parent": "bone31",
					"pivot": [2.95, 29.55, 0.8],
					"rotation": [0, -12.5, 0],
					"cubes": [
						{"origin": [-1.75, 30.6, -0.3], "size": [4.7, 0.6, 2.7], "pivot": [2.95, 29.55, 0.8], "rotation": [0, 0, 95], "uv": [204, 58], "mirror": true},
						{"origin": [1.85, 30.6, 0.05], "size": [1.9, 0.6, 1.9], "pivot": [2.95, 29.55, 0.8], "rotation": [0, 45, 95], "uv": [208, 59], "mirror": true},
						{"origin": [-1.75, 30.6, -0.8], "size": [1.7, 0.6, 3.7], "pivot": [2.95, 29.55, 0.8], "rotation": [0, 0, 95], "uv": [206, 57], "mirror": true},
						{"origin": [1.25, 30.7, 0.2], "size": [0.7, 0.6, 1.7], "pivot": [2.95, 29.55, 0.8], "rotation": [0, 0, 95], "uv": [156, 48], "mirror": true}
					]
				}
			]
		}
	]
}