{
	"format_version": "1.12.0",
	"minecraft:geometry": [
		{
			"description": {
				"identifier": "geometry.unknown",
				"texture_width": 512,
				"texture_height": 512,
				"visible_bounds_width": 3,
				"visible_bounds_height": 4.5,
				"visible_bounds_offset": [0, 1.75, 0]
			},
			"bones": [
				{
					"name": "LeftArm",
					"pivot": [1.25588, 30.74418, -0.4],
					"cubes": [
						{
							"origin": [-0.01598, 24.45422, -0.9],
							"size": [2.35, 6.5, 2.4],
							"inflate": -0.1,
							"uv": {
								"north": {"uv": [272, 353], "uv_size": [5, 13]},
								"east": {"uv": [277, 353], "uv_size": [5, 13]},
								"south": {"uv": [291, 353], "uv_size": [5, 13]},
								"west": {"uv": [296, 353], "uv_size": [5, 13]},
								"up": {"uv": [329, 353], "uv_size": [5, 5]},
								"down": {"uv": [334, 358], "uv_size": [5, -5]}
							}
						},
						{
							"origin": [-0.04875, 30.16934, -0.895],
							"size": [1.95, 1.2, 2.39],
							"inflate": -0.1,
							"pivot": [0.92625, 31.36934, 0.1],
							"rotation": [0, 0, -30],
							"uv": {
								"north": {"uv": [67, 5], "uv_size": [4, 2]},
								"east": {"uv": [48, 354], "uv_size": [5, 2]},
								"south": {"uv": [67, 7], "uv_size": [4, 2]},
								"west": {"uv": [94, 354], "uv_size": [5, 2]},
								"up": {"uv": [303, 170], "uv_size": [4, 5]},
								"down": {"uv": [111, 325], "uv_size": [4, -5]}
							}
						},
						{
							"origin": [-0.32042, 30.1446, -0.8975],
							"size": [1.675, 1.35, 2.395],
							"inflate": -0.1,
							"pivot": [0.37958, 31.3446, 0.1],
							"rotation": [0, 0, -67],
							"uv": {
								"north": {"uv": [43, 25], "uv_size": [3, 3]},
								"east": {"uv": [261, 164], "uv_size": [5, 3]},
								"south": {"uv": [43, 34], "uv_size": [3, 3]},
								"west": {"uv": [165, 263], "uv_size": [5, 3]},
								"up": {"uv": [43, 20], "uv_size": [3, 5]},
								"down": {"uv": [43, 34], "uv_size": [3, -5]}
							}
						}
					]
				},
				{
					"name": "LeftForeArm",
					"parent": "LeftArm",
					"pivot": [1.75611, 24.23787, -0.375],
					"cubes": [
						{
							"origin": [-0.01577, 17.42922, -0.875],
							"size": [2.375, 7.8, 2.4],
							"inflate": -0.1,
							"uv": {
								"north": {"uv": [135, 353], "uv_size": [5, 15]},
								"east": {"uv": [247, 353], "uv_size": [5, 15]},
								"south": {"uv": [252, 353], "uv_size": [5, 15]},
								"west": {"uv": [257, 353], "uv_size": [5, 15]},
								"up": {"uv": [262, 353], "uv_size": [5, 5]},
								"down": {"uv": [267, 358], "uv_size": [5, -5]}
							}
						}
					]
				},
				{
					"name": "LeftArmArmor",
					"parent": "LeftForeArm",
					"pivot": [0.91104, 23.76935, 0.34389],
					"cubes": [
						{
							"origin": [-0.21367, 20.238, -1.325],
							"size": [0.25, 0.525, 3.25],
							"inflate": -0.1,
							"uv": {
								"north": {"uv": [44, 218], "uv_size": [1, 1]},
								"east": {"uv": [159, 61], "uv_size": [3, 1]},
								"south": {"uv": [218, 52], "uv_size": [1, 1]},
								"west": {"uv": [159, 63], "uv_size": [3, 1]},
								"up": {"uv": [159, 65], "uv_size": [1, 3]},
								"down": {"uv": [159, 88], "uv_size": [1, -3]}
							}
						},
						{
							"origin": [-0.21337, 20.15478, -1.52315],
							"size": [0.25, 0.6, 1.725],
							"inflate": -0.1,
							"pivot": [-0.35059, 19.69732, 0.29483],
							"rotation": [-15, 0, 0],
							"uv": {
								"north": {"uv": [218, 54], "uv_size": [1, 1]},
								"east": {"uv": [20, 182], "uv_size": [2, 1]},
								"south": {"uv": [58, 218], "uv_size": [1, 1]},
								"west": {"uv": [182, 21], "uv_size": [2, 1]},
								"up": {"uv": [23, 182], "uv_size": [1, 2]},
								"down": {"uv": [182, 25], "uv_size": [1, -2]}
							}
						},
						{
							"origin": [-0.21367, 20.563, -1.325],
							"size": [0.25, 0.6, 0.325],
							"inflate": -0.1,
							"uv": {
								"north": {"uv": [60, 218], "uv_size": [1, 1]},
								"east": {"uv": [62, 218], "uv_size": [1, 1]},
								"south": {"uv": [218, 62], "uv_size": [1, 1]},
								"west": {"uv": [64, 218], "uv_size": [1, 1]},
								"up": {"uv": [66, 218], "uv_size": [1, 1]},
								"down": {"uv": [74, 219], "uv_size": [1, -1]}
							}
						},
						{
							"origin": [-0.21337, 20.15478, 0.39815],
							"size": [0.25, 0.6, 1.725],
							"inflate": -0.1,
							"pivot": [-0.35059, 19.69732, 0.30517],
							"rotation": [15, 0, 0],
							"uv": {
								"north": {"uv": [76, 218], "uv_size": [1, 1]},
								"east": {"uv": [182, 26], "uv_size": [2, 1]},
								"south": {"uv": [218, 76], "uv_size": [1, 1]},
								"west": {"uv": [182, 28], "uv_size": [2, 1]},
								"up": {"uv": [182, 30], "uv_size": [1, 2]},
								"down": {"uv": [33, 184], "uv_size": [1, -2]}
							}
						},
						{
							"origin": [-0.21367, 20.563, 1.6],
							"size": [0.25, 0.6, 0.325],
							"inflate": -0.1,
							"uv": {
								"north": {"uv": [78, 218], "uv_size": [1, 1]},
								"east": {"uv": [80, 218], "uv_size": [1, 1]},
								"south": {"uv": [82, 218], "uv_size": [1, 1]},
								"west": {"uv": [84, 218], "uv_size": [1, 1]},
								"up": {"uv": [218, 84], "uv_size": [1, 1]},
								"down": {"uv": [86, 219], "uv_size": [1, -1]}
							}
						},
						{
							"origin": [2.81163, 19.013, -0.825],
							"size": [0.4, 3.75, 2.25],
							"inflate": -0.1,
							"uv": {
								"north": {"uv": [0, 144], "uv_size": [1, 4]},
								"east": {"uv": [12, 116], "uv_size": [2, 4]},
								"south": {"uv": [31, 144], "uv_size": [1, 4]},
								"west": {"uv": [34, 116], "uv_size": [2, 4]},
								"up": {"uv": [35, 182], "uv_size": [1, 2]},
								"down": {"uv": [37, 184], "uv_size": [1, -2]}
							}
						},
						{
							"origin": [2.91133, 19.413, 0.175],
							"size": [0.4, 3.05, 0.65],
							"inflate": -0.1,
							"uv": {
								"north": {"uv": [159, 89], "uv_size": [1, 3]},
								"east": {"uv": [159, 93], "uv_size": [1, 3]},
								"south": {"uv": [159, 107], "uv_size": [1, 3]},
								"west": {"uv": [140, 159], "uv_size": [1, 3]},
								"up": {"uv": [218, 86], "uv_size": [1, 1]},
								"down": {"uv": [88, 219], "uv_size": [1, -1]}
							}
						},
						{
							"origin": [2.91163, 19.413, -0.225],
							"size": [0.4, 3.05, 0.65],
							"inflate": -0.1,
							"uv": {
								"north": {"uv": [142, 159], "uv_size": [1, 3]},
								"east": {"uv": [149, 159], "uv_size": [1, 3]},
								"south": {"uv": [0, 160], "uv_size": [1, 3]},
								"west": {"uv": [14, 160], "uv_size": [1, 3]},
								"up": {"uv": [218, 88], "uv_size": [1, 1]},
								"down": {"uv": [90, 219], "uv_size": [1, -1]}
							}
						},
						{
							"origin": [2.91233, 19.16397, -0.87403],
							"size": [0.4, 2.25, 0.85],
							"inflate": -0.1,
							"pivot": [2.84941, 20.28897, 0.3],
							"rotation": [-90, 0, 0],
							"uv": {
								"north": {"uv": [39, 182], "uv_size": [1, 2]},
								"east": {"uv": [182, 40], "uv_size": [1, 2]},
								"south": {"uv": [41, 182], "uv_size": [1, 2]},
								"west": {"uv": [43, 182], "uv_size": [1, 2]},
								"up": {"uv": [218, 90], "uv_size": [1, 1]},
								"down": {"uv": [92, 219], "uv_size": [1, -1]}
							}
						},
						{
							"origin": [2.70056, 18.00314, 0.27414],
							"size": [0.3, 1.45, 1.45],
							"inflate": -0.1,
							"pivot": [2.54941, 17.93897, 0.4],
							"rotation": [10.02392, -3.93913, -0.69569],
							"uv": {
								"north": {"uv": [218, 92], "uv_size": [1, 1]},
								"east": {"uv": [94, 218], "uv_size": [1, 1]},
								"south": {"uv": [218, 94], "uv_size": [1, 1]},
								"west": {"uv": [218, 96], "uv_size": [1, 1]},
								"up": {"uv": [218, 98], "uv_size": [1, 1]},
								"down": {"uv": [218, 101], "uv_size": [1, -1]}
							}
						},
						{
							"origin": [2.71886, 18.00314, -0.98604],
							"size": [0.3, 1.45, 1.45],
							"inflate": -0.1,
							"pivot": [2.54941, 17.93897, 0.3331],
							"rotation": [-10.02392, 3.93913, -0.69569],
							"uv": {
								"north": {"uv": [218, 102], "uv_size": [1, 1]},
								"east": {"uv": [104, 218], "uv_size": [1, 1]},
								"south": {"uv": [218, 104], "uv_size": [1, 1]},
								"west": {"uv": [106, 218], "uv_size": [1, 1]},
								"up": {"uv": [218, 106], "uv_size": [1, 1]},
								"down": {"uv": [108, 219], "uv_size": [1, -1]}
							}
						},
						{
							"origin": [2.57556, 17.50314, 0.27414],
							"size": [0.3, 1.975, 1.45],
							"inflate": -0.1,
							"pivot": [2.42441, 17.43897, 0.4],
							"rotation": [10.02392, -3.93913, -0.69569],
							"uv": {
								"north": {"uv": [182, 43], "uv_size": [1, 2]},
								"east": {"uv": [45, 182], "uv_size": [1, 2]},
								"south": {"uv": [54, 182], "uv_size": [1, 2]},
								"west": {"uv": [182, 55], "uv_size": [1, 2]},
								"up": {"uv": [110, 218], "uv_size": [1, 1]},
								"down": {"uv": [118, 219], "uv_size": [1, -1]}
							}
						},
						{
							"origin": [2.59386, 17.50314, -0.98604],
							"size": [0.3, 1.975, 1.45],
							"inflate": -0.1,
							"pivot": [2.42441, 17.43897, 0.3331],
							"rotation": [-10.02392, 3.93913, -0.69569],
							"uv": {
								"north": {"uv": [182, 58], "uv_size": [1, 2]},
								"east": {"uv": [182, 61], "uv_size": [1, 2]},
								"south": {"uv": [182, 72], "uv_size": [1, 2]},
								"west": {"uv": [182, 75], "uv_size": [1, 2]},
								"up": {"uv": [120, 218], "uv_size": [1, 1]},
								"down": {"uv": [122, 219], "uv_size": [1, -1]}
							}
						},
						{
							"origin": [2.87108, 23.19334, -0.825],
							"size": [0.4, 0.85, 2.25],
							"inflate": -0.1,
							"pivot": [0.5474, 23.20393, 0.36889],
							"rotation": [0, 0, 15],
							"uv": {
								"north": {"uv": [218, 122], "uv_size": [1, 1]},
								"east": {"uv": [182, 33], "uv_size": [2, 1]},
								"south": {"uv": [218, 124], "uv_size": [1, 1]},
								"west": {"uv": [182, 80], "uv_size": [2, 1]},
								"up": {"uv": [182, 82], "uv_size": [1, 2]},
								"down": {"uv": [182, 87], "uv_size": [1, -2]}
							}
						},
						{
							"origin": [2.67714, 22.58157, -0.74764],
							"size": [0.39549, 0.83983, 0.32087],
							"inflate": -0.1,
							"pivot": [2.79347, 22.31969, -0.7843],
							"rotation": [7.41658, 22.61819, 16.0914],
							"uv": {
								"north": {"uv": [218, 126], "uv_size": [1, 1]},
								"east": {"uv": [218, 128], "uv_size": [1, 1]},
								"south": {"uv": [148, 218], "uv_size": [1, 1]},
								"west": {"uv": [218, 148], "uv_size": [1, 1]},
								"up": {"uv": [150, 218], "uv_size": [1, 1]},
								"down": {"uv": [218, 151], "uv_size": [1, -1]}
							}
						},
						{
							"origin": [2.67414, 22.57475, 1.02455],
							"size": [0.39549, 0.83983, 0.32087],
							"inflate": -0.1,
							"pivot": [2.80512, 22.30718, 1.38208],
							"rotation": [-7.41658, -22.61819, 16.0914],
							"uv": {
								"north": {"uv": [152, 218], "uv_size": [1, 1]},
								"east": {"uv": [154, 218], "uv_size": [1, 1]},
								"south": {"uv": [156, 218], "uv_size": [1, 1]},
								"west": {"uv": [218, 164], "uv_size": [1, 1]},
								"up": {"uv": [218, 166], "uv_size": [1, 1]},
								"down": {"uv": [218, 169], "uv_size": [1, -1]}
							}
						},
						{
							"origin": [2.03934, 19.0119, 0.66865],
							"size": [0.4, 3.75, 1.55],
							"inflate": -0.1,
							"pivot": [2.05392, 20.43897, 1.97907],
							"rotation": [0, -45, 0],
							"uv": {
								"north": {"uv": [33, 144], "uv_size": [1, 4]},
								"east": {"uv": [49, 116], "uv_size": [2, 4]},
								"south": {"uv": [35, 144], "uv_size": [1, 4]},
								"west": {"uv": [52, 116], "uv_size": [2, 4]},
								"up": {"uv": [182, 88], "uv_size": [1, 2]},
								"down": {"uv": [182, 93], "uv_size": [1, -2]}
							}
						},
						{
							"origin": [1.55175, 22.67353, 0.35537],
							"size": [0.4, 0.8, 1.55],
							"inflate": -0.1,
							"pivot": [1.74063, 20.37363, 1.66579],
							"rotation": [-14.51082, -43.07952, 20.75357],
							"uv": {
								"north": {"uv": [218, 170], "uv_size": [1, 1]},
								"east": {"uv": [182, 94], "uv_size": [2, 1]},
								"south": {"uv": [218, 172], "uv_size": [1, 1]},
								"west": {"uv": [182, 96], "uv_size": [2, 1]},
								"up": {"uv": [182, 98], "uv_size": [1, 2]},
								"down": {"uv": [182, 103], "uv_size": [1, -2]}
							}
						},
						{
							"origin": [1.55175, 22.67353, -1.30537],
							"size": [0.4, 0.8, 1.55],
							"inflate": -0.1,
							"pivot": [1.74063, 20.37363, -1.06579],
							"rotation": [14.51082, 43.07952, 20.75357],
							"uv": {
								"north": {"uv": [218, 174], "uv_size": [1, 1]},
								"east": {"uv": [182, 104], "uv_size": [2, 1]},
								"south": {"uv": [218, 176], "uv_size": [1, 1]},
								"west": {"uv": [106, 182], "uv_size": [2, 1]},
								"up": {"uv": [182, 106], "uv_size": [1, 2]},
								"down": {"uv": [182, 111], "uv_size": [1, -2]}
							}
						},
						{
							"origin": [2.03934, 19.0119, -1.61865],
							"size": [0.4, 3.75, 1.55],
							"inflate": -0.1,
							"pivot": [2.05392, 20.43897, -1.37907],
							"rotation": [0, 45, 0],
							"uv": {
								"north": {"uv": [37, 144], "uv_size": [1, 4]},
								"east": {"uv": [55, 116], "uv_size": [2, 4]},
								"south": {"uv": [39, 144], "uv_size": [1, 4]},
								"west": {"uv": [58, 116], "uv_size": [2, 4]},
								"up": {"uv": [182, 112], "uv_size": [1, 2]},
								"down": {"uv": [113, 184], "uv_size": [1, -2]}
							}
						},
						{
							"origin": [3.72964, 25.16418, -0.13445],
							"size": [0.3, 1.9, 2.15],
							"inflate": -0.1,
							"pivot": [2.79202, 23.73946, 0.32855],
							"rotation": [-5, -8, -22],
							"uv": {
								"north": {"uv": [182, 115], "uv_size": [1, 2]},
								"east": {"uv": [41, 144], "uv_size": [2, 2]},
								"south": {"uv": [121, 182], "uv_size": [1, 2]},
								"west": {"uv": [44, 144], "uv_size": [2, 2]},
								"up": {"uv": [182, 127], "uv_size": [1, 2]},
								"down": {"uv": [182, 132], "uv_size": [1, -2]}
							}
						},
						{
							"origin": [3.6932, 25.15089, -1.20646],
							"size": [0.3, 1.9, 2.15],
							"inflate": -0.1,
							"pivot": [2.79202, 23.73946, 0.32855],
							"rotation": [5, 8, -22],
							"uv": {
								"north": {"uv": [182, 133], "uv_size": [1, 2]},
								"east": {"uv": [47, 144], "uv_size": [2, 2]},
								"south": {"uv": [182, 136], "uv_size": [1, 2]},
								"west": {"uv": [144, 49], "uv_size": [2, 2]},
								"up": {"uv": [182, 139], "uv_size": [1, 2]},
								"down": {"uv": [182, 144], "uv_size": [1, -2]}
							}
						},
						{
							"origin": [3.69089, 24.07483, -1.95296],
							"size": [0.4, 1.9, 2.55],
							"inflate": -0.1,
							"pivot": [2.79202, 23.73946, 0.32855],
							"rotation": [0, 8, -22],
							"uv": {
								"north": {"uv": [182, 145], "uv_size": [1, 2]},
								"east": {"uv": [128, 58], "uv_size": [3, 2]},
								"south": {"uv": [182, 148], "uv_size": [1, 2]},
								"west": {"uv": [128, 65], "uv_size": [3, 2]},
								"up": {"uv": [160, 16], "uv_size": [1, 3]},
								"down": {"uv": [24, 163], "uv_size": [1, -3]}
							}
						},
						{
							"origin": [3.89129, 25.60307, -0.15288],
							"size": [0.3, 0.3, 0.85],
							"inflate": -0.1,
							"pivot": [2.81742, 23.66303, 0.2924],
							"rotation": [45, 8, -22],
							"uv": {
								"north": {"uv": [218, 178], "uv_size": [1, 1]},
								"east": {"uv": [218, 182], "uv_size": [1, 1]},
								"south": {"uv": [218, 184], "uv_size": [1, 1]},
								"west": {"uv": [218, 186], "uv_size": [1, 1]},
								"up": {"uv": [218, 188], "uv_size": [1, 1]},
								"down": {"uv": [218, 191], "uv_size": [1, -1]}
							}
						},
						{
							"origin": [3.85567, 24.46494, 0.3771],
							"size": [0.3, 0.3, 0.85],
							"inflate": -0.1,
							"pivot": [2.7818, 23.72491, 0.22238],
							"rotation": [45, 8, -22],
							"uv": {
								"north": {"uv": [192, 218], "uv_size": [1, 1]},
								"east": {"uv": [194, 218], "uv_size": [1, 1]},
								"south": {"uv": [196, 218], "uv_size": [1, 1]},
								"west": {"uv": [200, 218], "uv_size": [1, 1]},
								"up": {"uv": [202, 218], "uv_size": [1, 1]},
								"down": {"uv": [204, 219], "uv_size": [1, -1]}
							}
						},
						{
							"origin": [3.87464, 25.034, -0.18789],
							"size": [0.3, 0.3, 1.45],
							"inflate": -0.1,
							"pivot": [2.79961, 23.69397, 0.25739],
							"rotation": [45, 8, -22],
							"uv": {
								"north": {"uv": [218, 204], "uv_size": [1, 1]},
								"east": {"uv": [206, 218], "uv_size": [1, 1]},
								"south": {"uv": [218, 206], "uv_size": [1, 1]},
								"west": {"uv": [218, 208], "uv_size": [1, 1]},
								"up": {"uv": [210, 218], "uv_size": [1, 1]},
								"down": {"uv": [218, 211], "uv_size": [1, -1]}
							}
						},
						{
							"origin": [3.86664, 23.96796, 1.68757],
							"size": [0.3, 0.3, 0.85],
							"inflate": -0.1,
							"pivot": [2.79202, 23.73946, 0.32855],
							"rotation": [135, 8, -22],
							"uv": {
								"north": {"uv": [212, 218], "uv_size": [1, 1]},
								"east": {"uv": [218, 212], "uv_size": [1, 1]},
								"south": {"uv": [214, 218], "uv_size": [1, 1]},
								"west": {"uv": [218, 214], "uv_size": [1, 1]},
								"up": {"uv": [216, 218], "uv_size": [1, 1]},
								"down": {"uv": [218, 217], "uv_size": [1, -1]}
							}
						},
						{
							"origin": [3.87464, 22.59444, 0.9472],
							"size": [0.3, 0.3, 0.85],
							"inflate": -0.1,
							"pivot": [2.80026, 23.66652, 0.18851],
							"rotation": [135, 8, -22],
							"uv": {
								"north": {"uv": [218, 218], "uv_size": [1, 1]},
								"east": {"uv": [219, 0], "uv_size": [1, 1]},
								"south": {"uv": [219, 2], "uv_size": [1, 1]},
								"west": {"uv": [219, 4], "uv_size": [1, 1]},
								"up": {"uv": [8, 219], "uv_size": [1, 1]},
								"down": {"uv": [219, 13], "uv_size": [1, -1]}
							}
						},
						{
							"origin": [3.86664, 23.96796, -1.83757],
							"size": [0.3, 0.3, 0.85],
							"inflate": -0.1,
							"pivot": [2.79202, 23.73946, 0.37145],
							"rotation": [-135, -8, -22],
							"uv": {
								"north": {"uv": [18, 219], "uv_size": [1, 1]},
								"east": {"uv": [219, 18], "uv_size": [1, 1]},
								"south": {"uv": [20, 219], "uv_size": [1, 1]},
								"west": {"uv": [219, 20], "uv_size": [1, 1]},
								"up": {"uv": [22, 219], "uv_size": [1, 1]},
								"down": {"uv": [219, 23], "uv_size": [1, -1]}
							}
						},
						{
							"origin": [3.89129, 25.60307, 0.00288],
							"size": [0.3, 0.3, 0.85],
							"inflate": -0.1,
							"pivot": [2.81742, 23.66303, 0.4076],
							"rotation": [-45, -8, -22],
							"uv": {
								"north": {"uv": [24, 219], "uv_size": [1, 1]},
								"east": {"uv": [26, 219], "uv_size": [1, 1]},
								"south": {"uv": [28, 219], "uv_size": [1, 1]},
								"west": {"uv": [30, 219], "uv_size": [1, 1]},
								"up": {"uv": [32, 219], "uv_size": [1, 1]},
								"down": {"uv": [34, 220], "uv_size": [1, -1]}
							}
						},
						{
							"origin": [3.87464, 25.034, -0.56211],
							"size": [0.3, 0.3, 1.45],
							"inflate": -0.1,
							"pivot": [2.79961, 23.69397, 0.44261],
							"rotation": [-45, -8, -22],
							"uv": {
								"north": {"uv": [36, 219], "uv_size": [1, 1]},
								"east": {"uv": [219, 36], "uv_size": [1, 1]},
								"south": {"uv": [219, 40], "uv_size": [1, 1]},
								"west": {"uv": [219, 42], "uv_size": [1, 1]},
								"up": {"uv": [219, 44], "uv_size": [1, 1]},
								"down": {"uv": [46, 220], "uv_size": [1, -1]}
							}
						},
						{
							"origin": [3.87464, 22.59444, -1.0972],
							"size": [0.3, 0.3, 0.85],
							"inflate": -0.1,
							"pivot": [2.80026, 23.66652, 0.51149],
							"rotation": [-135, -8, -22],
							"uv": {
								"north": {"uv": [219, 46], "uv_size": [1, 1]},
								"east": {"uv": [48, 219], "uv_size": [1, 1]},
								"south": {"uv": [219, 48], "uv_size": [1, 1]},
								"west": {"uv": [50, 219], "uv_size": [1, 1]},
								"up": {"uv": [219, 50], "uv_size": [1, 1]},
								"down": {"uv": [52, 220], "uv_size": [1, -1]}
							}
						},
						{
							"origin": [3.85567, 24.46494, -0.5271],
							"size": [0.3, 0.3, 0.85],
							"inflate": -0.1,
							"pivot": [2.7818, 23.72491, 0.47762],
							"rotation": [-45, -8, -22],
							"uv": {
								"north": {"uv": [54, 219], "uv_size": [1, 1]},
								"east": {"uv": [56, 219], "uv_size": [1, 1]},
								"south": {"uv": [219, 56], "uv_size": [1, 1]},
								"west": {"uv": [219, 58], "uv_size": [1, 1]},
								"up": {"uv": [219, 60], "uv_size": [1, 1]},
								"down": {"uv": [219, 65], "uv_size": [1, -1]}
							}
						},
						{
							"origin": [3.69089, 24.07483, 0.06007],
							"size": [0.4, 1.9, 2.55],
							"inflate": -0.1,
							"pivot": [2.79202, 23.73946, 0.32855],
							"rotation": [0, -8, -22],
							"uv": {
								"north": {"uv": [150, 182], "uv_size": [1, 2]},
								"east": {"uv": [128, 68], "uv_size": [3, 2]},
								"south": {"uv": [182, 151], "uv_size": [1, 2]},
								"west": {"uv": [81, 128], "uv_size": [3, 2]},
								"up": {"uv": [160, 26], "uv_size": [1, 3]},
								"down": {"uv": [160, 37], "uv_size": [1, -3]}
							}
						},
						{
							"origin": [3.28201, 23.72893, 0.12036],
							"size": [0.3, 1.2, 2.05],
							"inflate": -0.1,
							"pivot": [2.79202, 23.73946, 0.32855],
							"rotation": [-3.3991, -7.24623, 6.21529],
							"uv": {
								"north": {"uv": [219, 66], "uv_size": [1, 1]},
								"east": {"uv": [182, 154], "uv_size": [2, 1]},
								"south": {"uv": [68, 219], "uv_size": [1, 1]},
								"west": {"uv": [182, 156], "uv_size": [2, 1]},
								"up": {"uv": [182, 158], "uv_size": [1, 2]},
								"down": {"uv": [182, 163], "uv_size": [1, -2]}
							}
						},
						{
							"origin": [3.28177, 22.04145, 0.13207],
							"size": [0.3, 1.9, 2.05],
							"inflate": -0.1,
							"pivot": [2.79202, 23.73946, 0.32855],
							"rotation": [3.6009, -7.24623, 6.21529],
							"uv": {
								"north": {"uv": [182, 167], "uv_size": [1, 2]},
								"east": {"uv": [50, 144], "uv_size": [2, 2]},
								"south": {"uv": [173, 182], "uv_size": [1, 2]},
								"west": {"uv": [53, 144], "uv_size": [2, 2]},
								"up": {"uv": [175, 182], "uv_size": [1, 2]},
								"down": {"uv": [182, 182], "uv_size": [1, -2]}
							}
						},
						{
							"origin": [3.28804, 22.04969, 0.24249],
							"size": [0.3, 1.1, 0.35],
							"inflate": -0.1,
							"pivot": [2.79202, 23.73946, 0.32855],
							"rotation": [-1.42382, 2.73426, 6.8409],
							"uv": {
								"north": {"uv": [219, 68], "uv_size": [1, 1]},
								"east": {"uv": [70, 219], "uv_size": [1, 1]},
								"south": {"uv": [219, 70], "uv_size": [1, 1]},
								"west": {"uv": [72, 219], "uv_size": [1, 1]},
								"up": {"uv": [219, 72], "uv_size": [1, 1]},
								"down": {"uv": [219, 75], "uv_size": [1, -1]}
							}
						},
						{
							"origin": [3.28379, 22.05264, -1.44153],
							"size": [0.3, 1.9, 2.05],
							"inflate": -0.1,
							"pivot": [2.79202, 23.73946, 0.32855],
							"rotation": [-3.6009, 7.24623, 6.21529],
							"uv": {
								"north": {"uv": [183, 0], "uv_size": [1, 2]},
								"east": {"uv": [144, 70], "uv_size": [2, 2]},
								"south": {"uv": [183, 3], "uv_size": [1, 2]},
								"west": {"uv": [144, 82], "uv_size": [2, 2]},
								"up": {"uv": [183, 6], "uv_size": [1, 2]},
								"down": {"uv": [183, 11], "uv_size": [1, -2]}
							}
						},
						{
							"origin": [3.28529, 23.73057, -1.44082],
							"size": [0.3, 1.2, 2.05],
							"inflate": -0.1,
							"pivot": [2.79202, 23.73946, 0.32855],
							"rotation": [3.3991, 7.24623, 6.21529],
							"uv": {
								"north": {"uv": [219, 78], "uv_size": [1, 1]},
								"east": {"uv": [12, 183], "uv_size": [2, 1]},
								"south": {"uv": [219, 80], "uv_size": [1, 1]},
								"west": {"uv": [183, 12], "uv_size": [2, 1]},
								"up": {"uv": [183, 14], "uv_size": [1, 2]},
								"down": {"uv": [15, 185], "uv_size": [1, -2]}
							}
						},
						{
							"origin": [3.18869, 23.35541, -1.7204],
							"size": [0.3, 0.35, 1.1],
							"inflate": -0.1,
							"pivot": [3.14336, 22.78582, -0.48417],
							"rotation": [-30.64562, 8.21379, 5.86077],
							"uv": {
								"north": {"uv": [219, 82], "uv_size": [1, 1]},
								"east": {"uv": [96, 219], "uv_size": [1, 1]},
								"south": {"uv": [98, 219], "uv_size": [1, 1]},
								"west": {"uv": [100, 219], "uv_size": [1, 1]},
								"up": {"uv": [102, 219], "uv_size": [1, 1]},
								"down": {"uv": [219, 109], "uv_size": [1, -1]}
							}
						},
						{
							"origin": [3.18594, 23.01181, -1.29196],
							"size": [0.3, 0.35, 1.1],
							"inflate": -0.1,
							"pivot": [3.14336, 22.78582, -0.48417],
							"rotation": [-70.64562, 8.21379, 5.86077],
							"uv": {
								"north": {"uv": [219, 110], "uv_size": [1, 1]},
								"east": {"uv": [112, 219], "uv_size": [1, 1]},
								"south": {"uv": [219, 112], "uv_size": [1, 1]},
								"west": {"uv": [114, 219], "uv_size": [1, 1]},
								"up": {"uv": [219, 114], "uv_size": [1, 1]},
								"down": {"uv": [116, 220], "uv_size": [1, -1]}
							}
						},
						{
							"origin": [3.18594, 23.01181, 0.79196],
							"size": [0.3, 0.35, 1.1],
							"inflate": -0.1,
							"pivot": [3.14336, 22.78582, 1.08417],
							"rotation": [70.64562, -8.21379, 5.86077],
							"uv": {
								"north": {"uv": [219, 116], "uv_size": [1, 1]},
								"east": {"uv": [219, 118], "uv_size": [1, 1]},
								"south": {"uv": [219, 120], "uv_size": [1, 1]},
								"west": {"uv": [124, 219], "uv_size": [1, 1]},
								"up": {"uv": [126, 219], "uv_size": [1, 1]},
								"down": {"uv": [128, 220], "uv_size": [1, -1]}
							}
						},
						{
							"origin": [3.18869, 23.35541, 1.2204],
							"size": [0.3, 0.35, 1.1],
							"inflate": -0.1,
							"pivot": [3.14336, 22.78582, 1.08417],
							"rotation": [30.64562, -8.21379, 5.86077],
							"uv": {
								"north": {"uv": [130, 219], "uv_size": [1, 1]},
								"east": {"uv": [219, 130], "uv_size": [1, 1]},
								"south": {"uv": [132, 219], "uv_size": [1, 1]},
								"west": {"uv": [219, 132], "uv_size": [1, 1]},
								"up": {"uv": [134, 219], "uv_size": [1, 1]},
								"down": {"uv": [219, 135], "uv_size": [1, -1]}
							}
						}
					]
				},
				{
					"name": "sleeve.L",
					"parent": "LeftArmArmor",
					"pivot": [0.91104, 23.96935, 0.34389],
					"cubes": [
						{
							"origin": [0.35516, 22.65311, -0.70008],
							"size": [2.8, 1.9, 2.6],
							"inflate": -0.1,
							"pivot": [0.91104, 23.96935, 0.34389],
							"rotation": [-90, 42, -90],
							"uv": {
								"north": {"uv": [89, 129], "uv_size": [3, 2]},
								"east": {"uv": [93, 129], "uv_size": [3, 2]},
								"south": {"uv": [129, 96], "uv_size": [3, 2]},
								"west": {"uv": [101, 129], "uv_size": [3, 2]},
								"up": {"uv": [75, 109], "uv_size": [3, 3]},
								"down": {"uv": [79, 112], "uv_size": [3, -3]}
							}
						},
						{
							"origin": [-0.79412, 22.07938, -0.70043],
							"size": [3.5, 2.8, 2.6],
							"inflate": -0.1,
							"pivot": [0.91104, 23.96935, 0.34389],
							"rotation": [-90, 25, -90],
							"uv": {
								"north": {"uv": [86, 38], "uv_size": [4, 3]},
								"east": {"uv": [0, 110], "uv_size": [3, 3]},
								"south": {"uv": [87, 8], "uv_size": [4, 3]},
								"west": {"uv": [110, 24], "uv_size": [3, 3]},
								"up": {"uv": [14, 87], "uv_size": [4, 3]},
								"down": {"uv": [87, 28], "uv_size": [4, -3]}
							}
						},
						{
							"origin": [0.30828, 22.07423, -1.20611],
							"size": [2.4, 2.775, 3.05],
							"inflate": -0.1,
							"pivot": [0.91104, 23.96935, 0.34389],
							"rotation": [0, 0, -65],
							"uv": {
								"north": {"uv": [72, 127], "uv_size": [2, 3]},
								"east": {"uv": [109, 12], "uv_size": [3, 3]},
								"south": {"uv": [128, 84], "uv_size": [2, 3]},
								"west": {"uv": [16, 109], "uv_size": [3, 3]},
								"up": {"uv": [128, 88], "uv_size": [2, 3]},
								"down": {"uv": [128, 95], "uv_size": [2, -3]}
							}
						},
						{
							"origin": [-0.79412, 22.07938, 1.07457],
							"size": [3.5, 2.8, 0.6],
							"inflate": -0.1,
							"pivot": [0.91104, 23.96935, 0.31889],
							"rotation": [-90, 25, -90],
							"uv": {
								"north": {"uv": [85, 77], "uv_size": [4, 3]},
								"east": {"uv": [42, 160], "uv_size": [1, 3]},
								"south": {"uv": [85, 81], "uv_size": [4, 3]},
								"west": {"uv": [44, 160], "uv_size": [1, 3]},
								"up": {"uv": [142, 6], "uv_size": [4, 1]},
								"down": {"uv": [144, 27], "uv_size": [4, -1]}
							}
						},
						{
							"origin": [0.35516, 22.65311, 1.07492],
							"size": [2.8, 1.9, 0.6],
							"inflate": -0.1,
							"pivot": [0.91104, 23.96935, 0.31889],
							"rotation": [-90, 42, -90],
							"uv": {
								"north": {"uv": [97, 128], "uv_size": [3, 2]},
								"east": {"uv": [17, 183], "uv_size": [1, 2]},
								"south": {"uv": [128, 114], "uv_size": [3, 2]},
								"west": {"uv": [183, 17], "uv_size": [1, 2]},
								"up": {"uv": [159, 147], "uv_size": [3, 1]},
								"down": {"uv": [160, 7], "uv_size": [3, -1]}
							}
						},
						{
							"origin": [-0.18858, 25.388, -1.275],
							"size": [2.7, 0.6, 3.15],
							"inflate": -0.1,
							"uv": {
								"north": {"uv": [160, 48], "uv_size": [3, 1]},
								"east": {"uv": [160, 73], "uv_size": [3, 1]},
								"south": {"uv": [160, 75], "uv_size": [3, 1]},
								"west": {"uv": [160, 77], "uv_size": [3, 1]},
								"up": {"uv": [92, 109], "uv_size": [3, 3]},
								"down": {"uv": [109, 111], "uv_size": [3, -3]}
							}
						},
						{
							"origin": [1.66142, 25.3884, -1.3],
							"size": [0.6, 0.6, 3.15],
							"inflate": -0.1,
							"uv": {
								"north": {"uv": [136, 219], "uv_size": [1, 1]},
								"east": {"uv": [160, 44], "uv_size": [3, 1]},
								"south": {"uv": [219, 136], "uv_size": [1, 1]},
								"west": {"uv": [160, 46], "uv_size": [3, 1]},
								"up": {"uv": [67, 160], "uv_size": [1, 3]},
								"down": {"uv": [160, 72], "uv_size": [1, -3]}
							}
						},
						{
							"origin": [0.35896, 22.64888, -1.205],
							"size": [2.8, 1.9, 3.05],
							"inflate": -0.1,
							"pivot": [0.91104, 23.96935, 0.34389],
							"rotation": [0, 0, -48],
							"uv": {
								"north": {"uv": [128, 37], "uv_size": [3, 2]},
								"east": {"uv": [128, 40], "uv_size": [3, 2]},
								"south": {"uv": [128, 47], "uv_size": [3, 2]},
								"west": {"uv": [128, 55], "uv_size": [3, 2]},
								"up": {"uv": [8, 109], "uv_size": [3, 3]},
								"down": {"uv": [109, 11], "uv_size": [3, -3]}
							}
						},
						{
							"origin": [-0.16337, 20.513, -1.275],
							"size": [2.675, 2.6, 3.15],
							"inflate": -0.1,
							"uv": {
								"north": {"uv": [110, 28], "uv_size": [3, 3]},
								"east": {"uv": [110, 32], "uv_size": [3, 3]},
								"south": {"uv": [110, 36], "uv_size": [3, 3]},
								"west": {"uv": [110, 40], "uv_size": [3, 3]},
								"up": {"uv": [110, 44], "uv_size": [3, 3]},
								"down": {"uv": [46, 113], "uv_size": [3, -3]}
							}
						},
						{
							"origin": [1.66163, 20.513, -1.3],
							"size": [0.6, 2.6, 3.15],
							"inflate": -0.1,
							"uv": {
								"north": {"uv": [120, 158], "uv_size": [1, 3]},
								"east": {"uv": [101, 108], "uv_size": [3, 3]},
								"south": {"uv": [16, 159], "uv_size": [1, 3]},
								"west": {"uv": [108, 104], "uv_size": [3, 3]},
								"up": {"uv": [18, 159], "uv_size": [1, 3]},
								"down": {"uv": [159, 25], "uv_size": [1, -3]}
							}
						},
						{
							"origin": [-0.16267, 20.238, -1.325],
							"size": [2.725, 0.925, 3.25],
							"inflate": -0.1,
							"uv": {
								"north": {"uv": [159, 53], "uv_size": [3, 1]},
								"east": {"uv": [159, 55], "uv_size": [3, 1]},
								"south": {"uv": [159, 57], "uv_size": [3, 1]},
								"west": {"uv": [159, 59], "uv_size": [3, 1]},
								"up": {"uv": [4, 109], "uv_size": [3, 3]},
								"down": {"uv": [109, 7], "uv_size": [3, -3]}
							}
						},
						{
							"origin": [-0.23837, 19.538, -1.35],
							"size": [2.825, 0.925, 3.3],
							"inflate": -0.1,
							"uv": {
								"north": {"uv": [159, 32], "uv_size": [3, 1]},
								"east": {"uv": [159, 40], "uv_size": [3, 1]},
								"south": {"uv": [159, 42], "uv_size": [3, 1]},
								"west": {"uv": [159, 51], "uv_size": [3, 1]},
								"up": {"uv": [105, 108], "uv_size": [3, 3]},
								"down": {"uv": [109, 3], "uv_size": [3, -3]}
							}
						},
						{
							"origin": [0.33658, 22.63638, -1.23722],
							"size": [2.8, 1.9, 2.65],
							"inflate": -0.1,
							"pivot": [0.91104, 23.96935, 0.34389],
							"rotation": [90, -42, -90],
							"uv": {
								"north": {"uv": [129, 75], "uv_size": [3, 2]},
								"east": {"uv": [129, 78], "uv_size": [3, 2]},
								"south": {"uv": [129, 81], "uv_size": [3, 2]},
								"west": {"uv": [85, 129], "uv_size": [3, 2]},
								"up": {"uv": [28, 109], "uv_size": [3, 3]},
								"down": {"uv": [32, 112], "uv_size": [3, -3]}
							}
						},
						{
							"origin": [-0.81678, 22.06881, -1.23679],
							"size": [3.5, 2.8, 2.65],
							"inflate": -0.1,
							"pivot": [0.91104, 23.96935, 0.34389],
							"rotation": [90, -25, -90],
							"uv": {
								"north": {"uv": [85, 85], "uv_size": [4, 3]},
								"east": {"uv": [36, 109], "uv_size": [3, 3]},
								"south": {"uv": [86, 0], "uv_size": [4, 3]},
								"west": {"uv": [71, 109], "uv_size": [3, 3]},
								"up": {"uv": [86, 4], "uv_size": [4, 3]},
								"down": {"uv": [86, 37], "uv_size": [4, -3]}
							}
						},
						{
							"origin": [-1.01678, 22.06881, -1.21179],
							"size": [3.5, 2.8, 0.6],
							"inflate": -0.1,
							"pivot": [0.71104, 23.96935, 0.36889],
							"rotation": [90, -25, -90],
							"uv": {
								"north": {"uv": [87, 29], "uv_size": [4, 3]},
								"east": {"uv": [108, 160], "uv_size": [1, 3]},
								"south": {"uv": [87, 42], "uv_size": [4, 3]},
								"west": {"uv": [110, 160], "uv_size": [1, 3]},
								"up": {"uv": [144, 61], "uv_size": [4, 1]},
								"down": {"uv": [144, 86], "uv_size": [4, -1]}
							}
						},
						{
							"origin": [1.68642, 25.3884, -1.25],
							"size": [0.6, 0.6, 3.15],
							"inflate": -0.1,
							"uv": {
								"north": {"uv": [138, 219], "uv_size": [1, 1]},
								"east": {"uv": [160, 79], "uv_size": [3, 1]},
								"south": {"uv": [219, 138], "uv_size": [1, 1]},
								"west": {"uv": [160, 81], "uv_size": [3, 1]},
								"up": {"uv": [160, 99], "uv_size": [1, 3]},
								"down": {"uv": [160, 106], "uv_size": [1, -3]}
							}
						},
						{
							"origin": [0.13658, 22.63638, -1.21222],
							"size": [2.8, 1.9, 0.6],
							"inflate": -0.1,
							"pivot": [0.71104, 23.96935, 0.36889],
							"rotation": [90, -42, -90],
							"uv": {
								"north": {"uv": [129, 102], "uv_size": [3, 2]},
								"east": {"uv": [25, 183], "uv_size": [1, 2]},
								"south": {"uv": [129, 105], "uv_size": [3, 2]},
								"west": {"uv": [183, 35], "uv_size": [1, 2]},
								"up": {"uv": [160, 83], "uv_size": [3, 1]},
								"down": {"uv": [104, 161], "uv_size": [3, -1]}
							}
						},
						{
							"origin": [1.68663, 20.513, -1.25],
							"size": [0.6, 2.6, 3.15],
							"inflate": -0.1,
							"uv": {
								"north": {"uv": [160, 111], "uv_size": [1, 3]},
								"east": {"uv": [110, 48], "uv_size": [3, 3]},
								"south": {"uv": [112, 160], "uv_size": [1, 3]},
								"west": {"uv": [110, 52], "uv_size": [3, 3]},
								"up": {"uv": [114, 160], "uv_size": [1, 3]},
								"down": {"uv": [160, 118], "uv_size": [1, -3]}
							}
						},
						{
							"origin": [-0.01667, 23.06608, -1.105],
							"size": [2.8, 1.9, 3.05],
							"inflate": -0.1,
							"pivot": [0.91104, 23.96935, 0.34389],
							"rotation": [180, 0, -132],
							"uv": {
								"north": {"uv": [129, 27], "uv_size": [3, 2]},
								"east": {"uv": [129, 50], "uv_size": [3, 2]},
								"south": {"uv": [129, 61], "uv_size": [3, 2]},
								"west": {"uv": [75, 129], "uv_size": [3, 2]},
								"up": {"uv": [109, 20], "uv_size": [3, 3]},
								"down": {"uv": [24, 112], "uv_size": [3, -3]}
							}
						},
						{
							"origin": [0.17104, 22.58301, -1.10611],
							"size": [2.3, 2.8, 3.05],
							"inflate": -0.1,
							"pivot": [0.91104, 23.96935, 0.34389],
							"rotation": [-180, 0, -115],
							"uv": {
								"north": {"uv": [129, 0], "uv_size": [2, 3]},
								"east": {"uv": [109, 16], "uv_size": [3, 3]},
								"south": {"uv": [129, 7], "uv_size": [2, 3]},
								"west": {"uv": [20, 109], "uv_size": [3, 3]},
								"up": {"uv": [129, 11], "uv_size": [2, 3]},
								"down": {"uv": [129, 26], "uv_size": [2, -3]}
							}
						}
					]
				},
				{
					"name": "LeftHand",
					"parent": "LeftForeArm",
					"pivot": [1.75611, 17.03787, -0.375]
				},
				{
					"name": "LeftHandLocator",
					"parent": "LeftHand",
					"pivot": [1.05611, 18.03787, -0.375]
				},
				{
					"name": "SheathLocator",
					"parent": "LeftHand",
					"pivot": [1.75611, 17.03787, -0.375]
				},
				{
					"name": "LeftWaistLocator",
					"parent": "LeftHand",
					"pivot": [0.95611, 18.13787, -0.375]
				},
				{
					"name": "RightArm",
					"pivot": [-1.21842, 30.73689, -0.4],
					"cubes": [
						{
							"origin": [-2.41116, 24.43966, -0.9],
							"size": [2.35, 6.5, 2.4],
							"inflate": -0.1,
							"uv": {
								"north": {"uv": [349, 352], "uv_size": [5, 13]},
								"east": {"uv": [64, 353], "uv_size": [5, 13]},
								"south": {"uv": [69, 353], "uv_size": [5, 13]},
								"west": {"uv": [74, 353], "uv_size": [5, 13]},
								"up": {"uv": [352, 328], "uv_size": [5, 5]},
								"down": {"uv": [79, 358], "uv_size": [5, -5]}
							}
						},
						{
							"origin": [-1.97617, 30.15478, -0.892],
							"size": [1.95, 1.2, 2.389],
							"inflate": -0.1,
							"pivot": [-1.00117, 31.35478, 0.1],
							"rotation": [0, 0, 30],
							"uv": {
								"north": {"uv": [22, 66], "uv_size": [4, 2]},
								"east": {"uv": [84, 353], "uv_size": [5, 2]},
								"south": {"uv": [27, 66], "uv_size": [4, 2]},
								"west": {"uv": [89, 353], "uv_size": [5, 2]},
								"up": {"uv": [217, 288], "uv_size": [4, 5]},
								"down": {"uv": [217, 298], "uv_size": [4, -5]}
							}
						},
						{
							"origin": [-1.4295, 30.13004, -0.895],
							"size": [1.675, 1.35, 2.393],
							"inflate": -0.1,
							"pivot": [-0.4545, 31.33004, 0.1],
							"rotation": [0, 0, 67],
							"uv": {
								"north": {"uv": [38, 46], "uv_size": [3, 3]},
								"east": {"uv": [62, 108], "uv_size": [5, 3]},
								"south": {"uv": [8, 47], "uv_size": [3, 3]},
								"west": {"uv": [49, 261], "uv_size": [5, 3]},
								"up": {"uv": [30, 45], "uv_size": [3, 5]},
								"down": {"uv": [34, 51], "uv_size": [3, -5]}
							}
						}
					]
				},
				{
					"name": "RightForeArm",
					"parent": "RightArm",
					"pivot": [-1.79357, 24.41602, -0.375],
					"cubes": [
						{
							"origin": [-2.43637, 17.41466, -0.875],
							"size": [2.375, 7.8, 2.4],
							"inflate": -0.1,
							"uv": {
								"north": {"uv": [167, 352], "uv_size": [5, 15]},
								"east": {"uv": [286, 352], "uv_size": [5, 15]},
								"south": {"uv": [339, 352], "uv_size": [5, 15]},
								"west": {"uv": [344, 352], "uv_size": [5, 15]},
								"up": {"uv": [262, 0], "uv_size": [5, 5]},
								"down": {"uv": [352, 328], "uv_size": [5, -5]}
							}
						}
					]
				},
				{
					"name": "RightHand",
					"parent": "RightForeArm",
					"pivot": [-1.79357, 17.11602, -0.375]
				},
				{
					"name": "RightHandLocator",
					"parent": "RightHand",
					"pivot": [-0.89357, 18.21602, -0.375]
				},
				{
					"name": "BladeLocator",
					"parent": "RightHand",
					"pivot": [-1.79357, 17.21602, -0.375]
				},
				{
					"name": "RightArmArmor",
					"parent": "RightForeArm",
					"pivot": [-0.9485, 23.9475, 0.34389],
					"cubes": [
						{
							"origin": [-3.55215, 23.43356, 1.2204],
							"size": [0.3, 0.35, 1.1],
							"inflate": -0.1,
							"pivot": [-3.20682, 22.86397, 1.08417],
							"rotation": [30.64562, 8.21379, -5.86077],
							"uv": {
								"north": {"uv": [131, 219], "uv_size": [-1, 1]},
								"east": {"uv": [220, 132], "uv_size": [-1, 1]},
								"south": {"uv": [133, 219], "uv_size": [-1, 1]},
								"west": {"uv": [220, 130], "uv_size": [-1, 1]},
								"up": {"uv": [135, 219], "uv_size": [-1, 1]},
								"down": {"uv": [220, 135], "uv_size": [-1, -1]}
							}
						},
						{
							"origin": [-0.09979, 20.31615, -1.325],
							"size": [0.25, 0.525, 3.25],
							"inflate": -0.1,
							"uv": {
								"north": {"uv": [45, 218], "uv_size": [-1, 1]},
								"east": {"uv": [162, 63], "uv_size": [-3, 1]},
								"south": {"uv": [219, 52], "uv_size": [-1, 1]},
								"west": {"uv": [162, 61], "uv_size": [-3, 1]},
								"up": {"uv": [160, 65], "uv_size": [-1, 3]},
								"down": {"uv": [160, 88], "uv_size": [-1, -3]}
							}
						},
						{
							"origin": [-0.10009, 20.23293, -1.52315],
							"size": [0.25, 0.6, 1.725],
							"inflate": -0.1,
							"pivot": [0.28713, 19.77547, 0.29483],
							"rotation": [-15, 0, 0],
							"uv": {
								"north": {"uv": [219, 54], "uv_size": [-1, 1]},
								"east": {"uv": [184, 21], "uv_size": [-2, 1]},
								"south": {"uv": [59, 218], "uv_size": [-1, 1]},
								"west": {"uv": [22, 182], "uv_size": [-2, 1]},
								"up": {"uv": [24, 182], "uv_size": [-1, 2]},
								"down": {"uv": [183, 25], "uv_size": [-1, -2]}
							}
						},
						{
							"origin": [-0.09979, 20.64115, -1.325],
							"size": [0.25, 0.6, 0.325],
							"inflate": -0.1,
							"uv": {
								"north": {"uv": [61, 218], "uv_size": [-1, 1]},
								"east": {"uv": [65, 218], "uv_size": [-1, 1]},
								"south": {"uv": [219, 62], "uv_size": [-1, 1]},
								"west": {"uv": [63, 218], "uv_size": [-1, 1]},
								"up": {"uv": [67, 218], "uv_size": [-1, 1]},
								"down": {"uv": [75, 219], "uv_size": [-1, -1]}
							}
						},
						{
							"origin": [-0.10009, 20.23293, 0.39815],
							"size": [0.25, 0.6, 1.725],
							"inflate": -0.1,
							"pivot": [0.28713, 19.77547, 0.30517],
							"rotation": [15, 0, 0],
							"uv": {
								"north": {"uv": [77, 218], "uv_size": [-1, 1]},
								"east": {"uv": [184, 28], "uv_size": [-2, 1]},
								"south": {"uv": [219, 76], "uv_size": [-1, 1]},
								"west": {"uv": [184, 26], "uv_size": [-2, 1]},
								"up": {"uv": [183, 30], "uv_size": [-1, 2]},
								"down": {"uv": [34, 184], "uv_size": [-1, -2]}
							}
						},
						{
							"origin": [-0.09979, 20.64115, 1.6],
							"size": [0.25, 0.6, 0.325],
							"inflate": -0.1,
							"uv": {
								"north": {"uv": [79, 218], "uv_size": [-1, 1]},
								"east": {"uv": [85, 218], "uv_size": [-1, 1]},
								"south": {"uv": [83, 218], "uv_size": [-1, 1]},
								"west": {"uv": [81, 218], "uv_size": [-1, 1]},
								"up": {"uv": [219, 84], "uv_size": [-1, 1]},
								"down": {"uv": [87, 219], "uv_size": [-1, -1]}
							}
						},
						{
							"origin": [-3.27509, 19.09115, -0.825],
							"size": [0.4, 3.75, 2.25],
							"inflate": -0.1,
							"uv": {
								"north": {"uv": [1, 144], "uv_size": [-1, 4]},
								"east": {"uv": [36, 116], "uv_size": [-2, 4]},
								"south": {"uv": [32, 144], "uv_size": [-1, 4]},
								"west": {"uv": [14, 116], "uv_size": [-2, 4]},
								"up": {"uv": [36, 182], "uv_size": [-1, 2]},
								"down": {"uv": [38, 184], "uv_size": [-1, -2]}
							}
						},
						{
							"origin": [-3.37479, 19.49115, 0.175],
							"size": [0.4, 3.05, 0.65],
							"inflate": -0.1,
							"uv": {
								"north": {"uv": [160, 89], "uv_size": [-1, 3]},
								"east": {"uv": [141, 159], "uv_size": [-1, 3]},
								"south": {"uv": [160, 107], "uv_size": [-1, 3]},
								"west": {"uv": [160, 93], "uv_size": [-1, 3]},
								"up": {"uv": [219, 86], "uv_size": [-1, 1]},
								"down": {"uv": [89, 219], "uv_size": [-1, -1]}
							}
						},
						{
							"origin": [-3.37509, 19.49115, -0.225],
							"size": [0.4, 3.05, 0.65],
							"inflate": -0.1,
							"uv": {
								"north": {"uv": [143, 159], "uv_size": [-1, 3]},
								"east": {"uv": [15, 160], "uv_size": [-1, 3]},
								"south": {"uv": [1, 160], "uv_size": [-1, 3]},
								"west": {"uv": [150, 159], "uv_size": [-1, 3]},
								"up": {"uv": [219, 88], "uv_size": [-1, 1]},
								"down": {"uv": [91, 219], "uv_size": [-1, -1]}
							}
						},
						{
							"origin": [-3.37579, 19.24212, -0.87403],
							"size": [0.4, 2.25, 0.85],
							"inflate": -0.1,
							"pivot": [-2.91287, 20.36712, 0.3],
							"rotation": [-90, 0, 0],
							"uv": {
								"north": {"uv": [40, 182], "uv_size": [-1, 2]},
								"east": {"uv": [44, 182], "uv_size": [-1, 2]},
								"south": {"uv": [42, 182], "uv_size": [-1, 2]},
								"west": {"uv": [183, 40], "uv_size": [-1, 2]},
								"up": {"uv": [219, 90], "uv_size": [-1, 1]},
								"down": {"uv": [93, 219], "uv_size": [-1, -1]}
							}
						},
						{
							"origin": [-3.06402, 18.08129, 0.27414],
							"size": [0.3, 1.45, 1.45],
							"inflate": -0.1,
							"pivot": [-2.61287, 18.01712, 0.4],
							"rotation": [10.02392, 3.93913, 0.69569],
							"uv": {
								"north": {"uv": [219, 92], "uv_size": [-1, 1]},
								"east": {"uv": [219, 96], "uv_size": [-1, 1]},
								"south": {"uv": [219, 94], "uv_size": [-1, 1]},
								"west": {"uv": [95, 218], "uv_size": [-1, 1]},
								"up": {"uv": [219, 98], "uv_size": [-1, 1]},
								"down": {"uv": [219, 101], "uv_size": [-1, -1]}
							}
						},
						{
							"origin": [-3.08232, 18.08129, -0.98604],
							"size": [0.3, 1.45, 1.45],
							"inflate": -0.1,
							"pivot": [-2.61287, 18.01712, 0.3331],
							"rotation": [-10.02392, -3.93913, 0.69569],
							"uv": {
								"north": {"uv": [219, 102], "uv_size": [-1, 1]},
								"east": {"uv": [107, 218], "uv_size": [-1, 1]},
								"south": {"uv": [219, 104], "uv_size": [-1, 1]},
								"west": {"uv": [105, 218], "uv_size": [-1, 1]},
								"up": {"uv": [219, 106], "uv_size": [-1, 1]},
								"down": {"uv": [109, 219], "uv_size": [-1, -1]}
							}
						},
						{
							"origin": [-2.93902, 17.58129, 0.27414],
							"size": [0.3, 1.975, 1.45],
							"inflate": -0.1,
							"pivot": [-2.48787, 17.51712, 0.4],
							"rotation": [10.02392, 3.93913, 0.69569],
							"uv": {
								"north": {"uv": [183, 43], "uv_size": [-1, 2]},
								"east": {"uv": [183, 55], "uv_size": [-1, 2]},
								"south": {"uv": [55, 182], "uv_size": [-1, 2]},
								"west": {"uv": [46, 182], "uv_size": [-1, 2]},
								"up": {"uv": [111, 218], "uv_size": [-1, 1]},
								"down": {"uv": [119, 219], "uv_size": [-1, -1]}
							}
						},
						{
							"origin": [-2.95732, 17.58129, -0.98604],
							"size": [0.3, 1.975, 1.45],
							"inflate": -0.1,
							"pivot": [-2.48787, 17.51712, 0.3331],
							"rotation": [-10.02392, -3.93913, 0.69569],
							"uv": {
								"north": {"uv": [183, 58], "uv_size": [-1, 2]},
								"east": {"uv": [183, 75], "uv_size": [-1, 2]},
								"south": {"uv": [183, 72], "uv_size": [-1, 2]},
								"west": {"uv": [183, 61], "uv_size": [-1, 2]},
								"up": {"uv": [121, 218], "uv_size": [-1, 1]},
								"down": {"uv": [123, 219], "uv_size": [-1, -1]}
							}
						},
						{
							"origin": [-3.33454, 23.27149, -0.825],
							"size": [0.4, 0.85, 2.25],
							"inflate": -0.1,
							"pivot": [-0.61086, 23.28208, 0.36889],
							"rotation": [0, 0, -15],
							"uv": {
								"north": {"uv": [219, 122], "uv_size": [-1, 1]},
								"east": {"uv": [184, 80], "uv_size": [-2, 1]},
								"south": {"uv": [219, 124], "uv_size": [-1, 1]},
								"west": {"uv": [184, 33], "uv_size": [-2, 1]},
								"up": {"uv": [183, 82], "uv_size": [-1, 2]},
								"down": {"uv": [183, 87], "uv_size": [-1, -2]}
							}
						},
						{
							"origin": [-3.13609, 22.65972, -0.74764],
							"size": [0.39549, 0.83983, 0.32087],
							"inflate": -0.1,
							"pivot": [-2.85693, 22.39784, -0.7843],
							"rotation": [7.41658, -22.61819, -16.0914],
							"uv": {
								"north": {"uv": [219, 126], "uv_size": [-1, 1]},
								"east": {"uv": [219, 148], "uv_size": [-1, 1]},
								"south": {"uv": [149, 218], "uv_size": [-1, 1]},
								"west": {"uv": [219, 128], "uv_size": [-1, 1]},
								"up": {"uv": [151, 218], "uv_size": [-1, 1]},
								"down": {"uv": [219, 151], "uv_size": [-1, -1]}
							}
						},
						{
							"origin": [-3.13309, 22.6529, 1.02455],
							"size": [0.39549, 0.83983, 0.32087],
							"inflate": -0.1,
							"pivot": [-2.86858, 22.38533, 1.38208],
							"rotation": [-7.41658, 22.61819, -16.0914],
							"uv": {
								"north": {"uv": [153, 218], "uv_size": [-1, 1]},
								"east": {"uv": [219, 164], "uv_size": [-1, 1]},
								"south": {"uv": [157, 218], "uv_size": [-1, 1]},
								"west": {"uv": [155, 218], "uv_size": [-1, 1]},
								"up": {"uv": [219, 166], "uv_size": [-1, 1]},
								"down": {"uv": [219, 169], "uv_size": [-1, -1]}
							}
						},
						{
							"origin": [-2.5028, 19.09005, 0.66865],
							"size": [0.4, 3.75, 1.55],
							"inflate": -0.1,
							"pivot": [-2.11738, 20.51712, 1.97907],
							"rotation": [0, 45, 0],
							"uv": {
								"north": {"uv": [34, 144], "uv_size": [-1, 4]},
								"east": {"uv": [54, 116], "uv_size": [-2, 4]},
								"south": {"uv": [36, 144], "uv_size": [-1, 4]},
								"west": {"uv": [51, 116], "uv_size": [-2, 4]},
								"up": {"uv": [183, 88], "uv_size": [-1, 2]},
								"down": {"uv": [183, 93], "uv_size": [-1, -2]}
							}
						},
						{
							"origin": [-2.01521, 22.75168, 0.35537],
							"size": [0.4, 0.8, 1.55],
							"inflate": -0.1,
							"pivot": [-1.80409, 20.45178, 1.66579],
							"rotation": [-14.51082, 43.07952, -20.75357],
							"uv": {
								"north": {"uv": [219, 170], "uv_size": [-1, 1]},
								"east": {"uv": [184, 96], "uv_size": [-2, 1]},
								"south": {"uv": [219, 172], "uv_size": [-1, 1]},
								"west": {"uv": [184, 94], "uv_size": [-2, 1]},
								"up": {"uv": [183, 98], "uv_size": [-1, 2]},
								"down": {"uv": [183, 103], "uv_size": [-1, -2]}
							}
						},
						{
							"origin": [-2.01521, 22.75168, -1.30537],
							"size": [0.4, 0.8, 1.55],
							"inflate": -0.1,
							"pivot": [-1.80409, 20.45178, -1.06579],
							"rotation": [14.51082, -43.07952, -20.75357],
							"uv": {
								"north": {"uv": [219, 174], "uv_size": [-1, 1]},
								"east": {"uv": [108, 182], "uv_size": [-2, 1]},
								"south": {"uv": [219, 176], "uv_size": [-1, 1]},
								"west": {"uv": [184, 104], "uv_size": [-2, 1]},
								"up": {"uv": [183, 106], "uv_size": [-1, 2]},
								"down": {"uv": [183, 111], "uv_size": [-1, -2]}
							}
						},
						{
							"origin": [-2.5028, 19.09005, -1.61865],
							"size": [0.4, 3.75, 1.55],
							"inflate": -0.1,
							"pivot": [-2.11738, 20.51712, -1.37907],
							"rotation": [0, -45, 0],
							"uv": {
								"north": {"uv": [38, 144], "uv_size": [-1, 4]},
								"east": {"uv": [60, 116], "uv_size": [-2, 4]},
								"south": {"uv": [40, 144], "uv_size": [-1, 4]},
								"west": {"uv": [57, 116], "uv_size": [-2, 4]},
								"up": {"uv": [183, 112], "uv_size": [-1, 2]},
								"down": {"uv": [114, 184], "uv_size": [-1, -2]}
							}
						},
						{
							"origin": [-4.0931, 25.24233, -0.13445],
							"size": [0.3, 1.9, 2.15],
							"inflate": -0.1,
							"pivot": [-2.85548, 23.81761, 0.32855],
							"rotation": [-5, 8, 22],
							"uv": {
								"north": {"uv": [183, 115], "uv_size": [-1, 2]},
								"east": {"uv": [46, 144], "uv_size": [-2, 2]},
								"south": {"uv": [122, 182], "uv_size": [-1, 2]},
								"west": {"uv": [43, 144], "uv_size": [-2, 2]},
								"up": {"uv": [183, 127], "uv_size": [-1, 2]},
								"down": {"uv": [183, 132], "uv_size": [-1, -2]}
							}
						},
						{
							"origin": [-4.05666, 25.22904, -1.20646],
							"size": [0.3, 1.9, 2.15],
							"inflate": -0.1,
							"pivot": [-2.85548, 23.81761, 0.32855],
							"rotation": [5, -8, 22],
							"uv": {
								"north": {"uv": [183, 133], "uv_size": [-1, 2]},
								"east": {"uv": [146, 49], "uv_size": [-2, 2]},
								"south": {"uv": [183, 136], "uv_size": [-1, 2]},
								"west": {"uv": [49, 144], "uv_size": [-2, 2]},
								"up": {"uv": [183, 139], "uv_size": [-1, 2]},
								"down": {"uv": [183, 144], "uv_size": [-1, -2]}
							}
						},
						{
							"origin": [-4.15435, 24.15298, -1.95296],
							"size": [0.4, 1.9, 2.55],
							"inflate": -0.1,
							"pivot": [-2.85548, 23.81761, 0.32855],
							"rotation": [0, -8, 22],
							"uv": {
								"north": {"uv": [183, 145], "uv_size": [-1, 2]},
								"east": {"uv": [131, 65], "uv_size": [-3, 2]},
								"south": {"uv": [183, 148], "uv_size": [-1, 2]},
								"west": {"uv": [131, 58], "uv_size": [-3, 2]},
								"up": {"uv": [161, 16], "uv_size": [-1, 3]},
								"down": {"uv": [25, 163], "uv_size": [-1, -3]}
							}
						},
						{
							"origin": [-4.25475, 25.68122, -0.15288],
							"size": [0.3, 0.3, 0.85],
							"inflate": -0.1,
							"pivot": [-2.88088, 23.74118, 0.2924],
							"rotation": [45, -8, 22],
							"uv": {
								"north": {"uv": [219, 178], "uv_size": [-1, 1]},
								"east": {"uv": [219, 186], "uv_size": [-1, 1]},
								"south": {"uv": [219, 184], "uv_size": [-1, 1]},
								"west": {"uv": [219, 182], "uv_size": [-1, 1]},
								"up": {"uv": [219, 188], "uv_size": [-1, 1]},
								"down": {"uv": [219, 191], "uv_size": [-1, -1]}
							}
						},
						{
							"origin": [-4.21913, 24.54309, 0.3771],
							"size": [0.3, 0.3, 0.85],
							"inflate": -0.1,
							"pivot": [-2.84526, 23.80306, 0.22238],
							"rotation": [45, -8, 22],
							"uv": {
								"north": {"uv": [193, 218], "uv_size": [-1, 1]},
								"east": {"uv": [201, 218], "uv_size": [-1, 1]},
								"south": {"uv": [197, 218], "uv_size": [-1, 1]},
								"west": {"uv": [195, 218], "uv_size": [-1, 1]},
								"up": {"uv": [203, 218], "uv_size": [-1, 1]},
								"down": {"uv": [205, 219], "uv_size": [-1, -1]}
							}
						},
						{
							"origin": [-4.2381, 25.11215, -0.18789],
							"size": [0.3, 0.3, 1.45],
							"inflate": -0.1,
							"pivot": [-2.86307, 23.77212, 0.25739],
							"rotation": [45, -8, 22],
							"uv": {
								"north": {"uv": [219, 204], "uv_size": [-1, 1]},
								"east": {"uv": [219, 208], "uv_size": [-1, 1]},
								"south": {"uv": [219, 206], "uv_size": [-1, 1]},
								"west": {"uv": [207, 218], "uv_size": [-1, 1]},
								"up": {"uv": [211, 218], "uv_size": [-1, 1]},
								"down": {"uv": [219, 211], "uv_size": [-1, -1]}
							}
						},
						{
							"origin": [-4.2301, 24.04611, 1.68757],
							"size": [0.3, 0.3, 0.85],
							"inflate": -0.1,
							"pivot": [-2.85548, 23.81761, 0.32855],
							"rotation": [135, -8, 22],
							"uv": {
								"north": {"uv": [213, 218], "uv_size": [-1, 1]},
								"east": {"uv": [219, 214], "uv_size": [-1, 1]},
								"south": {"uv": [215, 218], "uv_size": [-1, 1]},
								"west": {"uv": [219, 212], "uv_size": [-1, 1]},
								"up": {"uv": [217, 218], "uv_size": [-1, 1]},
								"down": {"uv": [219, 217], "uv_size": [-1, -1]}
							}
						},
						{
							"origin": [-4.2381, 22.67259, 0.9472],
							"size": [0.3, 0.3, 0.85],
							"inflate": -0.1,
							"pivot": [-2.86372, 23.74467, 0.18851],
							"rotation": [135, -8, 22],
							"uv": {
								"north": {"uv": [219, 218], "uv_size": [-1, 1]},
								"east": {"uv": [220, 4], "uv_size": [-1, 1]},
								"south": {"uv": [220, 2], "uv_size": [-1, 1]},
								"west": {"uv": [220, 0], "uv_size": [-1, 1]},
								"up": {"uv": [9, 219], "uv_size": [-1, 1]},
								"down": {"uv": [220, 13], "uv_size": [-1, -1]}
							}
						},
						{
							"origin": [-4.2301, 24.04611, -1.83757],
							"size": [0.3, 0.3, 0.85],
							"inflate": -0.1,
							"pivot": [-2.85548, 23.81761, 0.37145],
							"rotation": [-135, 8, 22],
							"uv": {
								"north": {"uv": [19, 219], "uv_size": [-1, 1]},
								"east": {"uv": [220, 20], "uv_size": [-1, 1]},
								"south": {"uv": [21, 219], "uv_size": [-1, 1]},
								"west": {"uv": [220, 18], "uv_size": [-1, 1]},
								"up": {"uv": [23, 219], "uv_size": [-1, 1]},
								"down": {"uv": [220, 23], "uv_size": [-1, -1]}
							}
						},
						{
							"origin": [-4.25475, 25.68122, 0.00288],
							"size": [0.3, 0.3, 0.85],
							"inflate": -0.1,
							"pivot": [-2.88088, 23.74118, 0.4076],
							"rotation": [-45, 8, 22],
							"uv": {
								"north": {"uv": [25, 219], "uv_size": [-1, 1]},
								"east": {"uv": [31, 219], "uv_size": [-1, 1]},
								"south": {"uv": [29, 219], "uv_size": [-1, 1]},
								"west": {"uv": [27, 219], "uv_size": [-1, 1]},
								"up": {"uv": [33, 219], "uv_size": [-1, 1]},
								"down": {"uv": [35, 220], "uv_size": [-1, -1]}
							}
						},
						{
							"origin": [-4.2381, 25.11215, -0.56211],
							"size": [0.3, 0.3, 1.45],
							"inflate": -0.1,
							"pivot": [-2.86307, 23.77212, 0.44261],
							"rotation": [-45, 8, 22],
							"uv": {
								"north": {"uv": [37, 219], "uv_size": [-1, 1]},
								"east": {"uv": [220, 42], "uv_size": [-1, 1]},
								"south": {"uv": [220, 40], "uv_size": [-1, 1]},
								"west": {"uv": [220, 36], "uv_size": [-1, 1]},
								"up": {"uv": [220, 44], "uv_size": [-1, 1]},
								"down": {"uv": [47, 220], "uv_size": [-1, -1]}
							}
						},
						{
							"origin": [-4.2381, 22.67259, -1.0972],
							"size": [0.3, 0.3, 0.85],
							"inflate": -0.1,
							"pivot": [-2.86372, 23.74467, 0.51149],
							"rotation": [-135, 8, 22],
							"uv": {
								"north": {"uv": [220, 46], "uv_size": [-1, 1]},
								"east": {"uv": [51, 219], "uv_size": [-1, 1]},
								"south": {"uv": [220, 48], "uv_size": [-1, 1]},
								"west": {"uv": [49, 219], "uv_size": [-1, 1]},
								"up": {"uv": [220, 50], "uv_size": [-1, 1]},
								"down": {"uv": [53, 220], "uv_size": [-1, -1]}
							}
						},
						{
							"origin": [-4.21913, 24.54309, -0.5271],
							"size": [0.3, 0.3, 0.85],
							"inflate": -0.1,
							"pivot": [-2.84526, 23.80306, 0.47762],
							"rotation": [-45, 8, 22],
							"uv": {
								"north": {"uv": [55, 219], "uv_size": [-1, 1]},
								"east": {"uv": [220, 58], "uv_size": [-1, 1]},
								"south": {"uv": [220, 56], "uv_size": [-1, 1]},
								"west": {"uv": [57, 219], "uv_size": [-1, 1]},
								"up": {"uv": [220, 60], "uv_size": [-1, 1]},
								"down": {"uv": [220, 65], "uv_size": [-1, -1]}
							}
						},
						{
							"origin": [-4.15435, 24.15298, 0.06007],
							"size": [0.4, 1.9, 2.55],
							"inflate": -0.1,
							"pivot": [-2.85548, 23.81761, 0.32855],
							"rotation": [0, 8, 22],
							"uv": {
								"north": {"uv": [151, 182], "uv_size": [-1, 2]},
								"east": {"uv": [84, 128], "uv_size": [-3, 2]},
								"south": {"uv": [183, 151], "uv_size": [-1, 2]},
								"west": {"uv": [131, 68], "uv_size": [-3, 2]},
								"up": {"uv": [161, 26], "uv_size": [-1, 3]},
								"down": {"uv": [161, 37], "uv_size": [-1, -3]}
							}
						},
						{
							"origin": [-3.64547, 23.80708, 0.12036],
							"size": [0.3, 1.2, 2.05],
							"inflate": -0.1,
							"pivot": [-2.85548, 23.81761, 0.32855],
							"rotation": [-3.3991, 7.24623, -6.21529],
							"uv": {
								"north": {"uv": [220, 66], "uv_size": [-1, 1]},
								"east": {"uv": [184, 156], "uv_size": [-2, 1]},
								"south": {"uv": [69, 219], "uv_size": [-1, 1]},
								"west": {"uv": [184, 154], "uv_size": [-2, 1]},
								"up": {"uv": [183, 158], "uv_size": [-1, 2]},
								"down": {"uv": [183, 163], "uv_size": [-1, -2]}
							}
						},
						{
							"origin": [-3.64523, 22.1196, 0.13207],
							"size": [0.3, 1.9, 2.05],
							"inflate": -0.1,
							"pivot": [-2.85548, 23.81761, 0.32855],
							"rotation": [3.6009, 7.24623, -6.21529],
							"uv": {
								"north": {"uv": [183, 167], "uv_size": [-1, 2]},
								"east": {"uv": [55, 144], "uv_size": [-2, 2]},
								"south": {"uv": [174, 182], "uv_size": [-1, 2]},
								"west": {"uv": [52, 144], "uv_size": [-2, 2]},
								"up": {"uv": [176, 182], "uv_size": [-1, 2]},
								"down": {"uv": [183, 182], "uv_size": [-1, -2]}
							}
						},
						{
							"origin": [-3.6515, 22.12784, 0.24249],
							"size": [0.3, 1.1, 0.35],
							"inflate": -0.1,
							"pivot": [-2.85548, 23.81761, 0.32855],
							"rotation": [-1.42382, -2.73426, -6.8409],
							"uv": {
								"north": {"uv": [220, 68], "uv_size": [-1, 1]},
								"east": {"uv": [73, 219], "uv_size": [-1, 1]},
								"south": {"uv": [220, 70], "uv_size": [-1, 1]},
								"west": {"uv": [71, 219], "uv_size": [-1, 1]},
								"up": {"uv": [220, 72], "uv_size": [-1, 1]},
								"down": {"uv": [220, 75], "uv_size": [-1, -1]}
							}
						},
						{
							"origin": [-3.64725, 22.13079, -1.44153],
							"size": [0.3, 1.9, 2.05],
							"inflate": -0.1,
							"pivot": [-2.85548, 23.81761, 0.32855],
							"rotation": [-3.6009, -7.24623, -6.21529],
							"uv": {
								"north": {"uv": [184, 0], "uv_size": [-1, 2]},
								"east": {"uv": [146, 82], "uv_size": [-2, 2]},
								"south": {"uv": [184, 3], "uv_size": [-1, 2]},
								"west": {"uv": [146, 70], "uv_size": [-2, 2]},
								"up": {"uv": [184, 6], "uv_size": [-1, 2]},
								"down": {"uv": [184, 11], "uv_size": [-1, -2]}
							}
						},
						{
							"origin": [-3.64875, 23.80872, -1.44082],
							"size": [0.3, 1.2, 2.05],
							"inflate": -0.1,
							"pivot": [-2.85548, 23.81761, 0.32855],
							"rotation": [3.3991, -7.24623, -6.21529],
							"uv": {
								"north": {"uv": [220, 78], "uv_size": [-1, 1]},
								"east": {"uv": [185, 12], "uv_size": [-2, 1]},
								"south": {"uv": [220, 80], "uv_size": [-1, 1]},
								"west": {"uv": [14, 183], "uv_size": [-2, 1]},
								"up": {"uv": [184, 14], "uv_size": [-1, 2]},
								"down": {"uv": [16, 185], "uv_size": [-1, -2]}
							}
						},
						{
							"origin": [-3.55215, 23.43356, -1.7204],
							"size": [0.3, 0.35, 1.1],
							"inflate": -0.1,
							"pivot": [-3.20682, 22.86397, -0.48417],
							"rotation": [-30.64562, -8.21379, -5.86077],
							"uv": {
								"north": {"uv": [220, 82], "uv_size": [-1, 1]},
								"east": {"uv": [101, 219], "uv_size": [-1, 1]},
								"south": {"uv": [99, 219], "uv_size": [-1, 1]},
								"west": {"uv": [97, 219], "uv_size": [-1, 1]},
								"up": {"uv": [103, 219], "uv_size": [-1, 1]},
								"down": {"uv": [220, 109], "uv_size": [-1, -1]}
							}
						},
						{
							"origin": [-3.5494, 23.08996, -1.29196],
							"size": [0.3, 0.35, 1.1],
							"inflate": -0.1,
							"pivot": [-3.20682, 22.86397, -0.48417],
							"rotation": [-70.64562, -8.21379, -5.86077],
							"uv": {
								"north": {"uv": [220, 110], "uv_size": [-1, 1]},
								"east": {"uv": [115, 219], "uv_size": [-1, 1]},
								"south": {"uv": [220, 112], "uv_size": [-1, 1]},
								"west": {"uv": [113, 219], "uv_size": [-1, 1]},
								"up": {"uv": [220, 114], "uv_size": [-1, 1]},
								"down": {"uv": [117, 220], "uv_size": [-1, -1]}
							}
						},
						{
							"origin": [-3.5494, 23.08996, 0.79196],
							"size": [0.3, 0.35, 1.1],
							"inflate": -0.1,
							"pivot": [-3.20682, 22.86397, 1.08417],
							"rotation": [70.64562, 8.21379, -5.86077],
							"uv": {
								"north": {"uv": [220, 116], "uv_size": [-1, 1]},
								"east": {"uv": [125, 219], "uv_size": [-1, 1]},
								"south": {"uv": [220, 120], "uv_size": [-1, 1]},
								"west": {"uv": [220, 118], "uv_size": [-1, 1]},
								"up": {"uv": [127, 219], "uv_size": [-1, 1]},
								"down": {"uv": [129, 220], "uv_size": [-1, -1]}
							}
						}
					]
				},
				{
					"name": "sleeve.R",
					"parent": "RightArmArmor",
					"pivot": [2, 0, 0.2],
					"cubes": [
						{
							"origin": [-2.32388, 25.46655, -1.3],
							"size": [0.6, 0.6, 3.15],
							"inflate": -0.1,
							"uv": {
								"north": {"uv": [137, 219], "uv_size": [-1, 1]},
								"east": {"uv": [163, 46], "uv_size": [-3, 1]},
								"south": {"uv": [220, 136], "uv_size": [-1, 1]},
								"west": {"uv": [163, 44], "uv_size": [-3, 1]},
								"up": {"uv": [67, 163], "uv_size": [1, -3]},
								"down": {"uv": [160, 72], "uv_size": [1, -3]}
							}
						},
						{
							"origin": [-2.57388, 25.46615, -1.275],
							"size": [2.7, 0.6, 3.15],
							"inflate": -0.1,
							"uv": {
								"north": {"uv": [163, 48], "uv_size": [-3, 1]},
								"east": {"uv": [163, 77], "uv_size": [-3, 1]},
								"south": {"uv": [163, 75], "uv_size": [-3, 1]},
								"west": {"uv": [163, 73], "uv_size": [-3, 1]},
								"up": {"uv": [92, 112], "uv_size": [3, -3]},
								"down": {"uv": [109, 111], "uv_size": [3, -3]}
							}
						},
						{
							"origin": [-3.21762, 22.73126, -0.70008],
							"size": [2.8, 1.8, 2.65],
							"inflate": -0.1,
							"pivot": [-0.9485, 24.1475, 0.34389],
							"rotation": [-90, -42, 90],
							"uv": {
								"north": {"uv": [92, 129], "uv_size": [-3, 2]},
								"east": {"uv": [104, 129], "uv_size": [-3, 2]},
								"south": {"uv": [132, 96], "uv_size": [-3, 2]},
								"west": {"uv": [96, 129], "uv_size": [-3, 2]},
								"up": {"uv": [75, 112], "uv_size": [3, -3]},
								"down": {"uv": [79, 112], "uv_size": [3, -3]}
							}
						},
						{
							"origin": [-3.21762, 22.73126, 1.07492],
							"size": [2.8, 1.9, 0.6],
							"inflate": -0.1,
							"pivot": [-0.9485, 24.1475, 0.31889],
							"rotation": [-90, -42, 90],
							"uv": {
								"north": {"uv": [100, 128], "uv_size": [-3, 2]},
								"east": {"uv": [184, 17], "uv_size": [-1, 2]},
								"south": {"uv": [131, 114], "uv_size": [-3, 2]},
								"west": {"uv": [18, 183], "uv_size": [-1, 2]},
								"up": {"uv": [159, 148], "uv_size": [3, -1]},
								"down": {"uv": [160, 7], "uv_size": [3, -1]}
							}
						},
						{
							"origin": [-2.76834, 22.15753, 1.07457],
							"size": [3.5, 2.8, 0.6],
							"inflate": -0.1,
							"pivot": [-0.9485, 24.1475, 0.31889],
							"rotation": [-90, -25, 90],
							"uv": {
								"north": {"uv": [89, 77], "uv_size": [-4, 3]},
								"east": {"uv": [45, 160], "uv_size": [-1, 3]},
								"south": {"uv": [89, 81], "uv_size": [-4, 3]},
								"west": {"uv": [43, 160], "uv_size": [-1, 3]},
								"up": {"uv": [142, 7], "uv_size": [4, -1]},
								"down": {"uv": [144, 27], "uv_size": [4, -1]}
							}
						},
						{
							"origin": [-2.76869, 22.1288, -0.6893],
							"size": [3.5, 2.775, 2.648],
							"inflate": -0.1,
							"pivot": [-0.94885, 24.11877, 0.35404],
							"rotation": [-90, -25, 90],
							"uv": {
								"north": {"uv": [90, 38], "uv_size": [-4, 3]},
								"east": {"uv": [113, 24], "uv_size": [-3, 3]},
								"south": {"uv": [91, 8], "uv_size": [-4, 3]},
								"west": {"uv": [3, 110], "uv_size": [-3, 3]},
								"up": {"uv": [14, 90], "uv_size": [4, -3]},
								"down": {"uv": [87, 28], "uv_size": [4, -3]}
							}
						},
						{
							"origin": [-2.57409, 20.59115, -1.275],
							"size": [2.675, 2.6, 3.15],
							"inflate": -0.1,
							"uv": {
								"north": {"uv": [113, 28], "uv_size": [-3, 3]},
								"east": {"uv": [113, 40], "uv_size": [-3, 3]},
								"south": {"uv": [113, 36], "uv_size": [-3, 3]},
								"west": {"uv": [113, 32], "uv_size": [-3, 3]},
								"up": {"uv": [110, 47], "uv_size": [3, -3]},
								"down": {"uv": [46, 113], "uv_size": [3, -3]}
							}
						},
						{
							"origin": [-2.32409, 20.59115, -1.3],
							"size": [0.6, 2.6, 3.15],
							"inflate": -0.1,
							"uv": {
								"north": {"uv": [121, 158], "uv_size": [-1, 3]},
								"east": {"uv": [111, 104], "uv_size": [-3, 3]},
								"south": {"uv": [17, 159], "uv_size": [-1, 3]},
								"west": {"uv": [104, 108], "uv_size": [-3, 3]},
								"up": {"uv": [18, 162], "uv_size": [1, -3]},
								"down": {"uv": [159, 25], "uv_size": [1, -3]}
							}
						},
						{
							"origin": [-2.62479, 20.31615, -1.325],
							"size": [2.725, 0.925, 3.25],
							"inflate": -0.1,
							"uv": {
								"north": {"uv": [162, 53], "uv_size": [-3, 1]},
								"east": {"uv": [162, 59], "uv_size": [-3, 1]},
								"south": {"uv": [162, 57], "uv_size": [-3, 1]},
								"west": {"uv": [162, 55], "uv_size": [-3, 1]},
								"up": {"uv": [4, 112], "uv_size": [3, -3]},
								"down": {"uv": [109, 7], "uv_size": [3, -3]}
							}
						},
						{
							"origin": [-2.84579, 23.14423, -1.105],
							"size": [2.8, 1.8, 3.05],
							"inflate": -0.1,
							"pivot": [-0.9485, 24.1475, 0.34389],
							"rotation": [180, 0, 132],
							"uv": {
								"north": {"uv": [132, 27], "uv_size": [-3, 2]},
								"east": {"uv": [78, 129], "uv_size": [-3, 2]},
								"south": {"uv": [132, 61], "uv_size": [-3, 2]},
								"west": {"uv": [132, 50], "uv_size": [-3, 2]},
								"up": {"uv": [109, 23], "uv_size": [3, -3]},
								"down": {"uv": [24, 112], "uv_size": [3, -3]}
							}
						},
						{
							"origin": [-2.54366, 22.63243, -1.1062],
							"size": [2.4, 2.8, 3.048],
							"inflate": -0.1,
							"pivot": [-0.95866, 24.11877, 0.34278],
							"rotation": [-180, 0, 115],
							"uv": {
								"north": {"uv": [131, 0], "uv_size": [-2, 3]},
								"east": {"uv": [23, 109], "uv_size": [-3, 3]},
								"south": {"uv": [131, 7], "uv_size": [-2, 3]},
								"west": {"uv": [112, 16], "uv_size": [-3, 3]},
								"up": {"uv": [129, 14], "uv_size": [2, -3]},
								"down": {"uv": [129, 26], "uv_size": [2, -3]}
							}
						},
						{
							"origin": [-3.22142, 22.72703, -1.205],
							"size": [2.8, 1.8, 3.05],
							"inflate": -0.1,
							"pivot": [-0.9485, 24.1475, 0.34389],
							"rotation": [0, 0, 48],
							"uv": {
								"north": {"uv": [131, 37], "uv_size": [-3, 2]},
								"east": {"uv": [131, 55], "uv_size": [-3, 2]},
								"south": {"uv": [131, 47], "uv_size": [-3, 2]},
								"west": {"uv": [131, 40], "uv_size": [-3, 2]},
								"up": {"uv": [8, 112], "uv_size": [3, -3]},
								"down": {"uv": [109, 11], "uv_size": [3, -3]}
							}
						},
						{
							"origin": [-2.7606, 22.12364, -1.204],
							"size": [2.4, 2.775, 3.048],
							"inflate": -0.1,
							"pivot": [-0.93836, 24.11876, 0.345],
							"rotation": [0, 0, 65],
							"uv": {
								"north": {"uv": [74, 127], "uv_size": [-2, 3]},
								"east": {"uv": [19, 109], "uv_size": [-3, 3]},
								"south": {"uv": [130, 84], "uv_size": [-2, 3]},
								"west": {"uv": [112, 12], "uv_size": [-3, 3]},
								"up": {"uv": [128, 91], "uv_size": [2, -3]},
								"down": {"uv": [128, 95], "uv_size": [2, -3]}
							}
						},
						{
							"origin": [-3.19904, 22.71453, -1.23722],
							"size": [2.8, 1.85, 2.625],
							"inflate": -0.1,
							"pivot": [-0.9485, 24.1475, 0.34389],
							"rotation": [90, 42, 90],
							"uv": {
								"north": {"uv": [132, 75], "uv_size": [-3, 2]},
								"east": {"uv": [88, 129], "uv_size": [-3, 2]},
								"south": {"uv": [132, 81], "uv_size": [-3, 2]},
								"west": {"uv": [132, 78], "uv_size": [-3, 2]},
								"up": {"uv": [28, 112], "uv_size": [3, -3]},
								"down": {"uv": [32, 112], "uv_size": [3, -3]}
							}
						},
						{
							"origin": [-2.99904, 22.71453, -1.21222],
							"size": [2.8, 1.9, 0.6],
							"inflate": -0.1,
							"pivot": [-0.7485, 24.1475, 0.36889],
							"rotation": [90, 42, 90],
							"uv": {
								"north": {"uv": [132, 102], "uv_size": [-3, 2]},
								"east": {"uv": [184, 35], "uv_size": [-1, 2]},
								"south": {"uv": [132, 105], "uv_size": [-3, 2]},
								"west": {"uv": [26, 183], "uv_size": [-1, 2]},
								"up": {"uv": [160, 84], "uv_size": [3, -1]},
								"down": {"uv": [104, 161], "uv_size": [3, -1]}
							}
						},
						{
							"origin": [-2.74611, 22.11823, -1.2459],
							"size": [3.5, 2.8, 2.623],
							"inflate": -0.1,
							"pivot": [-0.94893, 24.11877, 0.33374],
							"rotation": [90, 25, 90],
							"uv": {
								"north": {"uv": [89, 85], "uv_size": [-4, 3]},
								"east": {"uv": [74, 109], "uv_size": [-3, 3]},
								"south": {"uv": [90, 0], "uv_size": [-4, 3]},
								"west": {"uv": [39, 109], "uv_size": [-3, 3]},
								"up": {"uv": [86, 7], "uv_size": [4, -3]},
								"down": {"uv": [86, 37], "uv_size": [4, -3]}
							}
						},
						{
							"origin": [-2.54568, 22.14696, -1.21179],
							"size": [3.5, 2.8, 0.6],
							"inflate": -0.1,
							"pivot": [-0.7485, 24.1475, 0.36889],
							"rotation": [90, 25, 90],
							"uv": {
								"north": {"uv": [91, 29], "uv_size": [-4, 3]},
								"east": {"uv": [111, 160], "uv_size": [-1, 3]},
								"south": {"uv": [91, 42], "uv_size": [-4, 3]},
								"west": {"uv": [109, 160], "uv_size": [-1, 3]},
								"up": {"uv": [144, 62], "uv_size": [4, -1]},
								"down": {"uv": [144, 86], "uv_size": [4, -1]}
							}
						},
						{
							"origin": [-2.34888, 25.46655, -1.25],
							"size": [0.6, 0.6, 3.15],
							"inflate": -0.1,
							"uv": {
								"north": {"uv": [139, 219], "uv_size": [-1, 1]},
								"east": {"uv": [163, 81], "uv_size": [-3, 1]},
								"south": {"uv": [220, 138], "uv_size": [-1, 1]},
								"west": {"uv": [163, 79], "uv_size": [-3, 1]},
								"up": {"uv": [160, 102], "uv_size": [1, -3]},
								"down": {"uv": [160, 106], "uv_size": [1, -3]}
							}
						},
						{
							"origin": [-2.34909, 20.59115, -1.25],
							"size": [0.6, 2.6, 3.15],
							"inflate": -0.1,
							"uv": {
								"north": {"uv": [161, 111], "uv_size": [-1, 3]},
								"east": {"uv": [113, 52], "uv_size": [-3, 3]},
								"south": {"uv": [113, 160], "uv_size": [-1, 3]},
								"west": {"uv": [113, 48], "uv_size": [-3, 3]},
								"up": {"uv": [114, 163], "uv_size": [1, -3]},
								"down": {"uv": [160, 118], "uv_size": [1, -3]}
							}
						},
						{
							"origin": [-2.64909, 19.61615, -1.35],
							"size": [2.825, 0.925, 3.3],
							"inflate": -0.1,
							"uv": {
								"north": {"uv": [162, 32], "uv_size": [-3, 1]},
								"east": {"uv": [162, 51], "uv_size": [-3, 1]},
								"south": {"uv": [162, 42], "uv_size": [-3, 1]},
								"west": {"uv": [162, 40], "uv_size": [-3, 1]},
								"up": {"uv": [105, 111], "uv_size": [3, -3]},
								"down": {"uv": [109, 3], "uv_size": [3, -3]}
							}
						}
					]
				}
			]
		}
	]
}