{
	"format_version": "1.12.0",
	"minecraft:geometry": [
		{
			"description": {
				"identifier": "geometry.unknown",
				"texture_width": 128,
				"texture_height": 128,
				"visible_bounds_width": 5,
				"visible_bounds_height": 3,
				"visible_bounds_offset": [0, 0.5, 0]
			},
			"bones": [
				{
					"name": "bow",
					"pivot": [-0.85643, 0, 0],
					"rotation": [0, 90, 0]
				},
				{
					"name": "bone",
					"parent": "bow",
					"pivot": [-0.85643, 0, -4],
					"cubes": [
						{
							"origin": [-2.60643, -1.75, -5.75],
							"size": [3.5, 3.5, 3.5],
							"uv": {
								"north": {"uv": [0, 0], "uv_size": [8, 8]},
								"east": {"uv": [0, 0], "uv_size": [8, 8]},
								"south": {"uv": [0, 0], "uv_size": [8, 8]},
								"west": {"uv": [0, 0], "uv_size": [8, 8]},
								"up": {"uv": [0, 0], "uv_size": [8, 8]},
								"down": {"uv": [0, 8], "uv_size": [8, -8]}
							}
						}
					]
				},
				{
					"name": "ysmGlow_outline",
					"parent": "bow",
					"pivot": [-0.85643, 0, -4],
					"cubes": [
						{
							"origin": [1.04357, 1.9, -2.1],
							"size": [-3.8, -3.8, -3.8],
							"inflate": -0.4,
							"uv": {
								"north": {"uv": [24, 17], "uv_size": [8, 8]},
								"east": {"uv": [0, 25], "uv_size": [8, 8]},
								"south": {"uv": [25, 0], "uv_size": [8, 8]},
								"west": {"uv": [10, 25], "uv_size": [8, 8]},
								"up": {"uv": [18, 25], "uv_size": [8, 8]},
								"down": {"uv": [26, 33], "uv_size": [8, -8]}
							}
						}
					]
				},
				{
					"name": "ysmGlow_flyingeffect1",
					"parent": "bow",
					"pivot": [-0.85643, 0, 0.6],
					"cubes": [
						{
							"origin": [-0.88143, -1.7, -1.7],
							"size": [0.05, 3.4, 13],
							"uv": {
								"east": {"uv": [25, 9], "uv_size": [20, 7]}
							}
						},
						{
							"origin": [-0.88143, -1.7, -1.7],
							"size": [0.05, 3.4, 13],
							"pivot": [-0.85643, 0, 0.6],
							"rotation": [0, 0, 90],
							"uv": {
								"east": {"uv": [25, 9], "uv_size": [20, 7]}
							}
						}
					]
				},
				{
					"name": "ysmGlow_flyingeffect2",
					"parent": "bow",
					"pivot": [-0.85643, 0, 0.6],
					"cubes": [
						{
							"origin": [-0.88143, -1.7, -1.7],
							"size": [0.05, 3.4, 13],
							"uv": {
								"east": {"uv": [32, 16], "uv_size": [20, 7]}
							}
						},
						{
							"origin": [-0.88143, -1.7, -1.7],
							"size": [0.05, 3.4, 13],
							"pivot": [-0.85643, 0, 0.6],
							"rotation": [0, 0, 90],
							"uv": {
								"east": {"uv": [32, 16], "uv_size": [20, 7]}
							}
						}
					]
				},
				{
					"name": "ysmGlow_flyingeffect3",
					"parent": "bow",
					"pivot": [-0.85643, 0, 0.6],
					"cubes": [
						{
							"origin": [-0.88143, -1.7, -1.7],
							"size": [0.05, 3.4, 13],
							"uv": {
								"east": {"uv": [33, 0], "uv_size": [20, 7]}
							}
						},
						{
							"origin": [-0.88143, -1.7, -1.7],
							"size": [0.05, 3.4, 13],
							"pivot": [-0.85643, 0, 0.6],
							"rotation": [0, 0, 90],
							"uv": {
								"east": {"uv": [33, 0], "uv_size": [20, 7]}
							}
						}
					]
				},
				{
					"name": "ysmGlow_flyingeffect4",
					"parent": "bow",
					"pivot": [-0.85643, 0, 0.6],
					"cubes": [
						{
							"origin": [-0.88143, -1.7, -1.7],
							"size": [0.05, 3.4, 13],
							"uv": {
								"east": {"uv": [10, 33], "uv_size": [20, 7]}
							}
						},
						{
							"origin": [-0.88143, -1.7, -1.7],
							"size": [0.05, 3.4, 13],
							"pivot": [-0.85643, 0, 0.6],
							"rotation": [0, 0, 90],
							"uv": {
								"east": {"uv": [10, 33], "uv_size": [20, 7]}
							}
						}
					]
				},
				{
					"name": "ysmGlow_pokong1",
					"parent": "bow",
					"pivot": [-0.85643, 0, -1.4375],
					"cubes": [
						{
							"origin": [-0.53114, -2.0625, -7.16587],
							"size": [0.075, 4.125, 7.5],
							"pivot": [-0.85643, 0, -10.25],
							"rotation": [0, 30, 0],
							"uv": {
								"west": {"uv": [0, 40], "uv_size": [17, 11]}
							}
						},
						{
							"origin": [-0.53114, -2.0625, -7.16587],
							"size": [0.075, 4.125, 7.5],
							"pivot": [-0.85643, 0, -10.25],
							"rotation": [0, 30, -90],
							"uv": {
								"west": {"uv": [0, 40], "uv_size": [17, 11]}
							}
						},
						{
							"origin": [-0.53114, -2.0625, -7.16587],
							"size": [0.075, 4.125, 7.5],
							"pivot": [-0.85643, 0, -10.25],
							"rotation": [0, 30, 180],
							"uv": {
								"west": {"uv": [0, 51], "uv_size": [17, -11]}
							}
						},
						{
							"origin": [-0.53114, -2.0625, -7.16587],
							"size": [0.075, 4.125, 7.5],
							"pivot": [-0.85643, 0, -10.25],
							"rotation": [0, 30, 90],
							"uv": {
								"west": {"uv": [0, 40], "uv_size": [17, 11]}
							}
						}
					]
				},
				{
					"name": "ysmGlow_pokong2",
					"parent": "bow",
					"pivot": [-0.85643, 0, -1.4375],
					"cubes": [
						{
							"origin": [-0.53114, -2.0625, -7.16587],
							"size": [0.075, 4.125, 7.5],
							"pivot": [-0.85643, 0, -10.25],
							"rotation": [0, 30, 0],
							"uv": {
								"west": {"uv": [30, 33], "uv_size": [17, 11]}
							}
						},
						{
							"origin": [-0.53114, -2.0625, -7.16587],
							"size": [0.075, 4.125, 7.5],
							"pivot": [-0.85643, 0, -10.25],
							"rotation": [0, 30, -90],
							"uv": {
								"west": {"uv": [30, 33], "uv_size": [17, 11]}
							}
						},
						{
							"origin": [-0.53114, -2.0625, -7.16587],
							"size": [0.075, 4.125, 7.5],
							"pivot": [-0.85643, 0, -10.25],
							"rotation": [0, 30, 180],
							"uv": {
								"west": {"uv": [30, 44], "uv_size": [17, -11]}
							}
						},
						{
							"origin": [-0.53114, -2.0625, -7.16587],
							"size": [0.075, 4.125, 7.5],
							"pivot": [-0.85643, 0, -10.25],
							"rotation": [0, 30, 90],
							"uv": {
								"west": {"uv": [30, 33], "uv_size": [17, 11]}
							}
						}
					]
				},
				{
					"name": "ysmGlow_pokong3",
					"parent": "bow",
					"pivot": [-0.85643, 0, -1.4375],
					"cubes": [
						{
							"origin": [-0.53114, -2.0625, -7.16587],
							"size": [0.075, 4.125, 7.5],
							"pivot": [-0.85643, 0, -10.25],
							"rotation": [0, 30, 0],
							"uv": {
								"west": {"uv": [17, 44], "uv_size": [17, 11]}
							}
						},
						{
							"origin": [-0.53114, -2.0625, -7.16587],
							"size": [0.075, 4.125, 7.5],
							"pivot": [-0.85643, 0, -10.25],
							"rotation": [0, 30, -90],
							"uv": {
								"west": {"uv": [17, 44], "uv_size": [17, 11]}
							}
						},
						{
							"origin": [-0.53114, -2.0625, -7.16587],
							"size": [0.075, 4.125, 7.5],
							"pivot": [-0.85643, 0, -10.25],
							"rotation": [0, 30, 180],
							"uv": {
								"west": {"uv": [17, 55], "uv_size": [17, -11]}
							}
						},
						{
							"origin": [-0.53114, -2.0625, -7.16587],
							"size": [0.075, 4.125, 7.5],
							"pivot": [-0.85643, 0, -10.25],
							"rotation": [0, 30, 90],
							"uv": {
								"west": {"uv": [17, 44], "uv_size": [17, 11]}
							}
						}
					]
				},
				{
					"name": "ysmGlow_explosion",
					"parent": "bow",
					"pivot": [-0.85643, 0, 0]
				},
				{
					"name": "ysmGlow_bone2",
					"parent": "ysmGlow_explosion",
					"pivot": [-0.85643, 0, 0],
					"cubes": [
						{
							"origin": [-1.85643, -1, -1],
							"size": [2, 2, 2],
							"uv": {
								"north": {"uv": [0, 8], "uv_size": [2, 2]},
								"east": {"uv": [8, 0], "uv_size": [2, 2]},
								"south": {"uv": [2, 8], "uv_size": [2, 2]},
								"west": {"uv": [8, 2], "uv_size": [2, 2]},
								"up": {"uv": [4, 8], "uv_size": [2, 2]},
								"down": {"uv": [8, 6], "uv_size": [2, -2]}
							}
						},
						{
							"origin": [0.24357, 1.1, 1.1],
							"size": [-2.2, -2.2, -2.2],
							"inflate": -0.1,
							"uv": {
								"north": {"uv": [6, 8], "uv_size": [2, 2]},
								"east": {"uv": [8, 6], "uv_size": [2, 2]},
								"south": {"uv": [8, 8], "uv_size": [2, 2]},
								"west": {"uv": [0, 10], "uv_size": [2, 2]},
								"up": {"uv": [10, 0], "uv_size": [2, 2]},
								"down": {"uv": [2, 12], "uv_size": [2, -2]}
							}
						}
					]
				},
				{
					"name": "explosion_",
					"parent": "bow",
					"pivot": [-0.85643, 0, 0]
				},
				{
					"name": "explosion",
					"parent": "explosion_",
					"pivot": [-0.85643, 0, 0]
				},
				{
					"name": "ysmGlow_explosion_frame1",
					"parent": "explosion",
					"pivot": [-0.85643, 0, 0],
					"cubes": [
						{
							"origin": [-0.95643, -14.5, -14.5],
							"size": [0.2, 29, 29],
							"uv": {
								"west": {"uv": [52, 7], "uv_size": [29, 29]}
							}
						},
						{
							"origin": [-0.95643, -14.5, -14.5],
							"size": [0.2, 29, 29],
							"pivot": [-0.85643, 0, 0],
							"rotation": [0, 0, -45],
							"uv": {
								"west": {"uv": [52, 7], "uv_size": [29, 29]}
							}
						},
						{
							"origin": [-0.95643, -14.5, -14.5],
							"size": [0.2, 29, 29],
							"pivot": [-0.85643, 0, 0],
							"rotation": [0, 0, 45],
							"uv": {
								"west": {"uv": [52, 7], "uv_size": [29, 29]}
							}
						},
						{
							"origin": [-0.95643, -14.5, -14.5],
							"size": [0.2, 29, 29],
							"pivot": [-0.85643, 0, 0],
							"rotation": [0, 0, -90],
							"uv": {
								"west": {"uv": [52, 7], "uv_size": [29, 29]}
							}
						}
					]
				},
				{
					"name": "ysmGlow_explosion_frame2",
					"parent": "explosion",
					"pivot": [-0.85643, 0, 0],
					"cubes": [
						{
							"origin": [-0.95643, -14.5, -14.5],
							"size": [0.2, 29, 29],
							"uv": {
								"west": {"uv": [34, 44], "uv_size": [29, 29]}
							}
						},
						{
							"origin": [-0.95643, -14.5, -14.5],
							"size": [0.2, 29, 29],
							"pivot": [-0.85643, 0, 0],
							"rotation": [0, 0, 45],
							"uv": {
								"west": {"uv": [34, 44], "uv_size": [29, 29]}
							}
						},
						{
							"origin": [-0.95643, -14.5, -14.5],
							"size": [0.2, 29, 29],
							"pivot": [-0.85643, 0, 0],
							"rotation": [0, 0, -45],
							"uv": {
								"west": {"uv": [34, 44], "uv_size": [29, 29]}
							}
						},
						{
							"origin": [-0.95643, -14.5, -14.5],
							"size": [0.2, 29, 29],
							"pivot": [-0.85643, 0, 0],
							"rotation": [0, 0, -90],
							"uv": {
								"west": {"uv": [34, 44], "uv_size": [29, 29]}
							}
						}
					]
				},
				{
					"name": "ysmGlow_explosion_frame3",
					"parent": "explosion",
					"pivot": [-0.85643, 0, 0],
					"cubes": [
						{
							"origin": [-0.95643, -14.5, -14.5],
							"size": [0.2, 29, 29],
							"uv": {
								"west": {"uv": [0, 55], "uv_size": [29, 29]}
							}
						},
						{
							"origin": [-0.95643, -14.5, -14.5],
							"size": [0.2, 29, 29],
							"pivot": [-0.85643, 0, 0],
							"rotation": [0, 0, 45],
							"uv": {
								"west": {"uv": [0, 55], "uv_size": [29, 29]}
							}
						},
						{
							"origin": [-0.95643, -14.5, -14.5],
							"size": [0.2, 29, 29],
							"pivot": [-0.85643, 0, 0],
							"rotation": [0, 0, -45],
							"uv": {
								"west": {"uv": [0, 55], "uv_size": [29, 29]}
							}
						},
						{
							"origin": [-0.95643, -14.5, -14.5],
							"size": [0.2, 29, 29],
							"pivot": [-0.85643, 0, 0],
							"rotation": [0, 0, -90],
							"uv": {
								"west": {"uv": [0, 55], "uv_size": [29, 29]}
							}
						}
					]
				},
				{
					"name": "ysmGlow_explosion_frame4",
					"parent": "explosion",
					"pivot": [-0.85643, 0, 0],
					"cubes": [
						{
							"origin": [-0.95643, -14.5, -14.5],
							"size": [0.2, 29, 29],
							"uv": {
								"west": {"uv": [63, 36], "uv_size": [29, 29]}
							}
						},
						{
							"origin": [-0.95643, -14.5, -14.5],
							"size": [0.2, 29, 29],
							"pivot": [-0.85643, 0, 0],
							"rotation": [0, 0, 45],
							"uv": {
								"west": {"uv": [63, 36], "uv_size": [29, 29]}
							}
						},
						{
							"origin": [-0.95643, -14.5, -14.5],
							"size": [0.2, 29, 29],
							"pivot": [-0.85643, 0, 0],
							"rotation": [0, 0, -45],
							"uv": {
								"west": {"uv": [63, 36], "uv_size": [29, 29]}
							}
						},
						{
							"origin": [-0.95643, -14.5, -14.5],
							"size": [0.2, 29, 29],
							"pivot": [-0.85643, 0, 0],
							"rotation": [0, 0, -90],
							"uv": {
								"west": {"uv": [63, 36], "uv_size": [29, 29]}
							}
						}
					]
				},
				{
					"name": "thunder",
					"parent": "bow",
					"pivot": [-0.85643, 0, 0]
				},
				{
					"name": "ysmGlow_thunder1",
					"parent": "thunder",
					"pivot": [-0.85643, 0, 0],
					"cubes": [
						{
							"origin": [-0.95643, -5, -9],
							"size": [0.2, 10, 18],
							"uv": {
								"north": {"uv": [4, 10], "uv_size": [1, 10]},
								"south": {"uv": [5, 10], "uv_size": [1, 10]},
								"west": {"uv": [63, 65], "uv_size": [18, 10]},
								"up": {"uv": [29, 55], "uv_size": [1, 18]},
								"down": {"uv": [30, 73], "uv_size": [1, -18]}
							}
						}
					]
				},
				{
					"name": "ysmGlow_thunder2",
					"parent": "thunder",
					"pivot": [-0.85643, 0, 0],
					"cubes": [
						{
							"origin": [-0.95643, -5, -9],
							"size": [0.2, 10, 18],
							"uv": {
								"north": {"uv": [7, 10], "uv_size": [1, 10]},
								"south": {"uv": [11, 2], "uv_size": [1, 10]},
								"west": {"uv": [29, 73], "uv_size": [18, 10]},
								"up": {"uv": [33, 55], "uv_size": [1, 18]},
								"down": {"uv": [47, 91], "uv_size": [1, -18]}
							}
						}
					]
				},
				{
					"name": "ysmGlow_thunder3",
					"parent": "thunder",
					"pivot": [-0.85643, 0, 0],
					"cubes": [
						{
							"origin": [-0.95643, -5, -9],
							"size": [0.2, 10, 18],
							"uv": {
								"north": {"uv": [0, 12], "uv_size": [1, 10]},
								"south": {"uv": [12, 0], "uv_size": [1, 10]},
								"west": {"uv": [48, 75], "uv_size": [18, 10]},
								"up": {"uv": [66, 75], "uv_size": [1, 18]},
								"down": {"uv": [67, 93], "uv_size": [1, -18]}
							}
						}
					]
				},
				{
					"name": "ysmGlow_thunder4",
					"parent": "thunder",
					"pivot": [-0.85643, 0, 0],
					"cubes": [
						{
							"origin": [-0.95643, -5, -9],
							"size": [0.2, 10, 18],
							"uv": {
								"north": {"uv": [10, 2], "uv_size": [1, 10]},
								"south": {"uv": [6, 10], "uv_size": [1, 10]},
								"west": {"uv": [34, 23], "uv_size": [18, 10]},
								"up": {"uv": [31, 55], "uv_size": [1, 18]},
								"down": {"uv": [32, 73], "uv_size": [1, -18]}
							}
						}
					]
				},
				{
					"name": "ysmGlow_thunder5",
					"parent": "thunder",
					"pivot": [-0.85643, 0, 0],
					"cubes": [
						{
							"origin": [-0.95643, -5, -9],
							"size": [0.2, 10, 18],
							"uv": {
								"north": {"uv": [1, 12], "uv_size": [1, 10]},
								"south": {"uv": [2, 12], "uv_size": [1, 10]},
								"west": {"uv": [68, 75], "uv_size": [18, 10]},
								"up": {"uv": [81, 0], "uv_size": [1, 18]},
								"down": {"uv": [81, 36], "uv_size": [1, -18]}
							}
						}
					]
				},
				{
					"name": "thunder2",
					"parent": "bow",
					"pivot": [-0.85643, 0, 0]
				},
				{
					"name": "ysmGlow_thunder6",
					"parent": "thunder2",
					"pivot": [-0.85643, 0, 0],
					"cubes": [
						{
							"origin": [-0.98143, -6.25, -11.25],
							"size": [0.25, 12.5, 22.5],
							"uv": {
								"north": {"uv": [4, 10], "uv_size": [1, 10]},
								"south": {"uv": [5, 10], "uv_size": [1, 10]},
								"west": {"uv": [63, 65], "uv_size": [18, 10]},
								"up": {"uv": [29, 55], "uv_size": [1, 18]},
								"down": {"uv": [30, 73], "uv_size": [1, -18]}
							}
						}
					]
				},
				{
					"name": "ysmGlow_thunder7",
					"parent": "thunder2",
					"pivot": [-0.85643, 0, 0],
					"cubes": [
						{
							"origin": [-0.98143, -6.25, -11.25],
							"size": [0.25, 12.5, 22.5],
							"uv": {
								"north": {"uv": [7, 10], "uv_size": [1, 10]},
								"south": {"uv": [11, 2], "uv_size": [1, 10]},
								"west": {"uv": [29, 73], "uv_size": [18, 10]},
								"up": {"uv": [33, 55], "uv_size": [1, 18]},
								"down": {"uv": [47, 91], "uv_size": [1, -18]}
							}
						}
					]
				},
				{
					"name": "ysmGlow_thunder8",
					"parent": "thunder2",
					"pivot": [-0.85643, 0, 0],
					"cubes": [
						{
							"origin": [-0.98143, -6.25, -11.25],
							"size": [0.25, 12.5, 22.5],
							"uv": {
								"north": {"uv": [0, 12], "uv_size": [1, 10]},
								"south": {"uv": [12, 0], "uv_size": [1, 10]},
								"west": {"uv": [48, 75], "uv_size": [18, 10]},
								"up": {"uv": [66, 75], "uv_size": [1, 18]},
								"down": {"uv": [67, 93], "uv_size": [1, -18]}
							}
						}
					]
				},
				{
					"name": "ysmGlow_thunder9",
					"parent": "thunder2",
					"pivot": [-0.85643, 0, 0],
					"cubes": [
						{
							"origin": [-0.98143, -6.25, -11.25],
							"size": [0.25, 12.5, 22.5],
							"uv": {
								"north": {"uv": [10, 2], "uv_size": [1, 10]},
								"south": {"uv": [6, 10], "uv_size": [1, 10]},
								"west": {"uv": [34, 23], "uv_size": [18, 10]},
								"up": {"uv": [31, 55], "uv_size": [1, 18]},
								"down": {"uv": [32, 73], "uv_size": [1, -18]}
							}
						}
					]
				},
				{
					"name": "ysmGlow_thunder10",
					"parent": "thunder2",
					"pivot": [-0.85643, 0, 0],
					"cubes": [
						{
							"origin": [-0.98143, -6.25, -11.25],
							"size": [0.25, 12.5, 22.5],
							"uv": {
								"north": {"uv": [1, 12], "uv_size": [1, 10]},
								"south": {"uv": [2, 12], "uv_size": [1, 10]},
								"west": {"uv": [68, 75], "uv_size": [18, 10]},
								"up": {"uv": [81, 0], "uv_size": [1, 18]},
								"down": {"uv": [81, 36], "uv_size": [1, -18]}
							}
						}
					]
				},
				{
					"name": "smoke",
					"parent": "bow",
					"pivot": [-0.85643, 0, 11],
					"rotation": [-90, 0, -90]
				},
				{
					"name": "smoke1",
					"parent": "smoke",
					"pivot": [-0.85643, 0, 11],
					"cubes": [
						{
							"origin": [-12.21286, -10.5, 11.74724],
							"size": [21, 21, 0.13125],
							"pivot": [-1.71286, 0, 11.81286],
							"rotation": [0, 90, 0],
							"uv": {
								"south": {"uv": [0, 84], "uv_size": [21, 21]}
							}
						}
					]
				},
				{
					"name": "smoke2",
					"parent": "smoke",
					"pivot": [-0.85643, 0, 11],
					"cubes": [
						{
							"origin": [-12.21286, -10.5, 11.74724],
							"size": [21, 21, 0.13125],
							"pivot": [-1.71286, 0, 11.81286],
							"rotation": [0, 90, 0],
							"uv": {
								"south": {"uv": [82, 0], "uv_size": [21, 21]}
							}
						}
					]
				},
				{
					"name": "smoke3",
					"parent": "smoke",
					"pivot": [-0.85643, 0, 11],
					"cubes": [
						{
							"origin": [-12.21286, -10.5, 11.74724],
							"size": [21, 21, 0.13125],
							"pivot": [-1.71286, 0, 11.81286],
							"rotation": [0, 90, 0],
							"uv": {
								"south": {"uv": [21, 84], "uv_size": [21, 21]}
							}
						}
					]
				},
				{
					"name": "smoke4",
					"parent": "smoke",
					"pivot": [-0.85643, 0, 11],
					"cubes": [
						{
							"origin": [-12.21286, -10.5, 11.74724],
							"size": [21, 21, 0.13125],
							"pivot": [-1.71286, 0, 11.81286],
							"rotation": [0, 90, 0],
							"uv": {
								"south": {"uv": [68, 85], "uv_size": [21, 21]}
							}
						}
					]
				},
				{
					"name": "smoke5",
					"parent": "bow",
					"pivot": [-0.85643, 0, 11],
					"rotation": [-90, 0, -180]
				},
				{
					"name": "smoke6",
					"parent": "smoke5",
					"pivot": [-0.85643, 0, 11],
					"cubes": [
						{
							"origin": [-12.21286, -10.5, 11.74724],
							"size": [21, 21, 0.13125],
							"pivot": [-1.71286, 0, 11.81286],
							"rotation": [0, 90, 0],
							"uv": {
								"south": {"uv": [0, 84], "uv_size": [21, 21]}
							}
						}
					]
				},
				{
					"name": "smoke7",
					"parent": "smoke5",
					"pivot": [-0.85643, 0, 11],
					"cubes": [
						{
							"origin": [-12.21286, -10.5, 11.74724],
							"size": [21, 21, 0.13125],
							"pivot": [-1.71286, 0, 11.81286],
							"rotation": [0, 90, 0],
							"uv": {
								"south": {"uv": [82, 0], "uv_size": [21, 21]}
							}
						}
					]
				},
				{
					"name": "smoke8",
					"parent": "smoke5",
					"pivot": [-0.85643, 0, 11],
					"cubes": [
						{
							"origin": [-12.21286, -10.5, 11.74724],
							"size": [21, 21, 0.13125],
							"pivot": [-1.71286, 0, 11.81286],
							"rotation": [0, 90, 0],
							"uv": {
								"south": {"uv": [21, 84], "uv_size": [21, 21]}
							}
						}
					]
				},
				{
					"name": "smoke9",
					"parent": "smoke5",
					"pivot": [-0.85643, 0, 11],
					"cubes": [
						{
							"origin": [-12.21286, -10.5, 11.74724],
							"size": [21, 21, 0.13125],
							"pivot": [-1.71286, 0, 11.81286],
							"rotation": [0, 90, 0],
							"uv": {
								"south": {"uv": [68, 85], "uv_size": [21, 21]}
							}
						}
					]
				},
				{
					"name": "crossbow",
					"pivot": [8, 0, 0],
					"rotation": [0, 90, 0],
					"cubes": [
						{
							"origin": [7.75, -0.25, -14.5],
							"size": [0.5, 0.5, 21.75],
							"uv": {
								"north": {"uv": [23, 15], "uv_size": [1, 1]},
								"east": {"uv": [8, 16], "uv_size": [22, 1]},
								"south": {"uv": [20, 23], "uv_size": [1, 1]},
								"west": {"uv": [16, 8], "uv_size": [22, 1]},
								"up": {"uv": [8, 17], "uv_size": [1, 22]},
								"down": {"uv": [9, 39], "uv_size": [1, -22]}
							}
						},
						{
							"origin": [7.75391, 0.8125, -14.625],
							"size": [0.49219, 0.5, 2.5],
							"pivot": [8, 1.0625, -9.125],
							"rotation": [11, 0, 0],
							"uv": {
								"north": {"uv": [23, 20], "uv_size": [1, 1]},
								"east": {"uv": [16, 13], "uv_size": [3, 1]},
								"south": {"uv": [23, 21], "uv_size": [1, 1]},
								"west": {"uv": [16, 14], "uv_size": [3, 1]},
								"up": {"uv": [10, 17], "uv_size": [1, 3]},
								"down": {"uv": [11, 20], "uv_size": [1, -3]}
							}
						},
						{
							"origin": [7.75, -0.54377, -12.25913],
							"size": [0.5, 0.5, 2.5],
							"pivot": [8, 0, -11.20203],
							"rotation": [11, 0, -90],
							"uv": {
								"north": {"uv": [22, 23], "uv_size": [1, 1]},
								"east": {"uv": [16, 15], "uv_size": [3, 1]},
								"south": {"uv": [23, 22], "uv_size": [1, 1]},
								"west": {"uv": [12, 17], "uv_size": [3, 1]},
								"up": {"uv": [15, 17], "uv_size": [1, 3]},
								"down": {"uv": [16, 20], "uv_size": [1, -3]}
							}
						},
						{
							"origin": [7.75, -1.3125, -12.12854],
							"size": [0.5, 0.5, 2.5],
							"pivot": [8, -1.0625, -15.12854],
							"rotation": [11, 0, 0],
							"uv": {
								"north": {"uv": [23, 23], "uv_size": [1, 1]},
								"east": {"uv": [17, 17], "uv_size": [3, 1]},
								"south": {"uv": [0, 24], "uv_size": [1, 1]},
								"west": {"uv": [18, 9], "uv_size": [3, 1]},
								"up": {"uv": [18, 10], "uv_size": [1, 3]},
								"down": {"uv": [12, 21], "uv_size": [1, -3]}
							}
						},
						{
							"origin": [7.75, 0.04377, -12.25913],
							"size": [0.5, 0.5, 2.5],
							"pivot": [8, 0, -11.20203],
							"rotation": [-11, 0, -90],
							"uv": {
								"north": {"uv": [24, 0], "uv_size": [1, 1]},
								"east": {"uv": [17, 18], "uv_size": [3, 1]},
								"south": {"uv": [1, 24], "uv_size": [1, 1]},
								"west": {"uv": [19, 10], "uv_size": [3, 1]},
								"up": {"uv": [13, 18], "uv_size": [1, 3]},
								"down": {"uv": [14, 21], "uv_size": [1, -3]}
							}
						},
						{
							"origin": [7.75, 0.8125, -12.12854],
							"size": [0.5, 0.5, 2.5],
							"pivot": [8, 1.0625, -15.12854],
							"rotation": [-11, 0, 0],
							"uv": {
								"north": {"uv": [24, 1], "uv_size": [1, 1]},
								"east": {"uv": [19, 11], "uv_size": [3, 1]},
								"south": {"uv": [2, 24], "uv_size": [1, 1]},
								"west": {"uv": [19, 12], "uv_size": [3, 1]},
								"up": {"uv": [19, 13], "uv_size": [1, 3]},
								"down": {"uv": [17, 22], "uv_size": [1, -3]}
							}
						},
						{
							"origin": [7.75391, -1.3125, -14.625],
							"size": [0.49219, 0.5, 2.5],
							"pivot": [8, -1.0625, -9.125],
							"rotation": [-11, 0, 0],
							"uv": {
								"north": {"uv": [24, 2], "uv_size": [1, 1]},
								"east": {"uv": [18, 19], "uv_size": [3, 1]},
								"south": {"uv": [3, 24], "uv_size": [1, 1]},
								"west": {"uv": [20, 13], "uv_size": [3, 1]},
								"up": {"uv": [10, 20], "uv_size": [1, 3]},
								"down": {"uv": [11, 23], "uv_size": [1, -3]}
							}
						},
						{
							"origin": [7.75, 0.04377, -14.49441],
							"size": [0.5, 0.5, 2.5],
							"pivot": [8, 0, -13.05151],
							"rotation": [11, 0, -90],
							"uv": {
								"north": {"uv": [24, 3], "uv_size": [1, 1]},
								"east": {"uv": [20, 14], "uv_size": [3, 1]},
								"south": {"uv": [4, 24], "uv_size": [1, 1]},
								"west": {"uv": [20, 15], "uv_size": [3, 1]},
								"up": {"uv": [15, 20], "uv_size": [1, 3]},
								"down": {"uv": [16, 23], "uv_size": [1, -3]}
							}
						},
						{
							"origin": [7.751, -0.54377, -14.49441],
							"size": [0.5, 0.5, 2.5],
							"pivot": [8, 0, -13.05151],
							"rotation": [-11, 0, -90],
							"uv": {
								"north": {"uv": [24, 4], "uv_size": [1, 1]},
								"east": {"uv": [20, 17], "uv_size": [3, 1]},
								"south": {"uv": [5, 24], "uv_size": [1, 1]},
								"west": {"uv": [18, 20], "uv_size": [3, 1]},
								"up": {"uv": [12, 21], "uv_size": [1, 3]},
								"down": {"uv": [13, 24], "uv_size": [1, -3]}
							}
						},
						{
							"origin": [8.49259, -0.44776, 3.37707],
							"size": [0.37891, 1.25, 1.5],
							"inflate": 0.01,
							"pivot": [8.68399, -0.01, 4.21603],
							"rotation": [-11.5, 0, 90],
							"uv": {
								"north": {"uv": [24, 5], "uv_size": [1, 1]},
								"east": {"uv": [21, 20], "uv_size": [2, 1]},
								"south": {"uv": [6, 24], "uv_size": [1, 1]},
								"west": {"uv": [19, 22], "uv_size": [2, 1]},
								"up": {"uv": [21, 22], "uv_size": [1, 2]},
								"down": {"uv": [22, 23], "uv_size": [1, -2]}
							}
						},
						{
							"origin": [8.5004, -1.55635, 2.11822],
							"size": [0.33984, 1.73516, 2.0375],
							"inflate": 0.01,
							"pivot": [8.68399, -0.01, 4.24468],
							"rotation": [0, 0, 90],
							"uv": {
								"north": {"uv": [10, 23], "uv_size": [1, 2]},
								"east": {"uv": [16, 9], "uv_size": [2, 2]},
								"south": {"uv": [23, 10], "uv_size": [1, 2]},
								"west": {"uv": [16, 11], "uv_size": [2, 2]},
								"up": {"uv": [11, 23], "uv_size": [1, 2]},
								"down": {"uv": [23, 14], "uv_size": [1, -2]}
							}
						},
						{
							"origin": [7.17994, -0.025, 0.96745],
							"size": [0.375, 0.65, 3],
							"pivot": [7.36744, 0, 2.96745],
							"rotation": [28.5, 0, -90],
							"uv": {
								"north": {"uv": [24, 6], "uv_size": [1, 1]},
								"east": {"uv": [20, 18], "uv_size": [3, 1]},
								"south": {"uv": [7, 24], "uv_size": [1, 1]},
								"west": {"uv": [21, 9], "uv_size": [3, 1]},
								"up": {"uv": [14, 21], "uv_size": [1, 3]},
								"down": {"uv": [18, 24], "uv_size": [1, -3]}
							}
						},
						{
							"origin": [7.12851, -0.44776, 3.37707],
							"size": [0.37891, 1.25, 1.5],
							"inflate": 0.01,
							"pivot": [7.31601, -0.01, 4.21603],
							"rotation": [-11.5, 0, -90],
							"uv": {
								"north": {"uv": [24, 7], "uv_size": [1, 1]},
								"east": {"uv": [23, 14], "uv_size": [2, 1]},
								"south": {"uv": [24, 9], "uv_size": [1, 1]},
								"west": {"uv": [15, 23], "uv_size": [2, 1]},
								"up": {"uv": [23, 17], "uv_size": [1, 2]},
								"down": {"uv": [19, 25], "uv_size": [1, -2]}
							}
						},
						{
							"origin": [8.44506, -0.025, 0.96745],
							"size": [0.375, 0.65, 3],
							"pivot": [8.63256, 0, 2.96745],
							"rotation": [28.5, 0, 90],
							"uv": {
								"north": {"uv": [24, 10], "uv_size": [1, 1]},
								"east": {"uv": [19, 21], "uv_size": [3, 1]},
								"south": {"uv": [24, 11], "uv_size": [1, 1]},
								"west": {"uv": [21, 19], "uv_size": [3, 1]},
								"up": {"uv": [22, 10], "uv_size": [1, 3]},
								"down": {"uv": [17, 25], "uv_size": [1, -3]}
							}
						}
					]
				}
			]
		}
	]
}