{
	"format_version": "1.12.0",
	"minecraft:geometry": [
		{
			"description": {
				"identifier": "geometry.unknown",
				"texture_width": 128,
				"texture_height": 128,
				"visible_bounds_width": 4,
				"visible_bounds_height": 5.5,
				"visible_bounds_offset": [0, 2.25, 0]
			},
			"bones": [
				{
					"name": "RightArm",
					"pivot": [-3.25, 29.775, 0],
					"rotation": [0, 0, -2.5],
					"cubes": [
						{"origin": [-6.2, 21.025, -1.6], "size": [3.25, 8, 3.3], "pivot": [3, 0, 0], "rotation": [0, 0, 2.5], "uv": [26, 64]},
						{"origin": [-5.4, 24.025, -0.7], "size": [1.55, 7.1, 1.5], "uv": [62, 90]},
						{
							"origin": [-2, 27, -1],
							"size": [1, 5, 2],
							"pivot": [-2, 30, 0],
							"rotation": [0, 0, 5],
							"uv": {
								"north": {"uv": [40, 50], "uv_size": [1, 5]},
								"east": {"uv": [14, 107], "uv_size": [2, 5]},
								"south": {"uv": [51, 98], "uv_size": [1, 5]},
								"west": {"uv": [74, 108], "uv_size": [2, 5]},
								"up": {"uv": [114, 39], "uv_size": [1, 2]},
								"down": {"uv": [74, 116], "uv_size": [1, -2]}
							}
						},
						{
							"origin": [-5, 29, -2],
							"size": [3, 3, 4],
							"pivot": [-2, 30, 0],
							"rotation": [0, 0, 2.5],
							"uv": {
								"north": {"uv": [109, 35], "uv_size": [3, 3]},
								"east": {"uv": [108, 0], "uv_size": [4, 3]},
								"south": {"uv": [110, 4], "uv_size": [3, 3]},
								"west": {"uv": [108, 94], "uv_size": [4, 3]},
								"up": {"uv": [71, 18], "uv_size": [3, 4]},
								"down": {"uv": [27, 113], "uv_size": [3, -4]}
							}
						}
					]
				},
				{
					"name": "RightForeArm",
					"parent": "RightArm",
					"pivot": [-3.475, 24.225, 0.025],
					"rotation": [0, 0, 2.5],
					"cubes": [
						{"origin": [-5.175, 14.2, -1.575], "size": [3.2, 11, 3.3], "uv": [0, 64]},
						{"origin": [-6.325, 17.2, -1.725], "size": [3.05, 6, 3.5], "pivot": [-3.6, 21.7, 0.025], "rotation": [0, 0, -5], "uv": [26, 76]},
						{"origin": [-3.54971, 17.21846, -1.625], "size": [2.05, 6, 4.3], "pivot": [-3.67471, 21.69346, 0.025], "rotation": [0, 0, 2.5], "uv": [68, 70]}
					]
				},
				{
					"name": "RightHand",
					"parent": "RightForeArm",
					"pivot": [-3.575, 18.825, 0.025],
					"cubes": [
						{"origin": [-4.075, 16.325, -0.475], "size": [1, 4, 1], "uv": [0, 103]}
					]
				},
				{
					"name": "RightHandLocator",
					"parent": "RightHand",
					"pivot": [-3.575, 17.825, 0.025],
					"cubes": [
						{"origin": [-4.075, 14.325, -0.475], "size": [1, 4, 1], "uv": [29, 103]}
					]
				},
				{
					"name": "BladeLocator",
					"parent": "RightHand",
					"pivot": [-3.575, 15.825, 0.025]
				},
				{
					"name": "LeftArm",
					"pivot": [5.25, 29.9, 0],
					"cubes": [
						{"origin": [3.25, 26.9, -1], "size": [4, 5, 2], "pivot": [5.25, 29.9, 5], "rotation": [0, 0, 10], "uv": [81, 78]},
						{"origin": [2, 29, -2], "size": [6, 3, 4], "uv": [0, 56]},
						{"origin": [3.95, 21.15, -1.6], "size": [3.25, 10, 3.3], "uv": [13, 64]}
					]
				},
				{
					"name": "LeftForeArm",
					"parent": "LeftArm",
					"pivot": [5.475, 24.25, 0.025],
					"cubes": [
						{"origin": [3.975, 14.225, -1.575], "size": [3.2, 11, 3.3], "uv": [55, 58]},
						{"origin": [5.275, 17.1, -1.725], "size": [3.05, 6, 3.5], "pivot": [5.6, 21.6, 0.025], "rotation": [0, 0, 5], "uv": [54, 73]},
						{"origin": [3.275, 17.1, -1.725], "size": [3.05, 6, 3.5], "uv": [75, 18]}
					]
				},
				{
					"name": "LeftHand",
					"parent": "LeftForeArm",
					"pivot": [5.575, 18.725, 0.025]
				},
				{
					"name": "LeftHandLocator",
					"parent": "LeftHand",
					"pivot": [5.575, 17.725, 0.025],
					"cubes": [
						{"origin": [5.075, 14.225, -0.475], "size": [1, 4, 1], "uv": [102, 43]}
					]
				},
				{
					"name": "SheathLocator",
					"parent": "LeftHand",
					"pivot": [5.575, 17.725, 0.025]
				},
				{
					"name": "LeftWaistLocator",
					"parent": "LeftHand",
					"pivot": [5.575, 18.725, 0.025]
				}
			]
		}
	]
}