{
	"format_version": "1.12.0",
	"minecraft:geometry": [
		{
			"description": {
				"identifier": "geometry.unknown",
				"texture_width": 128,
				"texture_height": 128,
				"visible_bounds_width": 4,
				"visible_bounds_height": 6,
				"visible_bounds_offset": [0, 2, 0]
			},
			"bones": [
				{
					"name": "Root",
					"pivot": [0, 0, 0]
				},
				{
					"name": "AllBody",
					"parent": "Root",
					"pivot": [0, 20, 0]
				},
				{
					"name": "UpBody",
					"parent": "AllBody",
					"pivot": [0, 24, 0],
					"cubes": [
						{"origin": [-0.65, 29.17247, -2.53334], "size": [1.7, 2.7, 0.7], "uv": [21, 56]},
						{"origin": [-0.65, 29.17247, 2.46666], "size": [2.7, 2.7, 0.7], "uv": [21, 56]},
						{"origin": [0.95, 23.17247, -2.53334], "size": [3.7, 0.7, 5.7], "uv": [54, 18]},
						{"origin": [-1.3, 18.75, -2.425], "size": [2.275, 12.025, 1], "uv": [13, 78]},
						{"origin": [-4.3, 18.75, -0.425], "size": [3.275, 5.025, 1], "uv": [53, 90]},
						{"origin": [-4.3, 18.75, -2.425], "size": [3.275, 5.025, 1], "uv": [91, 86]},
						{"origin": [-4.3, 18.75, -1.425], "size": [8.275, 5.025, 4], "uv": [27, 26]},
						{"origin": [1.35, 22.07247, -2.53334], "size": [2.7, 0.7, 5.7], "uv": [39, 80]},
						{"origin": [-2.05, 25.07247, 2.46666], "size": [3.7, 4.7, 2.7], "uv": [31, 86]},
						{"origin": [0.525, 23.82247, -3.58334], "size": [1.325, 3.6, 1], "pivot": [1.7875, 27.32247, -3.08334], "rotation": [0, 0, 30], "uv": [103, 27]},
						{"origin": [-2.025, 27.82247, -2.55834], "size": [0.325, 0.6, 1], "pivot": [-1.9375, 28.32247, -2.05834], "rotation": [0, 0, -30], "uv": [33, 24]},
						{"origin": [22.25, 36.12247, -3.52834], "size": [1.325, 3.9, 1], "pivot": [21, 11, -1], "rotation": [0, 0, -55], "uv": [34, 103]},
						{"origin": [-1.3327, 27.78245, -3.52834], "size": [1.325, 3.9, 1], "pivot": [-5, 31, -1], "rotation": [0, 0, 32.5], "uv": [39, 103]},
						{"origin": [20.25, 33.12247, -3.52834], "size": [1.325, 2.9, 1], "pivot": [19, 7, -1], "rotation": [0, 0, -52.5], "uv": [74, 89]},
						{"origin": [0.35, 22.82247, -2.15834], "size": [0.7, 0.7, 0.7], "pivot": [0.5, 23.42247, -1.73334], "rotation": [-7.5, 0, 0], "uv": [21, 35]},
						{"origin": [-0.95, 22.82247, -2.15834], "size": [0.7, 0.7, 0.7], "pivot": [-0.4, 23.42247, -1.73334], "rotation": [-7.5, 0, 0], "uv": [22, 35]},
						{"origin": [0.35, 26.97247, -2.08334], "size": [0.7, 0.7, 0.7], "uv": [23, 35]},
						{
							"origin": [1.5, 29.425, -2.8],
							"size": [4.3, 2, 2.2],
							"pivot": [1.5, 30.425, -1.325],
							"rotation": [0, 0, -12.2084],
							"uv": {
								"north": {"uv": [109, 39], "uv_size": [4, 2]},
								"east": {"uv": [105, 52], "uv_size": [2, 2]},
								"south": {"uv": [110, 8], "uv_size": [4, 2]},
								"west": {"uv": [113, 28], "uv_size": [2, 2]},
								"up": {"uv": [110, 11], "uv_size": [4, 2]},
								"down": {"uv": [112, 44], "uv_size": [4, -2]}
							}
						},
						{
							"origin": [1.5, 29.425, 1.2],
							"size": [4.3, 2, 2.2],
							"pivot": [1.5, 30.425, 2.675],
							"rotation": [0, 0, -12.2084],
							"uv": {
								"north": {"uv": [109, 39], "uv_size": [4, 2]},
								"east": {"uv": [105, 52], "uv_size": [2, 2]},
								"south": {"uv": [110, 8], "uv_size": [4, 2]},
								"west": {"uv": [113, 28], "uv_size": [2, 2]},
								"up": {"uv": [110, 11], "uv_size": [4, 2]},
								"down": {"uv": [112, 44], "uv_size": [4, -2]}
							}
						},
						{
							"origin": [0.4, 29.425, -2.8],
							"size": [1.1, 2, 2.2],
							"pivot": [1.5, 30.425, -1.325],
							"rotation": [0, 0, -12.2084],
							"uv": {
								"north": {"uv": [82, 32], "uv_size": [1, 2]},
								"east": {"uv": [113, 31], "uv_size": [2, 2]},
								"south": {"uv": [95, 38], "uv_size": [1, 2]},
								"west": {"uv": [113, 34], "uv_size": [2, 2]},
								"up": {"uv": [72, 99], "uv_size": [1, 2]},
								"down": {"uv": [101, 81], "uv_size": [1, -2]}
							}
						},
						{"origin": [0.75, 30.675, -2.875], "size": [0.5, 0.5, 1], "pivot": [1.5, 30.125, -1.525], "rotation": [0, 0, -12.2084], "uv": [36, 24]},
						{"origin": [-5.8, 29.425, -2.8], "size": [5.4, 2, 2.2], "pivot": [-1.5, 30.425, -1.325], "rotation": [0, 0, 12.2084], "uv": [82, 42]},
						{"origin": [-5.8, 29.425, 0.2], "size": [5.4, 2, 2.2], "pivot": [-1.5, 30.425, 1.675], "rotation": [0, 0, 12.2084], "uv": [82, 42]},
						{"origin": [-1.98841, 28.02305, -2.4716], "size": [1.4, 1.3, 2.2], "pivot": [-0.73841, 28.99805, -1.7216], "rotation": [0, 0, 43.571], "uv": [96, 0]},
						{"origin": [-1.48863, 28.91031, -2.4812], "size": [5.5, 1.1, 2.225], "pivot": [1.31137, 29.16031, -1.4812], "rotation": [0, 0, -19.469], "uv": [82, 47]},
						{"origin": [-4, 30.575, -1.9], "size": [8, 1, 4.2], "inflate": 0.01, "uv": [0, 50]},
						{"origin": [-0.85, 24.97247, -2.08334], "size": [0.7, 0.7, 0.7], "uv": [24, 35]},
						{"origin": [0.675, 24.15, -2.55], "size": [1.1, 6, 1], "uv": [20, 78]},
						{"origin": [0.675, 18.15, -2.55], "size": [1.1, 6, 1], "uv": [25, 94]},
						{"origin": [-2.7, 29.15, -2.125], "size": [5.4, 2, 4.2], "uv": [58, 0]},
						{"origin": [-1.4, 23.05, -2.7], "size": [1.5, 2, 5.275], "pivot": [0, 23.925, 0], "rotation": [0, 0, -5], "uv": [0, 79]},
						{"origin": [-1.15, 23.3, -2.725], "size": [1, 1.5, 5.375], "pivot": [0, 23.925, 0], "rotation": [0, 0, -5], "uv": [54, 83]},
						{"origin": [-4, 23.75, -0.325], "size": [8, 8, 1.65], "uv": [5, 3]},
						{"origin": [-6, 23.75, -2.325], "size": [12, 8, 4.65], "uv": [0, 13]},
						{"origin": [-4, 19, -2], "size": [8, 5, 4], "uv": [33, 0]},
						{"origin": [-1, 27, 4], "size": [2, 3, 2], "uv": [85, 93]},
						{"origin": [-7, 23, -4], "size": [2, 5, 8], "pivot": [-6, 20, -3], "rotation": [0, 0, 37.5], "uv": [33, 10]},
						{"origin": [6, 24, -4], "size": [2, 5, 8], "pivot": [7, 21, -3], "rotation": [0, 0, -52.5], "uv": [0, 35]},
						{"origin": [-3, 28, -4], "size": [2, 5, 8], "pivot": [-2, 25, -3], "rotation": [0, 0, 37.5], "uv": [21, 36]}
					]
				},
				{
					"name": "AllHead",
					"parent": "UpBody",
					"pivot": [0, 31.2, 0],
					"cubes": [
						{"origin": [-1.5, 30.925, -1.525], "size": [3, 2, 3], "uv": [83, 60]}
					]
				},
				{
					"name": "Head",
					"parent": "AllHead",
					"pivot": [0, 32, 0],
					"cubes": [
						{
							"origin": [0, 32.05, -4],
							"size": [3.5, 8, 8],
							"uv": {
								"north": {"uv": [54, 108], "uv_size": [4, 8]},
								"east": {"uv": [105, 98], "uv_size": [8, 8]},
								"south": {"uv": [59, 108], "uv_size": [4, 8]},
								"west": {"uv": [77, 106], "uv_size": [8, 8]},
								"up": {"uv": [108, 62], "uv_size": [4, 8]},
								"down": {"uv": [64, 116], "uv_size": [4, -8]}
							}
						},
						{"origin": [-7.57678, 33.25, -1.67678], "size": [5, 2.3, 1], "pivot": [-3.6, 34.75, -1], "rotation": [17.67166, 25.69172, 23.57263], "uv": [83, 66]},
						{"origin": [-12.57678, 34.25, -1.67678], "size": [10, 1.3, 1], "pivot": [-3.6, 34.75, -1], "rotation": [17.67166, 25.69172, 23.57263], "uv": [52, 32]},
						{
							"origin": [-3.5, 32.05, -4],
							"size": [3.5, 8, 8],
							"uv": {
								"north": {"uv": [69, 108], "uv_size": [4, 8]},
								"east": {"uv": [96, 106], "uv_size": [8, 8]},
								"south": {"uv": [108, 71], "uv_size": [4, 8]},
								"west": {"uv": [5, 107], "uv_size": [8, 8]},
								"up": {"uv": [108, 80], "uv_size": [4, 8]},
								"down": {"uv": [86, 116], "uv_size": [4, -8]}
							}
						},
						{
							"origin": [3.6, 33.25, -1.67678],
							"size": [0, 2.3, 1],
							"pivot": [3.6, 34.75, -1],
							"rotation": [14.10456, -27.37254, -20.51282],
							"uv": {
								"north": {"uv": [24, 56], "uv_size": [0, 2]},
								"east": {"uv": [5, 103], "uv_size": [1, 2]},
								"south": {"uv": [24, 59], "uv_size": [0, 2]},
								"west": {"uv": [22, 105], "uv_size": [1, 2]},
								"up": {"uv": [39, 64], "uv_size": [0, 1]},
								"down": {"uv": [39, 67], "uv_size": [0, -1]}
							}
						},
						{
							"origin": [3.6, 33.25, -1.67678],
							"size": [0, 2.3, 1],
							"pivot": [3.6, 34.75, -1],
							"rotation": [14.10456, -27.37254, -20.51282],
							"uv": {
								"north": {"uv": [39, 68], "uv_size": [0, 2]},
								"east": {"uv": [105, 49], "uv_size": [1, 2]},
								"south": {"uv": [67, 73], "uv_size": [0, 2]},
								"west": {"uv": [113, 70], "uv_size": [1, 2]},
								"up": {"uv": [76, 7], "uv_size": [0, 1]},
								"down": {"uv": [67, 77], "uv_size": [0, -1]}
							}
						},
						{
							"origin": [3.6, 33.25, -1.67678],
							"size": [0, 2.3, 1],
							"pivot": [3.6, 34.75, -1],
							"rotation": [14.10456, -27.37254, -20.51282],
							"uv": {
								"north": {"uv": [25, 78], "uv_size": [0, 2]},
								"east": {"uv": [113, 73], "uv_size": [1, 2]},
								"south": {"uv": [67, 78], "uv_size": [0, 2]},
								"west": {"uv": [113, 76], "uv_size": [1, 2]},
								"up": {"uv": [25, 81], "uv_size": [0, 1]},
								"down": {"uv": [80, 82], "uv_size": [0, -1]}
							}
						},
						{
							"origin": [3.6, 33.25, -1.67678],
							"size": [0, 2.3, 1],
							"pivot": [3.6, 34.75, -1],
							"rotation": [14.10456, -27.37254, -20.51282],
							"uv": {
								"north": {"uv": [25, 83], "uv_size": [0, 2]},
								"east": {"uv": [113, 79], "uv_size": [1, 2]},
								"south": {"uv": [80, 83], "uv_size": [0, 2]},
								"west": {"uv": [113, 82], "uv_size": [1, 2]},
								"up": {"uv": [53, 86], "uv_size": [0, 1]},
								"down": {"uv": [53, 89], "uv_size": [0, -1]}
							}
						},
						{
							"origin": [3.6, 33.25, -1.67678],
							"size": [0, 2.3, 1],
							"pivot": [3.6, 34.75, -1],
							"rotation": [14.10456, -27.37254, -20.51282],
							"uv": {
								"north": {"uv": [79, 89], "uv_size": [0, 2]},
								"east": {"uv": [113, 85], "uv_size": [1, 2]},
								"south": {"uv": [30, 94], "uv_size": [0, 2]},
								"west": {"uv": [113, 88], "uv_size": [1, 2]},
								"up": {"uv": [100, 90], "uv_size": [0, 1]},
								"down": {"uv": [107, 85], "uv_size": [0, -1]}
							}
						},
						{
							"origin": [3.6, 33.25, -1.67678],
							"size": [2.97678, 2.3, 1],
							"pivot": [3.6, 34.75, -1],
							"rotation": [14.10456, -27.37254, -20.51282],
							"uv": {
								"north": {"uv": [92, 57], "uv_size": [3, 2]},
								"east": {"uv": [91, 113], "uv_size": [1, 2]},
								"south": {"uv": [77, 103], "uv_size": [3, 2]},
								"west": {"uv": [113, 91], "uv_size": [1, 2]},
								"up": {"uv": [21, 62], "uv_size": [3, 1]},
								"down": {"uv": [58, 98], "uv_size": [3, -1]}
							}
						},
						{
							"origin": [5.57678, 34.25, -1.67678],
							"size": [7.02322, 1.3, 1],
							"pivot": [3.6, 34.75, -1],
							"rotation": [14.10456, -27.37254, -20.51282],
							"uv": {
								"north": {"uv": [39, 24], "uv_size": [7, 1]},
								"east": {"uv": [40, 56], "uv_size": [1, 1]},
								"south": {"uv": [77, 16], "uv_size": [7, 1]},
								"west": {"uv": [18, 92], "uv_size": [1, 1]},
								"up": {"uv": [110, 14], "uv_size": [7, 1]},
								"down": {"uv": [112, 108], "uv_size": [7, -1]}
							}
						},
						{
							"origin": [2.57678, 33.25, -1.67678],
							"size": [1.02322, 2.3, 1],
							"pivot": [3.6, 34.75, -1],
							"rotation": [14.10456, -27.37254, -20.51282],
							"uv": {
								"north": {"uv": [93, 113], "uv_size": [1, 2]},
								"east": {"uv": [113, 94], "uv_size": [1, 2]},
								"south": {"uv": [0, 114], "uv_size": [1, 2]},
								"west": {"uv": [2, 114], "uv_size": [1, 2]},
								"up": {"uv": [97, 22], "uv_size": [1, 1]},
								"down": {"uv": [114, 20], "uv_size": [1, -1]}
							}
						},
						{"origin": [-1.5, 30.85, -1.5], "size": [3, 2, 3], "inflate": 0.01, "uv": [84, 32]},
						{"origin": [-1.5, 32.03223, -0.73223], "size": [3, 2.12132, 2.12132], "pivot": [0, 33.15355, 0.76777], "rotation": [45, 0, 0], "uv": [0, 92]},
						{"origin": [-1.5, 29.73934, -0.56066], "size": [3, 2.12132, 2.12132], "pivot": [0, 30.8, 0.5], "rotation": [45, 0, 0], "uv": [31, 93]},
						{"origin": [-1, 31.2, -4], "size": [2, 1, 1], "uv": [69, 7]}
					]
				},
				{
					"name": "Face",
					"parent": "Head",
					"pivot": [0, 32, 0]
				},
				{
					"name": "Eyes",
					"parent": "Face",
					"pivot": [0, 34.075, -0.5]
				},
				{
					"name": "Eyebrow",
					"parent": "Eyes",
					"pivot": [2.875, 34.875, -3.625]
				},
				{
					"name": "LeftEyebrow",
					"parent": "Eyebrow",
					"pivot": [2.875, 34.875, -3.625],
					"cubes": [
						{"origin": [1.275, 34.875, -4.125], "size": [2.25, 1, 1], "uv": [75, 32]}
					]
				},
				{
					"name": "RightEyebrow",
					"parent": "Eyebrow",
					"pivot": [-7.875, 34.875, -3.625],
					"cubes": [
						{"origin": [-3.725, 34.875, -4.125], "size": [2.25, 1, 1], "uv": [85, 57]}
					]
				},
				{
					"name": "Eyelid",
					"parent": "Eyes",
					"pivot": [0, 34.775, -0.3]
				},
				{
					"name": "LeftEyelid",
					"parent": "Eyelid",
					"pivot": [2.5, 33.075, -3.525],
					"cubes": [
						{"origin": [1.4, 33.075, -4.025], "size": [2, 2, 1], "uv": [100, 86]}
					]
				},
				{
					"name": "LeftEyesBase",
					"parent": "LeftEyelid",
					"pivot": [2.325, 33.075, -3.525],
					"cubes": [
						{"origin": [1.525, 33.075, -4.05], "size": [1.4, 2, 1], "uv": [103, 0]},
						{"origin": [2.275, 34.075, -4.45], "size": [1.2, 1.05, 1], "inflate": -0.35, "uv": [105, 4]}
					]
				},
				{
					"name": "LeftPupil",
					"parent": "LeftEyesBase",
					"pivot": [2.225, 34.075, -3.575],
					"cubes": [
						{"origin": [1.925, 33.575, -4.075], "size": [0.6, 1, 1], "uv": [21, 59]}
					]
				},
				{
					"name": "RightEyelid",
					"parent": "Eyelid",
					"pivot": [-2.5, 33.075, -3.525],
					"cubes": [
						{"origin": [-3.4, 33.075, -4.025], "size": [2, 2, 1], "uv": [93, 100]}
					]
				},
				{
					"name": "RightEyesBase",
					"parent": "RightEyelid",
					"pivot": [-2.325, 33.075, -3.525],
					"cubes": [
						{"origin": [-2.925, 33.075, -4.05], "size": [1.4, 2, 1], "uv": [103, 60]},
						{"origin": [-2.25, 34.075, -4.45], "size": [1.2, 1.05, 1], "inflate": -0.35, "uv": [105, 7]}
					]
				},
				{
					"name": "RightPupil",
					"parent": "RightEyesBase",
					"pivot": [-2.225, 34.075, -3.575],
					"cubes": [
						{"origin": [-2.525, 33.575, -4.075], "size": [0.6, 1, 1], "uv": [65, 51]}
					]
				},
				{
					"name": "Hair",
					"parent": "Head",
					"pivot": [-0.14783, 37.09457, 0.39674],
					"cubes": [
						{"origin": [-7.5, 39.15, -4.85], "size": [4, 1, 1], "pivot": [-5, 1, 0], "rotation": [0, 0, 5], "uv": [84, 38]},
						{"origin": [-1.83999, 37.38427, 3.79089], "size": [2, 4, 1], "pivot": [-0.88999, 39.25927, 3.96589], "rotation": [28.95728, 4.47222, 5.31102], "uv": [0, 97]},
						{"origin": [-1.94072, 40.78761, 1.78354], "size": [1, 4, 1], "pivot": [-1.49072, 41.38761, 2.53354], "rotation": [4.66818, -0.57354, 84.23074], "uv": [100, 100]},
						{"origin": [1.33106, 37.87878, -4.59281], "size": [2, 2, 1], "pivot": [2.33106, 38.57878, -3.79281], "rotation": [7.65761, 0.79191, -2.41522], "uv": [97, 38]},
						{"origin": [-1.66894, 40.87878, 2.40719], "size": [4, 1, 1], "pivot": [0.33106, 41.57878, 3.20719], "rotation": [7.65761, 0.79191, -2.41522], "uv": [58, 7]},
						{"origin": [-0.5, 38.15, -4.975], "size": [2, 1, 2], "pivot": [-0.5, 37.35, -3.425], "rotation": [-5, 0, 0], "uv": [94, 28]},
						{"origin": [-4.4625, 36.05, -4.125], "size": [1, 4, 3], "uv": [88, 16]},
						{"origin": [3.4625, 36.05, -4.225], "size": [1, 4, 2], "uv": [18, 94]},
						{"origin": [-3, 33.075, 3.675], "size": [6, 6, 1], "uv": [39, 72]},
						{"origin": [-4.425, 32.95, 0.05], "size": [1, 7, 2], "uv": [67, 89]},
						{"origin": [-4.425, 34.95, -0.95], "size": [1, 5, 1], "uv": [97, 43]},
						{"origin": [-4.425, 35.3, 2.05], "size": [1, 4, 1], "uv": [7, 101]},
						{"origin": [-4.425, 35.95, -1.95], "size": [1, 3, 1], "uv": [44, 103]},
						{"origin": [3.425, 35.95, -1.95], "size": [1, 3, 1], "uv": [103, 55]},
						{"origin": [3.425, 34.95, -0.95], "size": [1, 5, 1], "uv": [53, 97]},
						{"origin": [3.425, 33.95, 0.05], "size": [1, 6, 2], "uv": [11, 92]},
						{"origin": [3.425, 35.3, 2.05], "size": [1, 4, 1], "uv": [12, 101]},
						{"origin": [-1.34366, 31.65192, 3.93257], "size": [3, 2, 1], "pivot": [-1.09789, 32.03609, 4.56493], "rotation": [9.39702, -2.09736, 0.68479], "uv": [94, 82]},
						{
							"origin": [-3.5, 37.15, -4.75],
							"size": [3.5, 2, 1],
							"uv": {
								"north": {"uv": [112, 45], "uv_size": [4, 2]},
								"east": {"uv": [114, 3], "uv_size": [1, 2]},
								"south": {"uv": [112, 48], "uv_size": [4, 2]},
								"west": {"uv": [114, 16], "uv_size": [1, 2]},
								"up": {"uv": [47, 24], "uv_size": [4, 1]},
								"down": {"uv": [98, 56], "uv_size": [4, -1]}
							}
						},
						{"origin": [-3, 39.95, -3.825], "size": [6, 1, 7], "uv": [0, 26]},
						{"origin": [-2, 40.95, -2.825], "size": [4, 1, 5], "uv": [65, 35]},
						{"origin": [-3, 40.95, -1.825], "size": [1, 1, 3], "uv": [94, 70]},
						{
							"origin": [0, 40.95, -1.825],
							"size": [3, 1, 3],
							"uv": {
								"north": {"uv": [101, 98], "uv_size": [3, 1]},
								"east": {"uv": [103, 84], "uv_size": [3, 1]},
								"south": {"uv": [96, 104], "uv_size": [3, 1]},
								"west": {"uv": [113, 37], "uv_size": [3, 1]},
								"up": {"uv": [7, 97], "uv_size": [3, 3]},
								"down": {"uv": [109, 34], "uv_size": [3, -3]}
							}
						},
						{
							"origin": [2, 40.95, -1.825],
							"size": [-2, 1, 3],
							"uv": {
								"north": {"uv": [85, 16], "uv_size": [2, 1]},
								"east": {"uv": [113, 62], "uv_size": [3, 1]},
								"south": {"uv": [114, 6], "uv_size": [2, 1]},
								"west": {"uv": [113, 64], "uv_size": [3, 1]},
								"up": {"uv": [69, 104], "uv_size": [2, 3]},
								"down": {"uv": [105, 67], "uv_size": [2, -3]}
							}
						},
						{"origin": [-4, 38.775, -2.825], "size": [1, 2, 5], "uv": [67, 81]},
						{"origin": [3, 38.775, -2.825], "size": [1, 2, 5], "uv": [81, 70]},
						{"origin": [-4.5, 39.15, 1.45], "size": [1, 1, 2], "pivot": [-3.5, 39.45, 1.575], "rotation": [-5, 0, 0], "uv": [17, 101]},
						{
							"origin": [1, 37.15, -4.75],
							"size": [2.5, 2, 1],
							"uv": {
								"north": {"uv": [112, 109], "uv_size": [3, 2]},
								"east": {"uv": [27, 114], "uv_size": [1, 2]},
								"south": {"uv": [112, 112], "uv_size": [3, 2]},
								"west": {"uv": [29, 114], "uv_size": [1, 2]},
								"up": {"uv": [113, 66], "uv_size": [3, 1]},
								"down": {"uv": [113, 69], "uv_size": [3, -1]}
							}
						}
					]
				},
				{
					"name": "CeFa",
					"parent": "Hair",
					"pivot": [2.69443, 37.34639, -4.425],
					"rotation": [-0.39002, -3.59934, 27.36488],
					"cubes": [
						{"origin": [3.71619, 31.3745, 4.23515], "size": [1, 3, 1], "pivot": [3.87263, 32.73528, 4.58232], "rotation": [19.06751, 2.25945, -27.45296], "uv": [103, 69]},
						{"origin": [4.48003, 31.99532, 3.17956], "size": [2, 3, 1], "pivot": [5.32791, 33.73584, 3.575], "rotation": [12.5, 0, -30], "uv": [30, 98]},
						{
							"origin": [1.32791, 37.99532, -4.82044],
							"size": [1.15212, 1, 1],
							"pivot": [1.32791, 36.73584, -5.425],
							"rotation": [0, 0, 2.5],
							"uv": {
								"north": {"uv": [114, 97], "uv_size": [1, 1]},
								"east": {"uv": [114, 99], "uv_size": [1, 1]},
								"south": {"uv": [114, 101], "uv_size": [1, 1]},
								"west": {"uv": [114, 103], "uv_size": [1, 1]},
								"up": {"uv": [114, 105], "uv_size": [1, 1]},
								"down": {"uv": [115, 9], "uv_size": [1, -1]}
							}
						},
						{
							"origin": [-1.99328, 36.2675, -5.60844],
							"size": [1.84788, 2, 3],
							"pivot": [0.8546, 35.00802, -4.213],
							"rotation": [0, 0, -25],
							"uv": {
								"north": {"uv": [113, 51], "uv_size": [2, 2]},
								"east": {"uv": [113, 0], "uv_size": [3, 2]},
								"south": {"uv": [113, 54], "uv_size": [2, 2]},
								"west": {"uv": [113, 21], "uv_size": [3, 2]},
								"up": {"uv": [14, 113], "uv_size": [2, 3]},
								"down": {"uv": [113, 27], "uv_size": [2, -3]}
							}
						}
					]
				},
				{
					"name": "MaWei_Left",
					"parent": "Hair",
					"pivot": [-1, 16, 0]
				},
				{
					"name": "MaWei_A3",
					"parent": "MaWei_Left",
					"pivot": [3.8, 38.875, 3.325],
					"rotation": [-2.70666, 55.20491, -3.08078],
					"cubes": [
						{"origin": [2.96424, 35.04461, 2.811], "size": [2, 5, 1], "uv": [94, 75]},
						{"origin": [4.25716, 33.48397, 3.91109], "size": [1.025, 1, 1], "pivot": [3.81171, 35.67693, 3.80072], "rotation": [82.02922, 66.97135, 81.747], "uv": [105, 10]},
						{"origin": [3.98319, 34.20562, 2.88609], "size": [1.025, 1, 2], "pivot": [3.81171, 35.67693, 3.80072], "rotation": [73.14394, 79.21788, 72.51488], "uv": [101, 75]}
					]
				},
				{
					"name": "CeFaB13",
					"parent": "MaWei_A3",
					"pivot": [-1.28671, 35.25193, -0.54928],
					"rotation": [168.33566, -33.18888, -159.36232],
					"cubes": [
						{"origin": [-2.64695, 33.85647, -1.63335], "size": [1.025, 2, 2], "pivot": [-1.28671, 35.25193, -0.54928], "rotation": [18.51271, 7.70439, -0.17525], "uv": [37, 98]},
						{"origin": [-2.90062, 32.16847, -0.60835], "size": [1.025, 2, 1], "pivot": [-1.28671, 35.25193, -0.54928], "rotation": [16.49015, 11.47771, -12.26406], "uv": [49, 104]},
						{"origin": [-2.18346, 34.86522, -6.21258], "size": [1.025, 2, 2], "pivot": [-1.29187, 35.16356, -5.09205], "rotation": [-13.84182, -5.83672, -4.84116], "uv": [44, 98]},
						{"origin": [-2.21078, 33.04978, -6.23758], "size": [1.025, 2, 1], "pivot": [-1.29187, 35.16356, -5.09205], "rotation": [-12.28549, -8.67308, -17.11505], "uv": [54, 104]}
					]
				},
				{
					"name": "MaWei_Right",
					"parent": "Hair",
					"pivot": [1, 16, 0]
				},
				{
					"name": "MaWei_A5",
					"parent": "MaWei_Right",
					"pivot": [-3.8, 38.875, 3.325],
					"rotation": [-2.70666, -55.20491, 3.08078],
					"cubes": [
						{"origin": [-4.96424, 34.04461, 2.811], "size": [2, 5, 1], "uv": [94, 93]},
						{"origin": [-5.34745, 32.50476, 3.94377], "size": [1.025, 2, 1], "pivot": [-3.88671, 35.70193, 3.82572], "rotation": [91.65311, -67.22195, -90.61535], "uv": [59, 104]},
						{"origin": [-5.0728, 34.22861, 2.91877], "size": [1.025, 1, 2], "pivot": [-3.88671, 35.70193, 3.82572], "rotation": [93.58505, -79.71075, -92.61864], "uv": [101, 90]}
					]
				},
				{
					"name": "Right_CeFaA",
					"parent": "Hair",
					"pivot": [-3.6625, 38.5704, -2.47915],
					"rotation": [-5.45323, 0.71681, 7.46586],
					"cubes": [
						{"origin": [-3.41561, 33.32773, -3.05415], "size": [1.025, 3, 1], "pivot": [-2.62301, 34.93479, -3.09192], "rotation": [12.5, 0, -11.5], "uv": [72, 103]}
					]
				},
				{
					"name": "CeFaB6",
					"parent": "Right_CeFaA",
					"pivot": [-4.0375, 39.0704, -1.47915],
					"rotation": [0, 0, 7.5],
					"cubes": [
						{"origin": [3.22268, 33.09621, -2.37961], "size": [1.025, 3, 2], "pivot": [8, -3, 1], "rotation": [0, 0, -10], "uv": [97, 32]},
						{"origin": [-4.175, 36.0704, -3.47915], "size": [1.025, 2, 1], "uv": [64, 104]},
						{"origin": [-3.475, 33.225, -3.375], "size": [1.025, 4, 2], "pivot": [-2.95378, 34.52519, -2.6125], "rotation": [0, 0, -10], "uv": [96, 57]},
						{"origin": [4.525, 35.225, -3.375], "size": [1.025, 4, 2], "pivot": [5.04622, 36.52519, -2.6125], "rotation": [0, 0, -20], "uv": [96, 57]}
					]
				},
				{
					"name": "Left_CeFaA",
					"parent": "Hair",
					"pivot": [3.6625, 37.5704, -2.47915],
					"rotation": [-5.45323, -0.71681, -7.46586],
					"cubes": [
						{"origin": [1.15, 37.0704, 11.52085], "size": [1.025, 2, 1], "pivot": [-2, 2, 15], "rotation": [10, 0, 0], "uv": [86, 104]},
						{"origin": [1.18633, 37.13846, 3.54585], "size": [1.025, 3, 1], "pivot": [2.0775, 40.2469, 4.35255], "rotation": [26.37388, -7.90555, 3.99987], "uv": [103, 79]},
						{"origin": [0.88633, 39.13846, 2.72085], "size": [2.025, 3, 1], "pivot": [2.0775, 41.2469, 3.35255], "rotation": [40, 0, 7.5], "uv": [98, 50]}
					]
				},
				{
					"name": "CeFaB7",
					"parent": "Left_CeFaA",
					"pivot": [4.0375, 39.0704, -1.47915],
					"rotation": [0, 0, -7.5],
					"cubes": [
						{"origin": [-2.55, 40.225, 2.625], "size": [2.025, 3, 1], "pivot": [-3.04622, 41.52519, 2.3875], "rotation": [24.69638, -13.25965, 9.18455], "uv": [74, 98]},
						{"origin": [-1.51563, 39.02496, -6.35], "size": [1.025, 1, 1], "pivot": [-0.04622, 40.52519, 12.3875], "rotation": [0, 0, 17.5], "uv": [105, 13]},
						{"origin": [-5.24768, 33.09621, -2.37961], "size": [1.025, 3, 6], "pivot": [-9, -3, 0], "rotation": [0, 0, 12.5], "uv": [68, 60]}
					]
				},
				{
					"name": "CeFaB14",
					"parent": "Hair",
					"pivot": [0.25362, 36.72772, 5.77854],
					"rotation": [104.00291, 75.60765, 90.38668],
					"cubes": [
						{"origin": [0.73361, 35.39039, 4.62878], "size": [1.025, 2, 2], "pivot": [-0.34098, 37.06549, 5.79408], "rotation": [-12.23516, 2.5792, 11.72352], "uv": [99, 22]},
						{"origin": [1.16608, 34.34829, 4.60378], "size": [1.025, 2, 1.025], "pivot": [-0.34098, 37.06549, 5.79408], "rotation": [-10.29284, 7.13136, 34.3569], "uv": [91, 104]},
						{"origin": [0.71153, 36.95203, 4.62417], "size": [1.025, 2, 2], "pivot": [-0.34098, 37.06549, 5.79408], "rotation": [-12.5, 0, 0], "uv": [58, 99]}
					]
				},
				{
					"name": "CeFaB4",
					"parent": "Hair",
					"pivot": [4.0375, 38.6954, -1.70415],
					"rotation": [0, 0, -12],
					"cubes": [
						{"origin": [-3.69292, 35.76443, 3.50543], "size": [1.025, 3, 1], "pivot": [-3.04622, 38.15019, 4.1625], "rotation": [0, 0, 10], "uv": [104, 16]},
						{"origin": [-3.65734, 32.8599, 3.53043], "size": [2.025, 2, 1], "pivot": [-2.04622, 36.15019, 4.1625], "rotation": [17.5, 0, 12.5], "uv": [101, 94]},
						{"origin": [-9.57693, 37.67696, 17.50082], "size": [1.025, 3, 1], "pivot": [-12, 2, 21], "rotation": [22.5, 10, 12.5], "uv": [104, 32]},
						{"origin": [-3.07837, 32.19402, 4.77085], "size": [1.025, 3, 1], "pivot": [-2.56587, 32.49402, 5.22085], "rotation": [22.5, 0, 12.5], "uv": [104, 37]}
					]
				},
				{
					"name": "QianFa",
					"parent": "Hair",
					"pivot": [-10.3589, 38.37938, -4.81882],
					"rotation": [-5, 0, -9.5],
					"cubes": [
						{"origin": [-4.30463, 38.10694, 4.26656], "size": [2, 3, 1], "pivot": [-3.72003, 36.70657, 4.81487], "rotation": [34.94331, -33.58023, -12.7678], "uv": [65, 99]},
						{"origin": [2.24291, 32.65526, 4.46431], "size": [1, 4, 1], "pivot": [2.73613, 35.45656, 4.98608], "rotation": [28.51501, 37.495, 11.9398], "uv": [24, 102]},
						{"origin": [0.11211, 37.75407, 3.7618], "size": [1, 2, 0], "pivot": [0.26387, 39.45656, 2.98608], "rotation": [22.79781, -1.67643, 14.71414], "uv": [65, 54]},
						{"origin": [-3.53615, 35.13353, 4.41371], "size": [1, 5, 1], "pivot": [-3.72003, 36.70657, 4.81487], "rotation": [32.93375, -1.76168, -0.15639], "uv": [81, 99]},
						{"origin": [-9.4771, 30.56032, -1.40699], "size": [2, 1, 4], "pivot": [-7.86938, 33.59238, 3.13435], "rotation": [-0.55919, -2.41245, -65.04065], "uv": [85, 51]},
						{"origin": [1.9168, 36.23568, 3.64379], "size": [2, 3, 1], "pivot": [4.13062, 36.59238, 4.13435], "rotation": [20.02417, -0.05217, 10.69871], "uv": [86, 99]}
					]
				},
				{
					"name": "LeftShoulderLocator",
					"parent": "Head",
					"pivot": [3, 41.5, 0]
				},
				{
					"name": "RightShoulderLocator",
					"parent": "Head",
					"pivot": [-3, 41.5, 0]
				},
				{
					"name": "Arm",
					"parent": "UpBody",
					"pivot": [0, 31.2, 0]
				},
				{
					"name": "LeftArm",
					"parent": "Arm",
					"pivot": [7.25, 29.9, 0],
					"rotation": [0, 0, -15],
					"cubes": [
						{"origin": [5.25, 26.9, -1], "size": [4, 5, 2], "pivot": [7.25, 29.9, 5], "rotation": [0, 0, 10], "uv": [81, 78]},
						{"origin": [4, 29, -2], "size": [6, 3, 4], "uv": [0, 56]},
						{"origin": [5.95, 21.15, -1.6], "size": [3.25, 10, 3.3], "uv": [13, 64]}
					]
				},
				{
					"name": "LeftForeArm",
					"parent": "LeftArm",
					"pivot": [7.475, 24.25, 0.025],
					"cubes": [
						{"origin": [5.975, 14.225, -1.575], "size": [3.2, 11, 3.3], "uv": [55, 58]},
						{"origin": [7.275, 17.1, -1.725], "size": [3.05, 6, 3.5], "pivot": [7.6, 21.6, 0.025], "rotation": [0, 0, 5], "uv": [54, 73]},
						{"origin": [5.275, 17.1, -1.725], "size": [3.05, 6, 3.5], "uv": [75, 18]}
					]
				},
				{
					"name": "LeftHand",
					"parent": "LeftForeArm",
					"pivot": [7.575, 17.725, 0.025]
				},
				{
					"name": "LeftHandLocator",
					"parent": "LeftHand",
					"pivot": [7.575, 17.725, 0.025],
					"cubes": [
						{"origin": [7.075, 14.225, -0.475], "size": [1, 4, 1], "uv": [102, 43]}
					]
				},
				{
					"name": "SheathLocator",
					"parent": "LeftHand",
					"pivot": [7.575, 17.725, 0.025]
				},
				{
					"name": "LeftWaistLocator",
					"parent": "LeftHand",
					"pivot": [7.575, 17.725, 0.025]
				},
				{
					"name": "RightArm",
					"parent": "Arm",
					"pivot": [-7.25, 29.775, 0],
					"rotation": [0, 0, 15],
					"cubes": [
						{"origin": [-9.2, 21.025, -1.6], "size": [3.25, 8, 3.3], "uv": [26, 64]},
						{"origin": [-9.4, 28.025, -0.7], "size": [1.55, 3.1, 1.5], "uv": [62, 90]},
						{
							"origin": [-6, 27, -1],
							"size": [1, 5, 2],
							"pivot": [-6, 30, 0],
							"rotation": [0, 0, 5],
							"uv": {
								"north": {"uv": [40, 50], "uv_size": [1, 5]},
								"east": {"uv": [14, 107], "uv_size": [2, 5]},
								"south": {"uv": [51, 98], "uv_size": [1, 5]},
								"west": {"uv": [74, 108], "uv_size": [2, 5]},
								"up": {"uv": [114, 39], "uv_size": [1, 2]},
								"down": {"uv": [74, 116], "uv_size": [1, -2]}
							}
						},
						{
							"origin": [-9, 29, -2],
							"size": [3, 3, 4],
							"pivot": [-6, 30, 0],
							"rotation": [0, 0, 2.5],
							"uv": {
								"north": {"uv": [109, 35], "uv_size": [3, 3]},
								"east": {"uv": [108, 0], "uv_size": [4, 3]},
								"south": {"uv": [110, 4], "uv_size": [3, 3]},
								"west": {"uv": [108, 94], "uv_size": [4, 3]},
								"up": {"uv": [71, 18], "uv_size": [3, 4]},
								"down": {"uv": [27, 113], "uv_size": [3, -4]}
							}
						}
					]
				},
				{
					"name": "RightForeArm",
					"parent": "RightArm",
					"pivot": [-7.475, 24.225, 0.025],
					"cubes": [
						{"origin": [-9.175, 14.2, -1.575], "size": [3.2, 11, 3.3], "uv": [0, 64]},
						{"origin": [-10.325, 17.2, -1.725], "size": [3.05, 6, 3.5], "pivot": [-7.6, 21.7, 0.025], "rotation": [0, 0, -5], "uv": [26, 76]},
						{"origin": [-7.54971, 17.21846, -1.625], "size": [2.05, 6, 4.3], "pivot": [-7.67471, 21.69346, 0.025], "rotation": [0, 0, 2.5], "uv": [68, 70]}
					]
				},
				{
					"name": "RightHand",
					"parent": "RightForeArm",
					"pivot": [-7.575, 17.825, 0.025],
					"cubes": [
						{"origin": [-8.075, 14.325, -0.475], "size": [1, 4, 1], "uv": [0, 103]}
					]
				},
				{
					"name": "RightHandLocator",
					"parent": "RightHand",
					"pivot": [-7.575, 17.825, 0.025],
					"cubes": [
						{"origin": [-8.075, 14.325, -0.475], "size": [1, 4, 1], "uv": [29, 103]}
					]
				},
				{
					"name": "BladeLocator",
					"parent": "RightHand",
					"pivot": [-7.575, 17.825, 0.025]
				},
				{
					"name": "bone",
					"parent": "RightArm",
					"pivot": [-7.25, 29.775, 0]
				},
				{
					"name": "RifleLocator",
					"parent": "UpBody",
					"pivot": [0, 25.15, 2.3],
					"rotation": [0, 0, 45]
				},
				{
					"name": "PistolLocator",
					"parent": "UpBody",
					"pivot": [-4, 24.75, -1.6],
					"rotation": [-30, 0, 0]
				},
				{
					"name": "ElytraLocator",
					"parent": "UpBody",
					"pivot": [0, 31.65, 2]
				},
				{
					"name": "RightWaistLocator",
					"parent": "UpBody",
					"pivot": [-4, 21, 0],
					"rotation": [-5, 0, 0]
				},
				{
					"name": "BackpackLocator",
					"parent": "UpBody",
					"pivot": [0, 29, 0]
				},
				{
					"name": "bone2",
					"parent": "UpBody",
					"pivot": [-17, 21, -2],
					"cubes": [
						{"origin": [-1, 18, -4], "size": [2, 2, 2], "uv": [96, 64]},
						{"origin": [-4, 18, 2], "size": [8, 2, 1], "uv": [75, 28]},
						{"origin": [-5, 18, 2], "size": [1, 2, 1], "pivot": [-8, 0, 0], "rotation": [0, 5, 0], "uv": [82, 28]},
						{"origin": [9, 18, 0], "size": [1, 2, 1], "pivot": [6, 0, -2], "rotation": [0, -82.5, 0], "uv": [82, 28]},
						{"origin": [9, 18, -4], "size": [1, 2, 1], "pivot": [6, 0, -6], "rotation": [0, -82.5, 0], "uv": [82, 28]},
						{"origin": [4, 18, -2], "size": [1, 2, 4], "uv": [42, 86]},
						{"origin": [-5, 18, -2], "size": [1, 2, 4], "uv": [80, 86]},
						{"origin": [4, 15, -2], "size": [2, 4, 3], "pivot": [5, 17, 0], "rotation": [0, 0, -2.5], "uv": [20, 86]},
						{"origin": [4, 18, -2], "size": [3, 1, 3], "pivot": [5, 17, 0], "rotation": [0, 0, -2.5], "uv": [0, 87]},
						{"origin": [-4, 18, -3], "size": [8, 2, 1], "uv": [77, 0]},
						{"origin": [-3, 18, -1], "size": [1, 2, 1], "pivot": [-6, 0, 2], "rotation": [0, 30, 0], "uv": [84, 0]},
						{"origin": [5, 18, -1], "size": [1, 2, 1], "pivot": [2, 0, 2], "rotation": [0, 30, 0], "uv": [84, 0]}
					]
				},
				{
					"name": "DownBody",
					"parent": "AllBody",
					"pivot": [0, 24, 0]
				},
				{
					"name": "LeftLeg",
					"parent": "DownBody",
					"pivot": [2.15, 18.95, -1],
					"rotation": [0, 0, -2.5],
					"cubes": [
						{
							"origin": [0.17862, 11.69905, -2],
							"size": [-0.17862, 8, 4],
							"uv": {
								"north": {"uv": [31, 109], "uv_size": [1, 9]},
								"east": {"uv": [17, 105], "uv_size": [4, 9]},
								"south": {"uv": [110, 107], "uv_size": [1, 9]},
								"west": {"uv": [107, 42], "uv_size": [4, 9]},
								"up": {"uv": [106, 21], "uv_size": [1, 4]},
								"down": {"uv": [113, 61], "uv_size": [1, -4]}
							}
						},
						{"origin": [0.29362, 10.74905, -1.325], "size": [3.675, 2, 2], "pivot": [-0.60638, 11.74905, -0.325], "rotation": [30, 0, 0], "uv": [42, 93]},
						{
							"origin": [0, 11.69905, -2],
							"size": [4.16862, 8, 4],
							"uv": {
								"north": {"uv": [105, 107], "uv_size": [4, 9]},
								"east": {"uv": [108, 21], "uv_size": [4, 9]},
								"south": {"uv": [22, 108], "uv_size": [4, 9]},
								"west": {"uv": [34, 108], "uv_size": [4, 9]},
								"up": {"uv": [108, 89], "uv_size": [4, 4]},
								"down": {"uv": [91, 112], "uv_size": [4, -4]}
							}
						},
						{"origin": [0.15, 11.95, -3], "size": [5, 1, 6], "uv": [52, 24]},
						{"origin": [0.15, 12.95, -3], "size": [4, 3, 2], "pivot": [1.15, 12.95, -2], "rotation": [-22.5, 0, 0], "uv": [0, 0]},
						{"origin": [3.15, 13.95, -3], "size": [2, 4, 2], "pivot": [4.15, 13.95, -2], "rotation": [-90, 0, -25], "uv": [0, 0]},
						{"origin": [0.15, 12.95, -1], "size": [4, 2, 3], "pivot": [3.15, 12.95, 1], "rotation": [-62.5, 0, 2.5], "uv": [-3, -1]}
					]
				},
				{
					"name": "LeftLowerLeg",
					"parent": "LeftLeg",
					"pivot": [1.99362, 11.84905, -0.3],
					"cubes": [
						{"origin": [0.19362, 2.54905, -1.975], "size": [3.95, 9.2, 4], "uv": [25, 50]},
						{"origin": [0.09362, 2.54905, -2], "size": [4.15, 4, 4.2], "uv": [65, 42]},
						{"origin": [-0.05638, 6.14905, -2.1], "size": [4.45, 1.3, 4.4], "uv": [77, 4]},
						{"origin": [1.94362, 4.14905, -2.1], "size": [2.45, 1.3, 4.4], "uv": [79, 4]},
						{"origin": [1.94362, 2.14905, -2.1], "size": [2.45, 1.3, 4.4], "uv": [79, 4]}
					]
				},
				{
					"name": "LeftFoot",
					"parent": "LeftLowerLeg",
					"pivot": [2.1875, 2.5, 0.1375],
					"cubes": [
						{"origin": [0.04362, -0.12595, -5], "size": [4.225, 3, 7.175], "uv": [42, 36]},
						{"origin": [0.21862, 2.27405, -3], "size": [3.875, 1.1, 2.075], "pivot": [2.48112, 2.87405, -2.4125], "rotation": [35, 0, 0], "uv": [88, 24]},
						{"origin": [0.24362, 2.37405, -1.45], "size": [3.825, 1.75, 2.425], "uv": [94, 4]}
					]
				},
				{
					"name": "RightLeg",
					"parent": "DownBody",
					"pivot": [-2.15, 18.95, -1],
					"rotation": [0, 0, 2.5],
					"cubes": [
						{"origin": [-4.16862, 11.69905, -2], "size": [3.99, 9, 4], "uv": [40, 58]},
						{"origin": [-4.16862, 11.69905, -2], "size": [3.99, 9, 4], "uv": [40, 58]},
						{"origin": [-3.96862, 10.74905, -1.325], "size": [3.675, 2, 2], "pivot": [0.60638, 11.74905, -0.325], "rotation": [30, 0, 0], "uv": [74, 93]},
						{"origin": [-5.15, 11.95, -3], "size": [5, 1, 6], "uv": [54, 10]},
						{"origin": [-4.15, 12.95, -3], "size": [4, 3, 2], "pivot": [-1.15, 12.95, -2], "rotation": [-20, 0, 0], "uv": [-2, 0]},
						{"origin": [-4.15, 12.95, -1], "size": [4, 2, 3], "pivot": [-1.15, 12.95, 1], "rotation": [-62.5, 0, 0], "uv": [-3, -1]},
						{"origin": [-5.15, 10.95, -1], "size": [2, 4, 3], "pivot": [-5.15, 13.95, 1], "rotation": [-90, 0, 25], "uv": [0, -1]}
					]
				},
				{
					"name": "RightLowerLeg",
					"parent": "RightLeg",
					"pivot": [-1.99362, 11.84905, -0.3],
					"cubes": [
						{
							"origin": [-4, 2.54905, -1.975],
							"size": [4, 9.2, 4],
							"uv": {
								"north": {"uv": [39, 108], "uv_size": [4, 9]},
								"east": {"uv": [44, 108], "uv_size": [4, 9]},
								"south": {"uv": [49, 108], "uv_size": [4, 9]},
								"west": {"uv": [108, 52], "uv_size": [4, 9]},
								"up": {"uv": [0, 109], "uv_size": [4, 4]},
								"down": {"uv": [109, 20], "uv_size": [4, -4]}
							}
						},
						{"origin": [-4.24362, 2.54905, -2], "size": [4.15, 4, 4.2], "uv": [68, 51]},
						{"origin": [-4.39362, 6.14905, -2.1], "size": [4.45, 1.3, 4.4], "uv": [77, 10]},
						{"origin": [-4.39362, 4.14905, -2.1], "size": [2.45, 1.3, 4.4], "uv": [77, 10]},
						{"origin": [-4.39362, 2.14905, -2.1], "size": [2.45, 1.3, 4.4], "uv": [77, 10]}
					]
				},
				{
					"name": "RightFoot",
					"parent": "RightLowerLeg",
					"pivot": [-2.1875, 2.5, 0.1375],
					"cubes": [
						{"origin": [-4.26862, -0.12595, -5], "size": [4.225, 3, 7.175], "uv": [42, 47]},
						{"origin": [-4.09362, 2.27405, -3], "size": [3.875, 1.1, 2.075], "pivot": [-2.48112, 2.87405, -2.4125], "rotation": [35, 0, 0], "uv": [94, 8]},
						{"origin": [-4.06862, 2.37405, -1.45], "size": [3.825, 1.75, 2.425], "uv": [94, 12]}
					]
				}
			]
		}
	]
}