{
	"format_version": "1.12.0",
	"minecraft:geometry": [
		{
			"description": {
				"identifier": "geometry.unknown",
				"texture_width": 256,
				"texture_height": 256,
				"visible_bounds_width": 7,
				"visible_bounds_height": 6,
				"visible_bounds_offset": [0, 2, 0]
			},
			"bones": [
				{
					"name": "Arm",
					"pivot": [-0.2, 28.525, 0]
				},
				{
					"name": "LeftArm",
					"parent": "Arm",
					"pivot": [4.9, 30.65, 0],
					"rotation": [0, -15, 0]
				},
				{
					"name": "LeftArmelse",
					"parent": "LeftArm",
					"pivot": [4.9, 30.65, 0],
					"cubes": [
						{
							"origin": [3.21242, 24.44952, -1.5],
							"size": [2.5, 6.75, 3],
							"uv": {
								"north": {"uv": [55, 206.5], "uv_size": [2.5, 7]},
								"east": {"uv": [70, 194.5], "uv_size": [3, 7]},
								"south": {"uv": [70, 206.5], "uv_size": [2.5, 7]},
								"west": {"uv": [0, 200.5], "uv_size": [3, 7]},
								"up": {"uv": [94, 213.5], "uv_size": [2.5, 3]},
								"down": {"uv": [86, 226.5], "uv_size": [2.5, -3]}
							}
						},
						{
							"origin": [3.08283, 24.40181, -1.625],
							"size": [2.75, 6.875, 3.25],
							"uv": {
								"north": {"uv": [71, 129.5], "uv_size": [3, 7]},
								"east": {"uv": [4, 189.5], "uv_size": [3.5, 7]},
								"south": {"uv": [71, 136.5], "uv_size": [3, 7]},
								"west": {"uv": [60, 133.5], "uv_size": [3.5, 7]},
								"up": {"uv": [88, 129.5], "uv_size": [3, 3.5]},
								"down": {"uv": [88, 157], "uv_size": [3, -3.5]}
							}
						},
						{
							"origin": [4.99165, 24.19075, 1.11922],
							"size": [1, 6.875, 1],
							"pivot": [5.49165, 27.62825, 0.49422],
							"rotation": [8, 0, -2.5],
							"uv": {
								"north": {"uv": [86, 226.5], "uv_size": [1, 7]},
								"east": {"uv": [87, 226.5], "uv_size": [1, 7]},
								"south": {"uv": [97, 216.5], "uv_size": [1, 7]},
								"west": {"uv": [88, 226.5], "uv_size": [1, 7]},
								"up": {"uv": [120, 187.5], "uv_size": [1, 1]},
								"down": {"uv": [59, 250.5], "uv_size": [1, -1]}
							}
						},
						{
							"origin": [4.98098, 24.43519, -1.86327],
							"size": [1, 6.875, 1],
							"pivot": [5.48098, 27.87269, -2.48827],
							"rotation": [-4, 0, -2.5],
							"uv": {
								"north": {"uv": [97, 223.5], "uv_size": [1, 7]},
								"east": {"uv": [98, 129.5], "uv_size": [1, 7]},
								"south": {"uv": [98, 136.5], "uv_size": [1, 7]},
								"west": {"uv": [98, 143.5], "uv_size": [1, 7]},
								"up": {"uv": [120, 188.5], "uv_size": [1, 1]},
								"down": {"uv": [60, 250.5], "uv_size": [1, -1]}
							}
						},
						{
							"origin": [4.98325, 24.38327, -1.625],
							"size": [1, 6.875, 3.25],
							"inflate": 0.001,
							"pivot": [5.48325, 27.82077, 0],
							"rotation": [0, 0, -2.5],
							"uv": {
								"north": {"uv": [98, 181.5], "uv_size": [1, 7]},
								"east": {"uv": [60, 140.5], "uv_size": [3.5, 7]},
								"south": {"uv": [98, 188.5], "uv_size": [1, 7]},
								"west": {"uv": [60, 147.5], "uv_size": [3.5, 7]},
								"up": {"uv": [67, 237.5], "uv_size": [1, 3.5]},
								"down": {"uv": [68, 241], "uv_size": [1, -3.5]}
							}
						},
						{
							"origin": [2.93241, 24.38327, -1.625],
							"size": [1, 6.875, 3.25],
							"pivot": [3.43241, 27.82077, 0],
							"rotation": [0, 0, 2.5],
							"uv": {
								"north": {"uv": [77, 227.5], "uv_size": [1, 7]},
								"east": {"uv": [60, 154.5], "uv_size": [3.5, 7]},
								"south": {"uv": [98, 206.5], "uv_size": [1, 7]},
								"west": {"uv": [60, 161.5], "uv_size": [3.5, 7]},
								"up": {"uv": [108, 197.5], "uv_size": [1, 3.5]},
								"down": {"uv": [108, 205], "uv_size": [1, -3.5]}
							}
						},
						{
							"origin": [2.92401, 24.19075, 1.11922],
							"size": [1, 6.875, 1],
							"pivot": [3.42401, 27.62825, 0.49422],
							"rotation": [8, 0, 2.5],
							"uv": {
								"north": {"uv": [78, 227.5], "uv_size": [1, 7]},
								"east": {"uv": [82, 227.5], "uv_size": [1, 7]},
								"south": {"uv": [83, 227.5], "uv_size": [1, 7]},
								"west": {"uv": [84, 227.5], "uv_size": [1, 7]},
								"up": {"uv": [120, 189.5], "uv_size": [1, 1]},
								"down": {"uv": [61, 250.5], "uv_size": [1, -1]}
							}
						},
						{
							"origin": [2.93468, 24.43519, -1.86327],
							"size": [1, 6.875, 1],
							"pivot": [3.43468, 27.87269, -2.48827],
							"rotation": [-4, 0, 2.5],
							"uv": {
								"north": {"uv": [98, 213.5], "uv_size": [1, 7]},
								"east": {"uv": [85, 227.5], "uv_size": [1, 7]},
								"south": {"uv": [98, 220.5], "uv_size": [1, 7]},
								"west": {"uv": [98, 227.5], "uv_size": [1, 7]},
								"up": {"uv": [120, 190.5], "uv_size": [1, 1]},
								"down": {"uv": [62, 250.5], "uv_size": [1, -1]}
							}
						},
						{
							"origin": [3.08283, 24.40146, -1.86509],
							"size": [2.75, 6.875, 1],
							"pivot": [4.45783, 27.83896, -1.74009],
							"rotation": [-4, 0, 0],
							"uv": {
								"north": {"uv": [8, 200.5], "uv_size": [3, 7]},
								"east": {"uv": [99, 129.5], "uv_size": [1, 7]},
								"south": {"uv": [11, 200.5], "uv_size": [3, 7]},
								"west": {"uv": [99, 136.5], "uv_size": [1, 7]},
								"up": {"uv": [111, 199.5], "uv_size": [3, 1]},
								"down": {"uv": [111, 201.5], "uv_size": [3, -1]}
							}
						},
						{
							"origin": [3.08283, 24.36568, 1.10827],
							"size": [2.75, 6.875, 1],
							"pivot": [4.45783, 27.80318, 1.60827],
							"rotation": [8, 0, 0],
							"uv": {
								"north": {"uv": [14, 200.5], "uv_size": [3, 7]},
								"east": {"uv": [99, 143.5], "uv_size": [1, 7]},
								"south": {"uv": [71, 143.5], "uv_size": [3, 7]},
								"west": {"uv": [15, 228.5], "uv_size": [1, 7]},
								"up": {"uv": [111, 201.5], "uv_size": [3, 1]},
								"down": {"uv": [111, 203.5], "uv_size": [3, -1]}
							}
						},
						{
							"origin": [3.46242, 24.04952, -1.1],
							"size": [2.05, 2, 2.2],
							"uv": {
								"north": {"uv": [67, 235.5], "uv_size": [2, 2]},
								"east": {"uv": [106, 197.5], "uv_size": [2, 2]},
								"south": {"uv": [106, 199.5], "uv_size": [2, 2]},
								"west": {"uv": [106, 201.5], "uv_size": [2, 2]},
								"up": {"uv": [106, 203.5], "uv_size": [2, 2]},
								"down": {"uv": [106, 207.5], "uv_size": [2, -2]}
							}
						},
						{
							"origin": [3.14992, 23.48702, -1.9125],
							"size": [2.675, 2.5625, 4.2625],
							"uv": {
								"north": {"uv": [99, 191.5], "uv_size": [2.5, 2.5]},
								"east": {"uv": [85, 182.5], "uv_size": [4.5, 2.5]},
								"south": {"uv": [63, 228.5], "uv_size": [2.5, 2.5]},
								"west": {"uv": [85, 203.5], "uv_size": [4.5, 2.5]},
								"up": {"uv": [9, 215.5], "uv_size": [2.5, 4.5]},
								"down": {"uv": [12, 220], "uv_size": [2.5, -4.5]}
							}
						}
					]
				},
				{
					"name": "LeftForeArm",
					"parent": "LeftArm",
					"pivot": [4.5, 24, 1]
				},
				{
					"name": "LFAelse",
					"parent": "LeftForeArm",
					"pivot": [4.5, 25, 1],
					"cubes": [
						{
							"origin": [5.42702, 18.39762, -2.54064],
							"size": [1, 0.25, 1.39063],
							"pivot": [5.92702, 22.02262, -1.55627],
							"rotation": [-7.5, 0, -5],
							"uv": {
								"north": {"uv": [2, 253.5], "uv_size": [1, 0.5]},
								"east": {"uv": [121, 208.5], "uv_size": [1.5, 0.5]},
								"south": {"uv": [124, 131.5], "uv_size": [1, 0.5]},
								"west": {"uv": [121, 209.5], "uv_size": [1.5, 0.5]},
								"up": {"uv": [100, 245.5], "uv_size": [1, 1.5]},
								"down": {"uv": [105, 247], "uv_size": [1, -1.5]}
							}
						},
						{
							"origin": [3.21242, 16.69952, -1.5],
							"size": [2.5, 7.75, 3],
							"uv": {
								"north": {"uv": [73, 185.5], "uv_size": [2.5, 8]},
								"east": {"uv": [14, 192.5], "uv_size": [3, 8]},
								"south": {"uv": [73, 193.5], "uv_size": [2.5, 8]},
								"west": {"uv": [17, 192.5], "uv_size": [3, 8]},
								"up": {"uv": [94, 216.5], "uv_size": [2.5, 3]},
								"down": {"uv": [94, 222.5], "uv_size": [2.5, -3]}
							}
						},
						{
							"origin": [3.08283, 18.65181, -1.875],
							"size": [2.75, 7.75, 3.5],
							"uv": {
								"north": {"uv": [25, 192.5], "uv_size": [3, 8]},
								"east": {"uv": [47, 136.5], "uv_size": [3.5, 8]},
								"south": {"uv": [28, 192.5], "uv_size": [3, 8]},
								"west": {"uv": [10, 176.5], "uv_size": [3.5, 8]},
								"up": {"uv": [30, 217.5], "uv_size": [3, 3.5]},
								"down": {"uv": [33, 221], "uv_size": [3, -3.5]}
							}
						},
						{
							"origin": [5.42877, 18.62762, -1.625],
							"size": [1, 6.75, 3.25],
							"pivot": [5.92877, 22.00262, 0],
							"rotation": [0, 0, -5],
							"uv": {
								"north": {"uv": [16, 228.5], "uv_size": [1, 7]},
								"east": {"uv": [60, 168.5], "uv_size": [3.5, 7]},
								"south": {"uv": [17, 228.5], "uv_size": [1, 7]},
								"west": {"uv": [60, 175.5], "uv_size": [3.5, 7]},
								"up": {"uv": [75, 237.5], "uv_size": [1, 3.5]},
								"down": {"uv": [76, 241], "uv_size": [1, -3.5]}
							}
						},
						{
							"origin": [5.42877, 18.37762, -1.625],
							"size": [1, 0.25, 3.28125],
							"pivot": [5.92877, 22.00262, 0],
							"rotation": [0, 0, -5],
							"uv": {
								"north": {"uv": [29, 253.5], "uv_size": [1, 0.5]},
								"east": {"uv": [115, 186.5], "uv_size": [3.5, 0.5]},
								"south": {"uv": [124, 158.5], "uv_size": [1, 0.5]},
								"west": {"uv": [115, 187.5], "uv_size": [3.5, 0.5]},
								"up": {"uv": [108, 209.5], "uv_size": [1, 3.5]},
								"down": {"uv": [108, 217], "uv_size": [1, -3.5]}
							}
						},
						{
							"origin": [5.42702, 18.64762, -2.54064],
							"size": [1, 6.75, 1.35938],
							"pivot": [5.92702, 22.02262, -1.55627],
							"rotation": [-7.5, 0, -5],
							"uv": {
								"north": {"uv": [99, 155.5], "uv_size": [1, 7]},
								"east": {"uv": [25, 217.5], "uv_size": [1.5, 7]},
								"south": {"uv": [27, 228.5], "uv_size": [1, 7]},
								"west": {"uv": [43, 217.5], "uv_size": [1.5, 7]},
								"up": {"uv": [109, 245.5], "uv_size": [1, 1.5]},
								"down": {"uv": [116, 240], "uv_size": [1, -1.5]}
							}
						},
						{
							"origin": [5.48715, 17.96024, 0.13722],
							"size": [1, 6.75, 4.0625],
							"inflate": -0.001,
							"pivot": [5.98715, 21.33524, -0.48778],
							"rotation": [27.5, 0, -5],
							"uv": {
								"north": {"uv": [28, 228.5], "uv_size": [1, 7]},
								"east": {"uv": [47, 163.5], "uv_size": [4, 7]},
								"south": {"uv": [29, 228.5], "uv_size": [1, 7]},
								"west": {"uv": [38, 176.5], "uv_size": [4, 7]},
								"up": {"uv": [106, 213.5], "uv_size": [1, 4]},
								"down": {"uv": [106, 221.5], "uv_size": [1, -4]}
							}
						},
						{
							"origin": [5.48715, 17.71024, 0.04347],
							"size": [1, 0.25, 4.15625],
							"pivot": [5.98715, 21.33524, -0.48778],
							"rotation": [27.5, 0, -5],
							"uv": {
								"north": {"uv": [30, 253.5], "uv_size": [1, 0.5]},
								"east": {"uv": [115, 166.5], "uv_size": [4, 0.5]},
								"south": {"uv": [124, 159.5], "uv_size": [1, 0.5]},
								"west": {"uv": [115, 167.5], "uv_size": [4, 0.5]},
								"up": {"uv": [106, 221.5], "uv_size": [1, 4]},
								"down": {"uv": [106, 231.5], "uv_size": [1, -4]}
							}
						},
						{
							"origin": [2.38631, 18.98781, -0.11701],
							"size": [1.25, 6.75, 4.07813],
							"inflate": 0.001,
							"pivot": [2.88631, 22.36281, 1.50799],
							"rotation": [27.5, 0, 7.5],
							"uv": {
								"north": {"uv": [45, 217.5], "uv_size": [1.5, 7]},
								"east": {"uv": [47, 170.5], "uv_size": [4, 7]},
								"south": {"uv": [47, 217.5], "uv_size": [1.5, 7]},
								"west": {"uv": [14, 177.5], "uv_size": [4, 7]},
								"up": {"uv": [95, 209.5], "uv_size": [1.5, 4]},
								"down": {"uv": [79, 232.5], "uv_size": [1.5, -4]}
							}
						},
						{
							"origin": [2.38631, 18.73781, -0.21076],
							"size": [1, 0.25, 4.17188],
							"pivot": [2.88631, 22.36281, 1.50799],
							"rotation": [27.5, 0, 7.5],
							"uv": {
								"north": {"uv": [31, 253.5], "uv_size": [1, 0.5]},
								"east": {"uv": [115, 168.5], "uv_size": [4, 0.5]},
								"south": {"uv": [124, 160.5], "uv_size": [1, 0.5]},
								"west": {"uv": [40, 244.5], "uv_size": [4, 0.5]},
								"up": {"uv": [106, 231.5], "uv_size": [1, 4]},
								"down": {"uv": [105, 239.5], "uv_size": [1, -4]}
							}
						},
						{
							"origin": [2.33814, 18.62196, -1.625],
							"size": [1.25, 6.75, 3.25],
							"pivot": [2.83814, 21.99696, 0],
							"rotation": [0, 0, 7.5],
							"uv": {
								"north": {"uv": [52, 217.5], "uv_size": [1.5, 7]},
								"east": {"uv": [21, 191.5], "uv_size": [3.5, 7]},
								"south": {"uv": [54, 217.5], "uv_size": [1.5, 7]},
								"west": {"uv": [37, 191.5], "uv_size": [3.5, 7]},
								"up": {"uv": [18, 229.5], "uv_size": [1.5, 3.5]},
								"down": {"uv": [100, 159], "uv_size": [1.5, -3.5]}
							}
						},
						{
							"origin": [2.33814, 18.37196, -1.625],
							"size": [1, 0.25, 3.3125],
							"pivot": [2.83814, 21.99696, 0],
							"rotation": [0, 0, 7.5],
							"uv": {
								"north": {"uv": [32, 253.5], "uv_size": [1, 0.5]},
								"east": {"uv": [115, 188.5], "uv_size": [3.5, 0.5]},
								"south": {"uv": [124, 161.5], "uv_size": [1, 0.5]},
								"west": {"uv": [115, 189.5], "uv_size": [3.5, 0.5]},
								"up": {"uv": [108, 217.5], "uv_size": [1, 3.5]},
								"down": {"uv": [108, 225], "uv_size": [1, -3.5]}
							}
						},
						{
							"origin": [2.36206, 18.80363, -2.54557],
							"size": [1, 6.75, 1.375],
							"pivot": [2.86206, 22.17863, -2.79557],
							"rotation": [-7.5, 0, 7.5],
							"uv": {
								"north": {"uv": [99, 181.5], "uv_size": [1, 7]},
								"east": {"uv": [56, 217.5], "uv_size": [1.5, 7]},
								"south": {"uv": [59, 228.5], "uv_size": [1, 7]},
								"west": {"uv": [69, 217.5], "uv_size": [1.5, 7]},
								"up": {"uv": [116, 240.5], "uv_size": [1, 1.5]},
								"down": {"uv": [116, 244], "uv_size": [1, -1.5]}
							}
						},
						{
							"origin": [2.36206, 18.55363, -2.54557],
							"size": [1, 0.25, 1.40625],
							"pivot": [2.86206, 22.17863, -2.79557],
							"rotation": [-7.5, 0, 7.5],
							"uv": {
								"north": {"uv": [33, 253.5], "uv_size": [1, 0.5]},
								"east": {"uv": [121, 210.5], "uv_size": [1.5, 0.5]},
								"south": {"uv": [124, 162.5], "uv_size": [1, 0.5]},
								"west": {"uv": [121, 211.5], "uv_size": [1.5, 0.5]},
								"up": {"uv": [116, 244.5], "uv_size": [1, 1.5]},
								"down": {"uv": [117, 131], "uv_size": [1, -1.5]}
							}
						},
						{
							"origin": [2.89533, 18.73106, -2.10458],
							"size": [2.9375, 6.6875, 1.5],
							"pivot": [5.83283, 25.41856, -2.10458],
							"rotation": [-7.5, 0, 0],
							"uv": {
								"north": {"uv": [74, 143.5], "uv_size": [3, 6.5]},
								"east": {"uv": [38, 218.5], "uv_size": [1.5, 6.5]},
								"south": {"uv": [74, 150.5], "uv_size": [3, 6.5]},
								"west": {"uv": [40, 218.5], "uv_size": [1.5, 6.5]},
								"up": {"uv": [93, 231.5], "uv_size": [3, 1.5]},
								"down": {"uv": [99, 233], "uv_size": [3, -1.5]}
							}
						},
						{
							"origin": [2.89533, 18.48106, -2.10458],
							"size": [2.9375, 0.25, 1],
							"pivot": [5.83283, 25.41856, -2.10458],
							"rotation": [-7.5, 0, 0],
							"uv": {
								"north": {"uv": [117, 131.5], "uv_size": [3, 0.5]},
								"east": {"uv": [34, 253.5], "uv_size": [1, 0.5]},
								"south": {"uv": [117, 132.5], "uv_size": [3, 0.5]},
								"west": {"uv": [124, 163.5], "uv_size": [1, 0.5]},
								"up": {"uv": [111, 207.5], "uv_size": [3, 1]},
								"down": {"uv": [111, 209.5], "uv_size": [3, -1]}
							}
						},
						{
							"origin": [3.08283, 19.94176, 0.03095],
							"size": [2.75, 6.75, 4.04688],
							"pivot": [4.45783, 22.56676, 3.59345],
							"rotation": [27.5, 0, 0],
							"uv": {
								"north": {"uv": [17, 200.5], "uv_size": [3, 7]},
								"east": {"uv": [48, 144.5], "uv_size": [4, 7]},
								"south": {"uv": [71, 150.5], "uv_size": [3, 7]},
								"west": {"uv": [18, 177.5], "uv_size": [4, 7]},
								"up": {"uv": [84, 194.5], "uv_size": [3, 4]},
								"down": {"uv": [69, 217.5], "uv_size": [3, -4]}
							}
						},
						{
							"origin": [3.08283, 26.44176, -0.21905],
							"size": [2.75, 1, 4.04688],
							"pivot": [4.45783, 22.56676, 3.59345],
							"rotation": [27.5, 0, 0],
							"uv": {
								"north": {"uv": [111, 211.5], "uv_size": [3, 1]},
								"east": {"uv": [107, 133.5], "uv_size": [4, 1]},
								"south": {"uv": [111, 212.5], "uv_size": [3, 1]},
								"west": {"uv": [107, 134.5], "uv_size": [4, 1]},
								"up": {"uv": [85, 153.5], "uv_size": [3, 4]},
								"down": {"uv": [37, 218.5], "uv_size": [3, -4]}
							}
						},
						{
							"origin": [3.08283, 19.69176, 3.07783],
							"size": [2.75, 0.25, 1],
							"pivot": [4.45783, 22.56676, 3.59345],
							"rotation": [27.5, 0, 0],
							"uv": {
								"north": {"uv": [4, 246.5], "uv_size": [3, 0.5]},
								"east": {"uv": [35, 253.5], "uv_size": [1, 0.5]},
								"south": {"uv": [117, 133.5], "uv_size": [3, 0.5]},
								"west": {"uv": [124, 164.5], "uv_size": [1, 0.5]},
								"up": {"uv": [111, 209.5], "uv_size": [3, 1]},
								"down": {"uv": [111, 211.5], "uv_size": [3, -1]}
							}
						}
					]
				},
				{
					"name": "LeftHand",
					"parent": "LeftForeArm",
					"pivot": [4.45, 16.5, 0]
				},
				{
					"name": "LeftHandLocator",
					"parent": "LeftHand",
					"pivot": [4.45, 16.5, 0.05]
				},
				{
					"name": "SheathLocator",
					"parent": "LeftHand",
					"pivot": [4.45, 16.5, 0.05]
				},
				{
					"name": "LeftWaistLocator",
					"parent": "LeftHand",
					"pivot": [4.45, 16.5, 0.05]
				},
				{
					"name": "LeftJie",
					"parent": "LeftArm",
					"pivot": [5.15, 30.65, 0],
					"cubes": [
						{
							"origin": [5.9608, 27.83465, 0.10569],
							"size": [0.35, 0.35, 0.175],
							"pivot": [6.22238, 28.25478, 0.14721],
							"rotation": [0, -90, 0],
							"uv": {
								"north": {"uv": [33, 255.5], "uv_size": [0.5, 0.5]},
								"east": {"uv": [126, 162.5], "uv_size": [0.5, 0.5]},
								"south": {"uv": [34, 255.5], "uv_size": [0.5, 0.5]},
								"west": {"uv": [126, 163.5], "uv_size": [0.5, 0.5]},
								"up": {"uv": [35, 255.5], "uv_size": [0.5, 0.5]},
								"down": {"uv": [126, 165], "uv_size": [0.5, -0.5]}
							}
						},
						{
							"origin": [6.10534, 25.99724, 0.30261],
							"size": [0.175, 0.875, 0.175],
							"pivot": [6.19284, 26.34724, 0.39011],
							"rotation": [1.9905, 0.36544, -2.97768],
							"uv": {
								"north": {"uv": [3, 253.5], "uv_size": [0.5, 1]},
								"east": {"uv": [124, 132.5], "uv_size": [0.5, 1]},
								"south": {"uv": [4, 253.5], "uv_size": [0.5, 1]},
								"west": {"uv": [124, 133.5], "uv_size": [0.5, 1]},
								"up": {"uv": [36, 255.5], "uv_size": [0.5, 0.5]},
								"down": {"uv": [126, 166], "uv_size": [0.5, -0.5]}
							}
						},
						{
							"origin": [6.05237, 26.80505, 0.17255],
							"size": [0.175, 1.05, 0.175],
							"pivot": [6.20237, 27.33005, 0.08817],
							"rotation": [12.9905, 0.36544, -2.97768],
							"uv": {
								"north": {"uv": [5, 253.5], "uv_size": [0.5, 1]},
								"east": {"uv": [124, 134.5], "uv_size": [0.5, 1]},
								"south": {"uv": [6, 253.5], "uv_size": [0.5, 1]},
								"west": {"uv": [124, 135.5], "uv_size": [0.5, 1]},
								"up": {"uv": [37, 255.5], "uv_size": [0.5, 0.5]},
								"down": {"uv": [126, 167], "uv_size": [0.5, -0.5]}
							}
						},
						{
							"origin": [6.10993, 25.81255, -0.34571],
							"size": [0.175, 1.05, 0.175],
							"pivot": [6.19743, 26.84032, -0.32887],
							"rotation": [-30.98037, -0.77613, -2.89795],
							"uv": {
								"north": {"uv": [7, 253.5], "uv_size": [0.5, 1]},
								"east": {"uv": [124, 136.5], "uv_size": [0.5, 1]},
								"south": {"uv": [8, 253.5], "uv_size": [0.5, 1]},
								"west": {"uv": [124, 137.5], "uv_size": [0.5, 1]},
								"up": {"uv": [38, 255.5], "uv_size": [0.5, 0.5]},
								"down": {"uv": [126, 168], "uv_size": [0.5, -0.5]}
							}
						},
						{
							"origin": [6.10993, 26.81809, -0.34571],
							"size": [0.175, 1.05, 0.175],
							"pivot": [6.19743, 26.84032, -0.32887],
							"rotation": [-14.98037, -0.77613, -2.89795],
							"uv": {
								"north": {"uv": [9, 253.5], "uv_size": [0.5, 1]},
								"east": {"uv": [124, 138.5], "uv_size": [0.5, 1]},
								"south": {"uv": [10, 253.5], "uv_size": [0.5, 1]},
								"west": {"uv": [124, 139.5], "uv_size": [0.5, 1]},
								"up": {"uv": [39, 255.5], "uv_size": [0.5, 0.5]},
								"down": {"uv": [126, 169], "uv_size": [0.5, -0.5]}
							}
						},
						{
							"origin": [5.029, 27.75277, 0.14918],
							"size": [0.175, 0.83085, 0.175],
							"pivot": [6.22238, 28.25478, 0.14721],
							"rotation": [-90, 0, 97],
							"uv": {
								"north": {"uv": [11, 253.5], "uv_size": [0.5, 1]},
								"east": {"uv": [124, 140.5], "uv_size": [0.5, 1]},
								"south": {"uv": [12, 253.5], "uv_size": [0.5, 1]},
								"west": {"uv": [124, 141.5], "uv_size": [0.5, 1]},
								"up": {"uv": [40, 255.5], "uv_size": [0.5, 0.5]},
								"down": {"uv": [126, 170], "uv_size": [0.5, -0.5]}
							}
						},
						{
							"origin": [5.92051, 28.44076, 0.16385],
							"size": [0.175, 1.05, 0.175],
							"pivot": [6.22238, 28.25478, 0.14721],
							"rotation": [95.27442, 33.97996, -89.47514],
							"uv": {
								"north": {"uv": [13, 253.5], "uv_size": [0.5, 1]},
								"east": {"uv": [124, 142.5], "uv_size": [0.5, 1]},
								"south": {"uv": [14, 253.5], "uv_size": [0.5, 1]},
								"west": {"uv": [124, 143.5], "uv_size": [0.5, 1]},
								"up": {"uv": [41, 255.5], "uv_size": [0.5, 0.5]},
								"down": {"uv": [126, 171], "uv_size": [0.5, -0.5]}
							}
						},
						{
							"origin": [5.08743, 28.81211, 0.28971],
							"size": [0.175, 0.39375, 0.175],
							"pivot": [6.22238, 28.25478, 0.14721],
							"rotation": [99.96446, -15.32386, -98.04183],
							"uv": {
								"north": {"uv": [42, 255.5], "uv_size": [0.5, 0.5]},
								"east": {"uv": [126, 171.5], "uv_size": [0.5, 0.5]},
								"south": {"uv": [43, 255.5], "uv_size": [0.5, 0.5]},
								"west": {"uv": [126, 172.5], "uv_size": [0.5, 0.5]},
								"up": {"uv": [44, 255.5], "uv_size": [0.5, 0.5]},
								"down": {"uv": [126, 174], "uv_size": [0.5, -0.5]}
							}
						},
						{
							"origin": [7.40656, 28.06206, 0.16953],
							"size": [0.175, 0.83085, 0.175],
							"pivot": [6.22238, 28.25478, 0.14721],
							"rotation": [-127.57658, 78.61598, 51.87182],
							"uv": {
								"north": {"uv": [15, 253.5], "uv_size": [0.5, 1]},
								"east": {"uv": [124, 144.5], "uv_size": [0.5, 1]},
								"south": {"uv": [16, 253.5], "uv_size": [0.5, 1]},
								"west": {"uv": [124, 145.5], "uv_size": [0.5, 1]},
								"up": {"uv": [45, 255.5], "uv_size": [0.5, 0.5]},
								"down": {"uv": [126, 175], "uv_size": [0.5, -0.5]}
							}
						},
						{
							"origin": [6.78065, 29.00233, 0.26064],
							"size": [0.175, 0.39375, 0.175],
							"pivot": [6.22238, 28.25478, 0.14721],
							"rotation": [102.92328, 33.12313, -80.72916],
							"uv": {
								"north": {"uv": [46, 255.5], "uv_size": [0.5, 0.5]},
								"east": {"uv": [126, 175.5], "uv_size": [0.5, 0.5]},
								"south": {"uv": [47, 255.5], "uv_size": [0.5, 0.5]},
								"west": {"uv": [126, 176.5], "uv_size": [0.5, 0.5]},
								"up": {"uv": [48, 255.5], "uv_size": [0.5, 0.5]},
								"down": {"uv": [126, 178], "uv_size": [0.5, -0.5]}
							}
						},
						{
							"origin": [5.94553, 28.2531, 0.15057],
							"size": [0.175, 1.05, 0.175],
							"pivot": [6.22238, 28.25478, 0.14721],
							"rotation": [95.10571, -15.9806, -90.45273],
							"uv": {
								"north": {"uv": [17, 253.5], "uv_size": [0.5, 1]},
								"east": {"uv": [124, 146.5], "uv_size": [0.5, 1]},
								"south": {"uv": [18, 253.5], "uv_size": [0.5, 1]},
								"west": {"uv": [124, 147.5], "uv_size": [0.5, 1]},
								"up": {"uv": [49, 255.5], "uv_size": [0.5, 0.5]},
								"down": {"uv": [126, 179], "uv_size": [0.5, -0.5]}
							}
						},
						{
							"origin": [7.13658, 28.64762, 0.26081],
							"size": [0.175, 0.39375, 0.175],
							"pivot": [6.22238, 28.25478, 0.14721],
							"rotation": [-80.03554, -15.32386, 81.95817],
							"uv": {
								"north": {"uv": [50, 255.5], "uv_size": [0.5, 0.5]},
								"east": {"uv": [126, 179.5], "uv_size": [0.5, 0.5]},
								"south": {"uv": [51, 255.5], "uv_size": [0.5, 0.5]},
								"west": {"uv": [126, 180.5], "uv_size": [0.5, 0.5]},
								"up": {"uv": [52, 255.5], "uv_size": [0.5, 0.5]},
								"down": {"uv": [126, 182], "uv_size": [0.5, -0.5]}
							}
						},
						{
							"origin": [6.44604, 28.29777, 0.15065],
							"size": [0.175, 1.05, 0.175],
							"pivot": [6.22238, 28.25478, 0.14721],
							"rotation": [-84.72558, 33.97996, 90.52486],
							"uv": {
								"north": {"uv": [19, 253.5], "uv_size": [0.5, 1]},
								"east": {"uv": [124, 148.5], "uv_size": [0.5, 1]},
								"south": {"uv": [20, 253.5], "uv_size": [0.5, 1]},
								"west": {"uv": [124, 149.5], "uv_size": [0.5, 1]},
								"up": {"uv": [53, 255.5], "uv_size": [0.5, 0.5]},
								"down": {"uv": [126, 183], "uv_size": [0.5, -0.5]}
							}
						},
						{
							"origin": [5.03298, 28.08915, 0.14869],
							"size": [0.175, 0.83085, 0.175],
							"pivot": [6.22238, 28.25478, 0.14721],
							"rotation": [52.42342, 78.61598, -128.12818],
							"uv": {
								"north": {"uv": [21, 253.5], "uv_size": [0.5, 1]},
								"east": {"uv": [124, 150.5], "uv_size": [0.5, 1]},
								"south": {"uv": [22, 253.5], "uv_size": [0.5, 1]},
								"west": {"uv": [124, 151.5], "uv_size": [0.5, 1]},
								"up": {"uv": [54, 255.5], "uv_size": [0.5, 0.5]},
								"down": {"uv": [126, 184], "uv_size": [0.5, -0.5]}
							}
						},
						{
							"origin": [5.58375, 28.86097, 0.22821],
							"size": [0.175, 0.39375, 0.175],
							"pivot": [6.22238, 28.25478, 0.14721],
							"rotation": [-77.07672, 33.12313, 99.27084],
							"uv": {
								"north": {"uv": [55, 255.5], "uv_size": [0.5, 0.5]},
								"east": {"uv": [126, 184.5], "uv_size": [0.5, 0.5]},
								"south": {"uv": [56, 255.5], "uv_size": [0.5, 0.5]},
								"west": {"uv": [126, 185.5], "uv_size": [0.5, 0.5]},
								"up": {"uv": [57, 255.5], "uv_size": [0.5, 0.5]},
								"down": {"uv": [126, 187], "uv_size": [0.5, -0.5]}
							}
						},
						{
							"origin": [6.27657, 28.08728, 0.13575],
							"size": [0.175, 1.05, 0.175],
							"pivot": [6.22238, 28.25478, 0.14721],
							"rotation": [-84.89429, -15.9806, 89.54727],
							"uv": {
								"north": {"uv": [23, 253.5], "uv_size": [0.5, 1]},
								"east": {"uv": [124, 152.5], "uv_size": [0.5, 1]},
								"south": {"uv": [24, 253.5], "uv_size": [0.5, 1]},
								"west": {"uv": [124, 153.5], "uv_size": [0.5, 1]},
								"up": {"uv": [58, 255.5], "uv_size": [0.5, 0.5]},
								"down": {"uv": [126, 188], "uv_size": [0.5, -0.5]}
							}
						},
						{
							"origin": [6.83486, 28.79485, 0.23958],
							"size": [0.175, 0.39375, 0.175],
							"pivot": [6.22238, 28.25478, 0.14721],
							"rotation": [81.31168, -64.40423, -71.80172],
							"uv": {
								"north": {"uv": [59, 255.5], "uv_size": [0.5, 0.5]},
								"east": {"uv": [126, 188.5], "uv_size": [0.5, 0.5]},
								"south": {"uv": [60, 255.5], "uv_size": [0.5, 0.5]},
								"west": {"uv": [126, 189.5], "uv_size": [0.5, 0.5]},
								"up": {"uv": [61, 255.5], "uv_size": [0.5, 0.5]},
								"down": {"uv": [126, 191], "uv_size": [0.5, -0.5]}
							}
						},
						{
							"origin": [6.13945, 28.15967, 0.14095],
							"size": [0.175, 1.05, 0.175],
							"pivot": [6.22238, 28.25478, 0.14721],
							"rotation": [-85.953, -65.01538, 91.03048],
							"uv": {
								"north": {"uv": [25, 253.5], "uv_size": [0.5, 1]},
								"east": {"uv": [124, 154.5], "uv_size": [0.5, 1]},
								"south": {"uv": [26, 253.5], "uv_size": [0.5, 1]},
								"west": {"uv": [124, 155.5], "uv_size": [0.5, 1]},
								"up": {"uv": [62, 255.5], "uv_size": [0.5, 0.5]},
								"down": {"uv": [126, 192], "uv_size": [0.5, -0.5]}
							}
						},
						{
							"origin": [5.97336, 28.23263, 0.14611],
							"size": [0.175, 1.05, 0.175],
							"pivot": [6.22238, 28.25478, 0.14721],
							"rotation": [94.047, -65.01538, -88.96952],
							"uv": {
								"north": {"uv": [27, 253.5], "uv_size": [0.5, 1]},
								"east": {"uv": [124, 156.5], "uv_size": [0.5, 1]},
								"south": {"uv": [28, 253.5], "uv_size": [0.5, 1]},
								"west": {"uv": [124, 157.5], "uv_size": [0.5, 1]},
								"up": {"uv": [63, 255.5], "uv_size": [0.5, 0.5]},
								"down": {"uv": [126, 193], "uv_size": [0.5, -0.5]}
							}
						},
						{
							"origin": [5.27874, 28.7209, 0.25088],
							"size": [0.175, 0.39375, 0.175],
							"pivot": [6.22238, 28.25478, 0.14721],
							"rotation": [-98.68832, -64.40423, 108.19828],
							"uv": {
								"north": {"uv": [64, 255.5], "uv_size": [0.5, 0.5]},
								"east": {"uv": [126, 193.5], "uv_size": [0.5, 0.5]},
								"south": {"uv": [65, 255.5], "uv_size": [0.5, 0.5]},
								"west": {"uv": [126, 194.5], "uv_size": [0.5, 0.5]},
								"up": {"uv": [66, 255.5], "uv_size": [0.5, 0.5]},
								"down": {"uv": [126, 196], "uv_size": [0.5, -0.5]}
							}
						}
					]
				},
				{
					"name": "RightArm",
					"parent": "Arm",
					"pivot": [-4.9, 30.65, 0],
					"rotation": [0, 15, 0]
				},
				{
					"name": "RightArmElse",
					"parent": "RightArm",
					"pivot": [-4.9, 30.65, 0],
					"cubes": [
						{
							"origin": [-5.71242, 24.44952, -1.5],
							"size": [2.5, 6.75, 3],
							"uv": {
								"north": {"uv": [20, 205.5], "uv_size": [2.5, 7]},
								"east": {"uv": [20, 198.5], "uv_size": [3, 7]},
								"south": {"uv": [52, 206.5], "uv_size": [2.5, 7]},
								"west": {"uv": [69, 165.5], "uv_size": [3, 7]},
								"up": {"uv": [94, 187.5], "uv_size": [2.5, 3]},
								"down": {"uv": [94, 193.5], "uv_size": [2.5, -3]}
							}
						},
						{
							"origin": [-5.83283, 24.40181, -1.625],
							"size": [2.75, 6.875, 3.25],
							"uv": {
								"north": {"uv": [46, 197.5], "uv_size": [3, 7]},
								"east": {"uv": [56, 154.5], "uv_size": [3.5, 7]},
								"south": {"uv": [49, 197.5], "uv_size": [3, 7]},
								"west": {"uv": [29, 185.5], "uv_size": [3.5, 7]},
								"up": {"uv": [87, 141.5], "uv_size": [3, 3.5]},
								"down": {"uv": [87, 149], "uv_size": [3, -3.5]}
							}
						},
						{
							"origin": [-5.99165, 24.19075, 1.11922],
							"size": [1, 6.875, 1],
							"pivot": [-5.49165, 27.62825, 0.49422],
							"rotation": [8, 0, 2.5],
							"uv": {
								"north": {"uv": [52, 224.5], "uv_size": [1, 7]},
								"east": {"uv": [53, 224.5], "uv_size": [1, 7]},
								"south": {"uv": [54, 224.5], "uv_size": [1, 7]},
								"west": {"uv": [55, 224.5], "uv_size": [1, 7]},
								"up": {"uv": [52, 249.5], "uv_size": [1, 1]},
								"down": {"uv": [53, 250.5], "uv_size": [1, -1]}
							}
						},
						{
							"origin": [-5.98098, 24.43519, -1.86327],
							"size": [1, 6.875, 1],
							"pivot": [-5.48098, 27.87269, -2.48827],
							"rotation": [-4, 0, 2.5],
							"uv": {
								"north": {"uv": [69, 224.5], "uv_size": [1, 7]},
								"east": {"uv": [70, 224.5], "uv_size": [1, 7]},
								"south": {"uv": [95, 222.5], "uv_size": [1, 7]},
								"west": {"uv": [36, 225.5], "uv_size": [1, 7]},
								"up": {"uv": [54, 249.5], "uv_size": [1, 1]},
								"down": {"uv": [55, 250.5], "uv_size": [1, -1]}
							}
						},
						{
							"origin": [-5.98325, 24.38327, -1.625],
							"size": [1, 6.875, 3.25],
							"pivot": [-5.48325, 27.82077, 0],
							"rotation": [0, 0, 2.5],
							"uv": {
								"north": {"uv": [56, 224.5], "uv_size": [1, 7]},
								"east": {"uv": [56, 161.5], "uv_size": [3.5, 7]},
								"south": {"uv": [57, 224.5], "uv_size": [1, 7]},
								"west": {"uv": [56, 168.5], "uv_size": [3.5, 7]},
								"up": {"uv": [42, 237.5], "uv_size": [1, 3.5]},
								"down": {"uv": [108, 177], "uv_size": [1, -3.5]}
							}
						},
						{
							"origin": [-3.93241, 24.38327, -1.625],
							"size": [1, 6.875, 3.25],
							"pivot": [-3.43241, 27.82077, 0],
							"rotation": [0, 0, -2.5],
							"uv": {
								"north": {"uv": [4, 226.5], "uv_size": [1, 7]},
								"east": {"uv": [56, 175.5], "uv_size": [3.5, 7]},
								"south": {"uv": [5, 226.5], "uv_size": [1, 7]},
								"west": {"uv": [33, 186.5], "uv_size": [3.5, 7]},
								"up": {"uv": [108, 177.5], "uv_size": [1, 3.5]},
								"down": {"uv": [49, 241], "uv_size": [1, -3.5]}
							}
						},
						{
							"origin": [-3.92401, 24.19075, 1.11922],
							"size": [1, 6.875, 1],
							"pivot": [-3.42401, 27.62825, 0.49422],
							"rotation": [8, 0, -2.5],
							"uv": {
								"north": {"uv": [41, 225.5], "uv_size": [1, 7]},
								"east": {"uv": [96, 222.5], "uv_size": [1, 7]},
								"south": {"uv": [2, 226.5], "uv_size": [1, 7]},
								"west": {"uv": [3, 226.5], "uv_size": [1, 7]},
								"up": {"uv": [120, 186.5], "uv_size": [1, 1]},
								"down": {"uv": [58, 250.5], "uv_size": [1, -1]}
							}
						},
						{
							"origin": [-3.93468, 24.43519, -1.86327],
							"size": [1, 6.875, 1],
							"pivot": [-3.43468, 27.87269, -2.48827],
							"rotation": [-4, 0, -2.5],
							"uv": {
								"north": {"uv": [37, 225.5], "uv_size": [1, 7]},
								"east": {"uv": [38, 225.5], "uv_size": [1, 7]},
								"south": {"uv": [39, 225.5], "uv_size": [1, 7]},
								"west": {"uv": [40, 225.5], "uv_size": [1, 7]},
								"up": {"uv": [56, 249.5], "uv_size": [1, 1]},
								"down": {"uv": [57, 250.5], "uv_size": [1, -1]}
							}
						},
						{
							"origin": [-5.83283, 24.40146, -1.86509],
							"size": [2.75, 6.875, 1],
							"pivot": [-4.45783, 27.83896, -1.74009],
							"rotation": [-4, 0, 0],
							"uv": {
								"north": {"uv": [37, 198.5], "uv_size": [3, 7]},
								"east": {"uv": [45, 224.5], "uv_size": [1, 7]},
								"south": {"uv": [40, 198.5], "uv_size": [3, 7]},
								"west": {"uv": [46, 224.5], "uv_size": [1, 7]},
								"up": {"uv": [45, 240.5], "uv_size": [3, 1]},
								"down": {"uv": [111, 190.5], "uv_size": [3, -1]}
							}
						},
						{
							"origin": [-5.83283, 24.36568, 1.10827],
							"size": [2.75, 6.875, 1],
							"pivot": [-4.45783, 27.80318, 1.60827],
							"rotation": [8, 0, 0],
							"uv": {
								"north": {"uv": [43, 198.5], "uv_size": [3, 7]},
								"east": {"uv": [47, 224.5], "uv_size": [1, 7]},
								"south": {"uv": [62, 198.5], "uv_size": [3, 7]},
								"west": {"uv": [48, 224.5], "uv_size": [1, 7]},
								"up": {"uv": [111, 190.5], "uv_size": [3, 1]},
								"down": {"uv": [111, 192.5], "uv_size": [3, -1]}
							}
						},
						{
							"origin": [-5.51242, 24.04952, -1.1],
							"size": [2.05, 2, 2.2],
							"uv": {
								"north": {"uv": [28, 235.5], "uv_size": [2, 2]},
								"east": {"uv": [106, 157.5], "uv_size": [2, 2]},
								"south": {"uv": [106, 159.5], "uv_size": [2, 2]},
								"west": {"uv": [106, 161.5], "uv_size": [2, 2]},
								"up": {"uv": [106, 163.5], "uv_size": [2, 2]},
								"down": {"uv": [106, 167.5], "uv_size": [2, -2]}
							}
						},
						{
							"origin": [-5.82492, 23.23702, -1.6625],
							"size": [2.8, 1.5625, 3.95],
							"uv": {
								"north": {"uv": [102, 157.5], "uv_size": [3, 1.5]},
								"east": {"uv": [99, 209.5], "uv_size": [4, 1.5]},
								"south": {"uv": [102, 179.5], "uv_size": [3, 1.5]},
								"west": {"uv": [99, 211.5], "uv_size": [4, 1.5]},
								"up": {"uv": [3, 213.5], "uv_size": [3, 4]},
								"down": {"uv": [84, 145.5], "uv_size": [3, -4]}
							}
						}
					]
				},
				{
					"name": "RightJie",
					"parent": "RightArm",
					"pivot": [-6.21072, 27.97486, 0.04777],
					"cubes": [
						{
							"origin": [-6.3108, 27.83465, 0.10569],
							"size": [0.35, 0.35, 0.175],
							"pivot": [-6.22238, 28.25478, 0.14721],
							"rotation": [0, 90, 0],
							"uv": {
								"north": {"uv": [13, 255.5], "uv_size": [0.5, 0.5]},
								"east": {"uv": [126, 142.5], "uv_size": [0.5, 0.5]},
								"south": {"uv": [14, 255.5], "uv_size": [0.5, 0.5]},
								"west": {"uv": [126, 143.5], "uv_size": [0.5, 0.5]},
								"up": {"uv": [15, 255.5], "uv_size": [0.5, 0.5]},
								"down": {"uv": [126, 145], "uv_size": [0.5, -0.5]}
							}
						},
						{
							"origin": [-6.28034, 25.99724, 0.30261],
							"size": [0.175, 0.875, 0.175],
							"pivot": [-6.19284, 26.34724, 0.39011],
							"rotation": [1.9905, -0.36544, 2.97768],
							"uv": {
								"north": {"uv": [123, 240.5], "uv_size": [0.5, 1]},
								"east": {"uv": [112, 252.5], "uv_size": [0.5, 1]},
								"south": {"uv": [123, 241.5], "uv_size": [0.5, 1]},
								"west": {"uv": [113, 252.5], "uv_size": [0.5, 1]},
								"up": {"uv": [32, 255.5], "uv_size": [0.5, 0.5]},
								"down": {"uv": [126, 162], "uv_size": [0.5, -0.5]}
							}
						},
						{
							"origin": [-6.22737, 26.80505, 0.17255],
							"size": [0.175, 1.05, 0.175],
							"pivot": [-6.20237, 27.33005, 0.08817],
							"rotation": [12.9905, -0.36544, 2.97768],
							"uv": {
								"north": {"uv": [123, 238.5], "uv_size": [0.5, 1]},
								"east": {"uv": [110, 252.5], "uv_size": [0.5, 1]},
								"south": {"uv": [123, 239.5], "uv_size": [0.5, 1]},
								"west": {"uv": [111, 252.5], "uv_size": [0.5, 1]},
								"up": {"uv": [31, 255.5], "uv_size": [0.5, 0.5]},
								"down": {"uv": [126, 161], "uv_size": [0.5, -0.5]}
							}
						},
						{
							"origin": [-6.28493, 25.81255, -0.34571],
							"size": [0.175, 1.05, 0.175],
							"pivot": [-6.19743, 26.84032, -0.32887],
							"rotation": [-30.98037, 0.77613, 2.89795],
							"uv": {
								"north": {"uv": [123, 236.5], "uv_size": [0.5, 1]},
								"east": {"uv": [108, 252.5], "uv_size": [0.5, 1]},
								"south": {"uv": [123, 237.5], "uv_size": [0.5, 1]},
								"west": {"uv": [109, 252.5], "uv_size": [0.5, 1]},
								"up": {"uv": [30, 255.5], "uv_size": [0.5, 0.5]},
								"down": {"uv": [126, 160], "uv_size": [0.5, -0.5]}
							}
						},
						{
							"origin": [-6.28493, 26.81809, -0.34571],
							"size": [0.175, 1.05, 0.175],
							"pivot": [-6.19743, 26.84032, -0.32887],
							"rotation": [-14.98037, 0.77613, 2.89795],
							"uv": {
								"north": {"uv": [123, 234.5], "uv_size": [0.5, 1]},
								"east": {"uv": [106, 252.5], "uv_size": [0.5, 1]},
								"south": {"uv": [123, 235.5], "uv_size": [0.5, 1]},
								"west": {"uv": [107, 252.5], "uv_size": [0.5, 1]},
								"up": {"uv": [29, 255.5], "uv_size": [0.5, 0.5]},
								"down": {"uv": [126, 159], "uv_size": [0.5, -0.5]}
							}
						},
						{
							"origin": [-5.204, 27.75277, 0.14918],
							"size": [0.175, 0.83085, 0.175],
							"pivot": [-6.22238, 28.25478, 0.14721],
							"rotation": [-90, 0, -97],
							"uv": {
								"north": {"uv": [123, 216.5], "uv_size": [0.5, 1]},
								"east": {"uv": [88, 252.5], "uv_size": [0.5, 1]},
								"south": {"uv": [123, 217.5], "uv_size": [0.5, 1]},
								"west": {"uv": [89, 252.5], "uv_size": [0.5, 1]},
								"up": {"uv": [125, 253.5], "uv_size": [0.5, 0.5]},
								"down": {"uv": [125, 255], "uv_size": [0.5, -0.5]}
							}
						},
						{
							"origin": [-6.09551, 28.44076, 0.16385],
							"size": [0.175, 1.05, 0.175],
							"pivot": [-6.22238, 28.25478, 0.14721],
							"rotation": [95.27442, -33.97996, 89.47514],
							"uv": {
								"north": {"uv": [123, 232.5], "uv_size": [0.5, 1]},
								"east": {"uv": [104, 252.5], "uv_size": [0.5, 1]},
								"south": {"uv": [123, 233.5], "uv_size": [0.5, 1]},
								"west": {"uv": [105, 252.5], "uv_size": [0.5, 1]},
								"up": {"uv": [28, 255.5], "uv_size": [0.5, 0.5]},
								"down": {"uv": [126, 158], "uv_size": [0.5, -0.5]}
							}
						},
						{
							"origin": [-5.26243, 28.81211, 0.28971],
							"size": [0.175, 0.39375, 0.175],
							"pivot": [-6.22238, 28.25478, 0.14721],
							"rotation": [99.96446, 15.32386, 98.04183],
							"uv": {
								"north": {"uv": [25, 255.5], "uv_size": [0.5, 0.5]},
								"east": {"uv": [126, 154.5], "uv_size": [0.5, 0.5]},
								"south": {"uv": [26, 255.5], "uv_size": [0.5, 0.5]},
								"west": {"uv": [126, 155.5], "uv_size": [0.5, 0.5]},
								"up": {"uv": [27, 255.5], "uv_size": [0.5, 0.5]},
								"down": {"uv": [126, 157], "uv_size": [0.5, -0.5]}
							}
						},
						{
							"origin": [-7.58156, 28.06206, 0.16953],
							"size": [0.175, 0.83085, 0.175],
							"pivot": [-6.22238, 28.25478, 0.14721],
							"rotation": [-127.57658, -78.61598, -51.87182],
							"uv": {
								"north": {"uv": [123, 230.5], "uv_size": [0.5, 1]},
								"east": {"uv": [102, 252.5], "uv_size": [0.5, 1]},
								"south": {"uv": [123, 231.5], "uv_size": [0.5, 1]},
								"west": {"uv": [103, 252.5], "uv_size": [0.5, 1]},
								"up": {"uv": [24, 255.5], "uv_size": [0.5, 0.5]},
								"down": {"uv": [126, 154], "uv_size": [0.5, -0.5]}
							}
						},
						{
							"origin": [-6.95565, 29.00233, 0.26064],
							"size": [0.175, 0.39375, 0.175],
							"pivot": [-6.22238, 28.25478, 0.14721],
							"rotation": [102.92328, -33.12313, 80.72916],
							"uv": {
								"north": {"uv": [21, 255.5], "uv_size": [0.5, 0.5]},
								"east": {"uv": [126, 150.5], "uv_size": [0.5, 0.5]},
								"south": {"uv": [22, 255.5], "uv_size": [0.5, 0.5]},
								"west": {"uv": [126, 151.5], "uv_size": [0.5, 0.5]},
								"up": {"uv": [23, 255.5], "uv_size": [0.5, 0.5]},
								"down": {"uv": [126, 153], "uv_size": [0.5, -0.5]}
							}
						},
						{
							"origin": [-6.12053, 28.2531, 0.15057],
							"size": [0.175, 1.05, 0.175],
							"pivot": [-6.22238, 28.25478, 0.14721],
							"rotation": [95.10571, 15.9806, 90.45273],
							"uv": {
								"north": {"uv": [123, 228.5], "uv_size": [0.5, 1]},
								"east": {"uv": [100, 252.5], "uv_size": [0.5, 1]},
								"south": {"uv": [123, 229.5], "uv_size": [0.5, 1]},
								"west": {"uv": [101, 252.5], "uv_size": [0.5, 1]},
								"up": {"uv": [20, 255.5], "uv_size": [0.5, 0.5]},
								"down": {"uv": [126, 150], "uv_size": [0.5, -0.5]}
							}
						},
						{
							"origin": [-7.31158, 28.64762, 0.26081],
							"size": [0.175, 0.39375, 0.175],
							"pivot": [-6.22238, 28.25478, 0.14721],
							"rotation": [-80.03554, 15.32386, -81.95817],
							"uv": {
								"north": {"uv": [10, 255.5], "uv_size": [0.5, 0.5]},
								"east": {"uv": [126, 139.5], "uv_size": [0.5, 0.5]},
								"south": {"uv": [11, 255.5], "uv_size": [0.5, 0.5]},
								"west": {"uv": [126, 140.5], "uv_size": [0.5, 0.5]},
								"up": {"uv": [12, 255.5], "uv_size": [0.5, 0.5]},
								"down": {"uv": [126, 142], "uv_size": [0.5, -0.5]}
							}
						},
						{
							"origin": [-6.62104, 28.29777, 0.15065],
							"size": [0.175, 1.05, 0.175],
							"pivot": [-6.22238, 28.25478, 0.14721],
							"rotation": [-84.72558, -33.97996, -90.52486],
							"uv": {
								"north": {"uv": [123, 224.5], "uv_size": [0.5, 1]},
								"east": {"uv": [96, 252.5], "uv_size": [0.5, 1]},
								"south": {"uv": [123, 225.5], "uv_size": [0.5, 1]},
								"west": {"uv": [97, 252.5], "uv_size": [0.5, 1]},
								"up": {"uv": [9, 255.5], "uv_size": [0.5, 0.5]},
								"down": {"uv": [126, 139], "uv_size": [0.5, -0.5]}
							}
						},
						{
							"origin": [-5.20798, 28.08915, 0.14869],
							"size": [0.175, 0.83085, 0.175],
							"pivot": [-6.22238, 28.25478, 0.14721],
							"rotation": [52.42342, -78.61598, 128.12818],
							"uv": {
								"north": {"uv": [123, 222.5], "uv_size": [0.5, 1]},
								"east": {"uv": [94, 252.5], "uv_size": [0.5, 1]},
								"south": {"uv": [123, 223.5], "uv_size": [0.5, 1]},
								"west": {"uv": [95, 252.5], "uv_size": [0.5, 1]},
								"up": {"uv": [8, 255.5], "uv_size": [0.5, 0.5]},
								"down": {"uv": [126, 138], "uv_size": [0.5, -0.5]}
							}
						},
						{
							"origin": [-5.75875, 28.86097, 0.22821],
							"size": [0.175, 0.39375, 0.175],
							"pivot": [-6.22238, 28.25478, 0.14721],
							"rotation": [-77.07672, -33.12313, -99.27084],
							"uv": {
								"north": {"uv": [5, 255.5], "uv_size": [0.5, 0.5]},
								"east": {"uv": [126, 134.5], "uv_size": [0.5, 0.5]},
								"south": {"uv": [6, 255.5], "uv_size": [0.5, 0.5]},
								"west": {"uv": [126, 135.5], "uv_size": [0.5, 0.5]},
								"up": {"uv": [7, 255.5], "uv_size": [0.5, 0.5]},
								"down": {"uv": [126, 137], "uv_size": [0.5, -0.5]}
							}
						},
						{
							"origin": [-6.45157, 28.08728, 0.13575],
							"size": [0.175, 1.05, 0.175],
							"pivot": [-6.22238, 28.25478, 0.14721],
							"rotation": [-84.89429, 15.9806, -89.54727],
							"uv": {
								"north": {"uv": [123, 220.5], "uv_size": [0.5, 1]},
								"east": {"uv": [92, 252.5], "uv_size": [0.5, 1]},
								"south": {"uv": [123, 221.5], "uv_size": [0.5, 1]},
								"west": {"uv": [93, 252.5], "uv_size": [0.5, 1]},
								"up": {"uv": [4, 255.5], "uv_size": [0.5, 0.5]},
								"down": {"uv": [126, 134], "uv_size": [0.5, -0.5]}
							}
						},
						{
							"origin": [-7.00986, 28.79485, 0.23958],
							"size": [0.175, 0.39375, 0.175],
							"pivot": [-6.22238, 28.25478, 0.14721],
							"rotation": [81.31168, 64.40423, 71.80172],
							"uv": {
								"north": {"uv": [0, 255.5], "uv_size": [0.5, 0.5]},
								"east": {"uv": [126, 129.5], "uv_size": [0.5, 0.5]},
								"south": {"uv": [1, 255.5], "uv_size": [0.5, 0.5]},
								"west": {"uv": [126, 130.5], "uv_size": [0.5, 0.5]},
								"up": {"uv": [2, 255.5], "uv_size": [0.5, 0.5]},
								"down": {"uv": [126, 132], "uv_size": [0.5, -0.5]}
							}
						},
						{
							"origin": [-6.31445, 28.15967, 0.14095],
							"size": [0.175, 1.05, 0.175],
							"pivot": [-6.22238, 28.25478, 0.14721],
							"rotation": [-85.953, 65.01538, -91.03048],
							"uv": {
								"north": {"uv": [123, 218.5], "uv_size": [0.5, 1]},
								"east": {"uv": [90, 252.5], "uv_size": [0.5, 1]},
								"south": {"uv": [123, 219.5], "uv_size": [0.5, 1]},
								"west": {"uv": [91, 252.5], "uv_size": [0.5, 1]},
								"up": {"uv": [3, 255.5], "uv_size": [0.5, 0.5]},
								"down": {"uv": [126, 133], "uv_size": [0.5, -0.5]}
							}
						},
						{
							"origin": [-6.14836, 28.23263, 0.14611],
							"size": [0.175, 1.05, 0.175],
							"pivot": [-6.22238, 28.25478, 0.14721],
							"rotation": [94.047, 65.01538, 88.96952],
							"uv": {
								"north": {"uv": [123, 226.5], "uv_size": [0.5, 1]},
								"east": {"uv": [98, 252.5], "uv_size": [0.5, 1]},
								"south": {"uv": [123, 227.5], "uv_size": [0.5, 1]},
								"west": {"uv": [99, 252.5], "uv_size": [0.5, 1]},
								"up": {"uv": [16, 255.5], "uv_size": [0.5, 0.5]},
								"down": {"uv": [126, 146], "uv_size": [0.5, -0.5]}
							}
						},
						{
							"origin": [-5.45374, 28.7209, 0.25088],
							"size": [0.175, 0.39375, 0.175],
							"pivot": [-6.22238, 28.25478, 0.14721],
							"rotation": [-98.68832, 64.40423, -108.19828],
							"uv": {
								"north": {"uv": [17, 255.5], "uv_size": [0.5, 0.5]},
								"east": {"uv": [126, 146.5], "uv_size": [0.5, 0.5]},
								"south": {"uv": [18, 255.5], "uv_size": [0.5, 0.5]},
								"west": {"uv": [126, 147.5], "uv_size": [0.5, 0.5]},
								"up": {"uv": [19, 255.5], "uv_size": [0.5, 0.5]},
								"down": {"uv": [126, 149], "uv_size": [0.5, -0.5]}
							}
						}
					]
				},
				{
					"name": "RightForeArm",
					"parent": "RightArm",
					"pivot": [-4.5, 24, 1]
				},
				{
					"name": "RFAelse",
					"parent": "RightForeArm",
					"pivot": [-4.5, 25, 1],
					"cubes": [
						{
							"origin": [-5.71242, 16.69952, -1.5],
							"size": [2.5, 7.75, 3],
							"uv": {
								"north": {"uv": [34, 201.5], "uv_size": [2.5, 8]},
								"east": {"uv": [8, 192.5], "uv_size": [3, 8]},
								"south": {"uv": [73, 177.5], "uv_size": [2.5, 8]},
								"west": {"uv": [11, 192.5], "uv_size": [3, 8]},
								"up": {"uv": [94, 193.5], "uv_size": [2.5, 3]},
								"down": {"uv": [94, 199.5], "uv_size": [2.5, -3]}
							}
						},
						{
							"origin": [-5.83283, 18.65181, -1.625],
							"size": [2.75, 7.25, 3.25],
							"uv": {
								"north": {"uv": [34, 193.5], "uv_size": [3, 7.5]},
								"east": {"uv": [13, 184.5], "uv_size": [3.5, 7.5]},
								"south": {"uv": [64, 174.5], "uv_size": [3, 7.5]},
								"west": {"uv": [17, 184.5], "uv_size": [3.5, 7.5]},
								"up": {"uv": [18, 216.5], "uv_size": [3, 3.5]},
								"down": {"uv": [87, 161], "uv_size": [3, -3.5]}
							}
						},
						{
							"origin": [-6.42877, 18.62762, -1.625],
							"size": [1, 6.75, 3.25],
							"pivot": [-5.92877, 22.00262, 0],
							"rotation": [0, 0, 5],
							"uv": {
								"north": {"uv": [97, 139.5], "uv_size": [1, 7]},
								"east": {"uv": [42, 186.5], "uv_size": [3.5, 7]},
								"south": {"uv": [21, 226.5], "uv_size": [1, 7]},
								"west": {"uv": [0, 187.5], "uv_size": [3.5, 7]},
								"up": {"uv": [50, 237.5], "uv_size": [1, 3.5]},
								"down": {"uv": [51, 241], "uv_size": [1, -3.5]}
							}
						},
						{
							"origin": [-6.42877, 18.37762, -1.625],
							"size": [1, 0.25, 3.28125],
							"pivot": [-5.92877, 22.00262, 0],
							"rotation": [0, 0, 5],
							"uv": {
								"north": {"uv": [123, 246.5], "uv_size": [1, 0.5]},
								"east": {"uv": [115, 182.5], "uv_size": [3.5, 0.5]},
								"south": {"uv": [118, 252.5], "uv_size": [1, 0.5]},
								"west": {"uv": [115, 183.5], "uv_size": [3.5, 0.5]},
								"up": {"uv": [108, 181.5], "uv_size": [1, 3.5]},
								"down": {"uv": [108, 189], "uv_size": [1, -3.5]}
							}
						},
						{
							"origin": [-6.42702, 18.64762, -2.54064],
							"size": [1, 6.75, 1.35938],
							"pivot": [-5.92702, 22.02262, -1.55627],
							"rotation": [-7.5, 0, 5],
							"uv": {
								"north": {"uv": [24, 226.5], "uv_size": [1, 7]},
								"east": {"uv": [86, 216.5], "uv_size": [1.5, 7]},
								"south": {"uv": [97, 181.5], "uv_size": [1, 7]},
								"west": {"uv": [0, 217.5], "uv_size": [1.5, 7]},
								"up": {"uv": [89, 245.5], "uv_size": [1, 1.5]},
								"down": {"uv": [90, 247], "uv_size": [1, -1.5]}
							}
						},
						{
							"origin": [-6.42702, 18.39762, -2.54064],
							"size": [1, 0.25, 1.39063],
							"pivot": [-5.92702, 22.02262, -1.55627],
							"rotation": [-7.5, 0, 5],
							"uv": {
								"north": {"uv": [123, 247.5], "uv_size": [1, 0.5]},
								"east": {"uv": [74, 250.5], "uv_size": [1.5, 0.5]},
								"south": {"uv": [119, 252.5], "uv_size": [1, 0.5]},
								"west": {"uv": [76, 250.5], "uv_size": [1.5, 0.5]},
								"up": {"uv": [93, 245.5], "uv_size": [1, 1.5]},
								"down": {"uv": [116, 225], "uv_size": [1, -1.5]}
							}
						},
						{
							"origin": [-6.48715, 17.96024, 0.13722],
							"size": [1, 6.75, 4.0625],
							"inflate": -0.001,
							"pivot": [-5.98715, 21.33524, -0.48778],
							"rotation": [27.5, 0, 5],
							"uv": {
								"north": {"uv": [22, 226.5], "uv_size": [1, 7]},
								"east": {"uv": [43, 166.5], "uv_size": [4, 7]},
								"south": {"uv": [23, 226.5], "uv_size": [1, 7]},
								"west": {"uv": [44, 156.5], "uv_size": [4, 7]},
								"up": {"uv": [106, 177.5], "uv_size": [1, 4]},
								"down": {"uv": [106, 185.5], "uv_size": [1, -4]}
							}
						},
						{
							"origin": [-6.48715, 17.71024, 0.04347],
							"size": [1, 0.25, 4.15625],
							"pivot": [-5.98715, 21.33524, -0.48778],
							"rotation": [27.5, 0, 5],
							"uv": {
								"north": {"uv": [123, 248.5], "uv_size": [1, 0.5]},
								"east": {"uv": [32, 244.5], "uv_size": [4, 0.5]},
								"south": {"uv": [120, 252.5], "uv_size": [1, 0.5]},
								"west": {"uv": [115, 164.5], "uv_size": [4, 0.5]},
								"up": {"uv": [106, 185.5], "uv_size": [1, 4]},
								"down": {"uv": [59, 239.5], "uv_size": [1, -4]}
							}
						},
						{
							"origin": [-3.63631, 18.98781, -0.11701],
							"size": [1.25, 6.75, 4.07813],
							"inflate": 0.001,
							"pivot": [-2.88631, 22.36281, 1.50799],
							"rotation": [27.5, 0, -7.5],
							"uv": {
								"north": {"uv": [67, 214.5], "uv_size": [1.5, 7]},
								"east": {"uv": [34, 171.5], "uv_size": [4, 7]},
								"south": {"uv": [87, 191.5], "uv_size": [1.5, 7]},
								"west": {"uv": [0, 172.5], "uv_size": [4, 7]},
								"up": {"uv": [27, 207.5], "uv_size": [1.5, 4]},
								"down": {"uv": [50, 211.5], "uv_size": [1.5, -4]}
							}
						},
						{
							"origin": [-3.38631, 18.73781, -0.21076],
							"size": [1, 0.25, 4.17188],
							"pivot": [-2.88631, 22.36281, 1.50799],
							"rotation": [27.5, 0, -7.5],
							"uv": {
								"north": {"uv": [123, 250.5], "uv_size": [1, 0.5]},
								"east": {"uv": [36, 244.5], "uv_size": [4, 0.5]},
								"south": {"uv": [122, 252.5], "uv_size": [1, 0.5]},
								"west": {"uv": [115, 165.5], "uv_size": [4, 0.5]},
								"up": {"uv": [106, 189.5], "uv_size": [1, 4]},
								"down": {"uv": [106, 197.5], "uv_size": [1, -4]}
							}
						},
						{
							"origin": [-3.58814, 18.62196, -1.625],
							"size": [1.25, 6.75, 3.25],
							"pivot": [-2.83814, 21.99696, 0],
							"rotation": [0, 0, -7.5],
							"uv": {
								"north": {"uv": [21, 217.5], "uv_size": [1.5, 7]},
								"east": {"uv": [55, 188.5], "uv_size": [3.5, 7]},
								"south": {"uv": [23, 217.5], "uv_size": [1.5, 7]},
								"west": {"uv": [59, 188.5], "uv_size": [3.5, 7]},
								"up": {"uv": [13, 229.5], "uv_size": [1.5, 3.5]},
								"down": {"uv": [100, 147], "uv_size": [1.5, -3.5]}
							}
						},
						{
							"origin": [-3.33814, 18.37196, -1.625],
							"size": [1, 0.25, 3.3125],
							"pivot": [-2.83814, 21.99696, 0],
							"rotation": [0, 0, -7.5],
							"uv": {
								"north": {"uv": [123, 251.5], "uv_size": [1, 0.5]},
								"east": {"uv": [115, 184.5], "uv_size": [3.5, 0.5]},
								"south": {"uv": [123, 252.5], "uv_size": [1, 0.5]},
								"west": {"uv": [115, 185.5], "uv_size": [3.5, 0.5]},
								"up": {"uv": [58, 237.5], "uv_size": [1, 3.5]},
								"down": {"uv": [108, 193], "uv_size": [1, -3.5]}
							}
						},
						{
							"origin": [-3.36206, 18.80363, -2.54557],
							"size": [1, 6.75, 1.375],
							"pivot": [-2.86206, 22.17863, -2.79557],
							"rotation": [-7.5, 0, -7.5],
							"uv": {
								"north": {"uv": [97, 188.5], "uv_size": [1, 7]},
								"east": {"uv": [2, 217.5], "uv_size": [1.5, 7]},
								"south": {"uv": [97, 209.5], "uv_size": [1, 7]},
								"west": {"uv": [4, 217.5], "uv_size": [1.5, 7]},
								"up": {"uv": [91, 245.5], "uv_size": [1, 1.5]},
								"down": {"uv": [92, 247], "uv_size": [1, -1.5]}
							}
						},
						{
							"origin": [-3.36206, 18.55363, -2.54557],
							"size": [1, 0.25, 1.40625],
							"pivot": [-2.86206, 22.17863, -2.79557],
							"rotation": [-7.5, 0, -7.5],
							"uv": {
								"north": {"uv": [1, 253.5], "uv_size": [1, 0.5]},
								"east": {"uv": [78, 250.5], "uv_size": [1.5, 0.5]},
								"south": {"uv": [124, 130.5], "uv_size": [1, 0.5]},
								"west": {"uv": [121, 207.5], "uv_size": [1.5, 0.5]},
								"up": {"uv": [96, 245.5], "uv_size": [1, 1.5]},
								"down": {"uv": [99, 247], "uv_size": [1, -1.5]}
							}
						},
						{
							"origin": [-5.83283, 18.73106, -2.10458],
							"size": [2.9375, 6.6875, 1.5],
							"pivot": [-5.83283, 25.41856, -2.10458],
							"rotation": [-7.5, 0, 0],
							"uv": {
								"north": {"uv": [74, 129.5], "uv_size": [3, 6.5]},
								"east": {"uv": [88, 216.5], "uv_size": [1.5, 6.5]},
								"south": {"uv": [74, 136.5], "uv_size": [3, 6.5]},
								"west": {"uv": [36, 218.5], "uv_size": [1.5, 6.5]},
								"up": {"uv": [102, 204.5], "uv_size": [3, 1.5]},
								"down": {"uv": [90, 233], "uv_size": [3, -1.5]}
							}
						},
						{
							"origin": [-5.83283, 18.48106, -2.10458],
							"size": [2.9375, 0.25, 1],
							"pivot": [-5.83283, 25.41856, -2.10458],
							"rotation": [-7.5, 0, 0],
							"uv": {
								"north": {"uv": [116, 236.5], "uv_size": [3, 0.5]},
								"east": {"uv": [0, 253.5], "uv_size": [1, 0.5]},
								"south": {"uv": [116, 237.5], "uv_size": [3, 0.5]},
								"west": {"uv": [124, 129.5], "uv_size": [1, 0.5]},
								"up": {"uv": [111, 197.5], "uv_size": [3, 1]},
								"down": {"uv": [111, 199.5], "uv_size": [3, -1]}
							}
						},
						{
							"origin": [-5.83283, 19.94176, 0.03095],
							"size": [2.75, 6.75, 4.04688],
							"pivot": [-4.45783, 22.56676, 3.59345],
							"rotation": [27.5, 0, 0],
							"uv": {
								"north": {"uv": [70, 180.5], "uv_size": [3, 7]},
								"east": {"uv": [43, 173.5], "uv_size": [4, 7]},
								"south": {"uv": [70, 187.5], "uv_size": [3, 7]},
								"west": {"uv": [47, 129.5], "uv_size": [4, 7]},
								"up": {"uv": [52, 213.5], "uv_size": [3, 4]},
								"down": {"uv": [55, 217.5], "uv_size": [3, -4]}
							}
						},
						{
							"origin": [-5.83283, 20.56676, -0.28155],
							"size": [2.75, 6.75, 4.04688],
							"pivot": [-4.45783, 22.56676, 3.59345],
							"rotation": [27.5, 0, 0],
							"uv": {
								"north": {"uv": [23, 200.5], "uv_size": [3, 7]},
								"east": {"uv": [22, 177.5], "uv_size": [4, 7]},
								"south": {"uv": [26, 200.5], "uv_size": [3, 7]},
								"west": {"uv": [48, 151.5], "uv_size": [4, 7]},
								"up": {"uv": [85, 166.5], "uv_size": [3, 4]},
								"down": {"uv": [40, 218.5], "uv_size": [3, -4]}
							}
						},
						{
							"origin": [-5.83283, 19.69176, 3.07783],
							"size": [2.75, 0.25, 1],
							"pivot": [-4.45783, 22.56676, 3.59345],
							"rotation": [27.5, 0, 0],
							"uv": {
								"north": {"uv": [102, 245.5], "uv_size": [3, 0.5]},
								"east": {"uv": [123, 249.5], "uv_size": [1, 0.5]},
								"south": {"uv": [116, 235.5], "uv_size": [3, 0.5]},
								"west": {"uv": [121, 252.5], "uv_size": [1, 0.5]},
								"up": {"uv": [111, 195.5], "uv_size": [3, 1]},
								"down": {"uv": [111, 197.5], "uv_size": [3, -1]}
							}
						}
					]
				},
				{
					"name": "RightHand",
					"parent": "RightForeArm",
					"pivot": [-4.45, 16.5, 0.5]
				},
				{
					"name": "RightHandLocator",
					"parent": "RightHand",
					"pivot": [-4.45, 16.5, 0.55]
				},
				{
					"name": "BladeLocator",
					"parent": "RightHand",
					"pivot": [-4.45, 16.5, 0.55]
				}
			]
		}
	]
}