{
	"format_version": "1.21.0",
	"minecraft:geometry": [
		{
			"description": {
				"identifier": "geometry.unknown",
				"texture_width": 256,
				"texture_height": 256,
				"visible_bounds_width": 5,
				"visible_bounds_height": 4.5,
				"visible_bounds_offset": [0, 1.75, 0]
			},
			"bones": [
				{
					"name": "RightArm",
					"pivot": [-1.4, 31.025, 0],
					"rotation": [0, 0, 0.5],
					"cubes": [
						{"origin": [-3.15, 25.075, -1.2], "size": [2.55, 6, 2.5], "uv": [9, 12]},
						{"origin": [-3.3, 24.575, -1.3], "size": [2.85, 4.5, 2.7], "uv": [202, 24]},
						{"origin": [-3.3, 29.075, -1.3], "size": [2.85, 1, 2.7], "uv": [198, 19]},
						{"origin": [-3.3, 30.075, -1.3], "size": [2.85, 1.2, 2.7], "uv": [219, 8]},
						{"origin": [-2.95, 24.9, -1.2], "size": [1.5, 6.3, 2.5], "uv": [107, 2]},
						{"origin": [-2.75, 30.5, -1.2], "size": [2.5, 1.3, 2.5], "pivot": [-1.95, 30.55, -0.2], "rotation": [0, 0, -27.5], "uv": [11, 14]},
						{"origin": [-2.95, 30.6, -1.3], "size": [2.7, 1.3, 2.7], "pivot": [-1.95, 30.55, -0.2], "rotation": [0, 0, -27.5], "uv": [195, 6]},
						{"origin": [-2.95, 31.6, -1.3], "size": [2.7, 1.3, 3.7], "pivot": [-1.95, 30.55, -0.2], "rotation": [0, 0, -27.5], "uv": [151, 52]},
						{"origin": [-3.15, 24.175, -1.2], "size": [2.55, 2, 2.2], "uv": [226, 152]},
						{"origin": [-3, 24.125, -1.2], "size": [2.2, 2.05, 1.8], "uv": [223, 152]}
					]
				},
				{
					"name": "bone62",
					"parent": "RightArm",
					"pivot": [-3.0125, 28.74747, 1.2417],
					"rotation": [-15, 90, 0],
					"cubes": [
						{"origin": [-1.35, 26.9975, 0.1417], "size": [0.275, 1, 1.4], "pivot": [-3.0125, 28.74747, 1.2417], "rotation": [-165.48918, 3.84097, -14.51082], "uv": [138, 15], "mirror": true},
						{"origin": [-1.9348, 29.52996, -2.6443], "size": [0.275, 1, 1.4], "pivot": [-1.69727, 30.02996, -0.34427], "rotation": [-165.01364, -0.64685, 2.41491], "uv": [153, 15], "mirror": true},
						{"origin": [-1.9348, 30.03, -2.6443], "size": [0.375, 0.5, 1.4], "pivot": [-1.69727, 30.02996, -0.34427], "rotation": [-165.01364, -0.64685, 2.41491], "uv": [153, 15], "mirror": true}
					]
				},
				{
					"name": "bone61",
					"parent": "RightArm",
					"pivot": [-3.0125, 26.74747, 1.2417],
					"rotation": [-15, 90, 0],
					"cubes": [
						{"origin": [-1.35, 24.9975, 0.1417], "size": [0.275, 1, 1.4], "pivot": [-3.0125, 26.74747, 1.2417], "rotation": [-165.48918, 3.84097, -14.51082], "uv": [138, 15], "mirror": true},
						{"origin": [-1.9348, 27.52996, -2.6443], "size": [0.275, 1, 1.4], "pivot": [-1.69727, 28.02996, -0.34427], "rotation": [-165.01364, -0.64685, 2.41491], "uv": [153, 15], "mirror": true},
						{"origin": [-1.9348, 28.03, -2.6443], "size": [0.375, 0.5, 1.4], "pivot": [-1.69727, 28.02996, -0.34427], "rotation": [-165.01364, -0.64685, 2.41491], "uv": [153, 15], "mirror": true}
					]
				},
				{
					"name": "bone63",
					"parent": "RightArm",
					"pivot": [-3.0125, 24.74747, 1.2417],
					"rotation": [-15, 90, 0],
					"cubes": [
						{"origin": [-1.35, 22.9975, 0.1417], "size": [0.275, 1, 1.4], "pivot": [-3.0125, 24.74747, 1.2417], "rotation": [-165.48918, 3.84097, -14.51082], "uv": [138, 15], "mirror": true},
						{"origin": [-1.9348, 25.52996, -2.6443], "size": [0.275, 1, 1.4], "pivot": [-1.69727, 26.02996, -0.34427], "rotation": [-165.01364, -0.64685, 2.41491], "uv": [153, 15], "mirror": true},
						{"origin": [-1.9348, 26.03, -2.6443], "size": [0.375, 0.5, 1.4], "pivot": [-1.69727, 26.02996, -0.34427], "rotation": [-165.01364, -0.64685, 2.41491], "uv": [153, 15], "mirror": true}
					]
				},
				{
					"name": "bone56",
					"parent": "RightArm",
					"pivot": [-3.0125, 27.74747, 0.2417],
					"rotation": [-17.5, 0, 0],
					"cubes": [
						{"origin": [-1.35, 25.9975, 0.5417], "size": [0.275, 1, 1.4], "pivot": [-3.0125, 27.74747, 0.2417], "rotation": [-165.48918, 3.84097, -14.51082], "uv": [138, 15], "mirror": true},
						{"origin": [-1.9348, 28.52996, -2.2443], "size": [0.275, 1, 1.4], "pivot": [-1.69727, 29.02996, -1.34427], "rotation": [-165.01364, -0.64685, 2.41491], "uv": [153, 15], "mirror": true},
						{"origin": [-1.9348, 29.03, -2.2443], "size": [0.375, 0.5, 1.4], "pivot": [-1.69727, 29.02996, -1.34427], "rotation": [-165.01364, -0.64685, 2.41491], "uv": [153, 15], "mirror": true}
					]
				},
				{
					"name": "bone54",
					"parent": "RightArm",
					"pivot": [-3.0125, 25.74747, 0.2417],
					"rotation": [-17.5, 0, 0],
					"cubes": [
						{"origin": [-1.35, 23.9975, 0.5417], "size": [0.275, 1, 1.4], "pivot": [-3.0125, 25.74747, 0.2417], "rotation": [-165.48918, 3.84097, -14.51082], "uv": [138, 15], "mirror": true},
						{"origin": [-1.9348, 26.52996, -2.2443], "size": [0.275, 1, 1.4], "pivot": [-1.69727, 27.02996, -1.34427], "rotation": [-165.01364, -0.64685, 2.41491], "uv": [153, 15], "mirror": true},
						{"origin": [-1.9348, 27.03, -2.2443], "size": [0.375, 0.5, 1.4], "pivot": [-1.69727, 27.02996, -1.34427], "rotation": [-165.01364, -0.64685, 2.41491], "uv": [153, 15], "mirror": true}
					]
				},
				{
					"name": "bone64",
					"parent": "RightArm",
					"pivot": [-3.0125, 25.74747, 2.2417],
					"rotation": [-17.5, 0, 0],
					"cubes": [
						{"origin": [-1.35, 23.9975, 3.0417], "size": [0.275, 1, 1.4], "pivot": [-3.0125, 25.74747, 2.2417], "rotation": [-165.48918, 3.84097, -14.51082], "uv": [138, 15], "mirror": true},
						{"origin": [-1.9348, 26.52996, 0.2557], "size": [0.275, 1, 1.4], "pivot": [-1.69727, 27.02996, 0.65573], "rotation": [-165.01364, -0.64685, 2.41491], "uv": [153, 15], "mirror": true},
						{"origin": [-1.9348, 27.03, 0.2557], "size": [0.375, 0.5, 1.4], "pivot": [-1.69727, 27.02996, 0.65573], "rotation": [-165.01364, -0.64685, 2.41491], "uv": [153, 15], "mirror": true}
					]
				},
				{
					"name": "bone65",
					"parent": "RightArm",
					"pivot": [-3.0125, 27.74747, 2.2417],
					"rotation": [-17.5, 0, 0],
					"cubes": [
						{"origin": [-1.35, 25.9975, 3.0417], "size": [0.275, 1, 1.4], "pivot": [-3.0125, 27.74747, 2.2417], "rotation": [-165.48918, 3.84097, -14.51082], "uv": [138, 15], "mirror": true},
						{"origin": [-1.9348, 28.52996, 0.2557], "size": [0.275, 1, 1.4], "pivot": [-1.69727, 29.02996, 0.65573], "rotation": [-165.01364, -0.64685, 2.41491], "uv": [153, 15], "mirror": true},
						{"origin": [-1.9348, 29.03, 0.2557], "size": [0.375, 0.5, 1.4], "pivot": [-1.69727, 29.02996, 0.65573], "rotation": [-165.01364, -0.64685, 2.41491], "uv": [153, 15], "mirror": true}
					]
				},
				{
					"name": "bone57",
					"parent": "RightArm",
					"pivot": [-3.0125, 23.74747, 0.2417],
					"rotation": [-17.5, 0, 0],
					"cubes": [
						{"origin": [-1.35, 21.9975, 0.5417], "size": [0.275, 1, 1.4], "pivot": [-3.0125, 23.74747, 0.2417], "rotation": [-165.48918, 3.84097, -14.51082], "uv": [138, 15], "mirror": true},
						{"origin": [-1.9348, 24.52996, -2.2443], "size": [0.275, 1, 1.4], "pivot": [-1.69727, 25.02996, -1.34427], "rotation": [-165.01364, -0.64685, 2.41491], "uv": [153, 15], "mirror": true},
						{"origin": [-1.9348, 25.03, -2.2443], "size": [0.375, 0.5, 1.4], "pivot": [-1.69727, 25.02996, -1.34427], "rotation": [-165.01364, -0.64685, 2.41491], "uv": [153, 15], "mirror": true}
					]
				},
				{
					"name": "RightForeArm2",
					"parent": "RightArm",
					"pivot": [-2.125, 24.075, 0.025],
					"cubes": [
						{"origin": [-3.3, 21.075, -1.3], "size": [2.85, 3.5, 2.7], "uv": [34, 38]},
						{"origin": [-0.5, 22.075, -0.2], "size": [0.15, 2.5, 0.5], "uv": [14, 103]},
						{"origin": [-2.8, 24.075, 1.4], "size": [1.85, 1.5, 0.3], "uv": [110, 6]},
						{"origin": [-3.3, 24.275, 1.4], "size": [2.85, 1.1, 0.3], "uv": [109, 6]},
						{"origin": [-3.45, 21.075, -0.9], "size": [0.95, 3, 1.9], "uv": [23, 31]},
						{"origin": [-3.45, 23.075, -0.9], "size": [0.95, 1.9, 1.9], "pivot": [-2.975, 24.025, 0.05], "rotation": [-45, 0, 0], "uv": [41, 36]},
						{"origin": [-3.025, 19.375, -1.2], "size": [2.5, 5, 2.5], "pivot": [-1.775, 21.875, 0.05], "rotation": [0, 0, 5], "uv": [52, 135]},
						{"origin": [-0.205, 22.975, -1.2], "size": [1, 1, 2.5], "pivot": [-1.775, 21.875, 0.05], "rotation": [0, 0, -35], "uv": [106, 1]},
						{"origin": [-3.125, 17.075, -1.2], "size": [2.5, 2.5, 2.5], "uv": [154, 95]},
						{"origin": [-3.125, 24.075, -1.2], "size": [2.5, 1, 2.5], "uv": [230, 157]}
					]
				},
				{
					"name": "HAMMER",
					"parent": "RightForeArm2",
					"pivot": [-1.875, 22.325, 0.05],
					"cubes": [
						{"origin": [-2.75, 21.075, -2.1], "size": [1.7, 2.5, 4.2], "uv": [213, 56]},
						{"origin": [-2.75, 21.075, -2.1], "size": [1.7, 2.5, 4.2], "pivot": [-1.9, 22.325, 0], "rotation": [0, -45, 0], "uv": [213, 56]},
						{"origin": [-1.35, 21.175, -2.3], "size": [0.3, 2.3, 4.6], "pivot": [-1.9, 22.325, 0], "rotation": [0, -45, 0], "uv": [142, 10]},
						{"origin": [-1.35, 21.175, -2.3], "size": [0.3, 2.3, 4.6], "pivot": [-1.9, 22.325, 0], "rotation": [0, -90, 0], "uv": [142, 10]},
						{"origin": [-1.35, 21.175, -2.3], "size": [0.3, 2.3, 4.6], "pivot": [-1.9, 22.325, 0], "rotation": [0, -135, 0], "uv": [142, 10]},
						{"origin": [-1.35, 21.175, -2.3], "size": [0.3, 2.3, 4.6], "pivot": [-1.9, 22.325, 0], "rotation": [0, 180, 0], "uv": [142, 10]},
						{"origin": [-1.35, 21.175, -2.3], "size": [0.3, 2.3, 4.6], "uv": [142, 10]},
						{"origin": [-2.75, 21.075, -2.1], "size": [1.7, 2.5, 4.2], "pivot": [-1.9, 22.325, 0], "rotation": [0, -90, 0], "uv": [213, 56]},
						{"origin": [-2.75, 21.075, -2.1], "size": [1.7, 2.5, 4.2], "pivot": [-1.9, 22.325, 0], "rotation": [0, -135, 0], "uv": [213, 56]}
					]
				},
				{
					"name": "bone123",
					"parent": "HAMMER",
					"pivot": [-2.9, 22.325, 0],
					"cubes": [
						{"origin": [-3.55, 21.075, -4.1], "size": [1.5, 1.5, 0.2], "pivot": [-2.9, 22.325, -1], "rotation": [0, -45, 0], "uv": [142, 135]}
					]
				},
				{
					"name": "RightHandLocator2",
					"parent": "RightForeArm2",
					"pivot": [-2.125, 18.575, 0.025]
				},
				{
					"name": "LeftArm",
					"pivot": [1.4, 31.025, 0],
					"rotation": [0, 0, -0.5],
					"cubes": [
						{"origin": [0.6, 30.075, -1.2], "size": [2.55, 1, 2.5], "uv": [210, 18], "mirror": true},
						{"origin": [0.35, 24.575, -1.3], "size": [2.85, 4.5, 2.7], "uv": [228, 28], "mirror": true},
						{"origin": [0.35, 29.075, -1.3], "size": [2.85, 1, 2.7], "uv": [205, 19], "mirror": true},
						{"origin": [0.45, 29.9, -1.2], "size": [2.5, 1.2, 2.5], "uv": [205, 17], "mirror": true},
						{"origin": [0.25, 30.5, -1.2], "size": [2.5, 1.3, 2.5], "pivot": [1.95, 30.55, -0.2], "rotation": [0, 0, 27.5], "uv": [11, 14], "mirror": true},
						{"origin": [0.05, 30.6, -1.3], "size": [2.7, 1.3, 2.7], "pivot": [1.95, 30.55, -0.2], "rotation": [0, 0, 27.5], "uv": [221, 16], "mirror": true},
						{"origin": [0.05, 31.6, -1.3], "size": [2.7, 1.3, 3.7], "pivot": [1.95, 30.55, -0.2], "rotation": [0, 0, 27.5], "uv": [157, 56], "mirror": true},
						{"origin": [0.6, 24.175, -1.2], "size": [2.55, 2, 2.2], "uv": [229, 155], "mirror": true},
						{"origin": [0.8, 24.125, -1.2], "size": [2.2, 2.05, 1.8], "uv": [228, 153], "mirror": true}
					]
				},
				{
					"name": "bone52",
					"parent": "LeftArm",
					"pivot": [3.0125, 23.74747, 0.2417],
					"rotation": [-17.5, 0, 0],
					"cubes": [
						{"origin": [1.075, 21.9975, 0.5417], "size": [0.275, 1, 1.4], "pivot": [3.0125, 23.74747, 0.2417], "rotation": [-165.48918, -3.84097, 14.51082], "uv": [138, 15]},
						{"origin": [1.6598, 24.52996, -2.2443], "size": [0.275, 1, 1.4], "pivot": [1.69727, 25.02996, -1.34427], "rotation": [-165.01364, 0.64685, -2.41491], "uv": [153, 15]},
						{"origin": [1.5598, 25.03, -2.2443], "size": [0.375, 0.5, 1.4], "pivot": [1.69727, 25.02996, -1.34427], "rotation": [-165.01364, 0.64685, -2.41491], "uv": [153, 15]}
					]
				},
				{
					"name": "bone53",
					"parent": "LeftArm",
					"pivot": [3.0125, 25.74747, 0.2417],
					"rotation": [-17.5, 0, 0],
					"cubes": [
						{"origin": [1.075, 23.9975, 0.5417], "size": [0.275, 1, 1.4], "pivot": [3.0125, 25.74747, 0.2417], "rotation": [-165.48918, -3.84097, 14.51082], "uv": [138, 15]},
						{"origin": [1.6598, 26.52996, -2.2443], "size": [0.275, 1, 1.4], "pivot": [1.69727, 27.02996, -1.34427], "rotation": [-165.01364, 0.64685, -2.41491], "uv": [153, 15]},
						{"origin": [1.5598, 27.03, -2.2443], "size": [0.375, 0.5, 1.4], "pivot": [1.69727, 27.02996, -1.34427], "rotation": [-165.01364, 0.64685, -2.41491], "uv": [153, 15]}
					]
				},
				{
					"name": "bone55",
					"parent": "LeftArm",
					"pivot": [3.0125, 27.74747, 0.2417],
					"rotation": [-17.5, 0, 0],
					"cubes": [
						{"origin": [1.075, 25.9975, 0.5417], "size": [0.275, 1, 1.4], "pivot": [3.0125, 27.74747, 0.2417], "rotation": [-165.48918, -3.84097, 14.51082], "uv": [138, 15]},
						{"origin": [1.6598, 28.52996, -2.2443], "size": [0.275, 1, 1.4], "pivot": [1.69727, 29.02996, -1.34427], "rotation": [-165.01364, 0.64685, -2.41491], "uv": [153, 15]},
						{"origin": [1.5598, 29.03, -2.2443], "size": [0.375, 0.5, 1.4], "pivot": [1.69727, 29.02996, -1.34427], "rotation": [-165.01364, 0.64685, -2.41491], "uv": [153, 15]}
					]
				},
				{
					"name": "bone58",
					"parent": "LeftArm",
					"pivot": [2.0125, 24.74747, 1.2417],
					"rotation": [-15, -90, 0],
					"cubes": [
						{"origin": [0.075, 22.9975, 1.0417], "size": [0.275, 1, 1.4], "pivot": [2.0125, 24.74747, 1.2417], "rotation": [-165.48918, -3.84097, 14.51082], "uv": [138, 15]},
						{"origin": [0.6598, 25.52996, -1.7443], "size": [0.275, 1, 1.4], "pivot": [0.69727, 26.02996, -0.34427], "rotation": [-165.01364, 0.64685, -2.41491], "uv": [153, 15]},
						{"origin": [0.5598, 26.03, -1.7443], "size": [0.375, 0.5, 1.4], "pivot": [0.69727, 26.02996, -0.34427], "rotation": [-165.01364, 0.64685, -2.41491], "uv": [153, 15]}
					]
				},
				{
					"name": "bone59",
					"parent": "LeftArm",
					"pivot": [2.0125, 26.74747, 1.2417],
					"rotation": [-15, -90, 0],
					"cubes": [
						{"origin": [0.075, 24.9975, 1.0417], "size": [0.275, 1, 1.4], "pivot": [2.0125, 26.74747, 1.2417], "rotation": [-165.48918, -3.84097, 14.51082], "uv": [138, 15]},
						{"origin": [0.6598, 27.52996, -1.7443], "size": [0.275, 1, 1.4], "pivot": [0.69727, 28.02996, -0.34427], "rotation": [-165.01364, 0.64685, -2.41491], "uv": [153, 15]},
						{"origin": [0.5598, 28.03, -1.7443], "size": [0.375, 0.5, 1.4], "pivot": [0.69727, 28.02996, -0.34427], "rotation": [-165.01364, 0.64685, -2.41491], "uv": [153, 15]}
					]
				},
				{
					"name": "bone60",
					"parent": "LeftArm",
					"pivot": [2.0125, 28.74747, 1.2417],
					"rotation": [-15, -90, 0],
					"cubes": [
						{"origin": [0.075, 26.9975, 1.0417], "size": [0.275, 1, 1.4], "pivot": [2.0125, 28.74747, 1.2417], "rotation": [-165.48918, -3.84097, 14.51082], "uv": [138, 15]},
						{"origin": [0.6598, 29.52996, -1.7443], "size": [0.275, 1, 1.4], "pivot": [0.69727, 30.02996, -0.34427], "rotation": [-165.01364, 0.64685, -2.41491], "uv": [153, 15]},
						{"origin": [0.5598, 30.03, -1.7443], "size": [0.375, 0.5, 1.4], "pivot": [0.69727, 30.02996, -0.34427], "rotation": [-165.01364, 0.64685, -2.41491], "uv": [153, 15]}
					]
				},
				{
					"name": "LeftForeArm",
					"parent": "LeftArm",
					"pivot": [2.125, 24.075, 0.025],
					"cubes": [
						{"origin": [0.35, 21.075, -1.3], "size": [2.85, 3.5, 2.7], "uv": [144, 52], "mirror": true},
						{"origin": [0.525, 19.375, -1.2], "size": [2.5, 5, 2.5], "pivot": [1.775, 21.875, 0.05], "rotation": [0, 0, -5], "uv": [39, 135], "mirror": true},
						{"origin": [-0.795, 22.975, -1.2], "size": [1, 1, 2.5], "pivot": [1.775, 21.875, 0.05], "rotation": [0, 0, 35], "uv": [104, 5], "mirror": true},
						{"origin": [0.625, 17.075, -1.2], "size": [2.5, 2.5, 2.5], "uv": [158, 96], "mirror": true},
						{"origin": [0.625, 24.075, -1.2], "size": [2.5, 1, 2.5], "uv": [220, 150], "mirror": true}
					]
				},
				{
					"name": "HAMMER2",
					"parent": "LeftForeArm",
					"pivot": [1.875, 22.325, 0.05],
					"cubes": [
						{"origin": [1.05, 21.075, -2.1], "size": [1.7, 2.5, 4.2], "uv": [207, 55], "mirror": true},
						{"origin": [1.05, 21.075, -2.1], "size": [1.7, 2.5, 4.2], "pivot": [1.9, 22.325, 0], "rotation": [0, 45, 0], "uv": [207, 55], "mirror": true},
						{"origin": [1.05, 21.175, -2.3], "size": [0.3, 2.3, 4.6], "pivot": [1.9, 22.325, 0], "rotation": [0, 45, 0], "uv": [136, 9], "mirror": true},
						{"origin": [1.05, 21.175, -2.3], "size": [0.3, 2.3, 4.6], "pivot": [1.9, 22.325, 0], "rotation": [0, 90, 0], "uv": [136, 9], "mirror": true},
						{"origin": [1.05, 21.175, -2.3], "size": [0.3, 2.3, 4.6], "pivot": [1.9, 22.325, 0], "rotation": [0, 135, 0], "uv": [136, 9], "mirror": true},
						{"origin": [1.05, 21.175, -2.3], "size": [0.3, 2.3, 4.6], "pivot": [1.9, 22.325, 0], "rotation": [0, -180, 0], "uv": [136, 9], "mirror": true},
						{"origin": [1.05, 21.175, -2.3], "size": [0.3, 2.3, 4.6], "uv": [136, 9], "mirror": true},
						{"origin": [1.05, 21.075, -2.1], "size": [1.7, 2.5, 4.2], "pivot": [1.9, 22.325, 0], "rotation": [0, 90, 0], "uv": [207, 55], "mirror": true},
						{"origin": [1.05, 21.075, -2.1], "size": [1.7, 2.5, 4.2], "pivot": [1.9, 22.325, 0], "rotation": [0, 135, 0], "uv": [207, 55], "mirror": true}
					]
				},
				{
					"name": "LeftForeArm2",
					"parent": "LeftForeArm",
					"pivot": [2.125, 24.075, 0.025],
					"cubes": [
						{"origin": [2.5, 23.075, -0.9], "size": [0.95, 1.9, 1.9], "pivot": [2.975, 24.025, 0.05], "rotation": [-45, 0, 0], "uv": [155, 61], "mirror": true},
						{"origin": [2.5, 21.075, -0.9], "size": [0.95, 3, 1.9], "uv": [155, 61], "mirror": true},
						{"origin": [0.35, 22.075, -0.2], "size": [0.15, 2.5, 0.5], "uv": [14, 103], "mirror": true}
					]
				},
				{
					"name": "LeftHandLocator",
					"parent": "LeftForeArm",
					"pivot": [2.125, 18.575, 0.025]
				},
				{
					"name": "bone78",
					"parent": "LeftArm",
					"pivot": [3.0125, 25.74747, 2.2417],
					"rotation": [-17.5, 0, 0],
					"cubes": [
						{"origin": [1.075, 23.9975, 3.0417], "size": [0.275, 1, 1.4], "pivot": [3.0125, 25.74747, 2.2417], "rotation": [-165.48918, -3.84097, 14.51082], "uv": [138, 15]},
						{"origin": [1.6598, 26.52996, 0.2557], "size": [0.275, 1, 1.4], "pivot": [1.69727, 27.02996, 0.65573], "rotation": [-165.01364, 0.64685, -2.41491], "uv": [153, 15]},
						{"origin": [1.5598, 27.03, 0.2557], "size": [0.375, 0.5, 1.4], "pivot": [1.69727, 27.02996, 0.65573], "rotation": [-165.01364, 0.64685, -2.41491], "uv": [153, 15]}
					]
				},
				{
					"name": "bone77",
					"parent": "LeftArm",
					"pivot": [3.0125, 27.74747, 2.2417],
					"rotation": [-17.5, 0, 0],
					"cubes": [
						{"origin": [1.075, 25.9975, 3.0417], "size": [0.275, 1, 1.4], "pivot": [3.0125, 27.74747, 2.2417], "rotation": [-165.48918, -3.84097, 14.51082], "uv": [138, 15]},
						{"origin": [1.6598, 28.52996, 0.2557], "size": [0.275, 1, 1.4], "pivot": [1.69727, 29.02996, 0.65573], "rotation": [-165.01364, 0.64685, -2.41491], "uv": [153, 15]},
						{"origin": [1.5598, 29.03, 0.2557], "size": [0.375, 0.5, 1.4], "pivot": [1.69727, 29.02996, 0.65573], "rotation": [-165.01364, 0.64685, -2.41491], "uv": [153, 15]}
					]
				}
			]
		}
	]
}