{
	"format_version": "1.12.0",
	"minecraft:geometry": [
		{
			"description": {
				"identifier": "geometry.unknown",
				"texture_width": 32,
				"texture_height": 32,
				"visible_bounds_width": 2,
				"visible_bounds_height": 1.5,
				"visible_bounds_offset": [0, 0.25, 0]
			},
			"bones": [
				{
					"name": "bullet",
					"pivot": [0, 0, 3.5],
					"rotation": [90, 0, 0]
				},
				{
					"name": "head",
					"parent": "bullet",
					"pivot": [0, 3.375, 3.375],
					"cubes": [
						{
							"origin": [-0.375, 4.25, 3],
							"size": [0.75, 0.5, 0.75],
							"pivot": [0, 4.25, 3.375],
							"rotation": [0, -90, 0],
							"uv": {
								"north": {"uv": [14.90909, 0], "uv_size": [1.24242, 0.01515]},
								"east": {"uv": [14.90909, 0.15152], "uv_size": [1.24242, 0.01515]},
								"south": {"uv": [16.15152, 0.06061], "uv_size": [1.24242, 0.01515]},
								"west": {"uv": [16.15152, 0.21212], "uv_size": [1.24242, 0.01515]},
								"up": {"uv": [12.42424, 0.15152], "uv_size": [1.24242, 0.0303]}
							}
						},
						{
							"origin": [-0.35355, 2.5, 2.49112],
							"size": [0.7071, 1.75, 1.76776],
							"pivot": [0, 3.25, 3.375],
							"rotation": [-180, -45, 180],
							"uv": {
								"north": {"uv": [0, 0.33333], "uv_size": [0.62121, 0.06061]},
								"east": {"uv": [0, 0], "uv_size": [2.48485, 0.06061]},
								"south": {"uv": [13.66667, 0.06061], "uv_size": [0.62121, 0.06061]},
								"west": {"uv": [0, 0.09091], "uv_size": [2.48485, 0.06061]},
								"up": {"uv": [6.21212, 0.33333], "uv_size": [0.62121, 0.06061]},
								"down": {"uv": [8.69697, 0.39394], "uv_size": [0.62121, -0.06061]}
							}
						},
						{
							"origin": [-0.35355, 2.5, 2.49112],
							"size": [0.7071, 1.75, 1.76776],
							"pivot": [0, 3.25, 3.375],
							"rotation": [0, -45, 0],
							"uv": {
								"north": {"uv": [13.66667, 0.21212], "uv_size": [0.62121, 0.06061]},
								"east": {"uv": [3.72727, 0], "uv_size": [2.48485, 0.06061]},
								"south": {"uv": [11.18182, 0.33333], "uv_size": [0.62121, 0.06061]},
								"west": {"uv": [3.72727, 0.09091], "uv_size": [2.48485, 0.06061]},
								"up": {"uv": [13.66667, 0.30303], "uv_size": [0.62121, 0.06061]},
								"down": {"uv": [2.48485, 0.42424], "uv_size": [0.62121, -0.06061]}
							}
						},
						{
							"origin": [-0.875, 2.5, 3],
							"size": [1.75, 1.75, 0.75],
							"uv": {
								"north": {"uv": [0, 0.18182], "uv_size": [2.48485, 0.06061]},
								"east": {"uv": [7.45455, 0.18182], "uv_size": [1.24242, 0.06061]},
								"south": {"uv": [7.45455, 0], "uv_size": [2.48485, 0.06061]},
								"west": {"uv": [9.93939, 0.18182], "uv_size": [1.24242, 0.06061]},
								"up": {"uv": [0, 0.27273], "uv_size": [2.48485, 0.0303]},
								"down": {"uv": [11.18182, 0.0303], "uv_size": [2.48485, -0.0303]}
							}
						},
						{
							"origin": [-0.7955, 3.55806, 3],
							"size": [0.4205, 0.70711, 0.75],
							"pivot": [0, 4, 3.375],
							"rotation": [0, 0, 45],
							"uv": {
								"north": {"uv": [12.42424, 0.45455], "uv_size": [0.62121, 0.01515]},
								"east": {"uv": [16.15152, 0.27273], "uv_size": [1.24242, 0.01515]},
								"south": {"uv": [18.63636, 0.30303], "uv_size": [0.62121, 0.01515]},
								"west": {"uv": [13.66667, 0.39394], "uv_size": [1.24242, 0.01515]},
								"up": {"uv": [16.15152, 0.33333], "uv_size": [0.62121, 0.0303]}
							}
						},
						{
							"origin": [0.375, 3.55806, 3],
							"size": [0.4205, 0.70711, 0.75],
							"pivot": [0, 4, 3.375],
							"rotation": [0, 0, -45],
							"uv": {
								"north": {"uv": [14.90909, 0.45455], "uv_size": [0.62121, 0.01515]},
								"east": {"uv": [16.15152, 0.39394], "uv_size": [1.24242, 0.01515]},
								"south": {"uv": [18.63636, 0.36364], "uv_size": [0.62121, 0.01515]},
								"west": {"uv": [0, 0.42424], "uv_size": [1.24242, 0.01515]},
								"up": {"uv": [17.39394, 0], "uv_size": [0.62121, 0.0303]}
							}
						},
						{
							"origin": [0.375, 3.55806, 3],
							"size": [0.4205, 0.70711, 0.75],
							"pivot": [0, 4, 3.375],
							"rotation": [90, -45, -90],
							"uv": {
								"north": {"uv": [17.39394, 0.45455], "uv_size": [0.62121, 0.01515]},
								"east": {"uv": [4.9697, 0.42424], "uv_size": [1.24242, 0.01515]},
								"south": {"uv": [0, 0.48485], "uv_size": [0.62121, 0.01515]},
								"west": {"uv": [17.39394, 0.12121], "uv_size": [1.24242, 0.01515]},
								"up": {"uv": [7.45455, 0.42424], "uv_size": [0.62121, 0.0303]},
								"down": {"uv": [9.93939, 0.45455], "uv_size": [0.62121, -0.0303]}
							}
						},
						{
							"origin": [-0.7955, 3.55806, 3],
							"size": [0.4205, 0.70711, 0.75],
							"pivot": [0, 4, 3.375],
							"rotation": [-90, -45, 90],
							"uv": {
								"north": {"uv": [19.87879, 0], "uv_size": [0.62121, 0.01515]},
								"east": {"uv": [2.48485, 0.45455], "uv_size": [1.24242, 0.01515]},
								"south": {"uv": [4.9697, 0.48485], "uv_size": [0.62121, 0.01515]},
								"west": {"uv": [18.63636, 0.06061], "uv_size": [1.24242, 0.01515]},
								"up": {"uv": [18.63636, 0.18182], "uv_size": [0.62121, 0.0303]},
								"down": {"uv": [18.63636, 0.27273], "uv_size": [0.62121, -0.0303]}
							}
						},
						{
							"origin": [-0.875, 2.5, 3],
							"size": [1.75, 1.75, 0.75],
							"pivot": [0, 4.25, 3.375],
							"rotation": [0, -90, 0],
							"uv": {
								"north": {"uv": [3.72727, 0.18182], "uv_size": [2.48485, 0.06061]},
								"east": {"uv": [11.18182, 0.06061], "uv_size": [1.24242, 0.06061]},
								"south": {"uv": [7.45455, 0.09091], "uv_size": [2.48485, 0.06061]},
								"west": {"uv": [3.72727, 0.27273], "uv_size": [1.24242, 0.06061]},
								"up": {"uv": [6.21212, 0.27273], "uv_size": [2.48485, 0.0303]},
								"down": {"uv": [9.93939, 0.30303], "uv_size": [2.48485, -0.0303]}
							}
						}
					]
				}
			]
		}
	]
}