{
	"format_version": "1.12.0",
	"minecraft:geometry": [
		{
			"description": {
				"identifier": "geometry.unknown",
				"texture_width": 256,
				"texture_height": 256,
				"visible_bounds_width": 13,
				"visible_bounds_height": 9,
				"visible_bounds_offset": [0, 3.5, 0]
			},
			"bones": [
				{
					"name": "TSB",
					"pivot": [28, 42, 18],
					"cubes": [
						{"origin": [24, 42, 17], "size": [5, 5, 1], "uv": [149, 112]}
					]
				},
				{
					"name": "Root",
					"pivot": [0, 28, 16],
					"cubes": [
						{"origin": [-3, 29, 9], "size": [6, 20, 5], "pivot": [0, 28, 9], "rotation": [-15, 0, 0], "uv": [0, 0]},
						{"origin": [-3, 29, 8], "size": [6, 9, 5], "pivot": [0, 28, 9], "rotation": [-15, 0, 0], "uv": [0, 4]},
						{"origin": [-2, 40, 7], "size": [4, 6, 3], "pivot": [0, 28, 9], "rotation": [-15, 0, 0], "uv": [29, 11]},
						{"origin": [-1.5, 43.3, 7], "size": [3, 3, 3], "pivot": [0, 28, 9], "rotation": [-15, 0, 0], "uv": [197, 18]},
						{"origin": [-2, 40, 6.5], "size": [4, 6, 0.5], "pivot": [0, 28, 9], "rotation": [-15, 0, 0], "uv": [191, 15]},
						{"origin": [-7, 28, 13], "size": [14, 5, 25], "uv": [16, 16]},
						{"origin": [-10, 30, 37], "size": [20, 5, 15], "pivot": [0, 30.5, 40.5], "rotation": [35, 0, 0], "uv": [20, 26]},
						{"origin": [-10, 36.6, 35], "size": [20, 9, 15], "uv": [20, 26]},
						{"origin": [-9, 41.6, 35.1], "size": [18, 9, 15], "uv": [22, 26]},
						{"origin": [7, 44.6, 35], "size": [5, 8, 15], "pivot": [9.5, 48.6, 42.6], "rotation": [0, 0, -32.5], "uv": [35, 26]},
						{"origin": [4.5, 45.4, 35.1], "size": [5, 8, 15], "uv": [35, 26]},
						{"origin": [3.5, 45.4, 48.1], "size": [5, 4, 5], "uv": [112, 18]},
						{"origin": [-8.5, 45.4, 48.1], "size": [5, 4, 5], "uv": [112, 18]},
						{"origin": [-10, 33.6, 35.1], "size": [20, 5, 10], "uv": [25, 31]},
						{"origin": [-3, 49.3307, 25.0794], "size": [6, 10, 5], "pivot": [0, 56.33073, 19.17939], "rotation": [-70, 0, 0], "uv": [0, 0]},
						{"origin": [-3, 51.3307, 33.7794], "size": [6, 13, 5], "pivot": [0, 56.33073, 29.17939], "rotation": [-90, 0, 0], "uv": [78, 5]},
						{"origin": [-3, 46.73072, 34.17936], "size": [6, 7, 5], "pivot": [0, 50.23072, 36.67936], "rotation": [-75, 0, 0], "uv": [202, 24]},
						{"origin": [-8.2, 27.97814, 13.76182], "size": [6, 20, 5], "pivot": [-6, 37.97814, 14.26182], "rotation": [-17.62528, 31.26463, -9.36302], "uv": [25, 9]},
						{"origin": [-11.2, 27.6981, 13.8618], "size": [6, 20, 5], "pivot": [-6, 37.97814, 14.26182], "rotation": [-8.08157, 34.63139, 8.08157], "uv": [25, 9]},
						{"origin": [7, 28, 18], "size": [6, 20, 20], "pivot": [10, 28, 18], "rotation": [0, 0, -12.5], "uv": [18, 12]},
						{"origin": [-13, 28, 18], "size": [6, 20, 20], "pivot": [-10, 28, 18], "rotation": [0, 0, 12.5], "uv": [18, 12], "mirror": true},
						{"origin": [-13.1, 40, 31], "size": [1, 1, 1], "pivot": [-10, 28, 28], "rotation": [0, 0, 12.5], "uv": [129, 26], "mirror": true},
						{"origin": [-13.1, 44, 31], "size": [1, 1, 1], "pivot": [-10, 28, 28], "rotation": [0, 0, 12.5], "uv": [129, 26], "mirror": true},
						{"origin": [-27.2, 54, 23], "size": [6, 7, 15], "pivot": [-23, 35, 18], "rotation": [0, 0, 60], "uv": [23, 17], "mirror": true},
						{"origin": [-10.8356, 26.76296, 17.1], "size": [6, 20, 4], "pivot": [-7.8356, 37.76296, 28], "rotation": [-6, 0, 12.5], "uv": [34, 28], "mirror": true},
						{"origin": [5.2, 27.6981, 13.8618], "size": [6, 20, 5], "pivot": [6, 37.97814, 14.26182], "rotation": [-8.08157, -34.63139, -8.08157], "uv": [25, 9], "mirror": true},
						{"origin": [2.2, 27.97814, 13.76182], "size": [6, 20, 5], "pivot": [6, 37.97814, 14.26182], "rotation": [-17.62528, -31.26463, 9.36302], "uv": [25, 9], "mirror": true},
						{"origin": [-0.86803, 41.7617, 22.2202], "size": [6, 6, 5], "pivot": [5.13197, 48.36171, 24.02024], "rotation": [-77.62528, -31.26463, 9.36302], "uv": [25, 9], "mirror": true},
						{"origin": [2.532, 42.3617, 22.1202], "size": [6, 6, 5], "pivot": [5.13197, 48.36171, 24.02024], "rotation": [-79.44415, 0.62392, 15.97544], "uv": [25, 9], "mirror": true},
						{"origin": [4.8356, 26.76296, 17.1], "size": [6, 20, 4], "pivot": [7.8356, 37.76296, 28], "rotation": [-6, 0, -12.5], "uv": [34, 28]},
						{"origin": [21.2, 54, 23], "size": [6, 7, 15], "pivot": [23, 35, 18], "rotation": [0, 0, -60], "uv": [23, 17]},
						{"origin": [-8.532, 42.3617, 22.1202], "size": [6, 6, 5], "pivot": [-5.13197, 48.36171, 24.02024], "rotation": [-79.44415, -0.62392, -15.97544], "uv": [25, 9]},
						{"origin": [-5.13197, 41.7617, 22.2202], "size": [6, 6, 5], "pivot": [-5.13197, 48.36171, 24.02024], "rotation": [-77.62528, 31.26463, -9.36302], "uv": [25, 9]},
						{"origin": [-12, 44.6, 35], "size": [5, 8, 15], "pivot": [-9.5, 48.6, 42.6], "rotation": [0, 0, 32.5], "uv": [35, 26], "mirror": true},
						{
							"origin": [-14, 47.6, 41.1],
							"size": [6, 5, 8],
							"uv": {
								"north": {"uv": [48, 37], "uv_size": [-6, 5]},
								"east": {"uv": [56, 37], "uv_size": [-8, 5]},
								"south": {"uv": [14, 60], "uv_size": [-6, 5]},
								"west": {"uv": [42, 37], "uv_size": [-8, 5]},
								"up": {"uv": [48, 29], "uv_size": [-6, 8]},
								"down": {"uv": [54, 37], "uv_size": [-6, -8]}
							}
						},
						{"origin": [-9.5, 45.4, 35.1], "size": [5, 8, 15], "uv": [35, 26], "mirror": true},
						{"origin": [8, 47.6, 41.1], "size": [6, 5, 8], "uv": [52, 23]},
						{
							"origin": [10.1, 47.6, 41.1],
							"size": [4, 4, 4],
							"uv": {
								"north": {"uv": [101, 111], "uv_size": [5, 5]},
								"east": {"uv": [96, 111], "uv_size": [5, 5]},
								"south": {"uv": [111, 111], "uv_size": [5, 5]},
								"west": {"uv": [0, 109], "uv_size": [41, 40]},
								"up": {"uv": [101, 106], "uv_size": [5, 5]},
								"down": {"uv": [106, 111], "uv_size": [5, -5]}
							}
						},
						{
							"origin": [-14.1, 47.6, 41.1],
							"size": [4, 4, 4],
							"uv": {
								"north": {"uv": [106, 111], "uv_size": [-5, 5]},
								"east": {"uv": [41, 109], "uv_size": [-41, 40]},
								"south": {"uv": [116, 111], "uv_size": [-5, 5]},
								"west": {"uv": [101, 111], "uv_size": [-5, 5]},
								"up": {"uv": [106, 106], "uv_size": [-5, 5]},
								"down": {"uv": [111, 111], "uv_size": [-5, -5]}
							}
						},
						{"origin": [12.1, 44, 31], "size": [1, 1, 1], "pivot": [10, 28, 28], "rotation": [0, 0, -12.5], "uv": [129, 26]},
						{"origin": [12.1, 40, 31], "size": [1, 1, 1], "pivot": [10, 28, 28], "rotation": [0, 0, -12.5], "uv": [129, 26]}
					]
				},
				{
					"name": "bone31",
					"parent": "Root",
					"pivot": [5, 35, 49],
					"cubes": [
						{"origin": [-4.03216, 39.21109, 49], "size": [8, 3.2, 3], "pivot": [-0.03216, 40.81109, 56.5], "rotation": [0, 0, -90], "uv": [58, 30], "mirror": true},
						{"origin": [-4.03216, 39.21109, 49], "size": [8, 3.2, 3], "pivot": [-0.03216, 40.81109, 56.5], "rotation": [0, 0, -45], "uv": [58, 30], "mirror": true},
						{"origin": [2.96784, 39.21109, 50], "size": [1, 3.2, 3], "pivot": [-0.03216, 40.81109, 56.5], "rotation": [0, 0, -45], "uv": [65, 30], "mirror": true},
						{"origin": [-4.03216, 39.21109, 50], "size": [1, 3.2, 3], "pivot": [-0.03216, 40.81109, 56.5], "rotation": [0, 0, -45], "uv": [65, 30], "mirror": true},
						{"origin": [-4.03216, 39.21109, 49], "size": [8, 3.2, 3], "uv": [58, 30], "mirror": true},
						{"origin": [-4.03216, 39.21109, 49], "size": [8, 3.2, 3], "pivot": [-0.03216, 40.81109, 56.5], "rotation": [0, 0, -135], "uv": [58, 30], "mirror": true},
						{"origin": [2.96784, 39.21109, 50], "size": [1, 3.2, 3], "pivot": [-0.03216, 40.81109, 56.5], "rotation": [0, 0, -135], "uv": [65, 30], "mirror": true},
						{"origin": [-4.03216, 40.21109, 53], "size": [8, 1.2, 1], "pivot": [-0.03216, 40.81109, 56.5], "rotation": [0, 0, -135], "uv": [60, 32], "mirror": true},
						{"origin": [-4.03216, 40.21109, 53], "size": [8, 1.2, 1], "pivot": [-0.03216, 40.81109, 56.5], "rotation": [0, 0, 135], "uv": [60, 32], "mirror": true},
						{"origin": [-4.03216, 39.21109, 50], "size": [1, 3.2, 3], "pivot": [-0.03216, 40.81109, 56.5], "rotation": [0, 0, -135], "uv": [65, 30], "mirror": true}
					]
				},
				{
					"name": "bone33",
					"parent": "bone31",
					"pivot": [-0.0322, 41.0111, 54.5],
					"cubes": [
						{"origin": [-0.5322, 40.5111, 53], "size": [1, 1, 3], "uv": [243, 7], "mirror": true},
						{"origin": [-0.5322, 40.5111, 53], "size": [1, 1, 3], "pivot": [-0.0322, 41.0111, 54.5], "rotation": [0, 90, 0], "uv": [243, 7], "mirror": true},
						{"origin": [-0.5322, 40.5111, 53], "size": [1, 1, 3], "pivot": [-0.0322, 41.0111, 54.5], "rotation": [0, -45, 0], "uv": [243, 7], "mirror": true},
						{"origin": [-0.5322, 40.5111, 53], "size": [1, 1, 3], "pivot": [-0.0322, 41.0111, 54.5], "rotation": [0, -135, 0], "uv": [243, 7], "mirror": true}
					]
				},
				{
					"name": "bone34",
					"parent": "bone31",
					"pivot": [-0.0322, 41.0111, 54.5],
					"rotation": [-90, 0, 0],
					"cubes": [
						{"origin": [-0.5322, 40.5111, 53], "size": [1, 1, 3], "uv": [243, 7], "mirror": true},
						{"origin": [-0.5322, 40.5111, 53], "size": [1, 1, 3], "pivot": [-0.0322, 41.0111, 54.5], "rotation": [0, 90, 0], "uv": [243, 7], "mirror": true},
						{"origin": [-0.5322, 40.5111, 53], "size": [1, 1, 3], "pivot": [-0.0322, 41.0111, 54.5], "rotation": [0, -45, 0], "uv": [243, 7], "mirror": true},
						{"origin": [-0.5322, 40.5111, 53], "size": [1, 1, 3], "pivot": [-0.0322, 41.0111, 54.5], "rotation": [0, -135, 0], "uv": [243, 7], "mirror": true}
					]
				},
				{
					"name": "bone35",
					"parent": "bone31",
					"pivot": [-0.0322, 41.0111, 54.5],
					"rotation": [-45, 0, 0],
					"cubes": [
						{"origin": [-0.5322, 40.5111, 53], "size": [1, 1, 3], "uv": [243, 7], "mirror": true},
						{"origin": [-0.5322, 40.5111, 53], "size": [1, 1, 3], "pivot": [-0.0322, 41.0111, 54.5], "rotation": [0, 90, 0], "uv": [243, 7], "mirror": true},
						{"origin": [-0.5322, 40.5111, 53], "size": [1, 1, 3], "pivot": [-0.0322, 41.0111, 54.5], "rotation": [0, -45, 0], "uv": [243, 7], "mirror": true},
						{"origin": [-0.5322, 40.5111, 53], "size": [1, 1, 3], "pivot": [-0.0322, 41.0111, 54.5], "rotation": [0, -135, 0], "uv": [243, 7], "mirror": true}
					]
				},
				{
					"name": "bone36",
					"parent": "bone31",
					"pivot": [-0.0322, 41.0111, 54.5],
					"rotation": [-135, 0, 0],
					"cubes": [
						{"origin": [-0.5322, 40.5111, 53], "size": [1, 1, 3], "uv": [243, 7], "mirror": true},
						{"origin": [-0.5322, 40.5111, 53], "size": [1, 1, 3], "pivot": [-0.0322, 41.0111, 54.5], "rotation": [0, 90, 0], "uv": [243, 7], "mirror": true},
						{"origin": [-0.5322, 40.5111, 53], "size": [1, 1, 3], "pivot": [-0.0322, 41.0111, 54.5], "rotation": [0, -45, 0], "uv": [243, 7], "mirror": true},
						{"origin": [-0.5322, 40.5111, 53], "size": [1, 1, 3], "pivot": [-0.0322, 41.0111, 54.5], "rotation": [0, -135, 0], "uv": [243, 7], "mirror": true}
					]
				},
				{
					"name": "bone10",
					"parent": "Root",
					"pivot": [7.5, 56.4, 49.6],
					"cubes": [
						{"origin": [6.5, 55.4, 47.1], "size": [2, 2, 5], "pivot": [7.5, 56.4, 49.6], "rotation": [-27.5, -35, 0], "uv": [48, 36]},
						{"origin": [4.5, 55.4, 47.1], "size": [2, 2, 5], "pivot": [7.5, 56.4, 49.6], "rotation": [-27.5, -35, 0], "uv": [48, 36]},
						{"origin": [5.5, 53.4, 47.1], "size": [2, 3, 2], "uv": [51, 39]},
						{"origin": [4.5, 55.4, 46.6], "size": [2, 2, 0.5], "pivot": [7.5, 56.4, 49.6], "rotation": [-27.5, -35, 0], "uv": [201, 24]},
						{"origin": [6.5, 55.4, 46.6], "size": [2, 2, 0.5], "pivot": [7.5, 56.4, 49.6], "rotation": [-27.5, -35, 0], "uv": [201, 24]}
					]
				},
				{
					"name": "PassengerLocator",
					"parent": "Root",
					"pivot": [9.42647, 38.05357, 39.01346]
				},
				{
					"name": "bone30",
					"parent": "Root",
					"pivot": [-6, 37.97814, 14.26182],
					"cubes": [
						{"origin": [-9.2, 32.97814, 13.6618], "size": [7, 5, 1], "pivot": [-6, 37.97814, 14.26182], "rotation": [-11.43393, 33.78309, 2.12237], "uv": [127, 21]},
						{"origin": [-4.2, 36.4781, 13.5618], "size": [2, 1, 1], "pivot": [-6, 37.97814, 14.26182], "rotation": [-4.61113, 35.18468, 14.14214], "uv": [216, 73]},
						{"origin": [-3.5, 35.4781, 13.5618], "size": [1.5, 1, 1], "pivot": [-6, 37.97814, 14.26182], "rotation": [-4.61113, 35.18468, 14.14214], "uv": [217, 73]},
						{"origin": [-6.7, 35.4781, 13.5618], "size": [1.5, 2, 1], "pivot": [-6, 37.97814, 14.26182], "rotation": [-11.43393, 33.78309, 2.12237], "uv": [217, 73]},
						{"origin": [-9.6, 35.4781, 13.5618], "size": [2, 2, 1], "pivot": [-6, 37.97814, 14.26182], "rotation": [-11.43393, 33.78309, 2.12237], "uv": [217, 73]},
						{"origin": [-10.6, 35.4781, 13.5618], "size": [1, 2, 1], "pivot": [-6, 37.97814, 14.26182], "rotation": [-11.43393, 33.78309, 2.12237], "uv": [191, 28]},
						{"origin": [-8.6, 33.4781, 13.5618], "size": [1.5, 1, 1], "pivot": [-6, 37.97814, 14.26182], "rotation": [-11.43393, 33.78309, 2.12237], "uv": [218, 73]},
						{"origin": [-6.6, 33.4781, 13.5618], "size": [1.5, 1, 1], "pivot": [-6, 37.97814, 14.26182], "rotation": [-11.43393, 33.78309, 2.12237], "uv": [218, 73]},
						{"origin": [-4.6, 33.4781, 13.5618], "size": [1.5, 1, 1], "pivot": [-6, 37.97814, 14.26182], "rotation": [-11.43393, 33.78309, 2.12237], "uv": [218, 73]},
						{"origin": [-3.2, 32.2781, 13.6618], "size": [1, 5, 1], "pivot": [-6, 37.97814, 14.26182], "rotation": [-17.62528, 31.26463, -9.36302], "uv": [133, 21]},
						{"origin": [-10.2, 33.7781, 13.6618], "size": [1, 5, 1], "pivot": [-6, 37.97814, 14.26182], "rotation": [-19.04419, 30.47804, -12.12787], "uv": [133, 21]},
						{"origin": [-11.2, 34.7781, 13.6618], "size": [2, 5, 1], "pivot": [-6, 37.97814, 14.26182], "rotation": [-27.31343, 23.52638, -30.18813], "uv": [132, 21]}
					]
				},
				{
					"name": "bone11",
					"parent": "Root",
					"pivot": [0.03216, 42.81109, -6.5],
					"rotation": [90, 0, 0],
					"cubes": [
						{"origin": [-3.96783, 33.81109, -8], "size": [8, 2, 0.65], "pivot": [0.03217, 34.81109, -7.675], "rotation": [0, 0, 90], "uv": [37, 33]},
						{"origin": [-3.96782, 25.31109, -8.3], "size": [8, 3, 1.25], "pivot": [0.03218, 26.81109, -7.675], "rotation": [0, 0, 90], "uv": [38, 34]},
						{"origin": [-3.96782, 25.31109, -8.3], "size": [8, 3, 1.25], "pivot": [0.03218, 26.81109, -7.675], "rotation": [-45, 0, 90], "uv": [38, 34]},
						{"origin": [-3.96782, 25.31109, -8.3], "size": [8, 3, 1.25], "pivot": [0.03218, 26.81109, -7.675], "rotation": [-90, 0, 90], "uv": [38, 34]},
						{"origin": [0.03218, 23.8111, -8.4], "size": [4, 4, 1.45], "pivot": [0.03218, 25.81109, -7.675], "rotation": [-90, 0, 90], "uv": [42, 34]},
						{"origin": [0.03218, 23.8111, -8.5], "size": [4, 4, 1.65], "pivot": [0.03218, 25.81109, -7.675], "rotation": [-45, 0, 90], "uv": [42, 34]},
						{"origin": [0.03218, 23.8111, -8.5], "size": [4, 4, 1.65], "pivot": [0.03218, 25.81109, -7.675], "rotation": [-135, 0, 90], "uv": [42, 34]},
						{"origin": [0.03218, 23.8111, -8.5], "size": [4, 4, 1.65], "pivot": [0.03218, 25.81109, -7.675], "rotation": [0, 0, 90], "uv": [42, 34]},
						{"origin": [-3.96782, 25.31109, -8.3], "size": [8, 3, 1.25], "pivot": [0.03218, 26.81109, -7.675], "rotation": [-135, 0, 90], "uv": [38, 34]}
					]
				},
				{
					"name": "bone27",
					"parent": "bone11",
					"pivot": [0.03217, 34.81109, -7.675],
					"cubes": [
						{"origin": [-3.96783, 33.81109, -8], "size": [8, 2, 0.65], "pivot": [0.03217, 34.81109, -7.675], "rotation": [-45, 0, 90], "uv": [37, 33]},
						{"origin": [-3.96783, 33.81109, -8], "size": [8, 2, 0.65], "pivot": [0.03217, 34.81109, -7.675], "rotation": [-135, 0, 90], "uv": [37, 33]},
						{"origin": [-3.96783, 33.81109, -8], "size": [8, 2, 0.65], "pivot": [0.03217, 34.81109, -7.675], "rotation": [-90, 0, 90], "uv": [37, 33]},
						{"origin": [-4.0678, 34.2111, -8.2], "size": [8, 1.05, 1.05], "pivot": [0.03217, 34.81109, -7.675], "rotation": [-90, 0, 90], "uv": [126, 15]}
					]
				},
				{
					"name": "yinyang",
					"parent": "Root",
					"pivot": [0.03216, 52.81109, 42],
					"rotation": [-90, 0, 0],
					"cubes": [
						{"origin": [-3.96784, 51.21109, 35], "size": [8, 3.2, 9], "pivot": [0.03216, 52.81109, 39.5], "rotation": [0, 0, 90], "uv": [27, 23]},
						{"origin": [4.03216, 51.21109, 35], "size": [1, 3.2, 9], "pivot": [0.03216, 52.81109, 39.5], "rotation": [0, 0, 90], "uv": [176, 15]},
						{"origin": [-3.96784, 51.21109, 35], "size": [8, 3.2, 9], "pivot": [0.03216, 52.81109, 39.5], "rotation": [0, 0, 45], "uv": [27, 23]},
						{"origin": [-4.96784, 51.21109, 35], "size": [1, 3.2, 2], "pivot": [0.03216, 52.81109, 39.5], "rotation": [0, 0, 45], "uv": [190, 21]},
						{"origin": [-3.96784, 51.21109, 35], "size": [8, 3.2, 9], "uv": [27, 23]},
						{"origin": [5.03216, 51.21109, 41], "size": [3, 3.2, 1], "uv": [184, 26]},
						{"origin": [-3.96784, 51.21109, 35], "size": [8, 3.2, 9], "pivot": [0.03216, 52.81109, 39.5], "rotation": [0, 0, 135], "uv": [27, 23]},
						{"origin": [8.53216, 53.21109, 28], "size": [0.5, 0.5, 7], "pivot": [5.03216, 54.81109, 39.5], "rotation": [0, 0, 135], "uv": [37, 25]},
						{"origin": [6.53216, 52.21109, 30], "size": [0.5, 0.5, 5], "pivot": [3.03216, 53.81109, 39.5], "rotation": [0, 0, 135], "uv": [39, 27]}
					]
				},
				{
					"name": "bone4",
					"parent": "yinyang",
					"pivot": [0.03216, 52.81109, 38.5],
					"cubes": [
						{"origin": [-3.96783, 43.81109, 37], "size": [8, 2, 0.65], "pivot": [0.03217, 44.81109, 37.325], "rotation": [0, 0, 90], "uv": [37, 33]},
						{"origin": [-3.96783, 43.81109, 37], "size": [8, 2, 0.65], "pivot": [0.03217, 44.81109, 37.325], "rotation": [-45, 0, 90], "uv": [37, 33]},
						{"origin": [-3.96783, 43.81109, 37], "size": [8, 2, 0.65], "pivot": [0.03217, 44.81109, 37.325], "rotation": [-90, 0, 90], "uv": [37, 33]},
						{"origin": [-3.96783, 43.81109, 37], "size": [8, 2, 0.65], "pivot": [0.03217, 44.81109, 37.325], "rotation": [-135, 0, 90], "uv": [37, 33]}
					]
				},
				{
					"name": "bone21",
					"parent": "Root",
					"pivot": [0, 28, 16]
				},
				{
					"name": "bone25",
					"parent": "bone21",
					"pivot": [0.03216, 11.81109, 28],
					"rotation": [-90, 0, 0],
					"cubes": [
						{"origin": [-3.96784, 10.21109, 21], "size": [8, 3.2, 2], "pivot": [0.03216, 11.81109, 25.5], "rotation": [0, 0, 90], "uv": [196, 18]},
						{"origin": [-3.96784, 10.21109, 21], "size": [8, 3.2, 2], "pivot": [0.03216, 11.81109, 25.5], "rotation": [0, 0, 45], "uv": [196, 18]},
						{"origin": [-3.96784, 10.21109, 21], "size": [8, 3.2, 2], "uv": [196, 18]},
						{"origin": [-1.0678, 10.21109, 23], "size": [3.2, 3.2, 2.4], "uv": [201, 18]},
						{"origin": [-1.0678, 8.21109, 21.6], "size": [3.2, 3.2, 3], "pivot": [0.5322, 9.81109, 23.5], "rotation": [-45, 0, 0], "uv": [200, 17]},
						{"origin": [-1.0678, 11.3111, 21.5], "size": [3.2, 3.2, 3], "pivot": [0.5322, 12.81109, 23.5], "rotation": [-45, 0, 0], "uv": [200, 17]},
						{"origin": [-0.0678, 10.3111, 21.5], "size": [3.2, 3.2, 3], "pivot": [1.5322, 11.81109, 23.5], "rotation": [0, -45, 0], "uv": [200, 17]},
						{"origin": [-3.0678, 10.3111, 21.5], "size": [3.2, 3.2, 3], "pivot": [-1.4678, 11.81109, 23.5], "rotation": [0, -45, 0], "uv": [200, 17]},
						{"origin": [-3.96784, 10.21109, 21], "size": [8, 3.2, 2], "pivot": [0.03216, 11.81109, 25.5], "rotation": [0, 0, 135], "uv": [196, 18]}
					]
				},
				{
					"name": "bone28",
					"parent": "bone25",
					"pivot": [0.03217, 5.81109, 23.325],
					"rotation": [12.5, 0, 0],
					"cubes": [
						{"origin": [-3.96783, 4.81109, 23], "size": [8, 2, 0.65], "pivot": [0.03217, 5.81109, 23.325], "rotation": [-45, 0, 90], "uv": [132, 31]},
						{"origin": [-3.96783, 4.81109, 23], "size": [8, 2, 0.65], "pivot": [0.03217, 5.81109, 23.325], "rotation": [-135, 0, 90], "uv": [132, 31]},
						{"origin": [-3.96783, 4.81109, 23], "size": [8, 2, 0.65], "pivot": [0.03217, 5.81109, 23.325], "rotation": [0, 0, 90], "uv": [132, 31]},
						{"origin": [-3.96783, 4.81109, 23], "size": [8, 2, 0.65], "pivot": [0.03217, 5.81109, 23.325], "rotation": [-90, 0, 90], "uv": [132, 31]}
					]
				},
				{
					"name": "bone6",
					"parent": "Root",
					"pivot": [0.03216, 20.81109, 28],
					"rotation": [-90, 0, 0],
					"cubes": [
						{"origin": [-3.96784, 19.21109, 21], "size": [8, 3.2, 9], "pivot": [0.03216, 20.81109, 25.5], "rotation": [0, 0, 90], "uv": [27, 23]},
						{"origin": [-3.96784, 19.21109, 21], "size": [8, 3.2, 9], "pivot": [0.03216, 20.81109, 25.5], "rotation": [0, 0, 45], "uv": [27, 23]},
						{"origin": [-3.96784, 19.21109, 21], "size": [8, 3.2, 9], "uv": [27, 23]},
						{"origin": [-3.96784, 19.21109, 21], "size": [8, 3.2, 9], "pivot": [0.03216, 20.81109, 25.5], "rotation": [0, 0, 135], "uv": [27, 23]}
					]
				},
				{
					"name": "minigun",
					"parent": "Root",
					"pivot": [8.5, 48.6, 45.6],
					"cubes": [
						{"origin": [5.5, 53.4, 38.1], "size": [3, 1, 1.2], "uv": [51, 40]},
						{"origin": [6.4, 53.4, 38.1], "size": [1.2, 1.4, 1.2], "uv": [53, 40]},
						{"origin": [6.4, 53.46069, 38.74218], "size": [1.2, 1, 1.1], "pivot": [7, 54.21069, 39.29218], "rotation": [65, 0, 0], "uv": [54, 41]},
						{"origin": [6.4, 54.2607, 36.3822], "size": [1.2, 1, 1.1], "pivot": [7, 54.21069, 37.29218], "rotation": [65, 180, 0], "uv": [199, 27]},
						{"origin": [7, 53.8207, 37.55022], "size": [1.2, 1, 1.1], "pivot": [8, 54.21069, 38.29218], "rotation": [65, 90, 0], "uv": [54, 41]},
						{"origin": [4.8, 53.8207, 38.55022], "size": [1.2, 1, 1.1], "pivot": [6, 54.21069, 39.29218], "rotation": [65, -90, 0], "uv": [54, 41]},
						{"origin": [5.5, 53.4, 38.1], "size": [3, 1, 1.2], "pivot": [7, 53.9, 38.7], "rotation": [0, -45, 0], "uv": [51, 40]},
						{"origin": [5.5, 53.4, 38.1], "size": [3, 1, 1.2], "pivot": [7, 53.9, 38.7], "rotation": [0, -90, 0], "uv": [51, 40]},
						{"origin": [5.5, 53.8, 36.6], "size": [3, 0.2, 0.2], "pivot": [7, 53.9, 36.7], "rotation": [0, -90, 0], "uv": [52, 41]},
						{"origin": [5.5, 53.4, 38.1], "size": [3, 1, 1.2], "pivot": [7, 53.9, 38.7], "rotation": [0, -135, 0], "uv": [51, 40]}
					]
				},
				{
					"name": "bone",
					"parent": "Root",
					"pivot": [10, 28, 28],
					"cubes": [
						{"origin": [11.03216, 32.21109, 28], "size": [8, 3.2, 20], "pivot": [15.03216, 33.81109, 35.5], "rotation": [0, 0, 90], "uv": [16, 12]},
						{"origin": [11.03216, 32.21109, 28], "size": [8, 3.2, 20], "pivot": [15.03216, 33.81109, 35.5], "rotation": [0, 0, 45], "uv": [16, 12]},
						{"origin": [11.03216, 32.21109, 28], "size": [8, 3.2, 20], "uv": [16, 12]},
						{"origin": [11.03216, 32.21109, 28], "size": [8, 3.2, 20], "pivot": [15.03216, 33.81109, 35.5], "rotation": [0, 0, 135], "uv": [16, 12]},
						{"origin": [10.9322, 32.21109, 37], "size": [8, 3.2, 1], "pivot": [15.03216, 33.81109, 44.5], "rotation": [0, 0, 135], "uv": [183, 21]},
						{"origin": [10.9322, 32.21109, 41], "size": [8, 3.2, 1], "pivot": [15.03216, 33.81109, 48.5], "rotation": [0, 0, 135], "uv": [183, 21]}
					]
				},
				{
					"name": "bone23",
					"parent": "bone",
					"pivot": [17.03216, 45.81109, 38.5],
					"rotation": [0, 0, 12.5],
					"cubes": [
						{"origin": [13.03217, 36.81109, 37], "size": [8, 2, 0.65], "pivot": [17.03217, 37.81109, 37.325], "rotation": [0, 0, 90], "uv": [129, 26]},
						{"origin": [13.03217, 36.81109, 37], "size": [8, 2, 0.65], "pivot": [17.03217, 37.81109, 37.325], "rotation": [-45, 0, 90], "uv": [129, 26]},
						{"origin": [13.03217, 36.81109, 37], "size": [8, 2, 0.65], "pivot": [17.03217, 37.81109, 37.325], "rotation": [-90, 0, 90], "uv": [129, 26]},
						{"origin": [13.03217, 36.81109, 37], "size": [8, 2, 0.65], "pivot": [17.03217, 37.81109, 37.325], "rotation": [-135, 0, 90], "uv": [129, 26]}
					]
				},
				{
					"name": "bone22",
					"parent": "bone",
					"pivot": [17.03216, 45.81109, 42.5],
					"rotation": [0, 0, 12.5],
					"cubes": [
						{"origin": [13.03217, 36.81109, 41], "size": [8, 2, 0.65], "pivot": [17.03217, 37.81109, 41.325], "rotation": [0, 0, 90], "uv": [129, 26]},
						{"origin": [13.03217, 36.81109, 41], "size": [8, 2, 0.65], "pivot": [17.03217, 37.81109, 41.325], "rotation": [-45, 0, 90], "uv": [129, 26]},
						{"origin": [13.03217, 36.81109, 41], "size": [8, 2, 0.65], "pivot": [17.03217, 37.81109, 41.325], "rotation": [-90, 0, 90], "uv": [129, 26]},
						{"origin": [13.03217, 36.81109, 41], "size": [8, 2, 0.65], "pivot": [17.03217, 37.81109, 41.325], "rotation": [-135, 0, 90], "uv": [129, 26]}
					]
				},
				{
					"name": "Rightleg",
					"parent": "Root",
					"pivot": [0, 28, 16]
				},
				{
					"name": "bone14",
					"parent": "Rightleg",
					"pivot": [-3, 19.96506, 37.83843],
					"rotation": [0, -132.5, 0],
					"cubes": [
						{"origin": [-15, 19, 29], "size": [4, 3, 11], "pivot": [-13, 19, 39], "rotation": [7.5, 0, 0], "uv": [3, 3], "mirror": true}
					]
				},
				{
					"name": "bone15",
					"parent": "bone14",
					"pivot": [-3, 18, 46],
					"cubes": [
						{"origin": [-15, 18, 16], "size": [4, 3, 14], "pivot": [-13, 18, 30], "rotation": [-25, 0, 0], "uv": [0, 0], "mirror": true},
						{"origin": [-14.5, 20, 29], "size": [3, 3, 11], "pivot": [-13, 19, 39], "rotation": [7.5, 0, 0], "uv": [132, 25], "mirror": true},
						{"origin": [-14.9, 24.25981, 17.27454], "size": [3.8, 3, 2], "pivot": [-13, 25.75981, 19.27454], "rotation": [-52.5, 0, 0], "uv": [211, 31], "mirror": true},
						{"origin": [-14.4, 19.68243, 17.9682], "size": [2.8, 6, 2], "pivot": [-13, 27.18243, 18.36824], "rotation": [-25, 0, 0], "uv": [212, 20], "mirror": true}
					]
				},
				{
					"name": "bone16",
					"parent": "bone15",
					"pivot": [-16, 18, 61]
				},
				{
					"name": "bone8",
					"parent": "bone16",
					"pivot": [-16, 18, 61],
					"cubes": [
						{"origin": [-15, 9, 16], "size": [4, 10, 4], "pivot": [-13, 18, 30], "rotation": [-25, 0, 0], "uv": [53, 44], "mirror": true},
						{"origin": [-13.3, 6, 15.9], "size": [0.6, 12, 4], "pivot": [-13, 18, 30], "rotation": [-25, 0, 0], "uv": [149, 21], "mirror": true},
						{"origin": [-15, 5, 16], "size": [4, 4, 2], "pivot": [-13, 18, 30], "rotation": [-25, 0, 0], "uv": [55, 46], "mirror": true},
						{"origin": [-15, 11.4247, 13.7692], "size": [4, 4.5, 2], "pivot": [-13, 13.52465, 14.5692], "rotation": [-52.5, 0, 0], "uv": [55, 46], "mirror": true}
					]
				},
				{
					"name": "bone18",
					"parent": "Rightleg",
					"pivot": [3, 19.96506, 37.83843],
					"rotation": [0, 132.5, 0]
				},
				{
					"name": "leftleg",
					"parent": "Root",
					"pivot": [0, 28, 16]
				},
				{
					"name": "bone12",
					"parent": "leftleg",
					"pivot": [3, 19.96506, 37.83843],
					"rotation": [0, 132.5, 0],
					"cubes": [
						{"origin": [11, 19, 29], "size": [4, 3, 11], "pivot": [13, 19, 39], "rotation": [7.5, 0, 0], "uv": [29, 27]},
						{"origin": [11.5, 20, 29], "size": [3, 3, 11], "pivot": [13, 19, 39], "rotation": [7.5, 0, 0], "uv": [132, 25]}
					]
				},
				{
					"name": "bone13",
					"parent": "bone12",
					"pivot": [3, 18, 46],
					"cubes": [
						{"origin": [11, 18, 16], "size": [4, 3, 14], "pivot": [13, 18, 30], "rotation": [-25, 0, 0], "uv": [26, 24]}
					]
				},
				{
					"name": "bone17",
					"parent": "bone13",
					"pivot": [16, 18, 61]
				},
				{
					"name": "bone9",
					"parent": "bone17",
					"pivot": [36, 18, 61],
					"cubes": [
						{"origin": [11, 9, 16], "size": [4, 10, 4], "pivot": [13, 18, 30], "rotation": [-25, 0, 0], "uv": [53, 44], "mirror": true},
						{"origin": [12.7, 6, 15.9], "size": [0.6, 12, 4], "pivot": [13, 18, 30], "rotation": [-25, 0, 0], "uv": [147, 16], "mirror": true},
						{"origin": [11, 5, 16], "size": [4, 4, 2], "pivot": [13, 18, 30], "rotation": [-25, 0, 0], "uv": [55, 46], "mirror": true},
						{"origin": [11, 11.4247, 13.7692], "size": [4, 4.5, 2], "pivot": [13, 13.52465, 14.5692], "rotation": [-52.5, 0, 0], "uv": [55, 46], "mirror": true}
					]
				},
				{
					"name": "bone20",
					"parent": "bone9",
					"pivot": [3, 18, 46],
					"cubes": [
						{"origin": [11.1, 24.25981, 17.27454], "size": [3.8, 3, 2], "pivot": [13, 25.75981, 19.27454], "rotation": [-52.5, 0, 0], "uv": [211, 31]},
						{"origin": [11.6, 19.68243, 17.9682], "size": [2.8, 6, 2], "pivot": [13, 27.18243, 18.36824], "rotation": [-25, 0, 0], "uv": [212, 20]}
					]
				},
				{
					"name": "bone29",
					"parent": "leftleg",
					"pivot": [-3, 19.96506, 37.83843],
					"rotation": [0, -132.5, 0]
				},
				{
					"name": "fleg",
					"parent": "Root",
					"pivot": [0, 28, 16]
				},
				{
					"name": "bone2",
					"parent": "fleg",
					"pivot": [10, 19.96506, 22.83843],
					"cubes": [
						{"origin": [-2, 19, 14], "size": [4, 3, 11], "pivot": [0, 19, 24], "rotation": [7.5, 0, 0], "uv": [54, 47], "mirror": true},
						{"origin": [-1.5, 20, 14], "size": [3, 3, 11], "pivot": [0, 19, 24], "rotation": [7.5, 0, 0], "uv": [118, 19], "mirror": true}
					]
				},
				{
					"name": "bone5",
					"parent": "bone2",
					"pivot": [10, 18, 31],
					"cubes": [
						{"origin": [-2, 18, 1], "size": [4, 3, 14], "pivot": [0, 18, 15], "rotation": [-25, 0, 0], "uv": [41, 39], "mirror": true},
						{"origin": [-1.9, 24.68243, 2.36824], "size": [3.8, 3, 2], "pivot": [0, 26.18243, 3.36824], "rotation": [-52.5, 0, 0], "uv": [211, 20], "mirror": true},
						{"origin": [-1.4, 18.68243, 2.9682], "size": [2.8, 6, 2], "pivot": [0, 26.18243, 3.36824], "rotation": [-25, 0, 0], "uv": [212, 20], "mirror": true},
						{"origin": [-1.9, 24.68243, 2.36824], "size": [3.8, 3, 2], "pivot": [0, 26.18243, 3.36824], "rotation": [-52.5, 0, 0], "uv": [211, 20], "mirror": true}
					]
				},
				{
					"name": "bone7",
					"parent": "bone5",
					"pivot": [10, 18, 31],
					"cubes": [
						{"origin": [-2, 9, 1], "size": [4, 10, 4], "pivot": [0, 18, 15], "rotation": [-25, 0, 0], "uv": [53, 44], "mirror": true},
						{"origin": [-0.3, 6, 0.9], "size": [0.6, 12, 1], "pivot": [0, 18, 15], "rotation": [-25, 0, 0], "uv": [144, 21], "mirror": true},
						{"origin": [-2, 5, 1], "size": [4, 4, 2], "pivot": [0, 18, 15], "rotation": [-25, 0, 0], "uv": [55, 46], "mirror": true},
						{"origin": [-2, 11.4247, -1.2308], "size": [4, 4.5, 2], "pivot": [0, 13.52465, -0.4308], "rotation": [-52.5, 0, 0], "uv": [55, 46], "mirror": true}
					]
				},
				{
					"name": "bone3",
					"parent": "Root",
					"pivot": [-10, 28, 28],
					"cubes": [
						{"origin": [-19.03216, 32.21109, 28], "size": [8, 3.2, 20], "pivot": [-15.03216, 33.81109, 35.5], "rotation": [0, 0, -90], "uv": [16, 12], "mirror": true},
						{"origin": [-19.03216, 32.21109, 28], "size": [8, 3.2, 20], "pivot": [-15.03216, 33.81109, 35.5], "rotation": [0, 0, -45], "uv": [16, 12], "mirror": true},
						{"origin": [-19.03216, 32.21109, 28], "size": [8, 3.2, 20], "uv": [16, 12], "mirror": true},
						{"origin": [-19.03216, 32.21109, 28], "size": [8, 3.2, 20], "pivot": [-15.03216, 33.81109, 35.5], "rotation": [0, 0, -135], "uv": [16, 12], "mirror": true},
						{"origin": [-18.9322, 32.21109, 41], "size": [8, 3.2, 1], "pivot": [-15.03216, 33.81109, 48.5], "rotation": [0, 0, -135], "uv": [183, 21], "mirror": true},
						{"origin": [-18.9322, 32.21109, 37], "size": [8, 3.2, 1], "pivot": [-15.03216, 33.81109, 44.5], "rotation": [0, 0, -135], "uv": [183, 21], "mirror": true}
					]
				},
				{
					"name": "bone24",
					"parent": "bone3",
					"pivot": [-17.03216, 45.81109, 38.5],
					"rotation": [0, 0, -12.5],
					"cubes": [
						{"origin": [-21.03217, 36.81109, 37], "size": [8, 2, 0.65], "pivot": [-17.03217, 37.81109, 37.325], "rotation": [0, 0, -90], "uv": [129, 26], "mirror": true},
						{"origin": [-21.03217, 36.81109, 37], "size": [8, 2, 0.65], "pivot": [-17.03217, 37.81109, 37.325], "rotation": [-45, 0, -90], "uv": [129, 26], "mirror": true},
						{"origin": [-21.03217, 36.81109, 37], "size": [8, 2, 0.65], "pivot": [-17.03217, 37.81109, 37.325], "rotation": [-90, 0, -90], "uv": [129, 26], "mirror": true},
						{"origin": [-21.03217, 36.81109, 37], "size": [8, 2, 0.65], "pivot": [-17.03217, 37.81109, 37.325], "rotation": [-135, 0, -90], "uv": [129, 26], "mirror": true}
					]
				},
				{
					"name": "bone26",
					"parent": "bone3",
					"pivot": [-17.03216, 45.81109, 42.5],
					"rotation": [0, 0, -12.5],
					"cubes": [
						{"origin": [-21.03217, 36.81109, 41], "size": [8, 2, 0.65], "pivot": [-17.03217, 37.81109, 41.325], "rotation": [0, 0, -90], "uv": [129, 26], "mirror": true},
						{"origin": [-21.03217, 36.81109, 41], "size": [8, 2, 0.65], "pivot": [-17.03217, 37.81109, 41.325], "rotation": [-45, 0, -90], "uv": [129, 26], "mirror": true},
						{"origin": [-21.03217, 36.81109, 41], "size": [8, 2, 0.65], "pivot": [-17.03217, 37.81109, 41.325], "rotation": [-90, 0, -90], "uv": [129, 26], "mirror": true},
						{"origin": [-21.03217, 36.81109, 41], "size": [8, 2, 0.65], "pivot": [-17.03217, 37.81109, 41.325], "rotation": [-135, 0, -90], "uv": [129, 26], "mirror": true}
					]
				},
				{
					"name": "minigun2",
					"parent": "Root",
					"pivot": [-8.5, 48.6, 45.6],
					"cubes": [
						{"origin": [-8.5, 53.4, 38.1], "size": [3, 1, 1.2], "uv": [51, 40], "mirror": true},
						{"origin": [-7.6, 53.4, 38.1], "size": [1.2, 1.4, 1.2], "uv": [53, 40], "mirror": true},
						{"origin": [-7.6, 53.46069, 38.74218], "size": [1.2, 1, 1.1], "pivot": [-7, 54.21069, 39.29218], "rotation": [65, 0, 0], "uv": [54, 41], "mirror": true},
						{"origin": [-7.6, 54.2607, 36.3822], "size": [1.2, 1, 1.1], "pivot": [-7, 54.21069, 37.29218], "rotation": [65, -180, 0], "uv": [149, 28], "mirror": true},
						{"origin": [-8.2, 53.8207, 37.55022], "size": [1.2, 1, 1.1], "pivot": [-8, 54.21069, 38.29218], "rotation": [65, -90, 0], "uv": [54, 41], "mirror": true},
						{"origin": [-6, 53.8207, 38.55022], "size": [1.2, 1, 1.1], "pivot": [-6, 54.21069, 39.29218], "rotation": [65, 90, 0], "uv": [54, 41], "mirror": true},
						{"origin": [-8.5, 53.4, 38.1], "size": [3, 1, 1.2], "pivot": [-7, 53.9, 38.7], "rotation": [0, 45, 0], "uv": [51, 40], "mirror": true},
						{"origin": [-8.5, 53.4, 38.1], "size": [3, 1, 1.2], "pivot": [-7, 53.9, 38.7], "rotation": [0, 90, 0], "uv": [51, 40], "mirror": true},
						{"origin": [-8.5, 53.8, 36.6], "size": [3, 0.2, 0.2], "pivot": [-7, 53.9, 36.7], "rotation": [0, 90, 0], "uv": [52, 41], "mirror": true},
						{"origin": [-8.5, 53.4, 38.1], "size": [3, 1, 1.2], "pivot": [-7, 53.9, 38.7], "rotation": [0, 135, 0], "uv": [51, 40], "mirror": true}
					]
				},
				{
					"name": "bone19",
					"parent": "Root",
					"pivot": [-7.5, 56.4, 49.6],
					"cubes": [
						{"origin": [-8.5, 55.4, 47.1], "size": [2, 2, 5], "pivot": [-7.5, 56.4, 49.6], "rotation": [-27.5, 35, 0], "uv": [48, 36], "mirror": true},
						{"origin": [-8.5, 55.4, 46.6], "size": [2, 2, 0.5], "pivot": [-7.5, 56.4, 49.6], "rotation": [-27.5, 35, 0], "uv": [201, 24], "mirror": true},
						{"origin": [-6.5, 55.4, 46.6], "size": [2, 2, 0.5], "pivot": [-7.5, 56.4, 49.6], "rotation": [-27.5, 35, 0], "uv": [201, 24], "mirror": true},
						{"origin": [-7.5, 53.4, 47.1], "size": [2, 3, 2], "uv": [51, 39], "mirror": true},
						{"origin": [-6.5, 55.4, 47.1], "size": [2, 2, 5], "pivot": [-7.5, 56.4, 49.6], "rotation": [-27.5, 35, 0], "uv": [48, 36], "mirror": true}
					]
				},
				{
					"name": "yinyang2",
					"parent": "Root",
					"pivot": [-0.03216, 52.81109, 42],
					"rotation": [-90, 0, 0],
					"cubes": [
						{"origin": [3.96784, 51.21109, 35], "size": [1, 3.2, 2], "pivot": [-0.03216, 52.81109, 39.5], "rotation": [0, 0, -45], "uv": [190, 21], "mirror": true},
						{"origin": [-8.03216, 51.21109, 41], "size": [3, 3.2, 1], "uv": [184, 26], "mirror": true}
					]
				},
				{
					"name": "bone32",
					"parent": "Root",
					"pivot": [6, 37.97814, 14.26182],
					"cubes": [
						{"origin": [2.2, 32.97814, 13.6618], "size": [7, 5, 1], "pivot": [6, 37.97814, 14.26182], "rotation": [-11.43393, -33.78309, -2.12237], "uv": [127, 21], "mirror": true},
						{"origin": [2.2, 36.4781, 13.5618], "size": [2, 1, 1], "pivot": [6, 37.97814, 14.26182], "rotation": [-4.61113, -35.18468, -14.14214], "uv": [216, 73], "mirror": true},
						{"origin": [2, 35.4781, 13.5618], "size": [1.5, 1, 1], "pivot": [6, 37.97814, 14.26182], "rotation": [-4.61113, -35.18468, -14.14214], "uv": [217, 73], "mirror": true},
						{"origin": [5.2, 35.4781, 13.5618], "size": [1.5, 2, 1], "pivot": [6, 37.97814, 14.26182], "rotation": [-11.43393, -33.78309, -2.12237], "uv": [217, 73], "mirror": true},
						{"origin": [7.6, 35.4781, 13.5618], "size": [2, 2, 1], "pivot": [6, 37.97814, 14.26182], "rotation": [-11.43393, -33.78309, -2.12237], "uv": [217, 73], "mirror": true},
						{"origin": [9.6, 35.4781, 13.5618], "size": [1, 2, 1], "pivot": [6, 37.97814, 14.26182], "rotation": [-11.43393, -33.78309, -2.12237], "uv": [191, 28], "mirror": true},
						{"origin": [7.1, 33.4781, 13.5618], "size": [1.5, 1, 1], "pivot": [6, 37.97814, 14.26182], "rotation": [-11.43393, -33.78309, -2.12237], "uv": [218, 73], "mirror": true},
						{"origin": [5.1, 33.4781, 13.5618], "size": [1.5, 1, 1], "pivot": [6, 37.97814, 14.26182], "rotation": [-11.43393, -33.78309, -2.12237], "uv": [218, 73], "mirror": true},
						{"origin": [3.1, 33.4781, 13.5618], "size": [1.5, 1, 1], "pivot": [6, 37.97814, 14.26182], "rotation": [-11.43393, -33.78309, -2.12237], "uv": [218, 73], "mirror": true},
						{"origin": [2.2, 32.2781, 13.6618], "size": [1, 5, 1], "pivot": [6, 37.97814, 14.26182], "rotation": [-17.62528, -31.26463, 9.36302], "uv": [133, 21], "mirror": true},
						{"origin": [9.2, 33.7781, 13.6618], "size": [1, 5, 1], "pivot": [6, 37.97814, 14.26182], "rotation": [-19.04419, -30.47804, 12.12787], "uv": [133, 21], "mirror": true},
						{"origin": [9.2, 34.7781, 13.6618], "size": [2, 5, 1], "pivot": [6, 37.97814, 14.26182], "rotation": [-27.31343, -23.52638, 30.18813], "uv": [132, 21], "mirror": true}
					]
				}
			]
		}
	]
}