{
	"format_version": "1.12.0",
	"minecraft:geometry": [
		{
			"description": {
				"identifier": "geometry.unknown",
				"texture_width": 256,
				"texture_height": 256,
				"visible_bounds_width": 19,
				"visible_bounds_height": 17,
				"visible_bounds_offset": [0, 0.5, 0]
			},
			"bones": [
				{
					"name": "MRoot",
					"pivot": [0, 0, 0]
				},
				{
					"name": "Root",
					"parent": "MRoot",
					"pivot": [0, 0, 0]
				},
				{
					"name": "MAllbody",
					"parent": "Root",
					"pivot": [0, 25, 0]
				},
				{
					"name": "AllBody",
					"parent": "MAllbody",
					"pivot": [0, 25, 0]
				},
				{
					"name": "MUpBody",
					"parent": "AllBody",
					"pivot": [0, 19.7, 0]
				},
				{
					"name": "UpBody",
					"parent": "MUpBody",
					"pivot": [0, 19.7, 0],
					"cubes": [
						{"origin": [-3.00113, 18.68289, -2.09], "size": [3.725, 1, 4.17], "pivot": [-2.42613, 21.58289, -0.025], "rotation": [0, 0, 19.75], "uv": [0, 97]},
						{"origin": [-0.5, 17.8, -2.125], "size": [1, 1, 4.225], "uv": [0, 108]},
						{"origin": [-0.72387, 18.68289, -2.09], "size": [3.725, 1, 4.17], "pivot": [2.42613, 21.58289, -0.025], "rotation": [0, 0, -19.75], "uv": [98, 0]},
						{"origin": [-2.5, 18.8, -2.125], "size": [5, 5, 4.25], "uv": [20, 65]}
					]
				},
				{
					"name": "MTail",
					"parent": "UpBody",
					"pivot": [0, 21.93221, 1.63069]
				},
				{
					"name": "Tail",
					"parent": "MTail",
					"pivot": [0, 21.93221, 1.63069],
					"rotation": [-32.5, 0, 0],
					"cubes": [
						{"origin": [-3.295, 16.77121, -0.18331], "size": [6.59, 5.64, 7.52], "pivot": [0.005, 16.93221, 8.63069], "rotation": [-12.5, 0, 0], "uv": [0, 23]}
					]
				},
				{
					"name": "Tail2",
					"parent": "Tail",
					"pivot": [0, 19.90742, 6.38986],
					"rotation": [127.5, 0, 0],
					"cubes": [
						{"origin": [-3.29, 6.52812, 0.93445], "size": [6.58, 5.734, 7.99], "pivot": [0, 11.62311, 7.08576], "rotation": [-15, -57.25, -90], "uv": [26, 23]},
						{"origin": [-3.29, 6.52812, 0.93445], "size": [6.58, 5.734, 7.99], "pivot": [0, 11.62311, 7.08576], "rotation": [-15, 57.25, 90], "uv": [26, 23], "mirror": true},
						{"origin": [-3.29, 12.46842, 2.91965], "size": [6.58, 5.64, 6.58], "pivot": [0, 15.00642, 6.28015], "rotation": [-50, 0, 0], "uv": [32, 12]},
						{"origin": [-3.29, 12.30522, 0.28375], "size": [6.58, 5.734, 7.99], "pivot": [3.29, 14.8407, 3.02986], "rotation": [-84.5, 0, 0], "uv": [28, 0]},
						{"origin": [-3.24, 19.58011, 0.81363], "size": [6.48, 7.734, 5.99], "pivot": [0.05, 20.59711, 2.80863], "rotation": [-112, 0, 0], "uv": [52, 23]}
					]
				},
				{
					"name": "Tail3",
					"parent": "Tail2",
					"pivot": [0, 14.33242, 10.56486],
					"cubes": [
						{"origin": [-3.3, 6.30791, 5.97928], "size": [6.58, 5.734, 6.11], "pivot": [0, 11.62311, 7.08576], "rotation": [16.5, 57.25, 90], "uv": [0, 47]},
						{"origin": [-3.28, 6.30791, 5.97928], "size": [6.58, 5.734, 6.11], "pivot": [0, 11.62311, 7.08576], "rotation": [16.5, -57.25, -90], "uv": [0, 47], "mirror": true},
						{"origin": [-3.295, 4.13812, 12.9834], "size": [6.59, 6.204, 2], "pivot": [0.005, 10.20112, 10.6804], "rotation": [-35, 0, 0], "uv": [18, 80]},
						{"origin": [-3.29, 6.60562, 6.8499], "size": [6.58, 5.64, 7.52], "pivot": [0, 10.20112, 10.6804], "rotation": [-62.5, 0, 0], "uv": [0, 35]},
						{"origin": [-3.285, -0.92964, 5.5804], "size": [6.57, 5.734, 5.64], "pivot": [-0.005, 4.33063, 8.26377], "rotation": [157.25, 0, 0], "uv": [56, 7]},
						{"origin": [-3.295, 3.90823, 5.79652], "size": [6.59, 5.734, 6.11], "pivot": [0.005, 7.26289, 6.51514], "rotation": [134.75, 0, 0], "uv": [24, 47]},
						{"origin": [-3.28, 7.35958, -3.03746], "size": [6.56, 5.734, 6.11], "pivot": [-0.01, 13.52658, 0.99254], "rotation": [84.5, 0, 0], "uv": [48, 47]}
					]
				},
				{
					"name": "Tail4",
					"parent": "Tail3",
					"pivot": [0, 5.10742, 12.33986],
					"cubes": [
						{"origin": [-3, 6.00136, 10.75859], "size": [6, 5.6, 7.5], "pivot": [2, 12.85136, 9.80859], "rotation": [-40, 0, 0], "uv": [26, 35]}
					]
				},
				{
					"name": "Tail5",
					"parent": "Tail4",
					"pivot": [0, 4.60742, 13.83986],
					"cubes": [
						{"origin": [-2.5, 2.37564, 12.33871], "size": [5, 4, 4.5], "pivot": [-0.5, 7.37564, 14.28871], "rotation": [-3.5, 0, 0], "uv": [0, 72]}
					]
				},
				{
					"name": "Tail6",
					"parent": "Tail5",
					"pivot": [0, 4.60742, 16.83986],
					"cubes": [
						{"origin": [-2, 3.57125, 16.61096], "size": [4, 3, 3], "pivot": [0, 3.42125, 21.61096], "rotation": [9.5, 0, 0], "uv": [92, 42]}
					]
				},
				{
					"name": "Tail7",
					"parent": "Tail6",
					"pivot": [0, 5.1074, 19.5899],
					"cubes": [
						{"origin": [-1, 4.72593, 19.02034], "size": [2, 2, 2], "pivot": [0, 5.60742, 21.83986], "rotation": [14.5, 0, 0], "uv": [116, 49]}
					]
				},
				{
					"name": "MUpperBody",
					"parent": "UpBody",
					"pivot": [0, 23.9644, 0]
				},
				{
					"name": "UpperBody",
					"parent": "MUpperBody",
					"pivot": [0, 23.9644, 0],
					"cubes": [
						{"origin": [-2.9, 22.8, -2.5], "size": [5.8, 3.1, 0.9], "uv": [33, 62]},
						{"origin": [-3.1, 22.6, -2.6], "size": [6.2, 2, 1.1], "uv": [59, 4]},
						{"origin": [-3, 24, -2.6], "size": [6, 1.1, 4.9], "uv": [192, 87]},
						{
							"origin": [-5.5, 22, 2.4],
							"size": [6, 1, 0.5],
							"pivot": [-1, 22.55, 2.7],
							"rotation": [2.20462, 12.3071, -89.76228],
							"uv": {
								"north": {"uv": [192, 142], "uv_size": [-6, 1]},
								"east": {"uv": [192, 142], "uv_size": [0.5, 1]},
								"south": {"uv": [198, 142], "uv_size": [-6, 1]},
								"west": {"uv": [186, 142], "uv_size": [0.5, 1]},
								"up": {"uv": [192, 142.5], "uv_size": [-6, -0.5]},
								"down": {"uv": [198, 142.5], "uv_size": [-6, -0.5]}
							}
						},
						{"origin": [-2.50618, 21.67844, 3], "size": [5, 1, 0.5], "pivot": [-0.50618, 22.17844, 3.44089], "rotation": [2.20462, 12.3071, -89.76228], "uv": [32, 64]},
						{"origin": [0, 21.13437, 2.97312], "size": [5, 1, 0.5], "pivot": [1.50159, 21.63437, 3.22312], "rotation": [-1.6575, 12.39135, -107.67995], "uv": [32, 64]},
						{"origin": [-4, 27.5, 2.3], "size": [8, 1.1, 0.5], "pivot": [0, 28.05, 2.8], "rotation": [0, 0, 40], "uv": [30, 63]},
						{"origin": [-4, 27.5, 2.3], "size": [8, 1.1, 0.5], "pivot": [0, 28.05, 2.8], "rotation": [0, 0, 140], "uv": [30, 63]},
						{"origin": [-3.4, 22.375, -2.9], "size": [6.8, 1, 1.7], "inflate": -0.2, "uv": [5, 62]},
						{"origin": [-3.3, 25.2, -2.9], "size": [6.6, 1, 1.7], "inflate": -0.2, "uv": [61, 21]},
						{"origin": [-2.55, 23.775, -2.25], "size": [5.1, 7, 4.475], "uv": [147, 72]},
						{"origin": [-2.78665, 24.21723, -2.225], "size": [1.1, 6, 4.45], "inflate": -0.005, "pivot": [-4.23665, 27.21723, 0.225], "rotation": [0, 0, -15], "uv": [92, 88]},
						{"origin": [1.68665, 24.21723, -2.225], "size": [1.1, 6, 4.45], "inflate": -0.005, "pivot": [4.23665, 27.21723, 0.225], "rotation": [0, 0, 15], "uv": [16, 93]},
						{"origin": [-4.05, 26.525, -2.875], "size": [2, 1.7, 2], "inflate": -0.35, "pivot": [0, 27.775, 0.125], "rotation": [4.21005, 2.32571, 70.11661], "uv": [24, 77], "mirror": true},
						{"origin": [2.05, 26.525, -2.875], "size": [2, 1.7, 2], "inflate": -0.35, "pivot": [0, 27.775, 0.125], "rotation": [4.21005, -2.32571, -70.11661], "uv": [24, 77]},
						{"origin": [-1.5, 30.2, -2.30303], "size": [3, 1.2, 1.1], "uv": [171, 72]},
						{"origin": [-4.87003, 29.30843, -2.25], "size": [3, 1.2, 4.5], "pivot": [-4.12003, 29.60843, 0], "rotation": [0, 0, 64.75], "uv": [26, 98]},
						{"origin": [1.87003, 29.30843, -2.25], "size": [3, 1.2, 4.5], "pivot": [4.12003, 29.60843, 0], "rotation": [0, 0, -64.75], "uv": [98, 54]},
						{"origin": [1.94503, 29.85843, -2.349], "size": [3.2, 1.325, 4.625], "pivot": [4.12003, 29.60843, 0], "rotation": [0, 0, -79.75], "uv": [98, 59]},
						{"origin": [2.31673, 25.48283, -2.35], "size": [2, 1.325, 4.625], "pivot": [2.74173, 26.32033, 0], "rotation": [0, 0, -92], "uv": [2, 87]},
						{"origin": [-5.14503, 29.85843, -2.349], "size": [3.2, 1.325, 4.625], "pivot": [-4.12003, 29.60843, 0], "rotation": [0, 0, 79.75], "uv": [98, 64]},
						{"origin": [-4.31673, 25.48283, -2.35], "size": [2, 1.325, 4.625], "pivot": [-2.74173, 26.32033, 0], "rotation": [0, 0, 92], "uv": [16, 88]}
					]
				},
				{
					"name": "bow",
					"parent": "UpperBody",
					"pivot": [-1.28142, 30.46442, -2.75],
					"cubes": [
						{"origin": [-0.75, 29.69844, -3.275], "size": [1.5, 1.5, 1], "uv": [28, 12]}
					]
				},
				{
					"name": "bowR",
					"parent": "bow",
					"pivot": [-0.76796, 30.37708, -2.77893],
					"cubes": [
						{"origin": [-1.84782, 29.68963, -3.17058], "size": [1.3, 1.2, 1], "pivot": [-0.66796, 30.07708, -2.77893], "rotation": [2.11751, -4.53051, -35.58377], "uv": [95, 107]},
						{"origin": [-2.09251, 29.76074, -3.19938], "size": [1.4, 1.5, 1], "pivot": [-0.76796, 30.37708, -2.77893], "rotation": [0, -5, -10.5], "uv": [19, 109]}
					]
				},
				{
					"name": "bowL",
					"parent": "bow",
					"pivot": [0.76796, 30.17708, -2.77893],
					"cubes": [
						{"origin": [0.68016, 29.73532, -3.212], "size": [1.4, 1.5, 1], "pivot": [0.90065, 30.30309, -2.79769], "rotation": [0, 5, 10.5], "uv": [112, 67]},
						{"origin": [0.62476, 29.65028, -3.17756], "size": [1.3, 1.2, 1], "pivot": [0.76796, 30.17708, -2.77893], "rotation": [2.11751, 4.53051, 35.58377], "uv": [122, 3]}
					]
				},
				{
					"name": "bowL1",
					"parent": "bow",
					"pivot": [0.64835, 30.34341, -2.66806],
					"cubes": [
						{"origin": [0.20004, 27.56692, -2.81341], "size": [1, 2.5, 1], "pivot": [0.64835, 29.64341, -2.66806], "rotation": [-21.88223, -4.08471, -5.25655], "uv": [96, 12]},
						{"origin": [0.19089, 27.70354, -2.70663], "size": [1, 2.5, 1], "pivot": [1.14835, 29.84341, -2.56806], "rotation": [-21.09913, -7.20371, -13.20321], "uv": [40, 98]}
					]
				},
				{
					"name": "bowL2",
					"parent": "bowL1",
					"pivot": [1.04835, 27.64341, -3.26806]
				},
				{
					"name": "bowR1",
					"parent": "bow",
					"pivot": [-0.64835, 30.34341, -2.84306],
					"cubes": [
						{"origin": [-1.33838, 27.40226, -2.90685], "size": [1, 3.5, 1], "pivot": [-0.84835, 29.74341, -2.74306], "rotation": [-18.4536, 11.31542, 9.17364], "uv": [120, 124]},
						{"origin": [-1.20317, 27.44448, -2.95745], "size": [1, 3.4, 1], "pivot": [-0.74835, 29.64341, -2.74306], "rotation": [-19.86021, 8.52131, 1.02311], "uv": [124, 124]}
					]
				},
				{
					"name": "bowR2",
					"parent": "bowR1",
					"pivot": [-1.14835, 27.44341, -3.14306]
				},
				{
					"name": "AllHead",
					"parent": "UpperBody",
					"pivot": [0, 30.7, 0],
					"cubes": [
						{"origin": [-1.5, 30.8, -1.525], "size": [3, 2, 3], "uv": [100, 104]}
					]
				},
				{
					"name": "MHead",
					"parent": "AllHead",
					"pivot": [0, 31.7, 0]
				},
				{
					"name": "Head",
					"parent": "MHead",
					"pivot": [0, 31.7, 0],
					"cubes": [
						{"origin": [-3.5, 31.7, -3.5], "size": [7, 7, 7], "uv": [0, 0]}
					]
				},
				{
					"name": "Eyes",
					"parent": "Head",
					"pivot": [0, 33.7, 0]
				},
				{
					"name": "EyeBrow",
					"parent": "Eyes",
					"pivot": [0, 34.4, 0]
				},
				{
					"name": "RightEyebrow",
					"parent": "EyeBrow",
					"pivot": [-2.875, 34.55, -3.325],
					"cubes": [
						{"origin": [-4.375, 34.05, -4.025], "size": [1.1, 1, 1], "uv": [78, 15]},
						{"origin": [-3.275, 34.55, -3.825], "size": [2, 1, 1], "uv": [124, 51]}
					]
				},
				{
					"name": "LeftEyebrow",
					"parent": "EyeBrow",
					"pivot": [2.875, 34.55, -3.325],
					"cubes": [
						{"origin": [3.275, 34.05, -4.025], "size": [1.1, 1, 1], "uv": [110, 10]},
						{"origin": [1.275, 34.55, -3.825], "size": [2, 1, 1], "uv": [124, 51]}
					]
				},
				{
					"name": "Eyelid",
					"parent": "Eyes",
					"pivot": [0, 33.5, 0]
				},
				{
					"name": "RightEyelid",
					"parent": "Eyelid",
					"pivot": [-2.5, 33.2, -3.025],
					"cubes": [
						{"origin": [-3.4, 32.7, -3.51], "size": [2, 2, 1], "uv": [78, 85]}
					]
				},
				{
					"name": "RightEyelidBase",
					"parent": "RightEyelid",
					"pivot": [-2.325, 33.7, -3.025],
					"cubes": [
						{"origin": [-2.925, 32.7, -3.55], "size": [1.4, 2, 1], "uv": [126, 71]}
					]
				},
				{
					"name": "RightEyePublic",
					"parent": "RightEyelidBase",
					"pivot": [-2.225, 33.7, -2.86],
					"cubes": [
						{"origin": [-2.8, 32.95, -3.86], "size": [1.15, 1.5, 2], "inflate": -0.3, "uv": [112, 18]}
					]
				},
				{
					"name": "RightEyeDot",
					"parent": "RightEyelidBase",
					"pivot": [-5.95, 15.35, -3.55],
					"cubes": [
						{"origin": [-2.225, 33.8, -3.95], "size": [1.2, 1, 1], "inflate": -0.35, "uv": [110, 86]}
					]
				},
				{
					"name": "LeftEyelid",
					"parent": "Eyelid",
					"pivot": [2.5, 33.2, -3.025],
					"cubes": [
						{"origin": [1.4, 32.7, -3.51], "size": [2, 2, 1], "uv": [122, 0]}
					]
				},
				{
					"name": "LeftEyelidBase",
					"parent": "LeftEyelid",
					"pivot": [2.325, 33.7, -3.025],
					"cubes": [
						{"origin": [1.525, 32.7, -3.55], "size": [1.4, 2, 1], "uv": [126, 71]}
					]
				},
				{
					"name": "LeftEyePublic",
					"parent": "LeftEyelidBase",
					"pivot": [2.225, 33.7, -2.86],
					"cubes": [
						{"origin": [1.65, 32.95, -3.86], "size": [1.15, 1.5, 2], "inflate": -0.3, "uv": [112, 18]}
					]
				},
				{
					"name": "LeftEyeDot",
					"parent": "LeftEyelidBase",
					"pivot": [-1.225, 15.35, -3.55],
					"cubes": [
						{"origin": [2.275, 33.8, -3.95], "size": [1.2, 1, 1], "inflate": -0.35, "uv": [110, 86]}
					]
				},
				{
					"name": "Mouth",
					"parent": "Head",
					"pivot": [0, 32, -2]
				},
				{
					"name": "kongju",
					"parent": "Mouth",
					"pivot": [0.125, 32.2, -2.5125],
					"cubes": [
						{"origin": [-0.675, 31.675, -3.0125], "size": [1.4, 1.15, 2], "inflate": -0.5, "pivot": [0.125, 32.25, -2.5125], "rotation": [0, 0, -37.5], "uv": [12, 122]},
						{"origin": [-0.925, 31.975, -3.0125], "size": [1.4, 1.15, 2], "inflate": -0.5, "pivot": [0.15, 32.25, -2.5125], "rotation": [0, 0, -37.5], "uv": [12, 122]},
						{"origin": [-0.675, 31.45, -3.0125], "size": [1.35, 1.15, 2], "inflate": -0.5, "pivot": [0.125, 32.25, -2.5125], "rotation": [0, 0, 50], "uv": [12, 122]},
						{"origin": [-1.4603, 31.69994, -3.0125], "size": [1.4, 1.15, 2], "inflate": -0.5, "pivot": [-0.7353, 32.32494, -2.4625], "rotation": [0, 0, -42], "uv": [12, 122]},
						{"origin": [-1.15, 31.475, -3.0125], "size": [1.4, 1.15, 2], "inflate": -0.5, "pivot": [-0.275, 32.25, -2.5125], "rotation": [0, 0, 50], "uv": [12, 122]},
						{"origin": [0.0603, 31.69994, -3.0125], "size": [1.4, 1.15, 2], "inflate": -0.5, "pivot": [0.7353, 32.32494, -2.4625], "rotation": [0, 0, 42], "uv": [12, 122]},
						{"origin": [-0.25, 31.475, -3.0125], "size": [1.4, 1.15, 2], "inflate": -0.5, "pivot": [0.275, 32.25, -2.5125], "rotation": [0, 0, -50], "uv": [12, 122]},
						{"origin": [-0.475, 31.975, -3.0125], "size": [1.4, 1.15, 2], "inflate": -0.5, "pivot": [-0.15, 32.25, -2.5125], "rotation": [0, 0, 37.5], "uv": [12, 122]}
					]
				},
				{
					"name": "jingya",
					"parent": "Mouth",
					"pivot": [0.125, 32.7, -2.5125],
					"cubes": [
						{"origin": [-0.675, 31.975, -3.0125], "size": [1.4, 1.35, 2], "inflate": -0.5, "pivot": [0.125, 32.75, -2.5125], "rotation": [0, 0, -37.5], "uv": [12, 122]},
						{"origin": [-0.925, 32.1, -3.0125], "size": [1.4, 1.525, 2], "inflate": -0.5, "pivot": [0.15, 32.75, -2.5125], "rotation": [0, 0, -37.5], "uv": [12, 122]},
						{"origin": [-0.675, 31.95, -3.0125], "size": [1.35, 1.15, 2], "inflate": -0.5, "pivot": [0.125, 32.75, -2.5125], "rotation": [0, 0, 50], "uv": [12, 122]},
						{"origin": [-1.4603, 31.97494, -3.0125], "size": [1.4, 1.375, 2], "inflate": -0.5, "pivot": [-0.7353, 32.82494, -2.4625], "rotation": [0, 0, -42], "uv": [12, 122]},
						{"origin": [-2.1103, 31.39994, -3.0125], "size": [1.7, 2.075, 2], "inflate": -0.5, "pivot": [-0.7353, 32.82494, -2.4625], "rotation": [0, 0, -77], "uv": [66, 43]},
						{"origin": [0.4103, 31.34994, -3.0125], "size": [1.7, 2.125, 2], "inflate": -0.5, "pivot": [0.7353, 32.82494, -2.4625], "rotation": [0, 0, 77], "uv": [66, 43]},
						{"origin": [1.1103, 32.09994, -3.0125], "size": [1.2, 1.375, 2], "inflate": -0.5, "pivot": [0.7353, 32.82494, -2.4625], "rotation": [0, 0, 77], "uv": [12, 122]},
						{"origin": [1.1103, 31.72494, -3.0125], "size": [1.1, 1.375, 2], "inflate": -0.5, "pivot": [0.7353, 32.82494, -2.4625], "rotation": [0, 0, 77], "uv": [12, 122]},
						{"origin": [1.1103, 31.62494, -3.0125], "size": [1.1, 1.175, 2], "inflate": -0.5, "pivot": [0.7353, 32.82494, -2.4625], "rotation": [0, 0, 77], "uv": [12, 122]},
						{"origin": [-2.2103, 31.62494, -3.0125], "size": [1.1, 1.175, 2], "inflate": -0.5, "pivot": [-0.7353, 32.82494, -2.4625], "rotation": [0, 0, -77], "uv": [12, 122]},
						{"origin": [-2.2353, 31.77494, -3.0125], "size": [1.125, 1.325, 2], "inflate": -0.5, "pivot": [-0.7353, 32.82494, -2.4625], "rotation": [0, 0, -77], "uv": [12, 122]},
						{"origin": [-2.3103, 32.09994, -3.0125], "size": [1.2, 1.375, 2], "inflate": -0.5, "pivot": [-0.7353, 32.82494, -2.4625], "rotation": [0, 0, -77], "uv": [12, 122]},
						{"origin": [1.2353, 30.44994, -3.0125], "size": [1.1, 3.25, 2], "inflate": -0.5, "pivot": [0.7353, 32.82494, -2.4625], "rotation": [0, 0, 89.5], "uv": [26, 93]},
						{"origin": [-1.15, 31.975, -3.0125], "size": [1.4, 1.15, 2], "inflate": -0.5, "pivot": [-0.275, 32.75, -2.5125], "rotation": [0, 0, 50], "uv": [12, 122]},
						{"origin": [0.0603, 31.99994, -3.0125], "size": [1.4, 1.35, 2], "inflate": -0.5, "pivot": [0.7353, 32.82494, -2.4625], "rotation": [0, 0, 42], "uv": [12, 122]},
						{"origin": [-0.25, 31.975, -3.0125], "size": [1.4, 1.15, 2], "inflate": -0.5, "pivot": [0.275, 32.75, -2.5125], "rotation": [0, 0, -50], "uv": [12, 122]},
						{"origin": [-0.475, 32.25, -3.0125], "size": [1.4, 1.375, 2], "inflate": -0.5, "pivot": [-0.15, 32.75, -2.5125], "rotation": [0, 0, 37.5], "uv": [12, 122]}
					]
				},
				{
					"name": "xiao",
					"parent": "Mouth",
					"pivot": [0, 32.125, -2.5125],
					"cubes": [
						{"origin": [-1.4, 31.925, -3.0125], "size": [2.8, 1.1, 2], "inflate": -0.5, "uv": [72, 55]},
						{"origin": [-1.1, 31.3, -3.0125], "size": [2.2, 1.75, 2], "inflate": -0.5, "uv": [72, 55]}
					]
				},
				{
					"name": "bone23",
					"parent": "xiao",
					"pivot": [0.375, 32.7, -2.5125],
					"rotation": [0, 0, 8.25],
					"cubes": [
						{"origin": [-0.50695, 31.9531, -3.0125], "size": [1.925, 1.15, 2], "inflate": -0.5, "uv": [12, 122]}
					]
				},
				{
					"name": "bone24",
					"parent": "xiao",
					"pivot": [-0.375, 32.7, -2.5125],
					"rotation": [0, 0, -8.25],
					"cubes": [
						{"origin": [-1.41805, 31.9531, -3.0125], "size": [1.9, 1.15, 2], "inflate": -0.5, "uv": [12, 122]}
					]
				},
				{
					"name": "bone17",
					"parent": "xiao",
					"pivot": [-0.65, 32.375, -2.5125],
					"rotation": [0, 0, 65],
					"cubes": [
						{"origin": [-1.275, 31.675, -3.0125], "size": [1.675, 1.4, 2], "inflate": -0.5, "uv": [12, 122]}
					]
				},
				{
					"name": "bone18",
					"parent": "xiao",
					"pivot": [0.65, 32.375, -2.5125],
					"rotation": [0, 0, -65],
					"cubes": [
						{"origin": [-0.4, 31.675, -3.0125], "size": [1.675, 1.4, 2], "inflate": -0.5, "uv": [12, 122]}
					]
				},
				{
					"name": "weixiao",
					"parent": "Mouth",
					"pivot": [0, 32.2, -2.5125],
					"cubes": [
						{"origin": [-0.5625, 31.53912, -3.0125], "size": [1.125, 1.125, 2], "inflate": -0.5, "uv": [12, 122]},
						{"origin": [-0.75173, 31.56738, -3.0125], "size": [1.25, 1.125, 2], "inflate": -0.5, "pivot": [-0.07673, 32.14238, -2.5125], "rotation": [0, 0, 32], "uv": [12, 122]},
						{"origin": [-0.49827, 31.56738, -3.0125], "size": [1.25, 1.125, 2], "inflate": -0.5, "pivot": [0.07673, 32.14238, -2.5125], "rotation": [0, 0, -32], "uv": [12, 122]}
					]
				},
				{
					"name": "Hair",
					"parent": "Head",
					"pivot": [0, 14.7, 0]
				},
				{
					"name": "BaseHair",
					"parent": "Hair",
					"pivot": [0, 36, 4.7],
					"cubes": [
						{"origin": [-4, 32, 3.2], "size": [8, 7, 1], "uv": [74, 23]},
						{"origin": [3.075, 39.65, -2.6], "size": [1, 1, 5], "uv": [100, 98]},
						{"origin": [-3.925, 39.65, -2.6], "size": [1, 1, 5], "uv": [40, 101]},
						{"origin": [2.075, 40.65, -1.6], "size": [1, 1, 3], "uv": [94, 116]},
						{"origin": [-2.925, 40.65, -1.6], "size": [1, 1, 3], "uv": [102, 116]},
						{"origin": [-1.925, 40.65, -2.6], "size": [4, 1, 5], "uv": [80, 0]},
						{"origin": [-4, 38.95, -3.8], "size": [8, 1, 8], "uv": [0, 14]},
						{"origin": [-2.925, 39.65, -3.6], "size": [6, 1, 7], "uv": [52, 35]},
						{"origin": [3.36251, 32.2774, -3.26857], "size": [1.025, 3, 1], "pivot": [4.25368, 35.38583, -2.46186], "rotation": [4.3956, -1.0175, 2.4819], "uv": [0, 125]},
						{"origin": [3.32618, 35.20933, -3.29357], "size": [1.025, 2, 1], "pivot": [4.25368, 35.38583, -2.46186], "rotation": [4.4905, -0.4356, -4.9962], "uv": [126, 74]},
						{"origin": [4.975, 34.8, -0.975], "size": [1, 3, 1], "pivot": [4.975, 36.3, -0.475], "rotation": [0, 0, -45], "uv": [4, 125]},
						{"origin": [4.475, 33.95, 0.19], "size": [1, 5, 1], "uv": [28, 120]},
						{"origin": [4.475, 32.95, 1.19], "size": [1, 6, 2], "uv": [112, 59]},
						{"origin": [4.68396, 31.60021, 1.79818], "size": [2, 6, 1], "pivot": [5.68396, 34.60021, 2.29818], "rotation": [78.55326, 79.78573, 71.63866], "uv": [114, 86]},
						{"origin": [3.82092, 31.75011, 2.82687], "size": [2, 6, 1], "pivot": [5.24592, 34.75011, 3.60187], "rotation": [11.28215, 50.1589, 7.28344], "uv": [32, 115]},
						{"origin": [3.475, 32, -1.75], "size": [1, 1, 5], "uv": [52, 101]},
						{"origin": [3.975, 32.949, -2.8], "size": [1, 7, 6], "uv": [38, 68]},
						{"origin": [-6.68396, 31.60021, 1.79818], "size": [2, 6, 1], "pivot": [-5.68396, 34.60021, 2.29818], "rotation": [78.55326, -79.78573, -71.63866], "uv": [38, 115]},
						{"origin": [-5.82092, 31.75011, 2.82687], "size": [2, 6, 1], "pivot": [-5.24592, 34.75011, 3.60187], "rotation": [11.28215, -50.1589, -7.28344], "uv": [44, 115]},
						{"origin": [-4.475, 32, -1.75], "size": [1, 1, 5], "uv": [76, 101]},
						{"origin": [-4.38751, 32.2774, -3.26857], "size": [1.025, 3, 1], "pivot": [-4.25368, 35.38583, -2.46186], "rotation": [4.3956, 1.0175, -2.4819], "uv": [8, 125]},
						{"origin": [-4.35118, 35.20933, -3.29357], "size": [1.025, 2, 1], "pivot": [-4.25368, 35.38583, -2.46186], "rotation": [4.4905, 0.4356, 4.9962], "uv": [126, 84]},
						{"origin": [-5.975, 34.8, -0.975], "size": [1, 3, 1], "pivot": [-4.975, 36.3, -0.475], "rotation": [0, 0, 45], "uv": [12, 125]},
						{"origin": [-5.475, 33.95, 0.19], "size": [1, 5, 1], "uv": [104, 120]},
						{"origin": [-5.475, 32.95, 1.19], "size": [1, 6, 2], "uv": [112, 94]},
						{"origin": [-4.975, 32.949, -2.8], "size": [1, 7, 6], "uv": [52, 68]},
						{"origin": [-3, 33, 4.4], "size": [6, 6, 1], "pivot": [0, 36, 4.7], "rotation": [5, 0, 0], "uv": [50, 88]},
						{"origin": [-3.5, 29.43393, 8.17985], "size": [7, 6, 1], "pivot": [0.325, 14.16866, 3.78289], "rotation": [10, 0, 0], "uv": [50, 81]},
						{"origin": [-4.5, 30.43393, 7.57985], "size": [3, 7, 1], "pivot": [0.325, 14.16866, 3.78289], "rotation": [10, 0, 0], "uv": [106, 32]},
						{"origin": [1.5, 30.43393, 7.57985], "size": [3, 7, 1], "pivot": [0.325, 14.16866, 3.78289], "rotation": [10, 0, 0], "uv": [106, 40]}
					]
				},
				{
					"name": "bone5",
					"parent": "BaseHair",
					"pivot": [0, 14.7, 0],
					"cubes": [
						{"origin": [-3.33411, 35.21791, -4.925], "size": [1, 3, 1], "pivot": [-2.2341, 37.0179, -4.425], "rotation": [0, 0, 11], "uv": [22, 125]},
						{"origin": [-2.3341, 35.8179, -4.925], "size": [1, 3, 1], "pivot": [-2.2341, 37.0179, -4.425], "rotation": [0, 0, 11], "uv": [32, 125]},
						{"origin": [1.21668, 35.79031, -4.875], "size": [1, 3, 1], "pivot": [2.21668, 37.04031, -4.375], "rotation": [0, 0, -17.75], "uv": [42, 125]},
						{"origin": [2.21668, 34.79031, -4.875], "size": [1, 4, 1], "pivot": [2.21668, 37.04031, -4.375], "rotation": [0, 0, -17.75], "uv": [18, 122]},
						{"origin": [-3.5, 36.325, -4.375], "size": [1, 3, 1], "uv": [46, 125]},
						{"origin": [2.625, 35.2, -4.35], "size": [1, 4, 1], "pivot": [3, 37.325, -4], "rotation": [0, 0, -7.5], "uv": [122, 31]},
						{"origin": [3.3875, 35.225, -4], "size": [1, 4, 3], "pivot": [3.8875, 37.225, -2.5], "rotation": [0, 0, -6], "uv": [58, 108]},
						{"origin": [-4.3375, 35.225, -3.95], "size": [1, 4, 3], "uv": [66, 108]},
						{"origin": [-2.495, 36.425, -4.55], "size": [1, 3, 1], "uv": [50, 125]},
						{"origin": [-1.5, 37.425, -4.55], "size": [3, 2, 1], "uv": [118, 22]},
						{"origin": [1.499, 36.425, -4.55], "size": [1, 3, 1], "uv": [54, 125]}
					]
				},
				{
					"name": "MRightSideHair",
					"parent": "Hair",
					"pivot": [-4.34992, 38.12766, -2.06992]
				},
				{
					"name": "RightSideHair",
					"parent": "MRightSideHair",
					"pivot": [-4.34992, 38.12766, -2.06992],
					"cubes": [
						{"origin": [-5.57036, 32.32171, -3.85837], "size": [1.025, 1, 1], "pivot": [-5.06106, 33.52124, -3.12087], "rotation": [-6.7075, -0.9015, 2.5659], "uv": [14, 116]},
						{"origin": [-5.58228, 33.22105, -3.88337], "size": [1.025, 2, 2], "pivot": [-5.06106, 33.52124, -3.12087], "rotation": [-6.7403, -0.6087, 5.0489], "uv": [34, 103]},
						{"origin": [-5.69014, 35.00954, -3.79832], "size": [1.025, 3, 2], "pivot": [-4.65442, 34.21796, -3.06615], "rotation": [-6.7438, 0.5682, 14.9796], "uv": [118, 59]},
						{"origin": [-5.217, 30.38561, -2.85296], "size": [1.025, 2, 2], "pivot": [-4.57891, 31.87682, -2.09271], "rotation": [-1.6634, -0.7653, -7.4949], "uv": [120, 89]},
						{"origin": [-5.25693, 29.49251, -2.82796], "size": [1.025, 1, 1], "pivot": [-4.57891, 31.87682, -2.09271], "rotation": [-1.6285, -0.8371, -9.9942], "uv": [22, 118]},
						{"origin": [-5.31073, 32.25463, -2.85758], "size": [1.025, 4, 2], "pivot": [-4.57891, 31.87682, -2.09271], "rotation": [-1.771, -0.4648, 2.5011], "uv": [44, 89]},
						{"origin": [-4.25091, 28.46335, -2.99042], "size": [1.025, 3, 1], "pivot": [-3.66828, 31.14871, -2.50292], "rotation": [-4.0441, -0.8952, -9.5395], "uv": [58, 125]},
						{"origin": [-4.26597, 31.33308, -3.01542], "size": [1.025, 2, 1], "pivot": [-3.66828, 31.14871, -2.50292], "rotation": [-4.1262, -0.3602, -2.0582], "uv": [126, 87]},
						{"origin": [-4.48374, 31.01922, -3.87663], "size": [1.025, 3, 1], "pivot": [-4.34992, 34.12766, -3.06992], "rotation": [-6.666, -1.007, -2.4335], "uv": [62, 125]},
						{"origin": [-4.44742, 33.95116, -3.90163], "size": [1.025, 2, 1], "pivot": [-4.34992, 34.12766, -3.06992], "rotation": [-6.74, -0.1303, 5.0155], "uv": [126, 90]}
					]
				},
				{
					"name": "MLeftSideHair",
					"parent": "Hair",
					"pivot": [4.34992, 38.12766, -2.06992]
				},
				{
					"name": "LeftSideHair",
					"parent": "MLeftSideHair",
					"pivot": [4.34992, 38.12766, -2.06992],
					"cubes": [
						{"origin": [4.66514, 35.00954, -3.79832], "size": [1.025, 3, 2], "pivot": [4.65442, 34.21796, -3.06615], "rotation": [-6.7438, -0.5682, -14.9796], "uv": [118, 64]},
						{"origin": [4.54536, 32.32171, -3.85837], "size": [1.025, 1, 1], "pivot": [5.06106, 33.52124, -3.12087], "rotation": [-6.7075, 0.9015, -2.5659], "uv": [126, 77]},
						{"origin": [4.55728, 33.22105, -3.88337], "size": [1.025, 2, 2], "pivot": [5.06106, 33.52124, -3.12087], "rotation": [-6.7403, 0.6087, -5.0489], "uv": [108, 120]},
						{"origin": [4.2244, 29.42015, -3.24617], "size": [1.025, 2, 2], "pivot": [4.6113, 30.91135, -2.48592], "rotation": [-4.661, 0.8928, 7.4516], "uv": [114, 120]},
						{"origin": [4.26432, 28.52705, -3.22117], "size": [1.025, 1, 1], "pivot": [4.6113, 30.91135, -2.48592], "rotation": [-4.6178, 1.0951, 9.9438], "uv": [128, 6]},
						{"origin": [4.31812, 31.28917, -3.25078], "size": [1.025, 5, 2], "pivot": [4.6113, 30.91135, -2.48592], "rotation": [-4.7451, 0.0709, -2.515], "uv": [50, 115]},
						{"origin": [3.26028, 27.52037, -3.42521], "size": [1.025, 3, 1], "pivot": [3.70265, 30.20573, -2.93771], "rotation": [-7.0354, 1.1295, 9.4867], "uv": [66, 125]},
						{"origin": [3.27534, 30.39011, -3.45021], "size": [1.025, 2, 1], "pivot": [3.70265, 30.20573, -2.93771], "rotation": [-7.1222, 0.2039, 2.0435], "uv": [126, 93]},
						{"origin": [3.45874, 31.01922, -3.87663], "size": [1.025, 3, 1], "pivot": [4.34992, 34.12766, -3.06992], "rotation": [-6.666, 1.007, 2.4335], "uv": [70, 125]},
						{"origin": [3.42242, 33.95116, -3.90163], "size": [1.025, 2, 1], "pivot": [4.34992, 34.12766, -3.06992], "rotation": [-6.74, 0.1303, -5.0155], "uv": [126, 96]}
					]
				},
				{
					"name": "MBangs",
					"parent": "Hair",
					"pivot": [0, 38.61244, -4.05233]
				},
				{
					"name": "Bangs",
					"parent": "MBangs",
					"pivot": [0, 38.61244, -4.05233],
					"cubes": [
						{"origin": [-1, 36.01879, -5.05528], "size": [2, 2, 1], "pivot": [0, 37.51879, -4.55528], "rotation": [-7.5, 0, 0], "uv": [32, 122]},
						{"origin": [-1, 38.01879, -5.05528], "size": [2, 1, 1], "pivot": [0, 37.51879, -4.55528], "rotation": [-7.5, 0, 0], "uv": [124, 82]},
						{"origin": [-1.98767, 35.04147, -5.04634], "size": [1, 2.05, 1.05], "pivot": [-2, 38.01778, -4.5148], "rotation": [-7.3983, -1.2344, -9.4202], "uv": [126, 99]},
						{"origin": [-1.73303, 37.03066, -5.0263], "size": [1, 2.05, 1.05], "pivot": [-1.22264, 37.98168, -4.54477], "rotation": [-7.4278, 1.0409, 7.9324], "uv": [126, 102]},
						{"origin": [0.63177, 35.16156, -5.23683], "size": [1, 2.05, 1.05], "pivot": [1.13177, 36.18656, -4.68683], "rotation": [-7.3379, 1.5551, 11.9003], "uv": [104, 126]},
						{"origin": [0.92508, 33.75671, -5.29821], "size": [1, 2.05, 1.05], "pivot": [0.94465, 35.31702, -4.82652], "rotation": [3.7092, 6.5231, 119.7114], "uv": [126, 105]},
						{"origin": [-1.19461, 35.41162, -5.23815], "size": [2, 2, 1.05], "pivot": [-0.44461, 35.98662, -4.71315], "rotation": [-4.1013, 6.2847, 56.7747], "uv": [122, 36]},
						{"origin": [0.85287, 37.01234, -5.13983], "size": [1, 2.05, 1.05], "pivot": [1.19764, 37.11244, -4.55233], "rotation": [-7.4659, -0.7168, -5.4532], "uv": [126, 108]}
					]
				},
				{
					"name": "FLongHair",
					"parent": "Hair",
					"pivot": [0, 30.66069, 5.17354]
				},
				{
					"name": "MLongHair",
					"parent": "FLongHair",
					"pivot": [0, 30.66069, 5.17354]
				},
				{
					"name": "LongHair",
					"parent": "MLongHair",
					"pivot": [0, 30.66069, 5.17354],
					"cubes": [
						{"origin": [-4.98945, 25.93824, 5.37907], "size": [2, 6, 1], "pivot": [-3.5, 28.99809, 5.53439], "rotation": [9.8511, -1.7279, 9.8511], "uv": [56, 115]},
						{"origin": [2.98945, 25.93824, 5.37907], "size": [2, 6, 1], "pivot": [3.5, 28.99809, 5.53439], "rotation": [9.8511, 1.7279, -9.8511], "uv": [62, 115]},
						{"origin": [-4, 25.45435, 8.79809], "size": [8, 6, 1], "pivot": [-0.175, 9.27935, 4.84809], "rotation": [10, 0, 0], "uv": [66, 78]}
					]
				},
				{
					"name": "LongHair2",
					"parent": "LongHair",
					"pivot": [0, 26.20952, 5.93164],
					"rotation": [10, 0, 0],
					"cubes": [
						{"origin": [-5.5, 20.45952, 5.84831], "size": [3, 6, 1], "uv": [10, 109]},
						{"origin": [2.5, 20.45952, 5.84831], "size": [3, 6, 1], "uv": [94, 109]},
						{"origin": [-4.5, 19.45952, 5.92331], "size": [9, 7, 1], "uv": [0, 64]}
					]
				},
				{
					"name": "FLongRightHair",
					"parent": "Hair",
					"pivot": [-4.78569, 31.74251, 3.67508]
				},
				{
					"name": "MLongRightHair",
					"parent": "FLongRightHair",
					"pivot": [-4.78569, 31.74251, 3.67508]
				},
				{
					"name": "LongRightHair",
					"parent": "MLongRightHair",
					"pivot": [-4.78569, 31.74251, 3.67508],
					"rotation": [0, -50, 0],
					"cubes": [
						{"origin": [-10.33702, 21.53615, 4.82039], "size": [1, 4, 1], "pivot": [7.03352, 12.99348, 2.65206], "rotation": [4.4438, -3.3789, 12.6228], "uv": [38, 122], "mirror": true},
						{"origin": [-7.13181, 26.11912, 7.4656], "size": [3, 5, 1], "pivot": [10.23519, 15.61334, 4.93019], "rotation": [12.422, -2.1254, 2.6901], "uv": [112, 102], "mirror": true},
						{"origin": [-7.30144, 28.95953, 2.6305], "size": [2, 5, 1], "pivot": [-6.30144, 31.38453, 3.2055], "rotation": [9.9642, -10.9616, 0.7209], "uv": [58, 95], "mirror": true}
					]
				},
				{
					"name": "LongRightHair2",
					"parent": "LongRightHair",
					"pivot": [-4.35337, 27.14251, 4.56001],
					"cubes": [
						{"origin": [-5.64806, 24.86965, 5.17132], "size": [3, 7, 1], "pivot": [-4.1081, 25.30419, 5.30863], "rotation": [31.8543, -4.986, -8.639], "uv": [34, 107], "mirror": true},
						{"origin": [-7.54213, 21.89904, 11.95253], "size": [2, 5, 1], "pivot": [9.06994, 14.35945, 8.58716], "rotation": [25.9708, -8.4232, 2.6564], "uv": [68, 115], "mirror": true},
						{"origin": [-4.66113, 21.74972, 4.87061], "size": [2, 4, 1], "pivot": [-4.1081, 25.30419, 5.30863], "rotation": [24.3761, -4.3613, -7.9988], "uv": [118, 79], "mirror": true}
					]
				},
				{
					"name": "FLongLeftHair",
					"parent": "Hair",
					"pivot": [4.78569, 31.74251, 3.67508]
				},
				{
					"name": "MLongLeftHair",
					"parent": "FLongLeftHair",
					"pivot": [4.78569, 31.74251, 3.67508]
				},
				{
					"name": "LongLeftHair",
					"parent": "MLongLeftHair",
					"pivot": [4.78569, 31.74251, 3.67508],
					"rotation": [0, 50, 0],
					"cubes": [
						{"origin": [9.33702, 21.53615, 4.82039], "size": [1, 4, 1], "pivot": [-7.03352, 12.99348, 2.65206], "rotation": [4.4438, 3.3789, -12.6228], "uv": [38, 122]},
						{"origin": [4.13181, 26.11912, 7.4656], "size": [3, 5, 1], "pivot": [-10.23519, 15.61334, 4.93019], "rotation": [12.422, 2.1254, -2.6901], "uv": [112, 102]},
						{"origin": [5.30144, 28.95953, 2.6305], "size": [2, 5, 1], "pivot": [6.30144, 31.38453, 3.2055], "rotation": [9.9642, 10.9616, -0.7209], "uv": [58, 95]}
					]
				},
				{
					"name": "LongLeftHair2",
					"parent": "LongLeftHair",
					"pivot": [4.35337, 27.14251, 4.56001],
					"cubes": [
						{"origin": [2.64806, 24.86965, 5.17132], "size": [3, 7, 1], "pivot": [4.1081, 25.30419, 5.30863], "rotation": [31.8543, 4.986, 8.639], "uv": [34, 107]},
						{"origin": [5.54213, 21.89904, 11.95253], "size": [2, 5, 1], "pivot": [-9.06994, 14.35945, 8.58716], "rotation": [25.9708, 8.4232, -2.6564], "uv": [68, 115]},
						{"origin": [2.66113, 21.74972, 4.87061], "size": [2, 4, 1], "pivot": [4.1081, 25.30419, 5.30863], "rotation": [24.3761, 4.3613, 7.9988], "uv": [118, 79]}
					]
				},
				{
					"name": "Ear",
					"parent": "Head",
					"pivot": [-3.37089, 38.87854, -2.16927]
				},
				{
					"name": "Left_ear",
					"parent": "Ear",
					"pivot": [4.01518, 41.05579, -1.67616],
					"rotation": [175.69557, -4.83533, 115.5836],
					"cubes": [
						{"origin": [3.36634, 39.77878, -3.60052], "size": [1.275, 1.1, 4], "pivot": [4.09482, 40.71803, -2.58048], "rotation": [167.74077, 73.80435, -175.38615], "uv": [108, 21]},
						{"origin": [3.91829, 39.7432, -4.63325], "size": [1.1, 1.825, 5.475], "pivot": [4.58079, 40.6557, -1.89575], "rotation": [-86.70212, 73.36645, -75.83743], "uv": [0, 102]},
						{"origin": [3.61542, 40.20764, -3.85887], "size": [1.075, 1.1, 3.3], "pivot": [4.09482, 40.71803, -2.58048], "rotation": [-166.74452, 71.99091, -172.37418], "uv": [110, 116]},
						{"origin": [3.52678, 41.06719, -5.70836], "size": [1.275, 1, 5], "pivot": [4.09482, 40.71803, -2.58048], "rotation": [-143.81694, 77.13966, -158.67571], "uv": [64, 102]},
						{"origin": [2.93284, 41.56748, -5.24641], "size": [1.225, 1, 6.1], "pivot": [3.80976, 42.23833, -1.14608], "rotation": [16.63468, 75.49552, -5.60289], "uv": [78, 88]},
						{"origin": [2.99928, 39.32731, -4.96289], "size": [1.225, 1, 7.1], "pivot": [3.46178, 39.82731, -1.91289], "rotation": [-101.39567, 77.64667, -84.65604], "uv": [34, 81]},
						{"origin": [2.71693, 41.8268, -4.08128], "size": [1.025, 1, 3.1], "pivot": [3.02943, 42.3268, -1.53128], "rotation": [69.21155, 85.93231, 34.98354], "uv": [14, 118]},
						{"origin": [4.32509, 42.43935, -3.40141], "size": [1.025, 1, 3.1], "pivot": [4.83759, 42.93935, -1.65141], "rotation": [129.16826, 86.34408, 115.01883], "uv": [118, 18]},
						{"origin": [4.38007, 39.5248, -1.34688], "size": [1, 2, 1], "pivot": [4.38007, 40.7248, -0.84688], "rotation": [9.98663, -0.52069, -109.54549], "uv": [126, 111]},
						{"origin": [4.49198, 40.1065, -1.01625], "size": [1, 2, 1], "pivot": [4.99198, 41.1065, -0.51625], "rotation": [-4.5877, 1.89227, 46.84607], "uv": [126, 114]},
						{"origin": [1.67698, 36.83363, -1.73707], "size": [3.2, 6, 1], "pivot": [5.24904, 39.53285, -0.66214], "rotation": [5.89276, -9.10941, 53.93983], "uv": [102, 109]}
					]
				},
				{
					"name": "Right_ear",
					"parent": "Ear",
					"pivot": [-4.01518, 41.05579, -1.67616],
					"rotation": [175.69557, 4.83533, -115.5836],
					"cubes": [
						{"origin": [-4.64134, 39.77878, -3.60052], "size": [1.275, 1.1, 4], "pivot": [-4.09482, 40.71803, -2.58048], "rotation": [167.74077, -73.80435, 175.38615], "uv": [108, 21], "mirror": true},
						{"origin": [-5.01829, 39.7432, -4.63325], "size": [1.1, 1.825, 5.475], "pivot": [-4.58079, 40.6557, -1.89575], "rotation": [-86.70212, -73.36645, 75.83743], "uv": [0, 102], "mirror": true},
						{"origin": [-4.69042, 40.20764, -3.85887], "size": [1.075, 1.1, 3.3], "pivot": [-4.09482, 40.71803, -2.58048], "rotation": [-166.74452, -71.99091, 172.37418], "uv": [110, 116], "mirror": true},
						{"origin": [-4.80178, 41.06719, -5.70836], "size": [1.275, 1, 5], "pivot": [-4.09482, 40.71803, -2.58048], "rotation": [-143.81694, -77.13966, 158.67571], "uv": [64, 102], "mirror": true},
						{"origin": [-4.15784, 41.56748, -5.24641], "size": [1.225, 1, 6.1], "pivot": [-3.80976, 42.23833, -1.14608], "rotation": [16.63468, -75.49552, 5.60289], "uv": [78, 88], "mirror": true},
						{"origin": [-4.22428, 39.32731, -4.96289], "size": [1.225, 1, 7.1], "pivot": [-3.46178, 39.82731, -1.91289], "rotation": [-101.39567, -77.64667, 84.65604], "uv": [34, 81], "mirror": true},
						{"origin": [-3.74193, 41.8268, -4.08128], "size": [1.025, 1, 3.1], "pivot": [-3.02943, 42.3268, -1.53128], "rotation": [69.21155, -85.93231, -34.98354], "uv": [14, 118], "mirror": true},
						{"origin": [-5.35009, 42.43935, -3.40141], "size": [1.025, 1, 3.1], "pivot": [-4.83759, 42.93935, -1.65141], "rotation": [129.16826, -86.34408, -115.01883], "uv": [118, 18], "mirror": true},
						{"origin": [-5.38007, 39.5248, -1.34688], "size": [1, 2, 1], "pivot": [-4.38007, 40.7248, -0.84688], "rotation": [9.98663, 0.52069, 109.54549], "uv": [126, 111], "mirror": true},
						{"origin": [-5.49198, 40.1065, -1.01625], "size": [1, 2, 1], "pivot": [-4.99198, 41.1065, -0.51625], "rotation": [-4.5877, -1.89227, -46.84607], "uv": [126, 114], "mirror": true},
						{"origin": [-4.87698, 36.83363, -1.73707], "size": [3.2, 6, 1], "pivot": [-5.24904, 39.53285, -0.66214], "rotation": [5.89276, 9.10941, -53.93983], "uv": [102, 109], "mirror": true}
					]
				},
				{
					"name": "Mask",
					"parent": "Head",
					"pivot": [6.0531, 36.15785, -0.85291],
					"rotation": [0, -82.5, -7.5],
					"cubes": [
						{"origin": [5.50334, 34.49405, -1.8013], "size": [1.1, 3.3, 1.1], "pivot": [5.50334, 37.79405, -1.2513], "rotation": [-5, 0, 0], "uv": [74, 125]},
						{"origin": [3.83279, 34.46415, -1.23956], "size": [2.2, 3.3, 1.1], "pivot": [4.93279, 37.76415, -0.68956], "rotation": [-5.3191, 19.92066, -1.81693], "uv": [120, 120]},
						{"origin": [3.32338, 35.26215, -1.9496], "size": [2.1, 1.275, 2.1], "inflate": -0.5, "pivot": [4.92338, 35.89965, -0.8996], "rotation": [3.97225, 20.22023, 24.82639], "uv": [118, 93]},
						{"origin": [4.28231, 35.09602, -2.01306], "size": [1.55, 1.275, 2.1], "inflate": -0.5, "pivot": [5.05731, 35.73352, -0.96306], "rotation": [11.60971, 17.12421, 48.37164], "uv": [122, 39]},
						{"origin": [4.28231, 35.31602, -1.98556], "size": [1.77, 1.275, 2.1], "inflate": -0.5, "pivot": [5.05731, 35.95352, -0.93556], "rotation": [11.60971, 17.12421, 48.37164], "uv": [42, 122]},
						{"origin": [3.43338, 35.48215, -1.9221], "size": [1.99, 1.275, 2.1], "inflate": -0.5, "pivot": [4.92338, 36.11965, -0.8721], "rotation": [3.97225, 20.22023, 24.82639], "uv": [48, 122]},
						{"origin": [3.51588, 35.94965, -1.9221], "size": [1.715, 1.165, 2.1], "inflate": -0.5, "pivot": [4.89588, 36.03715, -0.8721], "rotation": [3.97225, 20.22023, 24.82639], "uv": [122, 53]},
						{"origin": [3.93039, 35.56358, -2.10732], "size": [1.715, 1.165, 2.1], "inflate": -0.5, "pivot": [5.31039, 35.65108, -1.05732], "rotation": [8.40224, 18.86669, 38.01627], "uv": [54, 122]},
						{"origin": [3.19148, 35.74575, -1.60249], "size": [1.5225, 1.3575, 2.1], "inflate": -0.5, "pivot": [4.13148, 36.46575, -0.55249], "rotation": [13.75252, 15.47524, 55.99529], "uv": [122, 56]},
						{"origin": [6.27437, 35.09602, -2.01306], "size": [1.55, 1.275, 2.1], "inflate": -0.5, "pivot": [7.04937, 35.73352, -0.96306], "rotation": [11.60971, -17.12421, -48.37164], "uv": [60, 122]},
						{"origin": [6.68329, 35.26215, -1.9496], "size": [2.1, 1.275, 2.1], "inflate": -0.5, "pivot": [7.18329, 35.89965, -0.8996], "rotation": [3.97225, -20.22023, -24.82639], "uv": [118, 96]},
						{"origin": [7.39269, 35.74575, -1.60249], "size": [1.5225, 1.3575, 2.1], "inflate": -0.5, "pivot": [7.97519, 36.46575, -0.55249], "rotation": [13.75252, -15.47524, -55.99529], "uv": [124, 25]},
						{"origin": [6.68329, 35.48215, -1.9221], "size": [1.99, 1.275, 2.1], "inflate": -0.5, "pivot": [7.18329, 36.11965, -0.8721], "rotation": [3.97225, -20.22023, -24.82639], "uv": [124, 28]},
						{"origin": [6.05437, 35.31602, -1.98556], "size": [1.77, 1.275, 2.1], "inflate": -0.5, "pivot": [7.04937, 35.95352, -0.93556], "rotation": [11.60971, -17.12421, -48.37164], "uv": [124, 42]},
						{"origin": [6.87579, 35.94965, -1.9221], "size": [1.715, 1.165, 2.1], "inflate": -0.5, "pivot": [7.21079, 36.03715, -0.8721], "rotation": [3.97225, -20.22023, -24.82639], "uv": [124, 45]},
						{"origin": [6.46128, 35.56358, -2.10732], "size": [1.715, 1.165, 2.1], "inflate": -0.5, "pivot": [6.79628, 35.65108, -1.05732], "rotation": [8.40224, -18.86669, -38.01627], "uv": [124, 48]},
						{"origin": [5.13699, 36.27902, -1.93243], "size": [1.15, 2.8, 1.425], "inflate": -0.3, "pivot": [6.09321, 38.44086, -0.66539], "rotation": [5.22206, 20.68502, -5.22206], "uv": [126, 117]},
						{"origin": [3.20022, 36.89161, -1.91243], "size": [3.2, 2.1, 1.275], "inflate": -0.5, "pivot": [6.09321, 38.44086, -0.66539], "rotation": [7.97532, 19.82169, 2.71994], "uv": [118, 99]},
						{"origin": [3.47522, 37.99161, -1.91243], "size": [2.595, 2.1, 1.275], "inflate": -0.5, "pivot": [6.09321, 38.44086, -0.66539], "rotation": [7.97532, 19.82169, 2.71994], "uv": [124, 59]},
						{"origin": [3.91522, 39.09161, -1.91243], "size": [1.66, 1.66, 1.275], "inflate": -0.5, "pivot": [6.09321, 38.44086, -0.66539], "rotation": [7.97532, 19.82169, 2.71994], "uv": [128, 8]},
						{"origin": [5.22813, 38.49499, -1.90493], "size": [1.15, 2.8, 1.425], "inflate": -0.3, "pivot": [6.09321, 38.44086, -0.66539], "rotation": [-0.56425, 21.29884, -21.28182], "uv": [126, 120]},
						{"origin": [3.27694, 37.57107, -1.93243], "size": [1.15, 2.8, 1.425], "inflate": -0.3, "pivot": [6.09321, 38.44086, -0.66539], "rotation": [16.29546, 13.91663, 30.82639], "uv": [16, 127]},
						{"origin": [3.22206, 37.2541, -1.90493], "size": [1.15, 1.7, 1.425], "inflate": -0.3, "pivot": [6.09321, 38.44086, -0.66539], "rotation": [11.3747, 18.1362, 13.14556], "uv": [128, 15]},
						{"origin": [3.07843, 36.10553, -1.93243], "size": [1.15, 2.8, 1.425], "inflate": -0.3, "pivot": [6.09321, 38.44086, -0.66539], "rotation": [3.31961, 21.05766, -10.55857], "uv": [36, 127]},
						{"origin": [5.82514, 36.26923, -1.90515], "size": [1.15, 2.8, 1.425], "inflate": -0.3, "pivot": [6.09321, 38.44086, -0.66539], "rotation": [5.22206, -20.68502, 5.22206], "uv": [86, 127]},
						{"origin": [5.73906, 38.46631, -1.87765], "size": [1.15, 2.8, 1.425], "inflate": -0.3, "pivot": [6.09321, 38.44086, -0.66539], "rotation": [-0.56425, -21.29884, 21.28182], "uv": [90, 127]},
						{"origin": [7.69301, 37.60567, -1.90515], "size": [1.15, 2.8, 1.425], "inflate": -0.3, "pivot": [6.09321, 38.44086, -0.66539], "rotation": [16.29546, -13.91663, -30.82639], "uv": [94, 127]},
						{"origin": [7.74056, 37.26711, -1.87765], "size": [1.15, 1.7, 1.425], "inflate": -0.3, "pivot": [6.09321, 38.44086, -0.66539], "rotation": [11.3747, -18.1362, -13.14556], "uv": [128, 35]},
						{"origin": [5.71127, 36.89161, -1.88515], "size": [3.2, 2.1, 1.275], "inflate": -0.5, "pivot": [6.09321, 38.44086, -0.66539], "rotation": [7.97532, -19.82169, -2.71994], "uv": [118, 108]},
						{"origin": [6.01377, 37.99161, -1.88515], "size": [2.6225, 2.1, 1.275], "inflate": -0.5, "pivot": [6.09321, 38.44086, -0.66539], "rotation": [7.97532, -19.82169, -2.71994], "uv": [124, 62]},
						{"origin": [6.53627, 39.09161, -1.88515], "size": [1.66, 1.66, 1.275], "inflate": -0.5, "pivot": [6.09321, 38.44086, -0.66539], "rotation": [7.97532, -19.82169, -2.71994], "uv": [128, 37]},
						{"origin": [7.88483, 36.08931, -1.90515], "size": [1.15, 2.8, 1.425], "inflate": -0.3, "pivot": [6.09321, 38.44086, -0.66539], "rotation": [3.31961, -21.05766, 10.55857], "uv": [98, 127]},
						{"origin": [3.47418, 34.33612, -1.07214], "size": [1.1, 3.3, 1.1], "pivot": [4.51918, 37.63612, -0.54964], "rotation": [-2.5651, 20.43716, 6.15536], "uv": [78, 125]},
						{"origin": [6.07389, 34.46415, -1.23956], "size": [2.2, 3.3, 1.1], "pivot": [7.17389, 37.76415, -0.68956], "rotation": [-5.3191, -19.92066, 1.81693], "uv": [0, 121]},
						{"origin": [7.53249, 34.33612, -1.07214], "size": [1.1, 3.3, 1.1], "pivot": [7.58749, 37.63612, -0.54964], "rotation": [-2.5651, -20.43716, -6.15536], "uv": [82, 125]},
						{"origin": [5.44834, 34.99638, -4.00183], "size": [1.21, 2.2, 1.32], "pivot": [5.55834, 34.28138, -3.45183], "rotation": [-77.5, 0, 0], "uv": [108, 127]},
						{"origin": [5.14084, 34.38638, -4.58433], "size": [1.825, 2.1, 1.825], "inflate": -0.5, "pivot": [5.36584, 34.28138, -3.45183], "rotation": [-82.5, 0, 0], "uv": [112, 127]},
						{"origin": [3.26998, 33.32449, -1.44984], "size": [3.135, 1.1, 1.1], "pivot": [5.30498, 34.64449, -0.81734], "rotation": [-75.27235, 31.63886, 7.85085], "uv": [86, 76]},
						{"origin": [5.7017, 33.32449, -1.44984], "size": [3.135, 1.1, 1.1], "pivot": [6.8017, 34.64449, -0.81734], "rotation": [-75.27235, -31.63886, -7.85085], "uv": [120, 16]},
						{"origin": [3.13472, 33.31187, -1.74153], "size": [2.1, 1.275, 1.165], "inflate": -0.5, "pivot": [3.63472, 34.27937, -0.69153], "rotation": [-75.27235, 31.63886, 7.85085], "uv": [86, 125]},
						{"origin": [3.16222, 33.31187, -1.21903], "size": [2.1, 1.275, 1.165], "inflate": -0.5, "pivot": [3.63472, 34.27937, -0.69153], "rotation": [-84.91304, 34.24329, -9.77531], "uv": [92, 125]},
						{"origin": [3.01041, 33.58319, -1.99639], "size": [2.1, 1.275, 1.165], "inflate": -0.5, "pivot": [4.14291, 34.63319, -1.00139], "rotation": [-67.27655, 26.78672, 24.13528], "uv": [98, 125]},
						{"origin": [6.99626, 33.58319, -1.99639], "size": [2.1, 1.275, 1.165], "inflate": -0.5, "pivot": [7.96376, 34.63319, -1.00139], "rotation": [-67.27655, -26.78672, -24.13528], "uv": [126, 11]},
						{"origin": [6.87196, 33.31187, -1.74153], "size": [2.1, 1.275, 1.165], "inflate": -0.5, "pivot": [8.47196, 34.27937, -0.69153], "rotation": [-75.27235, -31.63886, -7.85085], "uv": [126, 13]},
						{"origin": [6.84446, 33.31187, -1.21903], "size": [2.1, 1.275, 1.165], "inflate": -0.5, "pivot": [8.47196, 34.27937, -0.69153], "rotation": [-84.91304, -34.24329, 9.77531], "uv": [126, 18]},
						{"origin": [5.50334, 32.41629, -1.05842], "size": [1.1, 2.2, 1.1], "pivot": [5.50334, 31.31629, -0.50842], "rotation": [30, 0, 0], "uv": [116, 127]},
						{"origin": [4.94834, 33.01629, -1.61342], "size": [2.21, 1.275, 2.1], "inflate": -0.5, "pivot": [5.50334, 31.31629, -0.50842], "rotation": [30, 0, 0], "uv": [118, 111]},
						{"origin": [3.37906, 32.83055, -1.49198], "size": [3.3, 2.2, 1.1], "pivot": [5.13906, 33.93055, -0.74948], "rotation": [37.0045, 33.82584, 22.76048], "uv": [118, 114]},
						{"origin": [5.43656, 33.10055, -2.04698], "size": [1.275, 1.275, 2.1], "inflate": -0.5, "pivot": [5.13906, 33.93055, -0.74948], "rotation": [32.52586, 38.10985, 15.14773], "uv": [124, 65]},
						{"origin": [4.12429, 32.80534, -2.14849], "size": [2.1, 1.275, 2.1], "inflate": -0.5, "pivot": [5.33929, 33.55284, -1.09849], "rotation": [15.69891, 46.43949, -9.59009], "uv": [118, 117]},
						{"origin": [3.82271, 33.03385, -1.51426], "size": [1.825, 1.275, 2.1], "inflate": -0.5, "pivot": [4.59771, 33.69885, -0.46426], "rotation": [45.37368, 19.19793, 41.22834], "uv": [124, 79]},
						{"origin": [6.45897, 33.03385, -1.51426], "size": [1.825, 1.275, 2.1], "inflate": -0.5, "pivot": [7.50897, 33.69885, -0.46426], "rotation": [45.37368, -19.19793, -41.22834], "uv": [108, 124]},
						{"origin": [5.88239, 32.80534, -2.14849], "size": [2.1, 1.275, 2.1], "inflate": -0.5, "pivot": [6.76739, 33.55284, -1.09849], "rotation": [15.69891, -46.43949, 9.59009], "uv": [120, 5]},
						{"origin": [5.39511, 33.10055, -2.04698], "size": [1.275, 1.275, 2.1], "inflate": -0.5, "pivot": [6.96761, 33.93055, -0.74948], "rotation": [32.52586, -38.10985, -15.14773], "uv": [114, 124]},
						{"origin": [5.42761, 32.83055, -1.49198], "size": [3.3, 2.2, 1.1], "pivot": [6.96761, 33.93055, -0.74948], "rotation": [37.0045, -33.82584, -22.76048], "uv": [120, 8]}
					]
				},
				{
					"name": "LeftShoulderLocator",
					"parent": "Head",
					"pivot": [3, 41.7, 0]
				},
				{
					"name": "RightShoulderLocator",
					"parent": "Head",
					"pivot": [-3, 41.7, 0]
				},
				{
					"name": "Arm",
					"parent": "UpperBody",
					"pivot": [-0.2, 29.1, 0]
				},
				{
					"name": "LeftArm",
					"parent": "Arm",
					"pivot": [3.25, 29.1, 0],
					"rotation": [0, 0, -18],
					"cubes": [
						{"origin": [2.41827, 25.19446, -1.848], "size": [3.2, 4, 3.65], "uv": [98, 69]},
						{"origin": [3.36023, 29.23603, -1.85], "size": [3, 1.2, 3.7], "uv": [100, 17]},
						{"origin": [1.95, 23.15, -1.8], "size": [3.05, 7, 3.6], "uv": [84, 78]}
					]
				},
				{
					"name": "LeftForeArm",
					"parent": "LeftArm",
					"pivot": [3.35325, 23.58739, -0.05],
					"cubes": [
						{"origin": [2.025, 17.775, -1.775], "size": [3, 6, 3.6], "uv": [32, 89]},
						{"origin": [2.025, 14.775, -1.45], "size": [3, 3, 3], "uv": [102, 88]},
						{"origin": [0.725, 17.775, -1.775], "size": [2, 6, 3.6], "inflate": -0.005, "pivot": [3.525, 19.775, 0.325], "rotation": [0, 0, 20], "uv": [90, 98]},
						{"origin": [0.00643, 18.50472, -1.775], "size": [2, 3, 3.6], "inflate": -0.01, "pivot": [1.00643, 19.60472, 0.325], "rotation": [0, 0, 41.5], "uv": [106, 48]},
						{"origin": [0.40643, 16.90472, -1.775], "size": [2, 2, 3.6], "inflate": -0.015, "pivot": [1.00643, 19.60472, 0.025], "rotation": [0, 0, 65], "uv": [110, 5]},
						{"origin": [-1.92038, 17.28038, -1.975], "size": [2.4, 2, 4], "inflate": 0.01, "pivot": [-2.22038, 18.28038, -0.275], "rotation": [0, 0, 7.5], "uv": [12, 103]},
						{"origin": [0.17237, 17.28038, -1.975], "size": [5.4, 2, 4], "pivot": [2.87237, 18.28038, 0.325], "rotation": [0, 0, -7.5], "uv": [82, 15]}
					]
				},
				{
					"name": "LeftHand",
					"parent": "LeftForeArm",
					"pivot": [3.525, 16.275, 0.05],
					"cubes": [
						{"origin": [3.025, 15.775, -0.45], "size": [1, 1, 1], "uv": [124, 128]}
					]
				},
				{
					"name": "LeftHandLocator",
					"parent": "LeftHand",
					"pivot": [3.525, 16.275, 0.05]
				},
				{
					"name": "LeftWaistLocator",
					"parent": "LeftHand",
					"pivot": [3.525, 16.275, 0.05]
				},
				{
					"name": "SheathLocator",
					"parent": "LeftHand",
					"pivot": [3.525, 16.275, 0.05]
				},
				{
					"name": "RightArm",
					"parent": "Arm",
					"pivot": [-3.25, 29.1, 0],
					"rotation": [0, 0, 18],
					"cubes": [
						{"origin": [-5.61827, 25.19446, -1.848], "size": [3.2, 4, 3.65], "uv": [98, 69], "mirror": true},
						{"origin": [-6.36023, 29.23603, -1.85], "size": [3, 1.2, 3.7], "uv": [100, 17], "mirror": true},
						{"origin": [-5, 23.15, -1.8], "size": [3.05, 7, 3.6], "uv": [84, 78], "mirror": true}
					]
				},
				{
					"name": "RightForeArm",
					"parent": "RightArm",
					"pivot": [-3.35325, 23.58739, -0.05],
					"cubes": [
						{"origin": [-5.025, 17.775, -1.775], "size": [3, 6, 3.6], "uv": [32, 89], "mirror": true},
						{"origin": [-5.025, 14.775, -1.45], "size": [3, 3, 3], "uv": [102, 88], "mirror": true},
						{"origin": [-2.00643, 18.50472, -1.775], "size": [2, 3, 3.6], "inflate": -0.01, "pivot": [-1.00643, 19.60472, 0.325], "rotation": [0, 0, -41.5], "uv": [106, 48], "mirror": true},
						{"origin": [-2.40643, 16.90472, -1.775], "size": [2, 2, 3.6], "inflate": -0.015, "pivot": [-1.00643, 19.60472, 0.025], "rotation": [0, 0, -65], "uv": [110, 5], "mirror": true},
						{"origin": [-0.47962, 17.28038, -1.975], "size": [2.4, 2, 4], "inflate": 0.01, "pivot": [2.22038, 18.28038, -0.275], "rotation": [0, 0, -7.5], "uv": [12, 103], "mirror": true},
						{"origin": [-5.57237, 17.28038, -1.975], "size": [5.4, 2, 4], "pivot": [-2.87237, 18.28038, 0.325], "rotation": [0, 0, 7.5], "uv": [82, 15], "mirror": true}
					]
				},
				{
					"name": "RightHand",
					"parent": "RightForeArm",
					"pivot": [-3.525, 16.275, 0.05],
					"cubes": [
						{"origin": [-4.025, 15.775, -0.45], "size": [1, 1, 1], "uv": [124, 128], "mirror": true}
					]
				},
				{
					"name": "RightHandLocator",
					"parent": "RightHand",
					"pivot": [-3.525, 16.275, 0.05]
				},
				{
					"name": "BladeLocator",
					"parent": "RightHand",
					"pivot": [-3.525, 16.275, 0.05]
				},
				{
					"name": "Elytra",
					"parent": "UpperBody",
					"pivot": [0, 30.9644, 3]
				},
				{
					"name": "ElytraLocator",
					"parent": "Elytra",
					"pivot": [0, 30.9644, 3]
				},
				{
					"name": "RifleLocator",
					"parent": "UpperBody",
					"pivot": [0, 25.15, 2.3],
					"rotation": [0, 0, 45]
				},
				{
					"name": "PistolLocator",
					"parent": "UpperBody",
					"pivot": [-4, 22.75, -0.6],
					"rotation": [-30, 0, 0]
				},
				{
					"name": "RightWaistLocator",
					"parent": "UpperBody",
					"pivot": [-4, 21, 0],
					"rotation": [-5, 0, 0]
				},
				{
					"name": "BackpackLocator",
					"parent": "UpperBody",
					"pivot": [0, 29, 0]
				},
				{
					"name": "clothe",
					"parent": "UpBody",
					"pivot": [0, 22.825, -0.075]
				},
				{
					"name": "LeftClothe",
					"parent": "clothe",
					"pivot": [3.1, 22.63735, -0.06085],
					"rotation": [0, 0, 7.5]
				},
				{
					"name": "LF",
					"parent": "LeftClothe",
					"pivot": [3.2195, 22.71147, -1.5592],
					"cubes": [
						{"origin": [2.45081, 18.78662, -1.07379], "size": [2.35, 3, 1], "pivot": [3.57046, 21.85997, -0.9879], "rotation": [-90, -77, 75], "uv": [6, 121]}
					]
				},
				{
					"name": "LF2",
					"parent": "LF",
					"pivot": [4.1195, 18.71147, -1.5592],
					"cubes": [
						{"origin": [2.84042, 11.86836, -1.92966], "size": [2.35, 7, 1], "pivot": [4.1195, 18.71147, -1.5592], "rotation": [-90, -77, 75], "uv": [0, 113]}
					]
				},
				{
					"name": "LF3",
					"parent": "LF2",
					"pivot": [6.1195, 12.31147, -2.7592]
				},
				{
					"name": "LB",
					"parent": "LeftClothe",
					"pivot": [3.41804, 22.74228, 1.51541],
					"cubes": [
						{"origin": [2.41525, 18.75182, 0.09967], "size": [2.35, 3, 1], "pivot": [3.55663, 21.73106, 0.9879], "rotation": [90, 77, 75], "uv": [68, 121]}
					]
				},
				{
					"name": "LB2",
					"parent": "LB",
					"pivot": [4.1195, 18.95947, 1.9592],
					"cubes": [
						{"origin": [3.3508, 11.96734, 1.08634], "size": [2.35, 7, 1], "pivot": [4.21755, 19.02522, 1.91265], "rotation": [90, 77, 75], "uv": [74, 113]}
					]
				},
				{
					"name": "LB3",
					"parent": "LB2",
					"pivot": [6.0195, 12.35947, 3.1592]
				},
				{
					"name": "LM",
					"parent": "LeftClothe",
					"pivot": [3.39551, 23.006, 0],
					"cubes": [
						{"origin": [1.3235, 18.79933, -0.08236], "size": [4.25, 4, 1], "pivot": [3.4485, 22.73118, 0], "rotation": [0, -90, -15], "uv": [110, 69]}
					]
				},
				{
					"name": "LM2",
					"parent": "LM",
					"pivot": [4.29551, 18.906, 0],
					"cubes": [
						{"origin": [2.24701, 11.91185, -0.05121], "size": [4.25, 7, 1], "pivot": [4.37201, 19.01859, 0], "rotation": [0, -90, -15], "uv": [24, 103]}
					]
				},
				{
					"name": "LM3",
					"parent": "LM2",
					"pivot": [6.19551, 12.106, 0]
				},
				{
					"name": "RightClothe",
					"parent": "clothe",
					"pivot": [-3.3, 22.7854, -0.0608],
					"rotation": [0, 0, -7.5]
				},
				{
					"name": "RM",
					"parent": "RightClothe",
					"pivot": [-3.09551, 23.006, 0],
					"cubes": [
						{"origin": [-5.5735, 18.80615, 0.0694], "size": [4.25, 4, 1], "pivot": [-3.4485, 22.93118, 0], "rotation": [0, 90, 15], "uv": [110, 74]}
					]
				},
				{
					"name": "RM2",
					"parent": "RM",
					"pivot": [-4.29551, 19.006, 0],
					"cubes": [
						{"origin": [-6.49701, 11.91185, -0.05121], "size": [4.25, 7, 1], "pivot": [-4.37201, 19.01859, 0], "rotation": [0, 90, 15], "uv": [24, 103], "mirror": true}
					]
				},
				{
					"name": "RM3",
					"parent": "RM2",
					"pivot": [-6.19551, 12.106, 0]
				},
				{
					"name": "RB",
					"parent": "RightClothe",
					"pivot": [-3.40361, 22.60524, 1.39998],
					"cubes": [
						{"origin": [-4.88441, 18.7802, 0.17379], "size": [2.35, 3, 1], "pivot": [-3.55663, 21.83106, 1.0879], "rotation": [90, -77, -75], "uv": [74, 121]}
					]
				},
				{
					"name": "RB2",
					"parent": "RB",
					"pivot": [-4.20361, 19.00524, 1.89998],
					"cubes": [
						{"origin": [-5.58164, 11.93896, 1.01222], "size": [2.35, 7, 1], "pivot": [-4.21755, 18.92522, 1.81265], "rotation": [90, -77, -75], "uv": [80, 113]}
					]
				},
				{
					"name": "RB3",
					"parent": "RB2",
					"pivot": [-5.60361, 12.20524, 2.99998]
				},
				{
					"name": "RF",
					"parent": "RightClothe",
					"pivot": [-3.32145, 22.8684, -1.61541],
					"cubes": [
						{"origin": [-4.76865, 18.77794, -1.09967], "size": [2.35, 3, 1], "pivot": [-3.56003, 21.75718, -0.9879], "rotation": [-90, 77, -75], "uv": [80, 121]}
					]
				},
				{
					"name": "RF2",
					"parent": "RF",
					"pivot": [-4.32096, 18.85133, -1.71265],
					"cubes": [
						{"origin": [-5.07287, 11.84944, -1.34151], "size": [2.35, 7, 1], "pivot": [-4.32096, 18.85133, -1.21265], "rotation": [-90, 77, -75], "uv": [114, 10]}
					]
				},
				{
					"name": "RF3",
					"parent": "RF2",
					"pivot": [-6.10798, 12.2749, -2.84988]
				},
				{
					"name": "BackClothe",
					"parent": "clothe",
					"pivot": [-0.00579, 22.55165, 2.40762],
					"rotation": [-1.25, 0, 0]
				},
				{
					"name": "BR",
					"parent": "BackClothe",
					"pivot": [-2.39855, 22.61213, 2.45638],
					"cubes": [
						{"origin": [-2.89454, 16.76504, 1.42664], "size": [3, 6, 1], "pivot": [-1.74349, 22.74401, 2.1545], "rotation": [14.78217, -2.57594, 9.6658], "uv": [110, 79]}
					]
				},
				{
					"name": "BR2",
					"parent": "BR",
					"pivot": [-2.94602, 17.06411, 3.73579],
					"cubes": [
						{"origin": [-3.9348, 12.16883, 2.93886], "size": [3, 5, 1], "pivot": [-3.29855, 17.11213, 3.75638], "rotation": [14.78217, -2.57594, 9.6658], "uv": [114, 32]}
					]
				},
				{
					"name": "BR3",
					"parent": "BR2",
					"pivot": [-3.54602, 12.46411, 4.93579]
				},
				{
					"name": "BL",
					"parent": "BackClothe",
					"pivot": [2.68119, 23.21373, 2.45504],
					"cubes": [
						{"origin": [-0.12282, 16.86664, 1.4253], "size": [3, 6, 1], "pivot": [1.72612, 22.84561, 2.15316], "rotation": [14.78217, 2.57594, -9.6658], "uv": [110, 109]}
					]
				},
				{
					"name": "BL2",
					"parent": "BL",
					"pivot": [2.52866, 16.96571, 3.73445],
					"cubes": [
						{"origin": [0.90839, 12.19284, 2.93412], "size": [3, 5, 1], "pivot": [2.98119, 17.21373, 3.65504], "rotation": [14.78217, 2.57594, -9.6658], "uv": [114, 38]}
					]
				},
				{
					"name": "BL3",
					"parent": "BL2",
					"pivot": [3.62866, 12.36571, 4.93445]
				},
				{
					"name": "BM",
					"parent": "BackClothe",
					"pivot": [0, 22.65066, 2.4071],
					"cubes": [
						{"origin": [-1.5, 16.91811, 1.43904], "size": [3, 6, 1], "pivot": [0, 22.87585, 2.36009], "rotation": [15, 0, 0], "uv": [18, 111]}
					]
				},
				{
					"name": "BM2",
					"parent": "BM",
					"pivot": [0, 17.06326, 3.78359],
					"cubes": [
						{"origin": [-2.5, 12.0626, 2.98855], "size": [5, 5, 1], "pivot": [0, 17.06326, 3.68359], "rotation": [15, 0, 0], "uv": [104, 26]}
					]
				},
				{
					"name": "BM3",
					"parent": "BM2",
					"pivot": [0, 12.15066, 5.1071]
				},
				{
					"name": "FrontClothe",
					"parent": "clothe",
					"pivot": [-0.03125, 23.25833, -2.16982],
					"rotation": [1.25, 0, 0]
				},
				{
					"name": "FL",
					"parent": "FrontClothe",
					"pivot": [2.14552, 22.66002, -1.94472],
					"cubes": [
						{"origin": [0.49922, 18.78914, -2.14615], "size": [3, 4, 1], "pivot": [2.14552, 22.66002, -1.94472], "rotation": [-14.87739, -1.93597, -7.24721], "uv": [86, 115]}
					]
				},
				{
					"name": "FL1",
					"parent": "FL",
					"pivot": [2.96256, 19.00548, -2.75267],
					"cubes": [
						{"origin": [0.99426, 11.94838, -3.11954], "size": [3, 7, 1], "pivot": [2.96256, 19.00548, -2.75267], "rotation": [-14.87739, -1.93597, -7.24721], "uv": [42, 107]}
					]
				},
				{
					"name": "FL2",
					"parent": "FL1",
					"pivot": [4.17618, 12.30138, -4.54711]
				},
				{
					"name": "FR",
					"parent": "FrontClothe",
					"pivot": [-2.86342, 22.99288, -2.15605],
					"cubes": [
						{"origin": [-3.41606, 18.82362, -2.17544], "size": [3, 4, 1], "pivot": [-2.24552, 22.56002, -2.04472], "rotation": [-14.87739, 1.93597, 7.24721], "uv": [6, 116]}
					]
				},
				{
					"name": "FR1",
					"parent": "FR",
					"pivot": [-2.87703, 18.98877, -2.65048],
					"cubes": [
						{"origin": [-3.89849, 11.96143, -3.12633], "size": [3, 7, 1], "pivot": [-2.86342, 18.99288, -2.85605], "rotation": [-14.87739, 1.93597, 7.24721], "uv": [50, 107]}
					]
				},
				{
					"name": "FR2",
					"parent": "FR1",
					"pivot": [-3.87703, 12.28877, -4.45048]
				},
				{
					"name": "FM",
					"parent": "FrontClothe",
					"pivot": [0, 22.74926, -2.3029],
					"cubes": [
						{"origin": [-1.5, 18.8099, -2.1866], "size": [3, 4, 1], "pivot": [0, 22.57444, -2.05589], "rotation": [-15, 0, 0], "uv": [116, 26]}
					]
				},
				{
					"name": "FM1",
					"parent": "FM",
					"pivot": [0, 18.96185, -2.97939],
					"cubes": [
						{"origin": [-2.5, 11.92923, -3.1272], "size": [5, 7, 1], "pivot": [0, 19.06185, -2.97939], "rotation": [-15, 0, 0], "uv": [64, 94]}
					]
				},
				{
					"name": "FM2",
					"parent": "FM1",
					"pivot": [0, 12.14926, -4.6029]
				},
				{
					"name": "FFM",
					"parent": "FrontClothe",
					"pivot": [0.20405, 22.95281, -2.00646]
				},
				{
					"name": "FFM2",
					"parent": "FFM",
					"pivot": [2.08876, 22.97445, -2.47211],
					"cubes": [
						{"origin": [0.97967, 18.75725, -2.793], "size": [2, 4, 1], "pivot": [2.31142, 22.66901, -2.56061], "rotation": [-14.90788, -1.67896, -6.28032], "uv": [120, 102]}
					]
				},
				{
					"name": "FFM2_1",
					"parent": "FFM2",
					"pivot": [2.88876, 18.97445, -3.47211],
					"cubes": [
						{"origin": [1.41407, 12.70818, -3.78028], "size": [2, 6.2, 1], "pivot": [2.88876, 18.97445, -3.47211], "rotation": [-14.90788, -1.67896, -6.28032], "uv": [26, 111]}
					]
				},
				{
					"name": "FFM1",
					"parent": "FFM",
					"pivot": [-0.1, 23.49593, -2.26321],
					"cubes": [
						{"origin": [-2.2, 18.70587, -2.79421], "size": [4, 4, 1], "pivot": [-0.2, 22.71537, -2.52207], "rotation": [-15, 0, 0], "uv": [112, 0]}
					]
				},
				{
					"name": "FFM1_1",
					"parent": "FFM1",
					"pivot": [0.2, 18.99593, -3.66321],
					"cubes": [
						{"origin": [-2.2, 12.69944, -3.82267], "size": [5, 6.2, 1], "pivot": [0.3, 18.90619, -3.77145], "rotation": [-15, 0, 0], "uv": [92, 26]},
						{"origin": [-2.9, 13.42935, -4.20935], "size": [4, 3, 1], "pivot": [-0.9, 16.39593, -4.16321], "rotation": [-15, 0, 0], "uv": [76, 107]}
					]
				},
				{
					"name": "FFM3",
					"parent": "FFM",
					"pivot": [-2.092, 22.73128, -2.42383],
					"cubes": [
						{"origin": [-3.13593, 18.19514, -2.52173], "size": [3, 4.4, 1], "pivot": [-2.092, 22.63128, -2.42383], "rotation": [-14.90788, 1.67896, 6.28032], "uv": [116, 44]}
					]
				},
				{
					"name": "FFM3_1",
					"parent": "FFM3",
					"pivot": [-2.53726, 18.36089, -3.38962],
					"cubes": [
						{"origin": [-3.63404, 13.32188, -3.6599], "size": [3, 5, 1], "pivot": [-2.53726, 18.36089, -3.38962], "rotation": [-14.90788, 1.67896, 6.28032], "uv": [86, 107]}
					]
				},
				{
					"name": "DownBody",
					"parent": "AllBody",
					"pivot": [0, 19.7, 0]
				},
				{
					"name": "LeftLeg",
					"parent": "DownBody",
					"pivot": [2.4, 18.95, 0],
					"cubes": [
						{"origin": [0.375, 10.7, -2], "size": [3.4, 9, 4], "uv": [68, 58]},
						{"origin": [0.5, 9.75, -1.325], "size": [3.175, 2, 2], "pivot": [-0.4, 10.75, -0.325], "rotation": [30, 0, 0], "uv": [102, 94]}
					]
				},
				{
					"name": "LeftLowerLeg",
					"parent": "LeftLeg",
					"pivot": [2.2, 11.25, 0.2],
					"cubes": [
						{"origin": [0.4, 3.55, -1.9], "size": [3.35, 8, 4], "uv": [78, 31]},
						{"origin": [0.25, 2.875, -1.925], "size": [3.625, 3.1, 4.075], "uv": [92, 35]}
					]
				},
				{
					"name": "LeftFoot",
					"parent": "LeftLowerLeg",
					"pivot": [2.0875, 2.55, -0.8625],
					"cubes": [
						{"origin": [0.25, 0.875, -3.9], "size": [3.675, 2, 6.075], "uv": [78, 7]},
						{"origin": [0.35, 0.875, -0.1], "size": [3.475, 3.2, 2.175], "uv": [112, 54]},
						{"origin": [0.1, 0.1, -4.2], "size": [4, 1.175, 3.875], "uv": [52, 43]},
						{"origin": [0.325, 1.30811, -3.78138], "size": [3.525, 2, 4.075], "pivot": [-0.1, 2.80811, -2.74388], "rotation": [22.5, 0, 0], "uv": [92, 48]},
						{"origin": [0.1, 0.1, 0.675], "size": [4, 1, 2.05], "uv": [38, 65]},
						{"origin": [0.1, 0.625, -4.1], "size": [4.005, 3, 6.875], "pivot": [2.0875, 0.43125, -0.29375], "rotation": [5, 0, 0], "uv": [155, 92]}
					]
				},
				{
					"name": "RightLeg",
					"parent": "DownBody",
					"pivot": [-2.4, 18.95, 0],
					"cubes": [
						{"origin": [-3.775, 10.7, -2], "size": [3.4, 9, 4], "uv": [68, 58], "mirror": true},
						{"origin": [-3.675, 9.75, -1.325], "size": [3.175, 2, 2], "pivot": [0.4, 10.75, -0.325], "rotation": [30, 0, 0], "uv": [102, 94], "mirror": true}
					]
				},
				{
					"name": "RightLowerLeg",
					"parent": "RightLeg",
					"pivot": [-2.2, 11.25, 0.2],
					"cubes": [
						{"origin": [-3.75, 3.55, -1.9], "size": [3.35, 8, 4], "uv": [78, 31], "mirror": true},
						{"origin": [-3.875, 2.875, -1.925], "size": [3.625, 3.1, 4.075], "uv": [92, 35], "mirror": true}
					]
				},
				{
					"name": "RightFoot",
					"parent": "RightLowerLeg",
					"pivot": [-2.0875, 2.55, -0.8625],
					"cubes": [
						{"origin": [-3.925, 0.875, -3.9], "size": [3.675, 2, 6.075], "uv": [78, 7], "mirror": true},
						{"origin": [-3.825, 0.875, -0.1], "size": [3.475, 3.2, 2.175], "uv": [112, 54], "mirror": true},
						{"origin": [-4.1, 0.1, -4.2], "size": [4, 1.175, 3.875], "uv": [52, 43], "mirror": true},
						{"origin": [-3.85, 1.30811, -3.78138], "size": [3.525, 2, 4.075], "pivot": [0.1, 2.80811, -2.74388], "rotation": [22.5, 0, 0], "uv": [92, 48], "mirror": true},
						{"origin": [-4.1, 0.1, 0.675], "size": [4, 1, 2.05], "uv": [38, 65], "mirror": true},
						{"origin": [-4.105, 0.625, -4.1], "size": [4.005, 3, 6.875], "pivot": [-2.0875, 0.43125, -0.29375], "rotation": [5, 0, 0], "uv": [155, 92], "mirror": true}
					]
				},
				{
					"name": "FOX",
					"parent": "Root",
					"pivot": [0, 0, 0]
				},
				{
					"name": "AllBody2",
					"parent": "FOX",
					"pivot": [0, 12, 0]
				},
				{
					"name": "UpBody2",
					"parent": "AllBody2",
					"pivot": [0, 12, 0]
				},
				{
					"name": "UpperBody2",
					"parent": "UpBody2",
					"pivot": [0, 12, 0]
				},
				{
					"name": "AllHead2",
					"parent": "UpperBody2",
					"pivot": [0, 11.25, -7.5]
				},
				{
					"name": "Head2",
					"parent": "AllHead2",
					"pivot": [0, 10.5, -7.5],
					"cubes": [
						{"origin": [-4.45, 8.25, -15], "size": [8.9, 6, 6], "inflate": 1.5, "uv": [185, 19]}
					]
				},
				{
					"name": "Ear2",
					"parent": "Head2",
					"pivot": [0, 15.75, -14.25]
				},
				{
					"name": "RightEar",
					"parent": "Ear2",
					"pivot": [-4.5, 15.75, -14.25],
					"cubes": [
						{"origin": [-5.65, 16.05, -14.7], "size": [2.4, 2.4, 1], "inflate": 0.3, "uv": [197, 5]}
					]
				},
				{
					"name": "LeftEar",
					"parent": "Ear2",
					"pivot": [4.5, 15.75, -14.25],
					"cubes": [
						{"origin": [3.25, 16.05, -14.7], "size": [2.4, 2.4, 1], "inflate": 0.3, "uv": [195, 15]}
					]
				},
				{
					"name": "zui",
					"parent": "Head2",
					"pivot": [0, 8.25, -16.5],
					"cubes": [
						{"origin": [-2.5, 7.2, -20.525], "size": [5, 2.1, 3.5], "inflate": 0.5, "uv": [189, 0]}
					]
				},
				{
					"name": "LeftHand2",
					"parent": "zui",
					"pivot": [1.5, 8.25, -19.5],
					"rotation": [-90, 0, 90]
				},
				{
					"name": "LeftHandLocator2",
					"parent": "LeftHand2",
					"pivot": [1.5, 8.25, -19.5]
				},
				{
					"name": "RightHand2",
					"parent": "zui",
					"pivot": [-1.5, 8.25, -19.5],
					"rotation": [90, 0, 90]
				},
				{
					"name": "RightHandLocator2",
					"parent": "RightHand2",
					"pivot": [-1.5, 8.25, -19.5]
				},
				{
					"name": "Arm2",
					"parent": "UpperBody2",
					"pivot": [0, 9, -4.5]
				},
				{
					"name": "RightArm2",
					"parent": "Arm2",
					"pivot": [-3, 9, -4.5],
					"cubes": [
						{"origin": [-3.685, 0.6, -6], "size": [2, 8, 2], "inflate": 0.5, "uv": [173, 37], "mirror": true}
					]
				},
				{
					"name": "LeftArm2",
					"parent": "Arm2",
					"pivot": [3, 9, -4.5],
					"cubes": [
						{"origin": [1.685, 0.6, -6], "size": [2, 8, 2], "inflate": 0.5, "uv": [173, 37]}
					]
				},
				{
					"name": "Body",
					"parent": "UpperBody2",
					"pivot": [0, 12, 0.75],
					"cubes": [
						{"origin": [-3, 9, -6], "size": [6, 6, 13.5], "inflate": 1.5, "uv": [151, 0]},
						{"origin": [-5, 7.2, -6.8], "size": [10, 9.5, 1.6], "uv": [151, 37]},
						{"origin": [-5.3, 6.7625, -5.55], "size": [10.6, 10.4, 1], "inflate": -0.2, "uv": [185, 31]},
						{"origin": [-5.3, 6.7625, -7.55], "size": [10.6, 10.4, 1], "inflate": -0.2, "uv": [185, 31]}
					]
				},
				{
					"name": "bow2",
					"parent": "Body",
					"pivot": [0, 17.77266, -5.9625],
					"rotation": [-90, 180, 0],
					"cubes": [
						{"origin": [-1.125, 16.64766, -6.7125], "size": [2.25, 2.25, 1.5], "uv": [189, 15]}
					]
				},
				{
					"name": "bowR3",
					"parent": "bow2",
					"pivot": [19.84806, 17.66562, -5.96839],
					"rotation": [0, 4, 0],
					"cubes": [
						{"origin": [-0.37119, 28.82034, -6.21993], "size": [3.45, 1.8, 1.5], "pivot": [19.99806, 17.21562, -5.96839], "rotation": [2.11751, -4.53051, -35.58377], "uv": [189, 11]},
						{"origin": [-4.28611, 20.55875, -6.26315], "size": [3.6, 2.25, 1.5], "pivot": [19.84806, 17.66562, -5.96839], "rotation": [0, -5, -10.5], "uv": [189, 5]}
					]
				},
				{
					"name": "bowL3",
					"parent": "bow2",
					"pivot": [22.15194, 17.36562, -5.96839],
					"rotation": [0, -5, 0],
					"cubes": [
						{"origin": [1.36921, 12.89061, -6.58746], "size": [3.6, 2.25, 1.5], "pivot": [22.35098, 17.55463, -5.99653], "rotation": [0, 5, 10.5], "uv": [189, 8]},
						{"origin": [4.83215, 4.39274, -6.5358], "size": [3.45, 1.8, 1.5], "pivot": [22.15194, 17.36562, -5.96839], "rotation": [2.11751, 4.53051, 35.58377], "uv": [189, 13]}
					]
				},
				{
					"name": "bowL4",
					"parent": "bow2",
					"pivot": [22.12253, 16.41512, -5.65209],
					"rotation": [20.97372, 1.07468, -2.80107],
					"cubes": [
						{"origin": [0.57051, 16.80056, -5.77038], "size": [1.5, 3.75, 1.5], "pivot": [21.97253, 16.56511, -5.80209], "rotation": [-21.88223, -4.08471, -5.25655], "uv": [197, 8]},
						{"origin": [1.27967, 20.0327, -5.61021], "size": [1.5, 3.75, 1.5], "pivot": [22.72253, 16.86512, -5.65209], "rotation": [-21.09913, -7.20371, -13.20321], "uv": [197, 42]}
					]
				},
				{
					"name": "bowL5",
					"parent": "bowL4",
					"pivot": [22.57253, 13.56511, -6.70209],
					"cubes": [
						{"origin": [0.9108, 12.5511, -6.89973], "size": [1.5, 4.5, 1.5], "pivot": [22.72253, 13.71512, -6.85209], "rotation": [-21.88223, -4.08471, -5.25655], "uv": [189, 42]},
						{"origin": [2.12514, 15.58637, -6.87648], "size": [1.5, 4.5, 1.5], "pivot": [22.72253, 13.71512, -6.70209], "rotation": [-21.09913, -7.20371, -13.20321], "uv": [193, 42]}
					]
				},
				{
					"name": "bowR4",
					"parent": "bow2",
					"pivot": [20.02748, 16.56511, -5.91459],
					"rotation": [21.8831, -9.14577, 7.38562],
					"cubes": [
						{"origin": [-0.73186, 6.01031, -5.70007], "size": [1.5, 5.25, 1.5], "pivot": [19.72748, 16.71511, -5.91459], "rotation": [-18.4536, 11.31542, 9.17364], "uv": [181, 37]},
						{"origin": [-1.3756, 9.06807, -5.77597], "size": [1.5, 5.1, 1.5], "pivot": [19.87748, 16.56511, -5.91459], "rotation": [-19.86021, 8.52131, 1.02311], "uv": [185, 42]}
					]
				},
				{
					"name": "bowR5",
					"parent": "bowR4",
					"pivot": [19.27748, 13.26512, -6.51459],
					"cubes": [
						{"origin": [-1.58026, 4.88657, -6.85357], "size": [1.5, 4.35, 1.5], "pivot": [19.63418, 13.5252, -6.91507], "rotation": [-19.86021, 8.52131, 1.02311], "uv": [181, 43]},
						{"origin": [-1.41291, 3.10253, -6.82248], "size": [1.5, 3, 1.5], "pivot": [18.97748, 13.26512, -6.51459], "rotation": [-18.4536, 11.31542, 9.17364], "uv": [197, 46]}
					]
				},
				{
					"name": "DownBody2",
					"parent": "AllBody2",
					"pivot": [0, 12, 9]
				},
				{
					"name": "wb",
					"parent": "DownBody2",
					"pivot": [0, 12, 9],
					"cubes": [
						{"origin": [-2.5, 9.125, 9.6], "size": [5, 6.5, 12.4], "inflate": 0.5, "uv": [151, 19]}
					]
				},
				{
					"name": "Leg",
					"parent": "DownBody2",
					"pivot": [0, 9, 6]
				},
				{
					"name": "LeftLeg2",
					"parent": "Leg",
					"pivot": [3, 9, 6],
					"cubes": [
						{"origin": [1.685, 0.6, 5], "size": [2, 8, 2], "inflate": 0.5, "uv": [173, 37]}
					]
				},
				{
					"name": "RightLeg2",
					"parent": "Leg",
					"pivot": [-3, 9, 6],
					"cubes": [
						{"origin": [-3.685, 0.6, 5], "size": [2, 8, 2], "inflate": 0.5, "uv": [173, 37], "mirror": true}
					]
				},
				{
					"name": "gui",
					"pivot": [0, 0, 0]
				},
				{
					"name": "hong",
					"parent": "gui",
					"pivot": [0, 2.5, -0.5],
					"cubes": [
						{"origin": [-3, 0, -1], "size": [6, 5, 1], "uv": [44, 95]}
					]
				},
				{
					"name": "lan4",
					"parent": "gui",
					"pivot": [0, 2.5, -0.5],
					"cubes": [
						{"origin": [-3, 0, -1], "size": [6, 5, 1], "uv": [76, 95]}
					]
				},
				{
					"name": "lan3",
					"parent": "gui",
					"pivot": [0, 2.5, -0.5],
					"cubes": [
						{"origin": [-3, 0, -1], "size": [6, 5, 1], "uv": [96, 6]}
					]
				},
				{
					"name": "lan2",
					"parent": "gui",
					"pivot": [0, 2.5, -0.5],
					"cubes": [
						{"origin": [-3, 0, -1], "size": [6, 5, 1], "uv": [96, 76]}
					]
				},
				{
					"name": "lan",
					"parent": "gui",
					"pivot": [0, 2.5, -0.5],
					"cubes": [
						{"origin": [-3, 0, -1], "size": [6, 5, 1], "uv": [96, 82]}
					]
				},
				{
					"name": "bai",
					"parent": "gui",
					"pivot": [0, 2.5, 0],
					"cubes": [
						{"origin": [-3.5, 0, -1], "size": [7, 5, 2], "uv": [0, 80]}
					]
				},
				{
					"name": "molang",
					"pivot": [0, 0, 0]
				},
				{
					"name": "molang2",
					"pivot": [0, 0, 0]
				},
				{
					"name": "molang3",
					"pivot": [0, 0, 0]
				}
			]
		}
	]
}