{
	"format_version": "1.12.0",
	"minecraft:geometry": [
		{
			"description": {
				"identifier": "geometry.unknown",
				"texture_width": 128,
				"texture_height": 128,
				"visible_bounds_width": 4,
				"visible_bounds_height": 4.5,
				"visible_bounds_offset": [0, 1.75, 0]
			},
			"bones": [
				{
					"name": "Root",
					"pivot": [0, 0, 0]
				},
				{
					"name": "AllBody",
					"parent": "Root",
					"pivot": [0, 20, 0]
				},
				{
					"name": "UpBody",
					"parent": "AllBody",
					"pivot": [0, 31.75, 0],
					"cubes": [
						{
							"origin": [-3, 38.325, -3.65],
							"size": [5, 1.25, 6.45],
							"inflate": 0.01,
							"uv": {
								"north": {"uv": [89, 61], "uv_size": [5, 1.25]},
								"east": {"uv": [85, 41], "uv_size": [6.5, 1.25]},
								"south": {"uv": [89, 78], "uv_size": [5, 1.25]},
								"west": {"uv": [85, 44], "uv_size": [6.5, 1.25]},
								"up": {"uv": [33, 35], "uv_size": [5, 6.5]},
								"down": {"uv": [0, 42.5], "uv_size": [5, -6.5]}
							}
						},
						{
							"origin": [-5, 55.825, -28.15],
							"size": [9.25, 1.25, 8.95],
							"inflate": 0.01,
							"pivot": [0, 25.25, -25.25],
							"rotation": [-67.5, 0, 0],
							"uv": {
								"north": {"uv": [79, 12], "uv_size": [9.25, 1.25]},
								"east": {"uv": [58, 82], "uv_size": [9, 1.25]},
								"south": {"uv": [81, 35], "uv_size": [9.25, 1.25]},
								"west": {"uv": [82, 58], "uv_size": [9, 1.25]},
								"up": {"uv": [0, 0], "uv_size": [9.25, 9]},
								"down": {"uv": [0, 19], "uv_size": [9.25, -9]}
							}
						},
						{
							"origin": [-17.5, 40.825, -3.65],
							"size": [8, 1.75, 6.45],
							"inflate": 0.01,
							"pivot": [-16.5, 10.25, 0],
							"rotation": [0, 0, 22.5],
							"uv": {
								"north": {"uv": [77, 69], "uv_size": [8, 1.75]},
								"east": {"uv": [81, 80], "uv_size": [6.5, 1.75]},
								"south": {"uv": [77, 72], "uv_size": [8, 1.75]},
								"west": {"uv": [82, 47], "uv_size": [6.5, 1.75]},
								"up": {"uv": [13, 23], "uv_size": [8, 6.5]},
								"down": {"uv": [22, 29.5], "uv_size": [8, -6.5]}
							}
						},
						{
							"origin": [11.75, 40.825, -3.65],
							"size": [5.5, 2.25, 6.45],
							"inflate": 0.01,
							"pivot": [16.75, 10.25, 0],
							"rotation": [0, 0, -22.5],
							"uv": {
								"north": {"uv": [46, 80], "uv_size": [5.5, 2.25]},
								"east": {"uv": [77, 31], "uv_size": [6.5, 2.25]},
								"south": {"uv": [69, 80], "uv_size": [5.5, 2.25]},
								"west": {"uv": [77, 39], "uv_size": [6.5, 2.25]},
								"up": {"uv": [31, 22], "uv_size": [5.5, 6.5]},
								"down": {"uv": [26, 37.5], "uv_size": [5.5, -6.5]}
							}
						},
						{
							"origin": [-5.75, 31.5, -3.575],
							"size": [11.5, 7, 5.9],
							"uv": {
								"north": {"uv": [11, 0], "uv_size": [11.5, 7]},
								"east": {"uv": [24, 0], "uv_size": [6, 7]},
								"south": {"uv": [11, 8], "uv_size": [11.5, 7]},
								"west": {"uv": [24, 8], "uv_size": [6, 7]},
								"up": {"uv": [11, 16], "uv_size": [11.5, 6]},
								"down": {"uv": [0, 29], "uv_size": [11.5, -6]}
							}
						},
						{
							"origin": [-3.75, 33.75, 8.175],
							"size": [7.5, 2.25, 2.65],
							"pivot": [0, 10, 11.5],
							"rotation": [27.5, 0, 0],
							"uv": {
								"north": {"uv": [72, 35], "uv_size": [7.5, 2.25]},
								"east": {"uv": [76, 88], "uv_size": [2.75, 2.25]},
								"south": {"uv": [73, 49], "uv_size": [7.5, 2.25]},
								"west": {"uv": [0, 90], "uv_size": [2.75, 2.25]},
								"up": {"uv": [62, 19], "uv_size": [7.5, 2.75]},
								"down": {"uv": [62, 25.75], "uv_size": [7.5, -2.75]}
							}
						},
						{
							"origin": [-3.75, 30.75, -9.325],
							"size": [7.5, 2.25, 2.65],
							"pivot": [0, 7, -6],
							"rotation": [-20, 0, 0],
							"uv": {
								"north": {"uv": [73, 53], "uv_size": [7.5, 2.25]},
								"east": {"uv": [90, 12], "uv_size": [2.75, 2.25]},
								"south": {"uv": [73, 57], "uv_size": [7.5, 2.25]},
								"west": {"uv": [23, 90], "uv_size": [2.75, 2.25]},
								"up": {"uv": [62, 27], "uv_size": [7.5, 2.75]},
								"down": {"uv": [62, 33.75], "uv_size": [7.5, -2.75]}
							}
						},
						{
							"origin": [-3.75, 28.5, -2.325],
							"size": [7.5, 5, 3.65],
							"uv": {
								"north": {"uv": [31, 0], "uv_size": [7.5, 5]},
								"east": {"uv": [66, 39], "uv_size": [3.75, 5]},
								"south": {"uv": [31, 6], "uv_size": [7.5, 5]},
								"west": {"uv": [46, 66], "uv_size": [3.75, 5]},
								"up": {"uv": [43, 30], "uv_size": [7.5, 3.75]},
								"down": {"uv": [46, 44.75], "uv_size": [7.5, -3.75]}
							}
						},
						{
							"origin": [-1.25, 23, -1.575],
							"size": [2.5, 10.5, 2.15],
							"uv": {
								"north": {"uv": [57, 0], "uv_size": [2.5, 10.5]},
								"east": {"uv": [24, 61], "uv_size": [2.25, 10.5]},
								"south": {"uv": [55, 58], "uv_size": [2.5, 10.5]},
								"west": {"uv": [28, 61], "uv_size": [2.25, 10.5]},
								"up": {"uv": [54, 91], "uv_size": [2.5, 2.25]},
								"down": {"uv": [72, 93.25], "uv_size": [2.5, -2.25]}
							}
						},
						{
							"origin": [-18.75, 41.75, -2.325],
							"size": [4.5, 2.75, 3.65],
							"pivot": [-20, 13.75, 0],
							"rotation": [0, 0, 45],
							"uv": {
								"north": {"uv": [79, 43], "uv_size": [4.5, 2.75]},
								"east": {"uv": [34, 83], "uv_size": [3.75, 2.75]},
								"south": {"uv": [40, 80], "uv_size": [4.5, 2.75]},
								"west": {"uv": [83, 75], "uv_size": [3.75, 2.75]},
								"up": {"uv": [24, 73], "uv_size": [4.5, 3.75]},
								"down": {"uv": [73, 47.75], "uv_size": [4.5, -3.75]}
							}
						},
						{
							"origin": [13.5, 40.75, -2.325],
							"size": [4.5, 2.75, 3.65],
							"pivot": [19.25, 12.75, 0],
							"rotation": [0, 0, -42.5],
							"uv": {
								"north": {"uv": [18, 79], "uv_size": [4.5, 2.75]},
								"east": {"uv": [13, 83], "uv_size": [3.75, 2.75]},
								"south": {"uv": [34, 79], "uv_size": [4.5, 2.75]},
								"west": {"uv": [18, 83], "uv_size": [3.75, 2.75]},
								"up": {"uv": [73, 5], "uv_size": [4.5, 3.75]},
								"down": {"uv": [73, 13.75], "uv_size": [4.5, -3.75]}
							}
						}
					]
				},
				{
					"name": "AllHead",
					"parent": "UpBody",
					"pivot": [0, 38.95, 0],
					"cubes": [
						{
							"origin": [-1, 37.675, -1.525],
							"size": [2, 2, 3],
							"uv": {
								"north": {"uv": [43, 48], "uv_size": [2, 2]},
								"east": {"uv": [61, 55], "uv_size": [3, 2]},
								"south": {"uv": [17, 94], "uv_size": [2, 2]},
								"west": {"uv": [38, 63], "uv_size": [3, 2]},
								"up": {"uv": [31, 12], "uv_size": [2, 3]},
								"down": {"uv": [53, 18], "uv_size": [2, -3]}
							}
						}
					]
				},
				{
					"name": "Head",
					"parent": "AllHead",
					"pivot": [0, 40.75, 0],
					"cubes": [
						{
							"origin": [-3.5, 43.55, -4],
							"size": [7, 5.25, 4],
							"uv": {
								"north": {"uv": [10, 31], "uv_size": [7, 5.25]},
								"east": {"uv": [12, 62], "uv_size": [4, 5.25]},
								"south": {"uv": [18, 31], "uv_size": [7, 5.25]},
								"west": {"uv": [62, 12], "uv_size": [4, 5.25]},
								"up": {"uv": [46, 46], "uv_size": [7, 4]},
								"down": {"uv": [47, 4], "uv_size": [7, -4]}
							}
						},
						{
							"origin": [28.5, 61.3, -4.25],
							"size": [1, 0.25, 0.5],
							"pivot": [31, 21.5, -0.25],
							"rotation": [0, 0, -45],
							"uv": {
								"north": {"uv": [98, 98], "uv_size": [1, 0.25]},
								"east": {"uv": [99, 18], "uv_size": [0.5, 0.25]},
								"south": {"uv": [99, 0], "uv_size": [1, 0.25]},
								"west": {"uv": [99, 20], "uv_size": [0.5, 0.25]},
								"up": {"uv": [98, 58], "uv_size": [1, 0.5]},
								"down": {"uv": [60, 98.5], "uv_size": [1, -0.5]}
							}
						},
						{
							"origin": [-31, 57.8, -4.25],
							"size": [1, 0.25, 0.5],
							"pivot": [-27.5, 18, -0.25],
							"rotation": [0, 0, 45],
							"uv": {
								"north": {"uv": [70, 98], "uv_size": [1, 0.25]},
								"east": {"uv": [99, 9], "uv_size": [0.5, 0.25]},
								"south": {"uv": [92, 98], "uv_size": [1, 0.25]},
								"west": {"uv": [99, 11], "uv_size": [0.5, 0.25]},
								"up": {"uv": [98, 52], "uv_size": [1, 0.5]},
								"down": {"uv": [98, 54.5], "uv_size": [1, -0.5]}
							}
						},
						{
							"origin": [-2.5, 41.3, -3],
							"size": [5, 2.25, 1.75],
							"uv": {
								"north": {"uv": [82, 50], "uv_size": [5, 2.25]},
								"east": {"uv": [69, 94], "uv_size": [1.75, 2.25]},
								"south": {"uv": [82, 54], "uv_size": [5, 2.25]},
								"west": {"uv": [92, 94], "uv_size": [1.75, 2.25]},
								"up": {"uv": [85, 31], "uv_size": [5, 1.75]},
								"down": {"uv": [85, 39.75], "uv_size": [5, -1.75]}
							}
						},
						{
							"origin": [-2.5, 43.05, -3.75],
							"size": [5, 0.5, 3.75],
							"uv": {
								"north": {"uv": [96, 66], "uv_size": [5, 0.5]},
								"east": {"uv": [96, 92], "uv_size": [3.75, 0.5]},
								"south": {"uv": [96, 74], "uv_size": [5, 0.5]},
								"west": {"uv": [97, 5], "uv_size": [3.75, 0.5]},
								"up": {"uv": [67, 10], "uv_size": [5, 3.75]},
								"down": {"uv": [67, 48.75], "uv_size": [5, -3.75]}
							}
						},
						{
							"origin": [-2.5, 41.3, -3.75],
							"size": [5, 0.5, 3.75],
							"uv": {
								"north": {"uv": [58, 96], "uv_size": [5, 0.5]},
								"east": {"uv": [96, 82], "uv_size": [3.75, 0.5]},
								"south": {"uv": [96, 64], "uv_size": [5, 0.5]},
								"west": {"uv": [96, 90], "uv_size": [3.75, 0.5]},
								"up": {"uv": [67, 0], "uv_size": [5, 3.75]},
								"down": {"uv": [67, 8.75], "uv_size": [5, -3.75]}
							}
						},
						{
							"origin": [-3, 44.8, 0],
							"size": [6, 4, 2.5],
							"uv": {
								"north": {"uv": [59, 39], "uv_size": [6, 4]},
								"east": {"uv": [34, 17], "uv_size": [2.5, 4]},
								"south": {"uv": [59, 44], "uv_size": [6, 4]},
								"west": {"uv": [40, 7], "uv_size": [2.5, 4]},
								"up": {"uv": [77, 15], "uv_size": [6, 2.5]},
								"down": {"uv": [77, 21.5], "uv_size": [6, -2.5]}
							}
						},
						{
							"origin": [-3, 60.3, 25],
							"size": [6, 1.25, 2.5],
							"pivot": [0, 24.25, 29],
							"rotation": [45, 0, 0],
							"uv": {
								"north": {"uv": [88, 50], "uv_size": [6, 1.25]},
								"east": {"uv": [95, 61], "uv_size": [2.5, 1.25]},
								"south": {"uv": [51, 88], "uv_size": [6, 1.25]},
								"west": {"uv": [95, 68], "uv_size": [2.5, 1.25]},
								"up": {"uv": [77, 23], "uv_size": [6, 2.5]},
								"down": {"uv": [77, 29.5], "uv_size": [6, -2.5]}
							}
						},
						{
							"origin": [-2.75, 43.8, -4],
							"size": [5.5, 5.75, 5.5],
							"uv": {
								"north": {"uv": [6, 38], "uv_size": [5.5, 5.75]},
								"east": {"uv": [13, 38], "uv_size": [5.5, 5.75]},
								"south": {"uv": [38, 17], "uv_size": [5.5, 5.75]},
								"west": {"uv": [20, 39], "uv_size": [5.5, 5.75]},
								"up": {"uv": [27, 43], "uv_size": [5.5, 5.5]},
								"down": {"uv": [44, 12.5], "uv_size": [5.5, -5.5]}
							}
						},
						{
							"origin": [-0.75, 43.8, -4.25],
							"size": [1.5, 1.75, 1],
							"uv": {
								"north": {"uv": [12, 96], "uv_size": [1.5, 1.75]},
								"east": {"uv": [97, 13], "uv_size": [1, 1.75]},
								"south": {"uv": [26, 96], "uv_size": [1.5, 1.75]},
								"west": {"uv": [17, 97], "uv_size": [1, 1.75]},
								"up": {"uv": [97, 23], "uv_size": [1.5, 1]},
								"down": {"uv": [97, 26], "uv_size": [1.5, -1]}
							}
						},
						{
							"origin": [-25.5, 60.3, -4],
							"size": [1, 3, 4],
							"pivot": [-28, 22.25, 0],
							"rotation": [0, 0, 45],
							"uv": {
								"north": {"uv": [90, 95], "uv_size": [1, 3]},
								"east": {"uv": [24, 81], "uv_size": [4, 3]},
								"south": {"uv": [95, 94], "uv_size": [1, 3]},
								"west": {"uv": [29, 81], "uv_size": [4, 3]},
								"up": {"uv": [55, 0], "uv_size": [1, 4]},
								"down": {"uv": [30, 77], "uv_size": [1, -4]}
							}
						},
						{
							"origin": [24.5, 60.3, -4],
							"size": [1, 3, 4],
							"pivot": [28, 22.25, 0],
							"rotation": [0, 0, -45],
							"uv": {
								"north": {"uv": [63, 74], "uv_size": [1, 3]},
								"east": {"uv": [53, 80], "uv_size": [4, 3]},
								"south": {"uv": [56, 95], "uv_size": [1, 3]},
								"west": {"uv": [76, 80], "uv_size": [4, 3]},
								"up": {"uv": [51, 7], "uv_size": [1, 4]},
								"down": {"uv": [24, 58], "uv_size": [1, -4]}
							}
						},
						{
							"origin": [-8.25, 43.05, -4],
							"size": [0.5, 3.25, 2.75],
							"pivot": [-10.75, 8.75, 0],
							"rotation": [0, 0, 17.5],
							"uv": {
								"north": {"uv": [21, 97], "uv_size": [0.5, 3.25]},
								"east": {"uv": [23, 85], "uv_size": [2.75, 3.25]},
								"south": {"uv": [23, 97], "uv_size": [0.5, 3.25]},
								"west": {"uv": [27, 85], "uv_size": [2.75, 3.25]},
								"up": {"uv": [37, 97], "uv_size": [0.5, 2.75]},
								"down": {"uv": [39, 99.75], "uv_size": [0.5, -2.75]}
							}
						},
						{
							"origin": [-8.75, 43.05, -3],
							"size": [0.75, 3.25, 1.75],
							"pivot": [-11, 8.75, 0],
							"rotation": [0, 0, 17.5],
							"uv": {
								"north": {"uv": [81, 96], "uv_size": [0.75, 3.25]},
								"east": {"uv": [85, 90], "uv_size": [1.75, 3.25]},
								"south": {"uv": [0, 97], "uv_size": [0.75, 3.25]},
								"west": {"uv": [90, 86], "uv_size": [1.75, 3.25]},
								"up": {"uv": [97, 31], "uv_size": [0.75, 1.75]},
								"down": {"uv": [97, 39.75], "uv_size": [0.75, -1.75]}
							}
						},
						{
							"origin": [7.75, 43.05, -4],
							"size": [0.5, 3.25, 2.75],
							"pivot": [10.75, 8.75, 0],
							"rotation": [0, 0, -17.5],
							"uv": {
								"north": {"uv": [97, 18], "uv_size": [0.5, 3.25]},
								"east": {"uv": [85, 0], "uv_size": [2.75, 3.25]},
								"south": {"uv": [19, 97], "uv_size": [0.5, 3.25]},
								"west": {"uv": [85, 5], "uv_size": [2.75, 3.25]},
								"up": {"uv": [97, 27], "uv_size": [0.5, 2.75]},
								"down": {"uv": [35, 99.75], "uv_size": [0.5, -2.75]}
							}
						},
						{
							"origin": [8.25, 43.05, -3],
							"size": [0.75, 3.25, 1.75],
							"pivot": [11.25, 8.75, 0],
							"rotation": [0, 0, -17.5],
							"uv": {
								"north": {"uv": [97, 0], "uv_size": [0.75, 3.25]},
								"east": {"uv": [11, 91], "uv_size": [1.75, 3.25]},
								"south": {"uv": [2, 97], "uv_size": [0.75, 3.25]},
								"west": {"uv": [14, 91], "uv_size": [1.75, 3.25]},
								"up": {"uv": [41, 97], "uv_size": [0.75, 1.75]},
								"down": {"uv": [43, 98.75], "uv_size": [0.75, -1.75]}
							}
						},
						{
							"origin": [-2.25, 40.55, -4],
							"size": [4.5, 0.75, 2.75],
							"uv": {
								"north": {"uv": [95, 16], "uv_size": [4.5, 0.75]},
								"east": {"uv": [96, 76], "uv_size": [2.75, 0.75]},
								"south": {"uv": [95, 50], "uv_size": [4.5, 0.75]},
								"west": {"uv": [96, 80], "uv_size": [2.75, 0.75]},
								"up": {"uv": [79, 8], "uv_size": [4.5, 2.75]},
								"down": {"uv": [12, 81.75], "uv_size": [4.5, -2.75]}
							}
						},
						{
							"origin": [-2.75, 48.55, -25.5],
							"size": [5.5, 5.5, 2],
							"pivot": [0, 16, -22.25],
							"rotation": [-42.5, 0, 0],
							"uv": {
								"north": {"uv": [40, 0], "uv_size": [5.5, 5.5]},
								"east": {"uv": [0, 83], "uv_size": [2, 5.5]},
								"south": {"uv": [39, 41], "uv_size": [5.5, 5.5]},
								"west": {"uv": [3, 83], "uv_size": [2, 5.5]},
								"up": {"uv": [82, 61], "uv_size": [5.5, 2]},
								"down": {"uv": [6, 85], "uv_size": [5.5, -2]}
							}
						},
						{
							"origin": [-1, 39.6, -1.5],
							"size": [2, 2, 3],
							"inflate": 0.01,
							"uv": {
								"north": {"uv": [94, 19], "uv_size": [2, 2]},
								"east": {"uv": [32, 90], "uv_size": [3, 2]},
								"south": {"uv": [20, 94], "uv_size": [2, 2]},
								"west": {"uv": [90, 47], "uv_size": [3, 2]},
								"up": {"uv": [52, 62], "uv_size": [2, 3]},
								"down": {"uv": [90, 67], "uv_size": [2, -3]}
							}
						},
						{
							"origin": [-1.25, 40.78223, -0.73223],
							"size": [2.5, 2.12132, 2.12132],
							"pivot": [0, 41.90355, 0.76777],
							"rotation": [45, 0, 0],
							"uv": {
								"north": {"uv": [92, 81], "uv_size": [2.5, 2]},
								"east": {"uv": [94, 22], "uv_size": [2, 2]},
								"south": {"uv": [92, 91], "uv_size": [2.5, 2]},
								"west": {"uv": [23, 94], "uv_size": [2, 2]},
								"up": {"uv": [27, 93], "uv_size": [2.5, 2]},
								"down": {"uv": [31, 95], "uv_size": [2.5, -2]}
							}
						},
						{
							"origin": [-1, 38.48934, -0.56066],
							"size": [2, 2.12132, 2.12132],
							"pivot": [0, 39.55, 0.5],
							"rotation": [45, 0, 0],
							"uv": {
								"north": {"uv": [94, 25], "uv_size": [2, 2]},
								"east": {"uv": [94, 28], "uv_size": [2, 2]},
								"south": {"uv": [35, 94], "uv_size": [2, 2]},
								"west": {"uv": [38, 94], "uv_size": [2, 2]},
								"up": {"uv": [41, 94], "uv_size": [2, 2]},
								"down": {"uv": [44, 96], "uv_size": [2, -2]}
							}
						}
					]
				},
				{
					"name": "Face",
					"parent": "Head",
					"pivot": [0, 40.75, 0]
				},
				{
					"name": "Eyes",
					"parent": "Face",
					"pivot": [0, 45.825, -0.5]
				},
				{
					"name": "Eyebrow",
					"parent": "Eyes",
					"pivot": [2.875, 46.625, -3.625]
				},
				{
					"name": "LeftEyebrow",
					"parent": "Eyebrow",
					"pivot": [2.875, 46.625, -3.625]
				},
				{
					"name": "RightEyebrow",
					"parent": "Eyebrow",
					"pivot": [-2.875, 46.625, -3.625]
				},
				{
					"name": "Eyelid",
					"parent": "Eyes",
					"pivot": [0, 46.525, -0.3]
				},
				{
					"name": "LeftEyelid",
					"parent": "Eyelid",
					"pivot": [2.75, 45.075, -3.525],
					"cubes": [
						{
							"origin": [1.15, 45.075, -4.025],
							"size": [1, 2.5, 1],
							"uv": {
								"north": {"uv": [15, 96], "uv_size": [1, 2.5]},
								"east": {"uv": [29, 96], "uv_size": [1, 2.5]},
								"south": {"uv": [31, 96], "uv_size": [1, 2.5]},
								"west": {"uv": [33, 96], "uv_size": [1, 2.5]},
								"up": {"uv": [51, 12], "uv_size": [1, 1]},
								"down": {"uv": [24, 60], "uv_size": [1, -1]}
							}
						}
					]
				},
				{
					"name": "LeftEyesBase",
					"parent": "LeftEyelid",
					"pivot": [2.575, 45.075, -3.525]
				},
				{
					"name": "LeftPupil",
					"parent": "LeftEyesBase",
					"pivot": [2.475, 46.075, -3.575]
				},
				{
					"name": "RightEyelid",
					"parent": "Eyelid",
					"pivot": [-2.5, 44.825, -3.525],
					"cubes": [
						{
							"origin": [-2.15, 45.075, -4.025],
							"size": [1, 2.5, 1],
							"uv": {
								"north": {"uv": [96, 34], "uv_size": [1, 2.5]},
								"east": {"uv": [96, 41], "uv_size": [1, 2.5]},
								"south": {"uv": [96, 52], "uv_size": [1, 2.5]},
								"west": {"uv": [96, 56], "uv_size": [1, 2.5]},
								"up": {"uv": [32, 61], "uv_size": [1, 1]},
								"down": {"uv": [4, 91], "uv_size": [1, -1]}
							}
						}
					]
				},
				{
					"name": "RightEyesBase",
					"parent": "RightEyelid",
					"pivot": [-2.325, 44.825, -3.525]
				},
				{
					"name": "RightPupil",
					"parent": "RightEyesBase",
					"pivot": [-2.225, 45.825, -3.575]
				},
				{
					"name": "LeftShoulderLocator",
					"parent": "Head",
					"pivot": [3, 50.25, 0]
				},
				{
					"name": "RightShoulderLocator",
					"parent": "Head",
					"pivot": [-3, 50.25, 0]
				},
				{
					"name": "Arm",
					"parent": "UpBody",
					"pivot": [0, 37.95, 0]
				},
				{
					"name": "LeftArm",
					"parent": "Arm",
					"pivot": [5.75, 36.65, 0],
					"rotation": [0, 0, -10],
					"cubes": [
						{
							"origin": [3.7, 31.9, -1.1],
							"size": [2.25, 7, 2.3],
							"pivot": [0.25, 7.75, 0],
							"rotation": [0, 0, 5],
							"uv": {
								"north": {"uv": [55, 70], "uv_size": [2.25, 7]},
								"east": {"uv": [46, 72], "uv_size": [2.25, 7]},
								"south": {"uv": [73, 61], "uv_size": [2.25, 7]},
								"west": {"uv": [73, 69], "uv_size": [2.25, 7]},
								"up": {"uv": [88, 91], "uv_size": [2.25, 2.25]},
								"down": {"uv": [4, 94.25], "uv_size": [2.25, -2.25]}
							}
						},
						{
							"origin": [-11.55, 45.9, -3.1],
							"size": [4.75, 4.75, 6.3],
							"pivot": [-15, 23, 0],
							"rotation": [0, 0, 45],
							"uv": {
								"north": {"uv": [61, 6], "uv_size": [4.75, 4.75]},
								"east": {"uv": [12, 45], "uv_size": [6.25, 4.75]},
								"south": {"uv": [61, 49], "uv_size": [4.75, 4.75]},
								"west": {"uv": [45, 14], "uv_size": [6.25, 4.75]},
								"up": {"uv": [20, 46], "uv_size": [4.75, 6.25]},
								"down": {"uv": [46, 26.25], "uv_size": [4.75, -6.25]}
							}
						},
						{
							"origin": [5.2, 33.15, -1.85],
							"size": [3.75, 1.75, 3.8],
							"uv": {
								"north": {"uv": [89, 19], "uv_size": [3.75, 1.75]},
								"east": {"uv": [89, 22], "uv_size": [3.75, 1.75]},
								"south": {"uv": [89, 25], "uv_size": [3.75, 1.75]},
								"west": {"uv": [89, 28], "uv_size": [3.75, 1.75]},
								"up": {"uv": [50, 75], "uv_size": [3.75, 3.75]},
								"down": {"uv": [77, 64.75], "uv_size": [3.75, -3.75]}
							}
						}
					]
				},
				{
					"name": "LeftForeArm",
					"parent": "LeftArm",
					"pivot": [5.725, 31, 0.025],
					"rotation": [0, 0, 10],
					"cubes": [
						{
							"origin": [5.725, 23.975, -1.075],
							"size": [2.2, 8, 2.3],
							"uv": {
								"north": {"uv": [51, 66], "uv_size": [2.25, 8]},
								"east": {"uv": [12, 69], "uv_size": [2.25, 8]},
								"south": {"uv": [32, 69], "uv_size": [2.25, 8]},
								"west": {"uv": [65, 69], "uv_size": [2.25, 8]},
								"up": {"uv": [92, 34], "uv_size": [2.25, 2.25]},
								"down": {"uv": [92, 55.25], "uv_size": [2.25, -2.25]}
							}
						},
						{
							"origin": [5.475, 23.975, -1.325],
							"size": [2.7, 1, 2.8],
							"uv": {
								"north": {"uv": [6, 36], "uv_size": [2.75, 1]},
								"east": {"uv": [55, 78], "uv_size": [2.75, 1]},
								"south": {"uv": [69, 78], "uv_size": [2.75, 1]},
								"west": {"uv": [82, 64], "uv_size": [2.75, 1]},
								"up": {"uv": [86, 64], "uv_size": [2.75, 2.75]},
								"down": {"uv": [86, 70.75], "uv_size": [2.75, -2.75]}
							}
						},
						{
							"origin": [6.475, 20.975, -1.075],
							"size": [1.45, 3, 2.3],
							"uv": {
								"north": {"uv": [93, 64], "uv_size": [1.5, 3]},
								"east": {"uv": [58, 88], "uv_size": [2.25, 3]},
								"south": {"uv": [93, 74], "uv_size": [1.5, 3]},
								"west": {"uv": [62, 88], "uv_size": [2.25, 3]},
								"up": {"uv": [84, 95], "uv_size": [1.5, 2.25]},
								"down": {"uv": [87, 97.25], "uv_size": [1.5, -2.25]}
							}
						},
						{
							"origin": [-0.025, 24.475, -0.825],
							"size": [0.95, 2.5, 1.8],
							"pivot": [-4.75, 8.75, 0],
							"rotation": [0, 0, 20],
							"uv": {
								"north": {"uv": [77, 96], "uv_size": [1, 2.5]},
								"east": {"uv": [94, 8], "uv_size": [1.75, 2.5]},
								"south": {"uv": [79, 96], "uv_size": [1, 2.5]},
								"west": {"uv": [94, 12], "uv_size": [1.75, 2.5]},
								"up": {"uv": [97, 7], "uv_size": [1, 1.75]},
								"down": {"uv": [97, 11.75], "uv_size": [1, -1.75]}
							}
						}
					]
				},
				{
					"name": "LeftHand",
					"parent": "LeftForeArm",
					"pivot": [5.825, 23.475, 0.025]
				},
				{
					"name": "LeftHandLocator",
					"parent": "LeftHand",
					"pivot": [5.825, 23.475, 0.025],
					"cubes": [
						{
							"origin": [6.325, 22.975, -0.475],
							"size": [1, 1, 1],
							"uv": {
								"north": {"uv": [45, 97], "uv_size": [1, 1]},
								"east": {"uv": [97, 45], "uv_size": [1, 1]},
								"south": {"uv": [47, 97], "uv_size": [1, 1]},
								"west": {"uv": [49, 97], "uv_size": [1, 1]},
								"up": {"uv": [51, 97], "uv_size": [1, 1]},
								"down": {"uv": [66, 98], "uv_size": [1, -1]}
							}
						}
					]
				},
				{
					"name": "SheathLocator",
					"parent": "LeftHand",
					"pivot": [6.825, 23.475, 0.025]
				},
				{
					"name": "LeftWaistLocator",
					"parent": "LeftHand",
					"pivot": [6.825, 23.475, 0.025]
				},
				{
					"name": "RightArm",
					"parent": "Arm",
					"pivot": [-5.75, 36.525, 0],
					"rotation": [0, 0, 10],
					"cubes": [
						{
							"origin": [-5.95, 32.025, -1.1],
							"size": [2.25, 7, 2.3],
							"pivot": [-0.25, 8, 0],
							"rotation": [0, 0, -5],
							"uv": {
								"north": {"uv": [59, 74], "uv_size": [2.25, 7]},
								"east": {"uv": [0, 75], "uv_size": [2.25, 7]},
								"south": {"uv": [4, 75], "uv_size": [2.25, 7]},
								"west": {"uv": [8, 75], "uv_size": [2.25, 7]},
								"up": {"uv": [92, 57], "uv_size": [2.25, 2.25]},
								"down": {"uv": [58, 94.25], "uv_size": [2.25, -2.25]}
							}
						},
						{
							"origin": [7.55, 45.525, -3.1],
							"size": [4.75, 5, 6.3],
							"pivot": [15, 22, 0],
							"rotation": [0, 0, -45],
							"uv": {
								"north": {"uv": [59, 58], "uv_size": [4.75, 5]},
								"east": {"uv": [38, 24], "uv_size": [6.25, 5]},
								"south": {"uv": [61, 0], "uv_size": [4.75, 5]},
								"west": {"uv": [39, 35], "uv_size": [6.25, 5]},
								"up": {"uv": [0, 44], "uv_size": [4.75, 6.25]},
								"down": {"uv": [6, 51.25], "uv_size": [4.75, -6.25]}
							}
						},
						{
							"origin": [-8.95, 33.275, -1.85],
							"size": [3.75, 1.75, 3.8],
							"uv": {
								"north": {"uv": [89, 3], "uv_size": [3.75, 1.75]},
								"east": {"uv": [6, 89], "uv_size": [3.75, 1.75]},
								"south": {"uv": [89, 6], "uv_size": [3.75, 1.75]},
								"west": {"uv": [89, 9], "uv_size": [3.75, 1.75]},
								"up": {"uv": [34, 43], "uv_size": [3.75, 3.75]},
								"down": {"uv": [40, 78.75], "uv_size": [3.75, -3.75]}
							}
						}
					]
				},
				{
					"name": "RightForeArm",
					"parent": "RightArm",
					"pivot": [-5.725, 30.975, 0.025],
					"rotation": [0, 0, -10],
					"cubes": [
						{
							"origin": [-7.925, 23.95, -1.075],
							"size": [2.2, 8, 2.3],
							"uv": {
								"north": {"uv": [69, 69], "uv_size": [2.25, 8]},
								"east": {"uv": [16, 70], "uv_size": [2.25, 8]},
								"south": {"uv": [20, 70], "uv_size": [2.25, 8]},
								"west": {"uv": [36, 70], "uv_size": [2.25, 8]},
								"up": {"uv": [62, 92], "uv_size": [2.25, 2.25]},
								"down": {"uv": [76, 94.25], "uv_size": [2.25, -2.25]}
							}
						},
						{
							"origin": [-7.675, 20.95, -1.075],
							"size": [1.45, 3, 2.3],
							"uv": {
								"north": {"uv": [8, 92], "uv_size": [1.5, 3]},
								"east": {"uv": [19, 87], "uv_size": [2.25, 3]},
								"south": {"uv": [93, 41], "uv_size": [1.5, 3]},
								"west": {"uv": [88, 53], "uv_size": [2.25, 3]},
								"up": {"uv": [53, 95], "uv_size": [1.5, 2.25]},
								"down": {"uv": [72, 97.25], "uv_size": [1.5, -2.25]}
							}
						},
						{
							"origin": [-0.925, 24.45, -0.825],
							"size": [0.95, 2.5, 1.8],
							"pivot": [4.75, 8.75, 0],
							"rotation": [0, 0, -20],
							"uv": {
								"north": {"uv": [64, 96], "uv_size": [1, 2.5]},
								"east": {"uv": [94, 0], "uv_size": [1.75, 2.5]},
								"south": {"uv": [75, 96], "uv_size": [1, 2.5]},
								"west": {"uv": [94, 4], "uv_size": [1.75, 2.5]},
								"up": {"uv": [9, 20], "uv_size": [1, 1.75]},
								"down": {"uv": [66, 86.75], "uv_size": [1, -1.75]}
							}
						},
						{
							"origin": [-8.175, 23.95, -1.325],
							"size": [2.7, 1, 2.8],
							"uv": {
								"north": {"uv": [85, 10], "uv_size": [2.75, 1]},
								"east": {"uv": [95, 78], "uv_size": [2.75, 1]},
								"south": {"uv": [4, 96], "uv_size": [2.75, 1]},
								"west": {"uv": [8, 96], "uv_size": [2.75, 1]},
								"up": {"uv": [11, 87], "uv_size": [2.75, 2.75]},
								"down": {"uv": [15, 89.75], "uv_size": [2.75, -2.75]}
							}
						}
					]
				},
				{
					"name": "RightHand",
					"parent": "RightForeArm",
					"pivot": [-6.825, 22.575, 0.025],
					"cubes": [
						{
							"origin": [-7.325, 22.075, -0.475],
							"size": [1, 1, 1],
							"uv": {
								"north": {"uv": [97, 71], "uv_size": [1, 1]},
								"east": {"uv": [97, 84], "uv_size": [1, 1]},
								"south": {"uv": [97, 86], "uv_size": [1, 1]},
								"west": {"uv": [97, 88], "uv_size": [1, 1]},
								"up": {"uv": [97, 94], "uv_size": [1, 1]},
								"down": {"uv": [97, 97], "uv_size": [1, -1]}
							}
						}
					]
				},
				{
					"name": "RightHandLocator",
					"parent": "RightHand",
					"pivot": [-6.825, 22.575, 0.025],
					"cubes": [
						{
							"origin": [-7.325, 22.075, -0.475],
							"size": [1, 1, 1],
							"uv": {
								"north": {"uv": [4, 98], "uv_size": [1, 1]},
								"east": {"uv": [6, 98], "uv_size": [1, 1]},
								"south": {"uv": [8, 98], "uv_size": [1, 1]},
								"west": {"uv": [10, 98], "uv_size": [1, 1]},
								"up": {"uv": [98, 34], "uv_size": [1, 1]},
								"down": {"uv": [98, 37], "uv_size": [1, -1]}
							}
						}
					]
				},
				{
					"name": "BladeLocator",
					"parent": "RightHand",
					"pivot": [-6.825, 22.575, 0.025]
				},
				{
					"name": "RifleLocator",
					"parent": "UpBody",
					"pivot": [0, 32.9, 2.3],
					"rotation": [0, 0, 45]
				},
				{
					"name": "PistolLocator",
					"parent": "UpBody",
					"pivot": [-4, 32.5, -1.6],
					"rotation": [-30, 0, 0]
				},
				{
					"name": "ElytraLocator",
					"parent": "UpBody",
					"pivot": [0, 39.4, 2]
				},
				{
					"name": "RightWaistLocator",
					"parent": "UpBody",
					"pivot": [-4, 28.75, 0],
					"rotation": [-5, 0, 0]
				},
				{
					"name": "BackpackLocator",
					"parent": "UpBody",
					"pivot": [0, 36.75, 0]
				},
				{
					"name": "DownBody",
					"parent": "AllBody",
					"pivot": [0, 24, 0]
				},
				{
					"name": "Skirt",
					"parent": "DownBody",
					"pivot": [0, 22.45, 0.375],
					"cubes": [
						{
							"origin": [-4.55, 20.55, -2.425],
							"size": [9.025, 2.275, 4.25],
							"uv": {
								"north": {"uv": [62, 35], "uv_size": [9, 2.25]},
								"east": {"uv": [81, 83], "uv_size": [4.25, 2.25]},
								"south": {"uv": [42, 62], "uv_size": [9, 2.25]},
								"west": {"uv": [84, 15], "uv_size": [4.25, 2.25]},
								"up": {"uv": [24, 16], "uv_size": [9, 4.25]},
								"down": {"uv": [0, 34.25], "uv_size": [9, -4.25]}
							}
						},
						{
							"origin": [-4.25, 22.05, -2.325],
							"size": [8.5, 1.5, 3.9],
							"uv": {
								"north": {"uv": [73, 77], "uv_size": [8.5, 1.5]},
								"east": {"uv": [90, 68], "uv_size": [4, 1.5]},
								"south": {"uv": [24, 78], "uv_size": [8.5, 1.5]},
								"west": {"uv": [80, 90], "uv_size": [4, 1.5]},
								"up": {"uv": [33, 30], "uv_size": [8.5, 4]},
								"down": {"uv": [34, 16], "uv_size": [8.5, -4]}
							}
						},
						{
							"origin": [-4, 20.05, -2.025],
							"size": [8, 1.75, 3.55],
							"uv": {
								"north": {"uv": [0, 20], "uv_size": [8, 1.75]},
								"east": {"uv": [90, 16], "uv_size": [3.5, 1.75]},
								"south": {"uv": [77, 66], "uv_size": [8, 1.75]},
								"west": {"uv": [27, 90], "uv_size": [3.5, 1.75]},
								"up": {"uv": [47, 35], "uv_size": [8, 3.5]},
								"down": {"uv": [34, 51.5], "uv_size": [8, -3.5]}
							}
						}
					]
				},
				{
					"name": "LeftLeg",
					"parent": "DownBody",
					"pivot": [2.4, 18.95, -1.25],
					"rotation": [0, 0, -2.5],
					"cubes": [
						{
							"origin": [0.92862, 11.69905, -1.75],
							"size": [2.99, 9, 3],
							"uv": {
								"north": {"uv": [52, 20], "uv_size": [3, 9]},
								"east": {"uv": [4, 53], "uv_size": [3, 9]},
								"south": {"uv": [53, 5], "uv_size": [3, 9]},
								"west": {"uv": [8, 53], "uv_size": [3, 9]},
								"up": {"uv": [52, 30], "uv_size": [3, 3]},
								"down": {"uv": [67, 18], "uv_size": [3, -3]}
							}
						},
						{
							"origin": [0.54362, 10.74905, -1.575],
							"size": [3.675, 2, 2],
							"pivot": [-0.35638, 11.74905, -0.575],
							"rotation": [30, 0, 0],
							"uv": {
								"north": {"uv": [86, 72], "uv_size": [3.75, 2]},
								"east": {"uv": [94, 45], "uv_size": [2, 2]},
								"south": {"uv": [31, 87], "uv_size": [3.75, 2]},
								"west": {"uv": [47, 94], "uv_size": [2, 2]},
								"up": {"uv": [80, 87], "uv_size": [3.75, 2]},
								"down": {"uv": [87, 85], "uv_size": [3.75, -2]}
							}
						}
					]
				},
				{
					"name": "LeftLowerLeg",
					"parent": "LeftLeg",
					"pivot": [2.24362, 11.84905, -0.55],
					"cubes": [
						{
							"origin": [0.94362, 2.54905, -1.725],
							"size": [2.95, 9.2, 3],
							"uv": {
								"north": {"uv": [26, 50], "uv_size": [3, 9.25]},
								"east": {"uv": [30, 50], "uv_size": [3, 9.25]},
								"south": {"uv": [12, 51], "uv_size": [3, 9.25]},
								"west": {"uv": [16, 51], "uv_size": [3, 9.25]},
								"up": {"uv": [44, 84], "uv_size": [3, 3]},
								"down": {"uv": [48, 87], "uv_size": [3, -3]}
							}
						},
						{
							"origin": [0.34362, 2.54905, -2.25],
							"size": [4.15, 4, 4.2],
							"uv": {
								"north": {"uv": [67, 50], "uv_size": [4.25, 4]},
								"east": {"uv": [40, 70], "uv_size": [4.25, 4]},
								"south": {"uv": [71, 15], "uv_size": [4.25, 4]},
								"west": {"uv": [71, 20], "uv_size": [4.25, 4]},
								"up": {"uv": [67, 63], "uv_size": [4.25, 4.25]},
								"down": {"uv": [59, 72.25], "uv_size": [4.25, -4.25]}
							}
						},
						{
							"origin": [0.19362, 6.14905, -2.35],
							"size": [4.45, 1.3, 4.4],
							"uv": {
								"north": {"uv": [17, 91], "uv_size": [4.5, 1.25]},
								"east": {"uv": [91, 31], "uv_size": [4.5, 1.25]},
								"south": {"uv": [36, 91], "uv_size": [4.5, 1.25]},
								"west": {"uv": [91, 38], "uv_size": [4.5, 1.25]},
								"up": {"uv": [0, 63], "uv_size": [4.5, 4.5]},
								"down": {"uv": [6, 67.5], "uv_size": [4.5, -4.5]}
							}
						}
					]
				},
				{
					"name": "LeftFoot",
					"parent": "LeftLowerLeg",
					"pivot": [2.4375, 2.5, -0.1125],
					"cubes": [
						{
							"origin": [0.29362, -0.12595, -4.25],
							"size": [4.225, 3, 6.175],
							"uv": {
								"north": {"uv": [27, 39], "uv_size": [4.25, 3]},
								"east": {"uv": [59, 64], "uv_size": [6.25, 3]},
								"south": {"uv": [63, 78], "uv_size": [4.25, 3]},
								"west": {"uv": [65, 55], "uv_size": [6.25, 3]},
								"up": {"uv": [55, 50], "uv_size": [4.25, 6.25]},
								"down": {"uv": [56, 21.25], "uv_size": [4.25, -6.25]}
							}
						},
						{
							"origin": [0.46862, 2.27405, -3.25],
							"size": [3.875, 1.1, 2.075],
							"pivot": [2.73112, 2.87405, -2.6625],
							"rotation": [35, 0, 0],
							"uv": {
								"north": {"uv": [46, 28], "uv_size": [4, 1]},
								"east": {"uv": [17, 62], "uv_size": [2, 1]},
								"south": {"uv": [47, 5], "uv_size": [4, 1]},
								"west": {"uv": [79, 47], "uv_size": [2, 1]},
								"up": {"uv": [57, 12], "uv_size": [4, 2]},
								"down": {"uv": [56, 87], "uv_size": [4, -2]}
							}
						},
						{
							"origin": [0.49362, 2.37405, -1.7],
							"size": [3.825, 1.75, 2.425],
							"uv": {
								"north": {"uv": [66, 88], "uv_size": [3.75, 1.75]},
								"east": {"uv": [80, 93], "uv_size": [2.5, 1.75]},
								"south": {"uv": [71, 88], "uv_size": [3.75, 1.75]},
								"west": {"uv": [93, 84], "uv_size": [2.5, 1.75]},
								"up": {"uv": [84, 19], "uv_size": [3.75, 2.5]},
								"down": {"uv": [84, 25.5], "uv_size": [3.75, -2.5]}
							}
						}
					]
				},
				{
					"name": "RightLeg",
					"parent": "DownBody",
					"pivot": [-2.4, 18.95, -1.25],
					"rotation": [0, 0, 2.5],
					"cubes": [
						{
							"origin": [-3.91862, 11.69905, -1.75],
							"size": [2.99, 9, 3],
							"uv": {
								"north": {"uv": [34, 53], "uv_size": [3, 9]},
								"east": {"uv": [38, 53], "uv_size": [3, 9]},
								"south": {"uv": [20, 54], "uv_size": [3, 9]},
								"west": {"uv": [55, 40], "uv_size": [3, 9]},
								"up": {"uv": [52, 84], "uv_size": [3, 3]},
								"down": {"uv": [68, 87], "uv_size": [3, -3]}
							}
						},
						{
							"origin": [-4.21862, 10.74905, -1.575],
							"size": [3.675, 2, 2],
							"pivot": [0.35638, 11.74905, -0.575],
							"rotation": [30, 0, 0],
							"uv": {
								"north": {"uv": [85, 87], "uv_size": [3.75, 2]},
								"east": {"uv": [50, 94], "uv_size": [2, 2]},
								"south": {"uv": [36, 88], "uv_size": [3.75, 2]},
								"west": {"uv": [66, 94], "uv_size": [2, 2]},
								"up": {"uv": [41, 88], "uv_size": [3.75, 2]},
								"down": {"uv": [46, 90], "uv_size": [3.75, -2]}
							}
						}
					]
				},
				{
					"name": "RightLowerLeg",
					"parent": "RightLeg",
					"pivot": [-2.24362, 11.84905, -0.55],
					"cubes": [
						{
							"origin": [-3.89362, 2.54905, -1.725],
							"size": [2.95, 9.2, 3],
							"uv": {
								"north": {"uv": [43, 51], "uv_size": [3, 9.25]},
								"east": {"uv": [47, 51], "uv_size": [3, 9.25]},
								"south": {"uv": [51, 51], "uv_size": [3, 9.25]},
								"west": {"uv": [0, 52], "uv_size": [3, 9.25]},
								"up": {"uv": [72, 84], "uv_size": [3, 3]},
								"down": {"uv": [76, 87], "uv_size": [3, -3]}
							}
						},
						{
							"origin": [-4.49362, 2.54905, -2.25],
							"size": [4.15, 4, 4.2],
							"uv": {
								"north": {"uv": [71, 25], "uv_size": [4.25, 4]},
								"east": {"uv": [71, 30], "uv_size": [4.25, 4]},
								"south": {"uv": [71, 39], "uv_size": [4.25, 4]},
								"west": {"uv": [73, 0], "uv_size": [4.25, 4]},
								"up": {"uv": [0, 69], "uv_size": [4.25, 4.25]},
								"down": {"uv": [6, 73.25], "uv_size": [4.25, -4.25]}
							}
						},
						{
							"origin": [-4.64362, 6.14905, -2.35],
							"size": [4.45, 1.3, 4.4],
							"uv": {
								"north": {"uv": [42, 91], "uv_size": [4.5, 1.25]},
								"east": {"uv": [48, 91], "uv_size": [4.5, 1.25]},
								"south": {"uv": [66, 91], "uv_size": [4.5, 1.25]},
								"west": {"uv": [91, 71], "uv_size": [4.5, 1.25]},
								"up": {"uv": [32, 63], "uv_size": [4.5, 4.5]},
								"down": {"uv": [17, 68.5], "uv_size": [4.5, -4.5]}
							}
						}
					]
				},
				{
					"name": "RightFoot",
					"parent": "RightLowerLeg",
					"pivot": [-2.4375, 2.5, -0.1125],
					"cubes": [
						{
							"origin": [-4.51862, -0.12595, -4.25],
							"size": [4.225, 3, 6.175],
							"uv": {
								"north": {"uv": [79, 0], "uv_size": [4.25, 3]},
								"east": {"uv": [65, 59], "uv_size": [6.25, 3]},
								"south": {"uv": [79, 4], "uv_size": [4.25, 3]},
								"west": {"uv": [38, 66], "uv_size": [6.25, 3]},
								"up": {"uv": [56, 23], "uv_size": [4.25, 6.25]},
								"down": {"uv": [56, 37.25], "uv_size": [4.25, -6.25]}
							}
						},
						{
							"origin": [-4.34362, 2.27405, -3.25],
							"size": [3.875, 1.1, 2.075],
							"pivot": [-2.73112, 2.87405, -2.6625],
							"rotation": [35, 0, 0],
							"uv": {
								"north": {"uv": [77, 75], "uv_size": [4, 1]},
								"east": {"uv": [31, 85], "uv_size": [2, 1]},
								"south": {"uv": [94, 48], "uv_size": [4, 1]},
								"west": {"uv": [89, 81], "uv_size": [2, 1]},
								"up": {"uv": [61, 85], "uv_size": [4, 2]},
								"down": {"uv": [6, 88], "uv_size": [4, -2]}
							}
						},
						{
							"origin": [-4.31862, 2.37405, -1.7],
							"size": [3.825, 1.75, 2.425],
							"uv": {
								"north": {"uv": [88, 75], "uv_size": [3.75, 1.75]},
								"east": {"uv": [93, 87], "uv_size": [2.5, 1.75]},
								"south": {"uv": [89, 0], "uv_size": [3.75, 1.75]},
								"west": {"uv": [0, 94], "uv_size": [2.5, 1.75]},
								"up": {"uv": [84, 27], "uv_size": [3.75, 2.5]},
								"down": {"uv": [39, 86.5], "uv_size": [3.75, -2.5]}
							}
						}
					]
				}
			]
		}
	]
}