{
	"format_version": "1.12.0",
	"minecraft:geometry": [
		{
			"description": {
				"identifier": "geometry.unknown",
				"texture_width": 128,
				"texture_height": 128,
				"visible_bounds_width": 3,
				"visible_bounds_height": 4.5,
				"visible_bounds_offset": [0, 1.75, 0]
			},
			"bones": [
				{
					"name": "LeftArm",
					"pivot": [1.4, 31.275, 0],
					"cubes": [
						{
							"origin": [0.45, 25.15, -1.7],
							"size": [3.25, 7.3, 3.4],
							"uv": {
								"north": {"uv": [17, 49], "uv_size": [3.25, 7.25]},
								"east": {"uv": [31, 46], "uv_size": [3.5, 7.25]},
								"south": {"uv": [0, 50], "uv_size": [3.25, 7.25]},
								"west": {"uv": [4, 47], "uv_size": [3.5, 7.25]},
								"up": {"uv": [62, 74], "uv_size": [3.25, 3.5]},
								"down": {"uv": [4, 78.5], "uv_size": [3.25, -3.5]}
							}
						},
						{
							"origin": [0.23125, 27.93125, -1.95],
							"size": [4.25, 3.01875, 3.9],
							"uv": {
								"north": {"uv": [73, 36], "uv_size": [4.25, 3]},
								"east": {"uv": [55, 10], "uv_size": [4, 3]},
								"south": {"uv": [73, 39], "uv_size": [4.25, 3]},
								"west": {"uv": [58, 18], "uv_size": [4, 3]},
								"up": {"uv": [12, 63], "uv_size": [4.25, 4]},
								"down": {"uv": [35, 67], "uv_size": [4.25, -4]}
							}
						},
						{
							"origin": [0.23125, 26.63125, -1.95],
							"size": [4.25, 1.3, 3.9],
							"uv": {
								"north": {"uv": [88, 88], "uv_size": [4.25, 1.25]},
								"east": {"uv": [89, 66], "uv_size": [4, 1.25]},
								"south": {"uv": [89, 0], "uv_size": [4.25, 1.25]},
								"west": {"uv": [89, 68], "uv_size": [4, 1.25]},
								"up": {"uv": [64, 31], "uv_size": [4.25, 4]},
								"down": {"uv": [48, 69], "uv_size": [4.25, -4]}
							}
						},
						{
							"origin": [0.45124, 29.75166, -1.95],
							"size": [3.7698, 1.96243, 3.9],
							"pivot": [1.90253, 30.88253, 0],
							"rotation": [0, 0, -27.5],
							"uv": {
								"north": {"uv": [82, 61], "uv_size": [3.75, 2]},
								"east": {"uv": [43, 51], "uv_size": [4, 2]},
								"south": {"uv": [4, 83], "uv_size": [3.75, 2]},
								"west": {"uv": [82, 31], "uv_size": [4, 2]},
								"up": {"uv": [0, 68], "uv_size": [3.75, 4]},
								"down": {"uv": [26, 72], "uv_size": [3.75, -4]}
							}
						}
					]
				},
				{
					"name": "LeftForeArm",
					"parent": "LeftArm",
					"pivot": [2.125, 25.325, 0.025],
					"cubes": [
						{
							"origin": [0.525, 21.125, -1.575],
							"size": [3.2, 4.5, 3.2],
							"uv": {
								"north": {"uv": [38, 69], "uv_size": [3.25, 4.5]},
								"east": {"uv": [42, 69], "uv_size": [3.25, 4.5]},
								"south": {"uv": [46, 69], "uv_size": [3.25, 4.5]},
								"west": {"uv": [50, 69], "uv_size": [3.25, 4.5]},
								"up": {"uv": [17, 76], "uv_size": [3.25, 3.25]},
								"down": {"uv": [30, 80.25], "uv_size": [3.25, -3.25]}
							}
						},
						{
							"origin": [0.3375, 21.5, -2.325],
							"size": [3.5125, 4.3125, 0.7],
							"uv": {
								"north": {"uv": [69, 8], "uv_size": [3.5, 4.25]},
								"east": {"uv": [77, 93], "uv_size": [0.75, 4.25]},
								"south": {"uv": [69, 21], "uv_size": [3.5, 4.25]},
								"west": {"uv": [19, 94], "uv_size": [0.75, 4.25]},
								"up": {"uv": [95, 8], "uv_size": [3.5, 0.75]},
								"down": {"uv": [95, 9.75], "uv_size": [3.5, -0.75]}
							}
						},
						{
							"origin": [0.4, 21.5625, -2.3875],
							"size": [1.7, 4.1875, 0.2],
							"uv": {
								"north": {"uv": [35, 82], "uv_size": [1.75, 4.25]},
								"east": {"uv": [40, 103], "uv_size": [0.25, 4.25]},
								"south": {"uv": [69, 82], "uv_size": [1.75, 4.25]},
								"west": {"uv": [41, 103], "uv_size": [0.25, 4.25]},
								"up": {"uv": [109, 13], "uv_size": [1.75, 0.25]},
								"down": {"uv": [16, 109.25], "uv_size": [1.75, -0.25]}
							}
						},
						{
							"origin": [0.4625, 21.625, -2.45],
							"size": [1.575, 4.0625, 0.2625],
							"uv": {
								"north": {"uv": [87, 12], "uv_size": [1.5, 4]},
								"east": {"uv": [66, 103], "uv_size": [0.25, 4]},
								"south": {"uv": [87, 16], "uv_size": [1.5, 4]},
								"west": {"uv": [103, 66], "uv_size": [0.25, 4]},
								"up": {"uv": [82, 110], "uv_size": [1.5, 0.25]},
								"down": {"uv": [110, 82.25], "uv_size": [1.5, -0.25]}
							}
						},
						{
							"origin": [0.3375, 24.125, -1.6375],
							"size": [0.2625, 0.75, 3.45],
							"uv": {
								"north": {"uv": [59, 114], "uv_size": [0.25, 0.75]},
								"east": {"uv": [95, 20], "uv_size": [3.5, 0.75]},
								"south": {"uv": [114, 59], "uv_size": [0.25, 0.75]},
								"west": {"uv": [95, 21], "uv_size": [3.5, 0.75]},
								"up": {"uv": [104, 75], "uv_size": [0.25, 3.5]},
								"down": {"uv": [77, 107.5], "uv_size": [0.25, -3.5]}
							}
						},
						{
							"origin": [3.7875, 22.375, -2.2125],
							"size": [0.2625, 0.75, 3.7625],
							"uv": {
								"north": {"uv": [60, 114], "uv_size": [0.25, 0.75]},
								"east": {"uv": [94, 75], "uv_size": [3.75, 0.75]},
								"south": {"uv": [114, 60], "uv_size": [0.25, 0.75]},
								"west": {"uv": [94, 83], "uv_size": [3.75, 0.75]},
								"up": {"uv": [53, 104], "uv_size": [0.25, 3.75]},
								"down": {"uv": [54, 107.75], "uv_size": [0.25, -3.75]}
							}
						},
						{
							"origin": [3.7875, 24.125, -2.2125],
							"size": [0.2625, 0.75, 3.7625],
							"uv": {
								"north": {"uv": [61, 114], "uv_size": [0.25, 0.75]},
								"east": {"uv": [95, 6], "uv_size": [3.75, 0.75]},
								"south": {"uv": [114, 61], "uv_size": [0.25, 0.75]},
								"west": {"uv": [95, 7], "uv_size": [3.75, 0.75]},
								"up": {"uv": [55, 104], "uv_size": [0.25, 3.75]},
								"down": {"uv": [57, 107.75], "uv_size": [0.25, -3.75]}
							}
						},
						{
							"origin": [0.3375, 22.375, -1.6375],
							"size": [0.2625, 0.75, 3.45],
							"uv": {
								"north": {"uv": [62, 114], "uv_size": [0.25, 0.75]},
								"east": {"uv": [34, 95], "uv_size": [3.5, 0.75]},
								"south": {"uv": [114, 62], "uv_size": [0.25, 0.75]},
								"west": {"uv": [38, 95], "uv_size": [3.5, 0.75]},
								"up": {"uv": [104, 79], "uv_size": [0.25, 3.5]},
								"down": {"uv": [82, 107.5], "uv_size": [0.25, -3.5]}
							}
						},
						{
							"origin": [2.19375, 24.125, -0.04375],
							"size": [0.2625, 0.75, 3.45],
							"pivot": [2.325, 24.5, 1.68125],
							"rotation": [0, -90, 0],
							"uv": {
								"north": {"uv": [63, 114], "uv_size": [0.25, 0.75]},
								"east": {"uv": [95, 38], "uv_size": [3.5, 0.75]},
								"south": {"uv": [114, 63], "uv_size": [0.25, 0.75]},
								"west": {"uv": [47, 95], "uv_size": [3.5, 0.75]},
								"up": {"uv": [83, 104], "uv_size": [0.25, 3.5]},
								"down": {"uv": [104, 86.5], "uv_size": [0.25, -3.5]}
							}
						},
						{
							"origin": [2.19375, 22.375, -0.04375],
							"size": [0.2625, 0.75, 3.45],
							"pivot": [2.325, 22.75, 1.68125],
							"rotation": [0, -90, 0],
							"uv": {
								"north": {"uv": [64, 114], "uv_size": [0.25, 0.75]},
								"east": {"uv": [51, 95], "uv_size": [3.5, 0.75]},
								"south": {"uv": [114, 64], "uv_size": [0.25, 0.75]},
								"west": {"uv": [59, 95], "uv_size": [3.5, 0.75]},
								"up": {"uv": [89, 104], "uv_size": [0.25, 3.5]},
								"down": {"uv": [90, 107.5], "uv_size": [0.25, -3.5]}
							}
						},
						{
							"origin": [2.19375, 22.375, -4.04375],
							"size": [0.2625, 0.75, 1.7],
							"pivot": [2.325, 22.75, -2.31875],
							"rotation": [0, -90, 0],
							"uv": {
								"north": {"uv": [65, 114], "uv_size": [0.25, 0.75]},
								"east": {"uv": [99, 32], "uv_size": [1.75, 0.75]},
								"south": {"uv": [114, 65], "uv_size": [0.25, 0.75]},
								"west": {"uv": [99, 38], "uv_size": [1.75, 0.75]},
								"up": {"uv": [18, 109], "uv_size": [0.25, 1.75]},
								"down": {"uv": [19, 110.75], "uv_size": [0.25, -1.75]}
							}
						},
						{
							"origin": [2.19375, 24.125, -4.04375],
							"size": [0.2625, 0.75, 1.7],
							"pivot": [2.325, 24.5, -2.31875],
							"rotation": [0, -90, 0],
							"uv": {
								"north": {"uv": [66, 114], "uv_size": [0.25, 0.75]},
								"east": {"uv": [99, 43], "uv_size": [1.75, 0.75]},
								"south": {"uv": [114, 66], "uv_size": [0.25, 0.75]},
								"west": {"uv": [99, 44], "uv_size": [1.75, 0.75]},
								"up": {"uv": [109, 19], "uv_size": [0.25, 1.75]},
								"down": {"uv": [20, 110.75], "uv_size": [0.25, -1.75]}
							}
						},
						{
							"origin": [0.275, 19.875, -2.075],
							"size": [3.7, 1.5, 4.2],
							"uv": {
								"north": {"uv": [88, 29], "uv_size": [3.75, 1.5]},
								"east": {"uv": [85, 73], "uv_size": [4.25, 1.5]},
								"south": {"uv": [88, 76], "uv_size": [3.75, 1.5]},
								"west": {"uv": [81, 85], "uv_size": [4.25, 1.5]},
								"up": {"uv": [0, 63], "uv_size": [3.75, 4.25]},
								"down": {"uv": [31, 69.25], "uv_size": [3.75, -4.25]}
							}
						}
					]
				},
				{
					"name": "LeftHand",
					"parent": "LeftForeArm",
					"pivot": [3.125, 20.075, -0.19374],
					"cubes": [
						{
							"origin": [0.70625, 16.475, -1.84061],
							"size": [3, 4.75, 3.75313],
							"uv": {
								"north": {"uv": [0, 88], "uv_size": [1.5, 3.75]},
								"east": {"uv": [30, 70], "uv_size": [3.75, 3.75]},
								"south": {"uv": [14, 88], "uv_size": [1.5, 3.75]},
								"west": {"uv": [4, 71], "uv_size": [3.75, 3.75]},
								"up": {"uv": [29, 88], "uv_size": [1.5, 3.75]},
								"down": {"uv": [32, 91.75], "uv_size": [1.5, -3.75]}
							}
						},
						{
							"origin": [2.08125, 16.975, -1.62188],
							"size": [1.75, 1.5, 3.2531],
							"uv": {
								"north": {"uv": [113, 4], "uv_size": [0.25, 1]},
								"east": {"uv": [94, 13], "uv_size": [3.25, 1]},
								"south": {"uv": [5, 113], "uv_size": [0.25, 1]},
								"west": {"uv": [94, 14], "uv_size": [3.25, 1]},
								"up": {"uv": [97, 104], "uv_size": [0.25, 3.25]},
								"down": {"uv": [98, 107.25], "uv_size": [0.25, -3.25]}
							}
						},
						{
							"origin": [2.175, 17.06875, 0.83125],
							"size": [1.75, 1.3125, 0.7531],
							"uv": {
								"north": {"uv": [67, 114], "uv_size": [0.25, 0.75]},
								"east": {"uv": [66, 107], "uv_size": [0.75, 0.75]},
								"south": {"uv": [114, 67], "uv_size": [0.25, 0.75]},
								"west": {"uv": [87, 107], "uv_size": [0.75, 0.75]},
								"up": {"uv": [68, 114], "uv_size": [0.25, 0.75]},
								"down": {"uv": [114, 68.75], "uv_size": [0.25, -0.75]}
							}
						},
						{
							"origin": [2.175, 17.06875, 0.01875],
							"size": [1.75, 1.3125, 0.7531],
							"uv": {
								"north": {"uv": [69, 114], "uv_size": [0.25, 0.75]},
								"east": {"uv": [88, 107], "uv_size": [0.75, 0.75]},
								"south": {"uv": [114, 69], "uv_size": [0.25, 0.75]},
								"west": {"uv": [3, 108], "uv_size": [0.75, 0.75]},
								"up": {"uv": [70, 114], "uv_size": [0.25, 0.75]},
								"down": {"uv": [114, 70.75], "uv_size": [0.25, -0.75]}
							}
						},
						{
							"origin": [2.175, 17.06875, -1.575],
							"size": [1.75, 1.3125, 0.7531],
							"uv": {
								"north": {"uv": [71, 114], "uv_size": [0.25, 0.75]},
								"east": {"uv": [108, 3], "uv_size": [0.75, 0.75]},
								"south": {"uv": [114, 71], "uv_size": [0.25, 0.75]},
								"west": {"uv": [4, 108], "uv_size": [0.75, 0.75]},
								"up": {"uv": [72, 114], "uv_size": [0.25, 0.75]},
								"down": {"uv": [114, 72.75], "uv_size": [0.25, -0.75]}
							}
						},
						{
							"origin": [2.175, 17.06875, -0.77813],
							"size": [1.75, 1.3125, 0.7531],
							"uv": {
								"north": {"uv": [73, 114], "uv_size": [0.25, 0.75]},
								"east": {"uv": [108, 4], "uv_size": [0.75, 0.75]},
								"south": {"uv": [114, 73], "uv_size": [0.25, 0.75]},
								"west": {"uv": [5, 108], "uv_size": [0.75, 0.75]},
								"up": {"uv": [74, 114], "uv_size": [0.25, 0.75]},
								"down": {"uv": [114, 74.75], "uv_size": [0.25, -0.75]}
							}
						}
					]
				},
				{
					"name": "LeftHandLocator",
					"parent": "LeftHand",
					"pivot": [2.125, 18.075, -0.19374]
				},
				{
					"name": "SheathLocator",
					"parent": "LeftHand",
					"pivot": [2.125, 18.075, -0.19374]
				},
				{
					"name": "LeftWaistLocator",
					"parent": "LeftHand",
					"pivot": [2.125, 18.075, -0.19374]
				},
				{
					"name": "RightArm",
					"pivot": [-1.15, 31.275, 0],
					"cubes": [
						{
							"origin": [-3.45, 25.15, -1.7],
							"size": [3.25, 7.3, 3.4],
							"uv": {
								"north": {"uv": [35, 51], "uv_size": [3.25, 7.25]},
								"east": {"uv": [47, 45], "uv_size": [3.5, 7.25]},
								"south": {"uv": [39, 51], "uv_size": [3.25, 7.25]},
								"west": {"uv": [8, 48], "uv_size": [3.5, 7.25]},
								"up": {"uv": [21, 75], "uv_size": [3.25, 3.5]},
								"down": {"uv": [75, 64.5], "uv_size": [3.25, -3.5]}
							}
						},
						{
							"origin": [-4.22772, 27.91443, -1.95],
							"size": [4.28125, 3.05, 3.9],
							"uv": {
								"north": {"uv": [73, 55], "uv_size": [4.25, 3]},
								"east": {"uv": [74, 28], "uv_size": [4, 3]},
								"south": {"uv": [74, 25], "uv_size": [4.25, 3]},
								"west": {"uv": [29, 74], "uv_size": [4, 3]},
								"up": {"uv": [64, 0], "uv_size": [4.25, 4]},
								"down": {"uv": [64, 8], "uv_size": [4.25, -4]}
							}
						},
						{
							"origin": [-4.22772, 26.61443, -1.95],
							"size": [4.28125, 1.3, 3.9],
							"uv": {
								"north": {"uv": [89, 2], "uv_size": [4.25, 1.25]},
								"east": {"uv": [70, 89], "uv_size": [4, 1.25]},
								"south": {"uv": [89, 4], "uv_size": [4.25, 1.25]},
								"west": {"uv": [89, 70], "uv_size": [4, 1.25]},
								"up": {"uv": [56, 65], "uv_size": [4.25, 4]},
								"down": {"uv": [61, 69], "uv_size": [4.25, -4]}
							}
						},
						{
							"origin": [-3.97104, 29.75166, -1.95],
							"size": [3.80105, 1.96243, 3.9],
							"pivot": [-1.62128, 30.88253, 0],
							"rotation": [0, 0, 27.5],
							"uv": {
								"north": {"uv": [83, 12], "uv_size": [3.75, 2]},
								"east": {"uv": [82, 39], "uv_size": [4, 2]},
								"south": {"uv": [83, 14], "uv_size": [3.75, 2]},
								"west": {"uv": [82, 41], "uv_size": [4, 2]},
								"up": {"uv": [69, 0], "uv_size": [3.75, 4]},
								"down": {"uv": [69, 8], "uv_size": [3.75, -4]}
							}
						}
					]
				},
				{
					"name": "RightForeArm",
					"parent": "RightArm",
					"pivot": [-1.875, 25.325, 0.025],
					"cubes": [
						{
							"origin": [-3.475, 21.125, -1.575],
							"size": [3.2, 4.5, 3.2],
							"uv": {
								"north": {"uv": [54, 69], "uv_size": [3.25, 4.5]},
								"east": {"uv": [58, 69], "uv_size": [3.25, 4.5]},
								"south": {"uv": [62, 69], "uv_size": [3.25, 4.5]},
								"west": {"uv": [9, 70], "uv_size": [3.25, 4.5]},
								"up": {"uv": [77, 65], "uv_size": [3.25, 3.25]},
								"down": {"uv": [9, 81.25], "uv_size": [3.25, -3.25]}
							}
						},
						{
							"origin": [-3.725, 19.875, -2.075],
							"size": [3.7, 1.5, 4.2],
							"uv": {
								"north": {"uv": [88, 78], "uv_size": [3.75, 1.5]},
								"east": {"uv": [86, 24], "uv_size": [4.25, 1.5]},
								"south": {"uv": [88, 80], "uv_size": [3.75, 1.5]},
								"west": {"uv": [86, 31], "uv_size": [4.25, 1.5]},
								"up": {"uv": [22, 66], "uv_size": [3.75, 4.25]},
								"down": {"uv": [66, 50.25], "uv_size": [3.75, -4.25]}
							}
						}
					]
				},
				{
					"name": "RightHand",
					"parent": "RightForeArm",
					"pivot": [-2.875, 20.075, -0.225],
					"cubes": [
						{
							"origin": [-3.48125, 16.475, -1.87188],
							"size": [3, 4.75, 3.7531],
							"uv": {
								"north": {"uv": [49, 88], "uv_size": [1.5, 3.75]},
								"east": {"uv": [21, 71], "uv_size": [3.75, 3.75]},
								"south": {"uv": [78, 88], "uv_size": [1.5, 3.75]},
								"west": {"uv": [71, 58], "uv_size": [3.75, 3.75]},
								"up": {"uv": [88, 84], "uv_size": [1.5, 3.75]},
								"down": {"uv": [86, 91.75], "uv_size": [1.5, -3.75]}
							}
						},
						{
							"origin": [-3.60625, 16.975, -1.62188],
							"size": [0.25, 1.5, 3.2531],
							"uv": {
								"north": {"uv": [113, 5], "uv_size": [0.25, 1]},
								"east": {"uv": [15, 94], "uv_size": [3.25, 1]},
								"south": {"uv": [6, 113], "uv_size": [0.25, 1]},
								"west": {"uv": [94, 15], "uv_size": [3.25, 1]},
								"up": {"uv": [99, 104], "uv_size": [0.25, 3.25]},
								"down": {"uv": [104, 103.25], "uv_size": [0.25, -3.25]}
							}
						},
						{
							"origin": [-3.7, 17.06875, -1.575],
							"size": [0.25, 1.3125, 0.7531],
							"uv": {
								"north": {"uv": [75, 114], "uv_size": [0.25, 0.75]},
								"east": {"uv": [108, 5], "uv_size": [0.75, 0.75]},
								"south": {"uv": [114, 75], "uv_size": [0.25, 0.75]},
								"west": {"uv": [6, 108], "uv_size": [0.75, 0.75]},
								"up": {"uv": [76, 114], "uv_size": [0.25, 0.75]},
								"down": {"uv": [114, 76.75], "uv_size": [0.25, -0.75]}
							}
						},
						{
							"origin": [-3.7, 17.06875, 0.83125],
							"size": [0.25, 1.3125, 0.7531],
							"uv": {
								"north": {"uv": [77, 114], "uv_size": [0.25, 0.75]},
								"east": {"uv": [108, 6], "uv_size": [0.75, 0.75]},
								"south": {"uv": [114, 77], "uv_size": [0.25, 0.75]},
								"west": {"uv": [7, 108], "uv_size": [0.75, 0.75]},
								"up": {"uv": [78, 114], "uv_size": [0.25, 0.75]},
								"down": {"uv": [114, 78.75], "uv_size": [0.25, -0.75]}
							}
						},
						{
							"origin": [-3.7, 17.06875, 0.01875],
							"size": [0.25, 1.3125, 0.7531],
							"uv": {
								"north": {"uv": [79, 114], "uv_size": [0.25, 0.75]},
								"east": {"uv": [108, 7], "uv_size": [0.75, 0.75]},
								"south": {"uv": [114, 79], "uv_size": [0.25, 0.75]},
								"west": {"uv": [8, 108], "uv_size": [0.75, 0.75]},
								"up": {"uv": [80, 114], "uv_size": [0.25, 0.75]},
								"down": {"uv": [114, 80.75], "uv_size": [0.25, -0.75]}
							}
						},
						{
							"origin": [-3.7, 17.06875, -0.77813],
							"size": [0.25, 1.3125, 0.7531],
							"uv": {
								"north": {"uv": [81, 114], "uv_size": [0.25, 0.75]},
								"east": {"uv": [108, 8], "uv_size": [0.75, 0.75]},
								"south": {"uv": [114, 81], "uv_size": [0.25, 0.75]},
								"west": {"uv": [9, 108], "uv_size": [0.75, 0.75]},
								"up": {"uv": [82, 114], "uv_size": [0.25, 0.75]},
								"down": {"uv": [114, 82.75], "uv_size": [0.25, -0.75]}
							}
						}
					]
				},
				{
					"name": "RightHandLocator",
					"parent": "RightHand",
					"pivot": [-1.75, 18.075, -0.475],
					"rotation": [0, -7.5, -20]
				},
				{
					"name": "BladeLocator",
					"parent": "RightHand",
					"pivot": [-1.75, 18.075, -0.475],
					"rotation": [0, -7.5, -20]
				}
			]
		}
	]
}