{
	"format_version": "1.12.0",
	"minecraft:geometry": [
		{
			"description": {
				"identifier": "geometry.unknown",
				"texture_width": 128,
				"texture_height": 128,
				"visible_bounds_width": 7,
				"visible_bounds_height": 6,
				"visible_bounds_offset": [0, 2, 0]
			},
			"bones": [
				{
					"name": "Arm",
					"pivot": [0, 27.24, -1]
				},
				{
					"name": "LeftArm",
					"parent": "Arm",
					"pivot": [-1.05, 28.24, 0.66],
					"cubes": [
						{
							"origin": [-1.12897, 23.44523, -1],
							"size": [2.49, 5.81, 3.32],
							"pivot": [0.11603, 26.59923, -0.17],
							"rotation": [0, 0, -7.5],
							"uv": {
								"north": {"uv": [49, 27], "uv_size": [2, 6]},
								"east": {"uv": [12, 36], "uv_size": [3, 6]},
								"south": {"uv": [49, 33], "uv_size": [2, 6]},
								"west": {"uv": [27, 38], "uv_size": [3, 6]},
								"up": {"uv": [59, 57], "uv_size": [2, 3]},
								"down": {"uv": [60, 3], "uv_size": [2, -3]}
							}
						},
						{
							"origin": [-0.68276, 22.79491, -0.18795],
							"size": [2.49, 0.83, 2.4485],
							"pivot": [-4.43776, 23.20991, 1.43055],
							"rotation": [-10, 0, -7.5],
							"uv": {
								"north": {"uv": [72, 71], "uv_size": [2, 1]},
								"east": {"uv": [73, 0], "uv_size": [2, 1]},
								"south": {"uv": [73, 17], "uv_size": [2, 1]},
								"west": {"uv": [73, 19], "uv_size": [2, 1]},
								"up": {"uv": [64, 66], "uv_size": [2, 2]},
								"down": {"uv": [66, 67], "uv_size": [2, -2]}
							}
						},
						{
							"origin": [-0.59676, 22.14163, -0.32301],
							"size": [2.49, 0.83, 2.407],
							"pivot": [-4.35176, 22.55663, 1.25399],
							"rotation": [-20, 0, -7.5],
							"uv": {
								"north": {"uv": [20, 73], "uv_size": [2, 1]},
								"east": {"uv": [73, 20], "uv_size": [2, 1]},
								"south": {"uv": [73, 22], "uv_size": [2, 1]},
								"west": {"uv": [23, 73], "uv_size": [2, 1]},
								"up": {"uv": [0, 67], "uv_size": [2, 2]},
								"down": {"uv": [2, 69], "uv_size": [2, -2]}
							}
						},
						{
							"origin": [-0.52657, 21.6085, 0.14406],
							"size": [2.49, 0.83, 1.7015],
							"pivot": [-4.28157, 22.0235, 0.97406],
							"rotation": [-35, 0, -7.5],
							"uv": {
								"north": {"uv": [73, 23], "uv_size": [2, 1]},
								"east": {"uv": [73, 25], "uv_size": [2, 1]},
								"south": {"uv": [26, 73], "uv_size": [2, 1]},
								"west": {"uv": [73, 26], "uv_size": [2, 1]},
								"up": {"uv": [6, 67], "uv_size": [2, 2]},
								"down": {"uv": [8, 69], "uv_size": [2, -2]}
							}
						},
						{
							"origin": [-0.44854, 21.01584, -0.70965],
							"size": [2.49, 0.83, 1.76375],
							"pivot": [-4.20354, 21.43084, 0.12035],
							"rotation": [-75, 0, -7.5],
							"uv": {
								"north": {"uv": [73, 28], "uv_size": [2, 1]},
								"east": {"uv": [29, 73], "uv_size": [2, 1]},
								"south": {"uv": [73, 29], "uv_size": [2, 1]},
								"west": {"uv": [73, 31], "uv_size": [2, 1]},
								"up": {"uv": [67, 9], "uv_size": [2, 2]},
								"down": {"uv": [10, 69], "uv_size": [2, -2]}
							}
						},
						{
							"origin": [-0.47773, 21.23755, -1.32984],
							"size": [2.49, 0.83, 2.84275],
							"pivot": [-4.23273, 21.65255, 0.59991],
							"rotation": [-55, 0, -7.5],
							"uv": {
								"north": {"uv": [73, 34], "uv_size": [2, 1]},
								"east": {"uv": [69, 41], "uv_size": [3, 1]},
								"south": {"uv": [35, 73], "uv_size": [2, 1]},
								"west": {"uv": [44, 69], "uv_size": [3, 1]},
								"up": {"uv": [43, 60], "uv_size": [2, 3]},
								"down": {"uv": [45, 63], "uv_size": [2, -3]}
							}
						},
						{
							"origin": [-0.43821, 20.93739, -2.63869],
							"size": [2.49, 0.83, 3.13325],
							"pivot": [-4.19321, 21.35239, -0.48069],
							"rotation": [-90, 0, -7.5],
							"uv": {
								"north": {"uv": [32, 73], "uv_size": [2, 1]},
								"east": {"uv": [69, 39], "uv_size": [3, 1]},
								"south": {"uv": [73, 32], "uv_size": [2, 1]},
								"west": {"uv": [69, 40], "uv_size": [3, 1]},
								"up": {"uv": [37, 60], "uv_size": [2, 3]},
								"down": {"uv": [40, 63], "uv_size": [2, -3]}
							}
						},
						{
							"origin": [-1.90131, 23.81326, -1.2075],
							"size": [3.1125, 5.58175, 3.735],
							"pivot": [-0.65631, 28.56501, -0.17],
							"rotation": [0, 0, -7.5],
							"uv": {
								"north": {"uv": [19, 39], "uv_size": [3, 6]},
								"east": {"uv": [31, 0], "uv_size": [4, 6]},
								"south": {"uv": [39, 20], "uv_size": [3, 6]},
								"west": {"uv": [31, 6], "uv_size": [4, 6]},
								"up": {"uv": [44, 49], "uv_size": [3, 4]},
								"down": {"uv": [4, 54], "uv_size": [3, -4]}
							}
						}
					]
				},
				{
					"name": "LeftForeArm",
					"parent": "LeftArm",
					"pivot": [0.51, 23.26, -0.44],
					"cubes": [
						{
							"origin": [-0.77365, 17.66409, -1],
							"size": [2.6, 5.8, 3.3],
							"pivot": [0.54384, 23.44537, -0.8755],
							"rotation": [0, 0, -7.5],
							"uv": {
								"north": {"uv": [34, 50], "uv_size": [2, 6]},
								"east": {"uv": [22, 39], "uv_size": [3, 6]},
								"south": {"uv": [36, 50], "uv_size": [2, 6]},
								"west": {"uv": [40, 26], "uv_size": [3, 6]},
								"up": {"uv": [60, 3], "uv_size": [2, 3]},
								"down": {"uv": [60, 9], "uv_size": [2, -3]}
							}
						}
					]
				},
				{
					"name": "RightArm",
					"parent": "Arm",
					"pivot": [1.025, 28.24, 0.66],
					"cubes": [
						{
							"origin": [-1.38603, 23.44523, -1],
							"size": [2.49, 5.81, 3.32],
							"pivot": [-0.14103, 26.59923, -0.17],
							"rotation": [0, 0, 7.5],
							"uv": {
								"north": {"uv": [38, 50], "uv_size": [2, 6]},
								"east": {"uv": [0, 41], "uv_size": [3, 6]},
								"south": {"uv": [50, 39], "uv_size": [2, 6]},
								"west": {"uv": [3, 41], "uv_size": [3, 6]},
								"up": {"uv": [60, 9], "uv_size": [2, 3]},
								"down": {"uv": [60, 15], "uv_size": [2, -3]}
							}
						},
						{
							"origin": [-1.23619, 23.81326, -1.2075],
							"size": [3.1125, 5.58175, 3.735],
							"pivot": [0.63131, 28.56501, -0.17],
							"rotation": [0, 0, 7.5],
							"uv": {
								"north": {"uv": [6, 41], "uv_size": [3, 6]},
								"east": {"uv": [31, 18], "uv_size": [4, 6]},
								"south": {"uv": [9, 41], "uv_size": [3, 6]},
								"west": {"uv": [31, 24], "uv_size": [4, 6]},
								"up": {"uv": [51, 35], "uv_size": [3, 4]},
								"down": {"uv": [51, 52], "uv_size": [3, -4]}
							}
						}
					]
				},
				{
					"name": "RightForeArm",
					"parent": "RightArm",
					"pivot": [-0.51048, 23.51199, -0.78955],
					"rotation": [0, 0, 7.5],
					"cubes": [
						{
							"origin": [-1.71546, 23.26074, -0.8087],
							"size": [2.34475, 2.2825, 2.6975],
							"uv": {
								"north": {"uv": [67, 11], "uv_size": [2, 2]},
								"east": {"uv": [60, 35], "uv_size": [3, 2]},
								"south": {"uv": [12, 67], "uv_size": [2, 2]},
								"west": {"uv": [60, 45], "uv_size": [3, 2]},
								"up": {"uv": [47, 60], "uv_size": [2, 3]},
								"down": {"uv": [60, 50], "uv_size": [2, -3]}
							}
						},
						{
							"origin": [-1.12852, 19.31189, -0.7925],
							"size": [1.245, 5.1875, 1.245],
							"uv": {
								"north": {"uv": [34, 62], "uv_size": [1, 5]},
								"east": {"uv": [35, 62], "uv_size": [1, 5]},
								"south": {"uv": [62, 37], "uv_size": [1, 5]},
								"west": {"uv": [53, 62], "uv_size": [1, 5]},
								"up": {"uv": [77, 53], "uv_size": [1, 1]},
								"down": {"uv": [54, 78], "uv_size": [1, -1]}
							}
						},
						{
							"origin": [-1.57068, 22.84574, -0.14435],
							"size": [1.66, 0.415, 1.66],
							"pivot": [-0.51048, 25.54549, 0.87045],
							"rotation": [0, -45, 0],
							"uv": {
								"north": {"uv": [73, 40], "uv_size": [2, 1]},
								"east": {"uv": [41, 73], "uv_size": [2, 1]},
								"south": {"uv": [73, 41], "uv_size": [2, 1]},
								"west": {"uv": [73, 44], "uv_size": [2, 1]},
								"up": {"uv": [18, 67], "uv_size": [2, 2]},
								"down": {"uv": [20, 69], "uv_size": [2, -2]}
							}
						},
						{
							"origin": [-0.92102, 19.31189, 1.075],
							"size": [0.83, 5.1875, 0.805],
							"uv": {
								"north": {"uv": [62, 53], "uv_size": [1, 5]},
								"east": {"uv": [62, 58], "uv_size": [1, 5]},
								"south": {"uv": [63, 0], "uv_size": [1, 5]},
								"west": {"uv": [5, 63], "uv_size": [1, 5]},
								"up": {"uv": [77, 54], "uv_size": [1, 1]},
								"down": {"uv": [55, 78], "uv_size": [1, -1]}
							}
						},
						{
							"origin": [-1.55153, 19.94251, -0.1635],
							"size": [1.66, 0.415, 1.66],
							"pivot": [-0.51048, 25.54549, 0.87045],
							"rotation": [0, -45, 0],
							"uv": {
								"north": {"uv": [73, 35], "uv_size": [2, 1]},
								"east": {"uv": [73, 37], "uv_size": [2, 1]},
								"south": {"uv": [38, 73], "uv_size": [2, 1]},
								"west": {"uv": [73, 38], "uv_size": [2, 1]},
								"up": {"uv": [14, 67], "uv_size": [2, 2]},
								"down": {"uv": [16, 69], "uv_size": [2, -2]}
							}
						}
					]
				},
				{
					"name": "Hand",
					"parent": "RightForeArm",
					"pivot": [-0.6639, 20.60347, 0.66],
					"cubes": [
						{
							"origin": [-1.75989, 19.16838, -1],
							"size": [2.49, 0.83, 3.32],
							"uv": {
								"north": {"uv": [71, 47], "uv_size": [2, 1]},
								"east": {"uv": [61, 68], "uv_size": [3, 1]},
								"south": {"uv": [48, 71], "uv_size": [2, 1]},
								"west": {"uv": [64, 68], "uv_size": [3, 1]},
								"up": {"uv": [14, 60], "uv_size": [2, 3]},
								"down": {"uv": [60, 19], "uv_size": [2, -3]}
							}
						},
						{
							"origin": [-1.75989, 18.33838, -1],
							"size": [0.6225, 0.83, 3.32],
							"uv": {
								"north": {"uv": [69, 76], "uv_size": [1, 1]},
								"east": {"uv": [68, 65], "uv_size": [3, 1]},
								"south": {"uv": [76, 69], "uv_size": [1, 1]},
								"west": {"uv": [68, 66], "uv_size": [3, 1]},
								"up": {"uv": [67, 68], "uv_size": [1, 3]},
								"down": {"uv": [68, 71], "uv_size": [1, -3]}
							}
						}
					]
				},
				{
					"name": "Finger",
					"parent": "Hand",
					"pivot": [0.4772, 19.23671, -0.5467],
					"cubes": [
						{
							"origin": [0.6368, 19.48812, -0.96499],
							"size": [1.26, 0.6225, 0.6225],
							"pivot": [0.6944, 19.52747, -0.656],
							"rotation": [-179.41798, 0.07662, 81.84473],
							"uv": {
								"north": {"uv": [71, 48], "uv_size": [2, 1]},
								"east": {"uv": [70, 76], "uv_size": [1, 1]},
								"south": {"uv": [71, 49], "uv_size": [2, 1]},
								"west": {"uv": [76, 70], "uv_size": [1, 1]},
								"up": {"uv": [50, 71], "uv_size": [2, 1]},
								"down": {"uv": [52, 72], "uv_size": [2, -1]}
							}
						}
					]
				},
				{
					"name": "bone6",
					"parent": "Finger",
					"pivot": [0.8794, 18.36234, -0.65819],
					"cubes": [
						{
							"origin": [0.20486, 18.12576, -0.97205],
							"size": [1.494, 0.6225, 0.6225],
							"pivot": [0.50914, 18.37379, -0.66068],
							"rotation": [179.93777, 0.00654, 145.30754],
							"uv": {
								"north": {"uv": [77, 2], "uv_size": [1, 1]},
								"east": {"uv": [3, 77], "uv_size": [1, 1]},
								"south": {"uv": [77, 3], "uv_size": [1, 1]},
								"west": {"uv": [4, 77], "uv_size": [1, 1]},
								"up": {"uv": [77, 4], "uv_size": [1, 1]},
								"down": {"uv": [5, 78], "uv_size": [1, -1]}
							}
						}
					]
				},
				{
					"name": "Finger2",
					"parent": "Hand",
					"pivot": [-1.44806, 18.35245, -0.68875],
					"cubes": [
						{
							"origin": [-1.54645, 18.05934, -1],
							"size": [1.66, 0.6225, 0.6225],
							"pivot": [-1.44436, 18.35858, -0.69],
							"rotation": [0, 0, 67.5],
							"uv": {
								"north": {"uv": [60, 71], "uv_size": [2, 1]},
								"east": {"uv": [72, 76], "uv_size": [1, 1]},
								"south": {"uv": [62, 71], "uv_size": [2, 1]},
								"west": {"uv": [76, 72], "uv_size": [1, 1]},
								"up": {"uv": [71, 63], "uv_size": [2, 1]},
								"down": {"uv": [64, 72], "uv_size": [2, -1]}
							}
						}
					]
				},
				{
					"name": "bone8",
					"parent": "Finger2",
					"pivot": [-1.11805, 16.8189, -0.7],
					"cubes": [
						{
							"origin": [-1.08718, 16.77455, -1],
							"size": [1.66, 0.6225, 0.6225],
							"pivot": [-0.87556, 17.07539, -0.69],
							"rotation": [0, 0, 7.5],
							"uv": {
								"north": {"uv": [54, 71], "uv_size": [2, 1]},
								"east": {"uv": [71, 76], "uv_size": [1, 1]},
								"south": {"uv": [56, 71], "uv_size": [2, 1]},
								"west": {"uv": [76, 71], "uv_size": [1, 1]},
								"up": {"uv": [71, 56], "uv_size": [2, 1]},
								"down": {"uv": [58, 72], "uv_size": [2, -1]}
							}
						}
					]
				},
				{
					"name": "Finger3",
					"parent": "Hand",
					"pivot": [-1.39806, 18.35245, 0.14125],
					"cubes": [
						{
							"origin": [-1.54645, 18.05934, -0.17],
							"size": [1.66, 0.6225, 0.6225],
							"pivot": [-1.44436, 18.35858, 0.135],
							"rotation": [0, 0, 67.5],
							"uv": {
								"north": {"uv": [71, 67], "uv_size": [2, 1]},
								"east": {"uv": [74, 76], "uv_size": [1, 1]},
								"south": {"uv": [68, 71], "uv_size": [2, 1]},
								"west": {"uv": [76, 74], "uv_size": [1, 1]},
								"up": {"uv": [71, 68], "uv_size": [2, 1]},
								"down": {"uv": [71, 70], "uv_size": [2, -1]}
							}
						}
					]
				},
				{
					"name": "bone9",
					"parent": "Finger3",
					"pivot": [-1.11544, 16.82277, 0.15],
					"cubes": [
						{
							"origin": [-1.08718, 16.77455, -0.17],
							"size": [1.66, 0.6225, 0.6225],
							"pivot": [-0.87556, 17.07539, 0.16],
							"rotation": [0, 0, 7.5],
							"uv": {
								"north": {"uv": [71, 64], "uv_size": [2, 1]},
								"east": {"uv": [73, 76], "uv_size": [1, 1]},
								"south": {"uv": [71, 65], "uv_size": [2, 1]},
								"west": {"uv": [76, 73], "uv_size": [1, 1]},
								"up": {"uv": [66, 71], "uv_size": [2, 1]},
								"down": {"uv": [71, 67], "uv_size": [2, -1]}
							}
						}
					]
				},
				{
					"name": "Finger4",
					"parent": "Hand",
					"pivot": [-1.42306, 18.37745, 1.1995],
					"cubes": [
						{
							"origin": [-1.54645, 18.05934, 0.8675],
							"size": [1.66, 0.6225, 0.6225],
							"pivot": [-1.44436, 18.35858, 1.16],
							"rotation": [0, 0, 67.5],
							"uv": {
								"north": {"uv": [2, 72], "uv_size": [2, 1]},
								"east": {"uv": [76, 76], "uv_size": [1, 1]},
								"south": {"uv": [72, 2], "uv_size": [2, 1]},
								"west": {"uv": [0, 77], "uv_size": [1, 1]},
								"up": {"uv": [4, 72], "uv_size": [2, 1]},
								"down": {"uv": [72, 6], "uv_size": [2, -1]}
							}
						}
					]
				},
				{
					"name": "bone10",
					"parent": "Finger4",
					"pivot": [-1.11544, 16.82277, 1.2],
					"cubes": [
						{
							"origin": [-1.08718, 16.77455, 0.8675],
							"size": [1.66, 0.6225, 0.6225],
							"pivot": [-0.87556, 17.07539, 1.185],
							"rotation": [0, 0, 7.5],
							"uv": {
								"north": {"uv": [70, 71], "uv_size": [2, 1]},
								"east": {"uv": [75, 76], "uv_size": [1, 1]},
								"south": {"uv": [71, 70], "uv_size": [2, 1]},
								"west": {"uv": [76, 75], "uv_size": [1, 1]},
								"up": {"uv": [0, 72], "uv_size": [2, 1]},
								"down": {"uv": [72, 2], "uv_size": [2, -1]}
							}
						}
					]
				},
				{
					"name": "Finger5",
					"parent": "Hand",
					"pivot": [-1.44806, 18.35245, 2.00875],
					"cubes": [
						{
							"origin": [-1.54645, 18.05934, 1.6975],
							"size": [1.66, 0.6225, 0.6225],
							"pivot": [-1.44436, 18.35858, 2.035],
							"rotation": [0, 0, 67.5],
							"uv": {
								"north": {"uv": [72, 8], "uv_size": [2, 1]},
								"east": {"uv": [77, 1], "uv_size": [1, 1]},
								"south": {"uv": [72, 9], "uv_size": [2, 1]},
								"west": {"uv": [2, 77], "uv_size": [1, 1]},
								"up": {"uv": [10, 72], "uv_size": [2, 1]},
								"down": {"uv": [72, 11], "uv_size": [2, -1]}
							}
						}
					]
				},
				{
					"name": "bone11",
					"parent": "Finger5",
					"pivot": [-1.11544, 16.82277, 2],
					"cubes": [
						{
							"origin": [-1.08718, 16.77455, 1.6975],
							"size": [1.66, 0.6225, 0.6225],
							"pivot": [-0.87556, 17.07539, 2.01],
							"rotation": [0, 0, 7.5],
							"uv": {
								"north": {"uv": [6, 72], "uv_size": [2, 1]},
								"east": {"uv": [77, 0], "uv_size": [1, 1]},
								"south": {"uv": [72, 6], "uv_size": [2, 1]},
								"west": {"uv": [1, 77], "uv_size": [1, 1]},
								"up": {"uv": [72, 7], "uv_size": [2, 1]},
								"down": {"uv": [8, 73], "uv_size": [2, -1]}
							}
						}
					]
				},
				{
					"name": "RightHand",
					"parent": "Hand",
					"pivot": [-0.55, 18.575, 1.025]
				},
				{
					"name": "RightHandLocator",
					"parent": "RightHand",
					"pivot": [-0.55, 18.575, 1.025]
				}
			]
		}
	]
}