{
	"format_version": "1.12.0",
	"minecraft:geometry": [
		{
			"description": {
				"identifier": "geometry.unknown",
				"texture_width": 128,
				"texture_height": 128,
				"visible_bounds_width": 21653,
				"visible_bounds_height": 61402.5,
				"visible_bounds_offset": [0, 30700.75, 0]
			},
			"bones": [
				{
					"name": "Root",
					"pivot": [0, 0, 0]
				},
				{
					"name": "AllBody",
					"parent": "Root",
					"pivot": [0, 16, 0]
				},
				{
					"name": "UpBody",
					"parent": "AllBody",
					"pivot": [0, 7, 0]
				},
				{
					"name": "UpperBody",
					"parent": "UpBody",
					"pivot": [0, 7, 0]
				},
				{
					"name": "Torso",
					"parent": "UpperBody",
					"pivot": [0, 7, 0]
				},
				{
					"name": "arms",
					"parent": "Torso",
					"pivot": [0, 13.75, 0.25]
				},
				{
					"name": "RightArm",
					"parent": "arms",
					"pivot": [-2.5, 13.75, 0.25],
					"rotation": [0, 0, 10],
					"cubes": [
						{
							"origin": [-3.3, 7.65, -0.45],
							"size": [1.5, 6.8, 1.5],
							"uv": {
								"north": {"uv": [59, 7], "uv_size": [1.5, 7]},
								"east": {"uv": [59, 25], "uv_size": [1.5, 7]},
								"south": {"uv": [59, 32], "uv_size": [1.5, 7]},
								"west": {"uv": [59, 39], "uv_size": [1.5, 7]},
								"up": {"uv": [63, 60], "uv_size": [1.5, 1.5]},
								"down": {"uv": [63, 63.5], "uv_size": [1.5, -1.5]}
							}
						}
					]
				},
				{
					"name": "RightHand",
					"parent": "RightArm",
					"pivot": [-2.5, 7.5, 0.25]
				},
				{
					"name": "RightHandLocator",
					"parent": "RightHand",
					"pivot": [-2.5, 7.5, 0.25]
				},
				{
					"name": "RightSleeve",
					"parent": "RightArm",
					"pivot": [-2.5, 13.75, 0.25],
					"cubes": [
						{
							"origin": [-3.45, 12.05, -0.55],
							"size": [1.7, 2.5, 1.7],
							"uv": {
								"north": {"uv": [62, 0], "uv_size": [1.5, 2.5]},
								"east": {"uv": [62, 3], "uv_size": [1.5, 2.5]},
								"south": {"uv": [17, 62], "uv_size": [1.5, 2.5]},
								"west": {"uv": [19, 62], "uv_size": [1.5, 2.5]},
								"up": {"uv": [64, 0], "uv_size": [1.5, 1.5]},
								"down": {"uv": [64, 3.5], "uv_size": [1.5, -1.5]}
							}
						}
					]
				},
				{
					"name": "RightSleeveEnd",
					"parent": "RightSleeve",
					"pivot": [-2.525, 10.4, 0.325],
					"cubes": [
						{
							"origin": [-3.4, 9.65, -0.55],
							"size": [1.7, 1.8, 1.7],
							"uv": {
								"north": {"uv": [57, 14], "uv_size": [1.5, 2]},
								"east": {"uv": [63, 10], "uv_size": [1.5, 2]},
								"south": {"uv": [63, 12], "uv_size": [1.5, 2]},
								"west": {"uv": [63, 14], "uv_size": [1.5, 2]},
								"up": {"uv": [64, 4], "uv_size": [1.5, 1.5]},
								"down": {"uv": [7, 65.5], "uv_size": [1.5, -1.5]}
							}
						}
					]
				},
				{
					"name": "RightSleeveEnd2",
					"parent": "RightSleeveEnd",
					"pivot": [-2.525, 10.4, 0.325],
					"cubes": [
						{
							"origin": [-3.9, 8, -1.05],
							"size": [2.75, 1.2, 2.75],
							"uv": {
								"north": {"uv": [18.5, 67.5], "uv_size": [2.5, 1]},
								"east": {"uv": [21, 67.5], "uv_size": [2.5, 1]},
								"south": {"uv": [23.5, 67.5], "uv_size": [2.5, 1]},
								"west": {"uv": [26, 67.5], "uv_size": [2.5, 1]},
								"up": {"uv": [52, 18.5], "uv_size": [5.5, 5.5]},
								"down": {"uv": [44, 68.5], "uv_size": [2.5, -2.5]}
							}
						},
						{
							"origin": [-3.65, 9.2, -0.8],
							"size": [2.25, 1.2, 2.25],
							"uv": {
								"north": {"uv": [62, 6], "uv_size": [2.5, 1]},
								"east": {"uv": [63, 36], "uv_size": [2.5, 1]},
								"south": {"uv": [63, 37], "uv_size": [2.5, 1]},
								"west": {"uv": [63, 38], "uv_size": [2.5, 1]},
								"up": {"uv": [7, 61], "uv_size": [2.5, 2.5]},
								"down": {"uv": [61, 9.5], "uv_size": [2.5, -2.5]}
							}
						}
					]
				},
				{
					"name": "LeftArm",
					"parent": "arms",
					"pivot": [2.5, 13.75, 0.25],
					"rotation": [0, 0, -10],
					"cubes": [
						{
							"origin": [1.8, 7.65, -0.45],
							"size": [1.5, 6.8, 1.5],
							"uv": {
								"north": {"uv": [42, 59], "uv_size": [1.5, 7]},
								"east": {"uv": [44, 59], "uv_size": [1.5, 7]},
								"south": {"uv": [46, 59], "uv_size": [1.5, 7]},
								"west": {"uv": [59, 46], "uv_size": [1.5, 7]},
								"up": {"uv": [64, 7], "uv_size": [1.5, 1.5]},
								"down": {"uv": [9, 65.5], "uv_size": [1.5, -1.5]}
							}
						}
					]
				},
				{
					"name": "LeftHand",
					"parent": "LeftArm",
					"pivot": [2.5, 7.5, 0.25]
				},
				{
					"name": "LeftHandLocator",
					"parent": "LeftHand",
					"pivot": [2.5, 7.5, 0.25]
				},
				{
					"name": "LeftSleeve",
					"parent": "LeftArm",
					"pivot": [2.5, 13.75, 0.25],
					"cubes": [
						{
							"origin": [1.7, 12.05, -0.55],
							"size": [1.7, 2.5, 1.7],
							"uv": {
								"north": {"uv": [21, 62], "uv_size": [1.5, 2.5]},
								"east": {"uv": [23, 62], "uv_size": [1.5, 2.5]},
								"south": {"uv": [25, 62], "uv_size": [1.5, 2.5]},
								"west": {"uv": [27, 62], "uv_size": [1.5, 2.5]},
								"up": {"uv": [11, 64], "uv_size": [1.5, 1.5]},
								"down": {"uv": [64, 25.5], "uv_size": [1.5, -1.5]}
							}
						}
					]
				},
				{
					"name": "LeftSleeveEnd",
					"parent": "LeftSleeve",
					"pivot": [2.525, 10.4, 0.325],
					"cubes": [
						{
							"origin": [1.7, 9.65, -0.55],
							"size": [1.7, 1.8, 1.7],
							"uv": {
								"north": {"uv": [63, 16], "uv_size": [1.5, 2]},
								"east": {"uv": [63, 18], "uv_size": [1.5, 2]},
								"south": {"uv": [63, 20], "uv_size": [1.5, 2]},
								"west": {"uv": [63, 22], "uv_size": [1.5, 2]},
								"up": {"uv": [64, 26], "uv_size": [1.5, 1.5]},
								"down": {"uv": [64, 29.5], "uv_size": [1.5, -1.5]}
							}
						}
					]
				},
				{
					"name": "LeftSleeveEnd2",
					"parent": "LeftSleeveEnd",
					"pivot": [2.525, 10.4, 0.325],
					"cubes": [
						{
							"origin": [1.15, 8, -1.05],
							"size": [2.75, 1.2, 2.75],
							"uv": {
								"north": {"uv": [42, 15], "uv_size": [2.5, 1]},
								"east": {"uv": [49.5, 15], "uv_size": [2.5, 1]},
								"south": {"uv": [47, 15], "uv_size": [2.5, 1]},
								"west": {"uv": [44.5, 15], "uv_size": [2.5, 1]},
								"up": {"uv": [41.5, 66], "uv_size": [5.5, 5.5]},
								"down": {"uv": [56.5, 13], "uv_size": [-2.5, 2.5]}
							}
						},
						{
							"origin": [1.4, 9.2, -0.8],
							"size": [2.25, 1.2, 2.25],
							"uv": {
								"north": {"uv": [62, 6], "uv_size": [2.5, 1]},
								"east": {"uv": [63, 38], "uv_size": [2.5, 1]},
								"south": {"uv": [63, 37], "uv_size": [2.5, 1]},
								"west": {"uv": [63, 36], "uv_size": [2.5, 1]},
								"up": {"uv": [10, 61], "uv_size": [2.5, 2.5]},
								"down": {"uv": [63.5, 7], "uv_size": [-2.5, 2.5]}
							}
						}
					]
				},
				{
					"name": "torso2",
					"parent": "Torso",
					"pivot": [0, 16, -0.25],
					"cubes": [
						{"origin": [-0.5, 15, -0.25], "size": [1, 1, 1], "inflate": 0.24, "uv": [24, 33]},
						{"origin": [-2, 12, -0.75], "size": [4, 3, 2], "uv": [0, 44]},
						{"origin": [-2.5, 7, -1.25], "size": [5, 2, 1], "inflate": 0.001, "uv": [44, 45]},
						{"origin": [-2, 9, -1.25], "size": [4, 3, 1], "uv": [46, 25]},
						{"origin": [-2, 9, -0.75], "size": [4, 3, 2], "uv": [12, 44]},
						{"origin": [-2.5, 7, -0.75], "size": [5, 2, 2], "inflate": 0.001, "uv": [24, 35]},
						{
							"origin": [1.5, 9, -1.25],
							"size": [1, 3, 2.5],
							"inflate": -0.001,
							"pivot": [2.5, 9, 0],
							"rotation": [0, 0, -11],
							"uv": {
								"north": {"uv": [56, 3], "uv_size": [1, 3]},
								"east": {"uv": [1, 60], "uv_size": [2.5, 3]},
								"south": {"uv": [56, 45], "uv_size": [1, 3]},
								"west": {"uv": [60, 14], "uv_size": [2.5, 3]},
								"up": {"uv": [37, 63], "uv_size": [1, 2.5]},
								"down": {"uv": [63, 41.5], "uv_size": [1, -2.5]}
							}
						},
						{
							"origin": [-2.5, 9, -1.25],
							"size": [1, 3, 2.5],
							"inflate": -0.001,
							"pivot": [-2.5, 9, 0],
							"rotation": [0, 0, 11],
							"uv": {
								"north": {"uv": [63, 24], "uv_size": [1, 3]},
								"east": {"uv": [60, 17], "uv_size": [2.5, 3]},
								"south": {"uv": [63, 27], "uv_size": [1, 3]},
								"west": {"uv": [60, 20], "uv_size": [2.5, 3]},
								"up": {"uv": [63, 42], "uv_size": [1, 2.5]},
								"down": {"uv": [63, 47.5], "uv_size": [1, -2.5]}
							}
						}
					]
				},
				{
					"name": "tits2",
					"parent": "torso2",
					"pivot": [0, 12, -1.25],
					"rotation": [78.8, 0, 0],
					"cubes": [
						{"origin": [-2, 11, -1.25], "size": [4, 1, 3], "uv": [38, 35]}
					]
				},
				{
					"name": "bone4",
					"parent": "torso2",
					"pivot": [-2.5, 9, -0.25],
					"rotation": [0, 0, 11]
				},
				{
					"name": "ElytraLocator",
					"parent": "Torso",
					"pivot": [0, 16, 0]
				},
				{
					"name": "Tail",
					"parent": "Torso",
					"pivot": [0, 9.5, 1.2],
					"cubes": [
						{"origin": [-3, 6.5, 1.2], "size": [6, 6, 8], "uv": [0, 16]}
					]
				},
				{
					"name": "Ribbon",
					"parent": "Torso",
					"pivot": [0, 10.5, -1.25],
					"rotation": [-10, 0, 0],
					"cubes": [
						{"origin": [-0.5, 10, -1.75], "size": [1, 1, 1], "inflate": -0.1, "uv": [16, 51]},
						{"origin": [-2.5, 9.75, -1.75], "size": [2, 1.5, 1], "pivot": [0, 10.75, 0.25], "rotation": [0, -5, -7.5], "uv": [12, 49]},
						{"origin": [0.5, 9.75, -1.75], "size": [2, 1.5, 1], "pivot": [0, 10.75, 0.25], "rotation": [0, 5, 7.5], "uv": [18, 49]}
					]
				},
				{
					"name": "RibbonEnd",
					"parent": "Ribbon",
					"pivot": [0, 10, -1.4],
					"rotation": [5, 0, 0]
				},
				{
					"name": "RibbonEnd2",
					"parent": "RibbonEnd",
					"pivot": [0, 10, -1.4],
					"cubes": [
						{
							"origin": [-1, 6.25, -1.5],
							"size": [1, 4, 0.25],
							"pivot": [-0.5, 10.25, -1.75],
							"rotation": [0, 0, 12.5],
							"uv": {
								"north": {"uv": [56, 25], "uv_size": [1, 4]},
								"east": {"uv": [64, 30], "uv_size": [0.5, 4]},
								"south": {"uv": [56, 35], "uv_size": [1, 4]},
								"west": {"uv": [64, 39], "uv_size": [0.5, 4]},
								"up": {"uv": [42, 50], "uv_size": [1, 0.5]},
								"down": {"uv": [43, 50.5], "uv_size": [1, -0.5]}
							}
						},
						{
							"origin": [0, 6.25, -1.5],
							"size": [1, 4, 0.25],
							"pivot": [0.5, 10.25, -1.75],
							"rotation": [0, 0, -12.5],
							"uv": {
								"north": {"uv": [15, 61], "uv_size": [1, 4]},
								"east": {"uv": [64, 43], "uv_size": [0.5, 4]},
								"south": {"uv": [61, 32], "uv_size": [1, 4]},
								"west": {"uv": [64, 54], "uv_size": [0.5, 4]},
								"up": {"uv": [54, 3], "uv_size": [1, 0.5]},
								"down": {"uv": [55, 3.5], "uv_size": [1, -0.5]}
							}
						}
					]
				},
				{
					"name": "AllHead",
					"parent": "UpperBody",
					"pivot": [0, 16, 0]
				},
				{
					"name": "Head",
					"parent": "AllHead",
					"pivot": [0, 16, 0],
					"cubes": [
						{"origin": [-4, 15.75, -4], "size": [8, 8, 8], "uv": [0, 0]},
						{"origin": [-4, 16.5, -3.9], "size": [8, 4, 1], "uv": [32, 4]}
					]
				},
				{
					"name": "Eyes",
					"parent": "Head",
					"pivot": [0, -2.25, 0.1]
				},
				{
					"name": "Eyelashes",
					"parent": "Eyes",
					"pivot": [0, 19.85, -4]
				},
				{
					"name": "RightEyelash",
					"parent": "Eyelashes",
					"pivot": [-2, 19.85, -4],
					"cubes": [
						{
							"origin": [-3.5, 19.25, -4.1],
							"size": [2.5, 0.5, 0.3],
							"inflate": 0.02,
							"uv": {
								"north": {"uv": [65, 14], "uv_size": [2.5, 0.5]},
								"east": {"uv": [65, 14], "uv_size": [2.5, 0.5]},
								"south": {"uv": [65, 14], "uv_size": [2.5, 0.5]},
								"west": {"uv": [65, 14], "uv_size": [2.5, 0.5]},
								"up": {"uv": [67.5, 14.5], "uv_size": [-2.5, -0.5]},
								"down": {"uv": [67.5, 14.5], "uv_size": [-2.5, -0.5]}
							}
						}
					]
				},
				{
					"name": "LeftEyelash",
					"parent": "Eyelashes",
					"pivot": [2, 19.85, -4],
					"cubes": [
						{
							"origin": [1, 19.25, -4.1],
							"size": [2.5, 0.5, 0.3],
							"inflate": 0.02,
							"uv": {
								"north": {"uv": [65, 15], "uv_size": [2.5, 0.5]},
								"east": {"uv": [67.5, 15], "uv_size": [-2.5, 0.5]},
								"south": {"uv": [67.5, 15], "uv_size": [-2.5, 0.5]},
								"west": {"uv": [67.5, 15], "uv_size": [-2.5, 0.5]},
								"up": {"uv": [65, 15.5], "uv_size": [2.5, -0.5]},
								"down": {"uv": [65, 15.5], "uv_size": [2.5, -0.5]}
							}
						}
					]
				},
				{
					"name": "RightEyelash2",
					"parent": "Eyelashes",
					"pivot": [-4, 17.25, -4.1],
					"cubes": [
						{
							"origin": [-4, 17.25, -4.1],
							"size": [0.5, 2, 0.3],
							"inflate": -0.01,
							"uv": {
								"north": {"uv": [57, 53], "uv_size": [0.5, 2]},
								"east": {"uv": [57, 53], "uv_size": [0.5, 2]},
								"south": {"uv": [57, 53], "uv_size": [0.5, 2]},
								"west": {"uv": [57, 53], "uv_size": [0.5, 2]},
								"up": {"uv": [57.5, 55], "uv_size": [-0.5, -2]},
								"down": {"uv": [57, 55], "uv_size": [0.5, -2]}
							}
						}
					]
				},
				{
					"name": "LeftEyelash2",
					"parent": "Eyelashes",
					"pivot": [4, 17.25, -4.1],
					"cubes": [
						{
							"origin": [3.5, 17.25, -4.1],
							"size": [0.5, 2, 0.3],
							"inflate": -0.01,
							"uv": {
								"north": {"uv": [59, 14], "uv_size": [0.5, 2]},
								"east": {"uv": [59.5, 14], "uv_size": [-0.5, 2]},
								"south": {"uv": [59.5, 14], "uv_size": [-0.5, 2]},
								"west": {"uv": [59.5, 14], "uv_size": [-0.5, 2]},
								"up": {"uv": [59.5, 14], "uv_size": [-0.5, 2]},
								"down": {"uv": [59.5, 16], "uv_size": [-0.5, -2]}
							}
						}
					]
				},
				{
					"name": "Irises",
					"parent": "Eyes",
					"pivot": [0, 16.75, -4]
				},
				{
					"name": "LeftIris",
					"parent": "Irises",
					"pivot": [1.75, 18, -3.65],
					"cubes": [
						{"origin": [1.1, 17, -3.96], "size": [1.5, 2, 1], "uv": [24, 30]},
						{
							"origin": [1.05, 18.15, -3.98],
							"size": [0.5, 0.5, 1],
							"uv": {
								"north": {"uv": [65, 65], "uv_size": [0.5, 0.5]},
								"east": {"uv": [0, 0], "uv_size": [0, 0.5]},
								"south": {"uv": [0, 0], "uv_size": [0, 0.5]},
								"west": {"uv": [0, 0], "uv_size": [0, 0.5]},
								"up": {"uv": [0, 0.5], "uv_size": [0, -0.5]},
								"down": {"uv": [0, 0.5], "uv_size": [0, -0.5]}
							}
						},
						{"origin": [1.35, 17.25, -3.97], "size": [1, 1.5, 1], "uv": [20, 51]}
					]
				},
				{
					"name": "RightIris",
					"parent": "Irises",
					"pivot": [-1.75, 18, -3.65],
					"cubes": [
						{"origin": [-2.6, 17, -3.96], "size": [1.5, 2, 1], "uv": [50, 6]},
						{
							"origin": [-2.7, 18.15, -3.98],
							"size": [0.5, 0.5, 1],
							"uv": {
								"north": {"uv": [66, 0], "uv_size": [0.5, 0.5]},
								"east": {"uv": [0, 0], "uv_size": [0, 0.5]},
								"south": {"uv": [0, 0], "uv_size": [0, 0.5]},
								"west": {"uv": [0, 0], "uv_size": [0, 0.5]},
								"up": {"uv": [0, 0.5], "uv_size": [0, -0.5]},
								"down": {"uv": [0, 0.5], "uv_size": [0, -0.5]}
							}
						},
						{"origin": [-2.35, 17.25, -3.97], "size": [1, 1.5, 1], "uv": [30, 51]}
					]
				},
				{
					"name": "smfadscn",
					"parent": "Eyes",
					"pivot": [0, 19.76, -4.01],
					"cubes": [
						{
							"origin": [1, 19.25, -4],
							"size": [2.5, 0.5, 0.3],
							"uv": {
								"north": {"uv": [65, 16], "uv_size": [2.5, 0.5]},
								"east": {"uv": [67.5, 16], "uv_size": [-2.5, 0.5]},
								"south": {"uv": [67.5, 16], "uv_size": [-2.5, 0.5]},
								"west": {"uv": [67.5, 16], "uv_size": [-2.5, 0.5]},
								"up": {"uv": [17, 65], "uv_size": [2.5, 0.5]},
								"down": {"uv": [65, 17.5], "uv_size": [2.5, -0.5]}
							}
						}
					]
				},
				{
					"name": "RightEyelid2",
					"parent": "smfadscn",
					"pivot": [0, 19.76, -4.01],
					"cubes": [
						{
							"origin": [1, 19.25, -4],
							"size": [2.5, 0.5, 0.3],
							"uv": {
								"north": {"uv": [67.5, 16], "uv_size": [-2.5, 0.5]},
								"east": {"uv": [67.5, 16], "uv_size": [-2.5, 0.5]},
								"south": {"uv": [67.5, 16], "uv_size": [-2.5, 0.5]},
								"west": {"uv": [67.5, 16], "uv_size": [-2.5, 0.5]},
								"up": {"uv": [19.5, 65], "uv_size": [-2.5, 0.5]},
								"down": {"uv": [67.5, 17.5], "uv_size": [-2.5, -0.5]}
							}
						}
					]
				},
				{
					"name": "RightEyelid3",
					"parent": "RightEyelid2",
					"pivot": [0, 19.76, -4.01],
					"cubes": [
						{
							"origin": [1, 19.25, -4],
							"size": [2.5, 0.5, 0.3],
							"uv": {
								"north": {"uv": [67.5, 16], "uv_size": [-2.5, 0.5]},
								"east": {"uv": [67.5, 16], "uv_size": [-2.5, 0.5]},
								"south": {"uv": [67.5, 16], "uv_size": [-2.5, 0.5]},
								"west": {"uv": [67.5, 16], "uv_size": [-2.5, 0.5]},
								"up": {"uv": [19.5, 65], "uv_size": [-2.5, 0.5]},
								"down": {"uv": [67.5, 17.5], "uv_size": [-2.5, -0.5]}
							}
						}
					]
				},
				{
					"name": "RightEyelid4",
					"parent": "RightEyelid3",
					"pivot": [0, 19.76, -4.01],
					"cubes": [
						{
							"origin": [1, 19.25, -4],
							"size": [2.5, 0.5, 0.3],
							"uv": {
								"north": {"uv": [67.5, 16], "uv_size": [-2.5, 0.5]},
								"east": {"uv": [67.5, 16], "uv_size": [-2.5, 0.5]},
								"south": {"uv": [67.5, 16], "uv_size": [-2.5, 0.5]},
								"west": {"uv": [67.5, 16], "uv_size": [-2.5, 0.5]},
								"up": {"uv": [19.5, 65], "uv_size": [-2.5, 0.5]},
								"down": {"uv": [67.5, 17.5], "uv_size": [-2.5, -0.5]}
							}
						}
					]
				},
				{
					"name": "dfopkdkf",
					"parent": "Eyes",
					"pivot": [0, 19.76, -4.01],
					"cubes": [
						{
							"origin": [-3.5, 19.25, -4],
							"size": [2.5, 0.5, 0.3],
							"uv": {
								"north": {"uv": [65, 16], "uv_size": [2.5, 0.5]},
								"east": {"uv": [65, 16], "uv_size": [2.5, 0.5]},
								"south": {"uv": [65, 16], "uv_size": [2.5, 0.5]},
								"west": {"uv": [65, 16], "uv_size": [2.5, 0.5]},
								"up": {"uv": [17, 65], "uv_size": [2.5, 0.5]},
								"down": {"uv": [65, 17.5], "uv_size": [2.5, -0.5]}
							}
						}
					]
				},
				{
					"name": "LeftEyelid2",
					"parent": "dfopkdkf",
					"pivot": [0, 19.76, -4.01],
					"cubes": [
						{
							"origin": [-3.5, 19.25, -4],
							"size": [2.5, 0.5, 0.3],
							"uv": {
								"north": {"uv": [65, 16], "uv_size": [2.5, 0.5]},
								"east": {"uv": [65, 16], "uv_size": [2.5, 0.5]},
								"south": {"uv": [65, 16], "uv_size": [2.5, 0.5]},
								"west": {"uv": [65, 16], "uv_size": [2.5, 0.5]},
								"up": {"uv": [17, 65], "uv_size": [2.5, 0.5]},
								"down": {"uv": [65, 17.5], "uv_size": [2.5, -0.5]}
							}
						}
					]
				},
				{
					"name": "LeftEyelid3",
					"parent": "LeftEyelid2",
					"pivot": [0, 19.76, -4.01],
					"cubes": [
						{
							"origin": [-3.5, 19.25, -4],
							"size": [2.5, 0.5, 0.3],
							"uv": {
								"north": {"uv": [65, 16], "uv_size": [2.5, 0.5]},
								"east": {"uv": [65, 16], "uv_size": [2.5, 0.5]},
								"south": {"uv": [65, 16], "uv_size": [2.5, 0.5]},
								"west": {"uv": [65, 16], "uv_size": [2.5, 0.5]},
								"up": {"uv": [17, 65], "uv_size": [2.5, 0.5]},
								"down": {"uv": [65, 17.5], "uv_size": [2.5, -0.5]}
							}
						}
					]
				},
				{
					"name": "LeftEyelid4",
					"parent": "LeftEyelid3",
					"pivot": [0, 19.76, -4.01],
					"cubes": [
						{
							"origin": [-3.5, 19.25, -4],
							"size": [2.5, 0.5, 0.3],
							"uv": {
								"north": {"uv": [65, 16], "uv_size": [2.5, 0.5]},
								"east": {"uv": [65, 16], "uv_size": [2.5, 0.5]},
								"south": {"uv": [65, 16], "uv_size": [2.5, 0.5]},
								"west": {"uv": [65, 16], "uv_size": [2.5, 0.5]},
								"up": {"uv": [17, 65], "uv_size": [2.5, 0.5]},
								"down": {"uv": [65, 17.5], "uv_size": [2.5, -0.5]}
							}
						}
					]
				},
				{
					"name": "right_eyebrow",
					"parent": "Eyes",
					"pivot": [-2.5, 21.25, -5.1],
					"rotation": [0, 0, -2.5],
					"cubes": [
						{"origin": [-3.5, 20.75, -5.1], "size": [2, 1, 1], "uv": [50, 4]}
					]
				},
				{
					"name": "hair",
					"parent": "Head",
					"pivot": [0, 4.75, -10],
					"cubes": [
						{
							"origin": [-4.5, 15.75, -3],
							"size": [0.5, 8, 2],
							"uv": {
								"north": {"uv": [61, 36], "uv_size": [0.5, 8]},
								"east": {"uv": [34, 55], "uv_size": [2, 8]},
								"south": {"uv": [61, 44], "uv_size": [0.5, 8]},
								"west": {"uv": [36, 55], "uv_size": [2, 8]},
								"up": {"uv": [60, 23], "uv_size": [0.5, 2]},
								"down": {"uv": [65, 23], "uv_size": [0.5, -2]}
							}
						},
						{"origin": [-4.5, 14.75, -1], "size": [1, 9, 5], "uv": [0, 30]},
						{
							"origin": [-4.5, 15.75, -4],
							"size": [0.5, 8, 1],
							"uv": {
								"north": {"uv": [61, 52], "uv_size": [0.5, 8]},
								"east": {"uv": [51, 59], "uv_size": [1, 8]},
								"south": {"uv": [61, 60], "uv_size": [0.5, 8]},
								"west": {"uv": [52, 59], "uv_size": [1, 8]},
								"up": {"uv": [61, 13], "uv_size": [0.5, 1]},
								"down": {"uv": [62, 14], "uv_size": [0.5, -1]}
							}
						},
						{"origin": [2.5, 13.75, -5], "size": [1, 2, 1], "uv": [50, 9]},
						{"origin": [3.5, 14.75, -1], "size": [1, 9, 5], "uv": [12, 30]},
						{
							"origin": [4, 15.75, -4],
							"size": [0.5, 8, 1],
							"uv": {
								"north": {"uv": [61, 44], "uv_size": [0.5, 8]},
								"east": {"uv": [53, 59], "uv_size": [1, 8]},
								"south": {"uv": [16, 62], "uv_size": [0.5, 8]},
								"west": {"uv": [0, 60], "uv_size": [1, 8]},
								"up": {"uv": [65, 23], "uv_size": [0.5, 1]},
								"down": {"uv": [65, 42], "uv_size": [0.5, -1]}
							}
						},
						{"origin": [3.5, 15.75, -3], "size": [1, 8, 2], "uv": [24, 45]},
						{"origin": [-4, 14.75, 1.25], "size": [8, 1, 3], "uv": [32, 0]},
						{"origin": [-4, 23.25, -4], "size": [8, 1, 8], "uv": [28, 16]},
						{"origin": [-4, 14.75, 3.5], "size": [8, 9, 1], "uv": [28, 25]},
						{"origin": [-4, 22.75, -4.5], "size": [8, 1, 1], "uv": [32, 9]},
						{"origin": [-4, 21.75, -4.5], "size": [8, 1, 1], "uv": [32, 11]},
						{"origin": [-3, 21.75, -5], "size": [6, 1, 1], "uv": [30, 45]},
						{"origin": [-4, 20.75, -5], "size": [8, 1, 1], "uv": [32, 13]},
						{"origin": [2, 18.75, -5], "size": [2, 2, 1], "uv": [38, 47]},
						{"origin": [4, 17.75, -5], "size": [1, 1, 1], "uv": [34, 51]},
						{"origin": [-4, 16.25, -4.5], "size": [1, 1, 1], "uv": [42, 51]},
						{"origin": [3, 16.25, -4.5], "size": [1, 1, 1], "uv": [46, 51]},
						{"origin": [-5, 17.75, -5], "size": [1, 1, 1], "uv": [50, 51]},
						{"origin": [-2, 19.75, -5], "size": [3, 1, 1], "uv": [46, 33]},
						{"origin": [-1, 18.75, -5], "size": [1, 1, 1], "uv": [0, 52]},
						{"origin": [-4, 18.75, -5], "size": [1, 2, 1], "uv": [50, 12]},
						{"origin": [-4, 21.75, -4.5], "size": [1, 1, 1], "uv": [4, 52]},
						{"origin": [3, 21.75, -4.5], "size": [1, 1, 1], "uv": [8, 52]},
						{"origin": [-5, 14.75, 3.5], "size": [1, 2, 1], "uv": [38, 50]},
						{"origin": [-5.5, 13.75, 4], "size": [1, 1, 1], "uv": [52, 35]},
						{"origin": [4.5, 13.75, 4], "size": [1, 1, 1], "uv": [52, 37]},
						{"origin": [4, 14.75, 3.5], "size": [1, 2, 1], "uv": [50, 48]},
						{"origin": [4.5, 14.75, -3], "size": [1, 1, 1], "uv": [52, 35]},
						{"origin": [3.5, 13.75, 0.5], "size": [1, 1, 1], "uv": [16, 53]},
						{"origin": [-4.5, 13.75, 0.5], "size": [1, 1, 1], "uv": [16, 53]},
						{"origin": [-5.5, 14.75, -3], "size": [1, 1, 1], "uv": [20, 53]},
						{"origin": [-3.5, 13.75, -5], "size": [1, 2, 1], "uv": [12, 51]}
					]
				},
				{
					"name": "flower",
					"parent": "hair",
					"pivot": [3, 21.75, -4.6],
					"cubes": [
						{"origin": [2, 20.75, -5.1], "size": [2, 2, 1], "pivot": [3, 21.75, -4.6], "rotation": [0, 0, -45], "uv": [48, 39]}
					]
				},
				{
					"name": "Strings",
					"parent": "flower",
					"pivot": [3, 21.025, -5.1]
				},
				{
					"name": "Strings2",
					"parent": "Strings",
					"pivot": [3, 21.025, -5.1],
					"cubes": [
						{"origin": [2, 20.025, -5.1], "size": [1, 1, 1], "pivot": [3, 21.025, -4.6], "rotation": [0, 0, -45], "uv": [38, 53]}
					]
				},
				{
					"name": "String",
					"parent": "Strings2",
					"pivot": [2.75, 20.65, -5.03],
					"cubes": [
						{
							"origin": [2.6, 18.65, -5.08],
							"size": [0.3, 0.3, 0.1],
							"uv": {
								"north": {"uv": [66, 5], "uv_size": [0.5, 0.5]},
								"east": {"uv": [66, 5], "uv_size": [0.5, 0.5]},
								"south": {"uv": [66, 5], "uv_size": [0.5, 0.5]},
								"west": {"uv": [66, 5], "uv_size": [0.5, 0.5]},
								"up": {"uv": [66, 5], "uv_size": [0.5, 0.5]},
								"down": {"uv": [66, 5.5], "uv_size": [0.5, -0.5]}
							}
						},
						{
							"origin": [2.7, 18.95, -5.08],
							"size": [0.1, 1.7, 0.1],
							"uv": {
								"north": {"uv": [65, 32], "uv_size": [0.5, 1.5]},
								"east": {"uv": [65, 32], "uv_size": [0.5, 1.5]},
								"south": {"uv": [65, 32], "uv_size": [0.5, 1.5]},
								"west": {"uv": [65, 32], "uv_size": [0.5, 1.5]},
								"up": {"uv": [65, 32], "uv_size": [0.5, 1.5]},
								"down": {"uv": [65, 33.5], "uv_size": [0.5, -1.5]}
							}
						}
					]
				},
				{
					"name": "String2",
					"parent": "Strings2",
					"pivot": [3.25, 20.65, -5.03],
					"cubes": [
						{
							"origin": [3.2, 19.15, -5.08],
							"size": [0.1, 1.5, 0.1],
							"uv": {
								"north": {"uv": [65, 39], "uv_size": [0.5, 1.5]},
								"east": {"uv": [65, 39], "uv_size": [0.5, 1.5]},
								"south": {"uv": [65, 39], "uv_size": [0.5, 1.5]},
								"west": {"uv": [65, 39], "uv_size": [0.5, 1.5]},
								"up": {"uv": [65, 39], "uv_size": [0.5, 1.5]},
								"down": {"uv": [65, 40.5], "uv_size": [0.5, -1.5]}
							}
						},
						{
							"origin": [3.1, 18.85, -5.08],
							"size": [0.3, 0.3, 0.1],
							"uv": {
								"north": {"uv": [7, 66], "uv_size": [0.5, 0.5]},
								"east": {"uv": [7, 66], "uv_size": [0.5, 0.5]},
								"south": {"uv": [7, 66], "uv_size": [0.5, 0.5]},
								"west": {"uv": [7, 66], "uv_size": [0.5, 0.5]},
								"up": {"uv": [7, 66], "uv_size": [0.5, 0.5]},
								"down": {"uv": [7, 66.5], "uv_size": [0.5, -0.5]}
							}
						}
					]
				},
				{
					"name": "Hair2",
					"parent": "hair",
					"pivot": [0, 14.5, 3.5],
					"cubes": [
						{"origin": [-1, 12.75, 3], "size": [2, 2, 2], "uv": [46, 29]},
						{"origin": [-4, 13.25, 2.5], "size": [2, 2, 2], "uv": [46, 29]},
						{"origin": [-2, 13.75, 2.75], "size": [1, 1, 2], "uv": [48, 42]},
						{"origin": [1, 13.75, 2.75], "size": [1, 1, 2], "uv": [44, 48]},
						{"origin": [2, 13.25, 2.5], "size": [2, 2, 2], "uv": [30, 47]}
					]
				},
				{
					"name": "ears",
					"parent": "Head",
					"pivot": [0, 2, -3]
				},
				{
					"name": "bone3",
					"parent": "ears",
					"pivot": [3, 23.75, -0.5],
					"cubes": [
						{"origin": [1.5, 23.75, -2], "size": [3, 3, 3], "uv": [24, 39]}
					]
				},
				{
					"name": "bone20",
					"parent": "ears",
					"pivot": [-2.5, 23.75, -6],
					"cubes": [
						{"origin": [-4.5, 23.75, -2], "size": [3, 3, 3], "uv": [36, 39]}
					]
				},
				{
					"name": "mouth",
					"parent": "Head",
					"pivot": [0, 16.25, 0]
				},
				{
					"name": "uwu",
					"parent": "mouth",
					"pivot": [0, 16.46954, -4],
					"cubes": [
						{
							"origin": [-0.49, 16.45, -4.05],
							"size": [0.5, 0.15, 0.1],
							"pivot": [0, 16.5, -4.075],
							"rotation": [0, 0, -7.5],
							"uv": {
								"north": {"uv": [66, 1], "uv_size": [0.5, 0.5]},
								"east": {"uv": [66, 1], "uv_size": [0.5, 0.5]},
								"south": {"uv": [66, 1], "uv_size": [0.5, 0.5]},
								"west": {"uv": [66, 1], "uv_size": [0.5, 0.5]},
								"up": {"uv": [66, 1.5], "uv_size": [0.5, -0.5]},
								"down": {"uv": [66, 1.5], "uv_size": [0.5, -0.5]}
							}
						},
						{
							"origin": [-0.01, 16.45, -4.05],
							"size": [0.5, 0.15, 0.1],
							"pivot": [0, 16.5, -4.075],
							"rotation": [0, 0, 7.5],
							"uv": {
								"north": {"uv": [66, 1], "uv_size": [0.5, 0.5]},
								"east": {"uv": [66, 1], "uv_size": [0.5, 0.5]},
								"south": {"uv": [66, 1], "uv_size": [0.5, 0.5]},
								"west": {"uv": [66, 1], "uv_size": [0.5, 0.5]},
								"up": {"uv": [66, 1.5], "uv_size": [0.5, -0.5]},
								"down": {"uv": [66, 1.5], "uv_size": [0.5, -0.5]}
							}
						},
						{
							"origin": [-0.82928, 16.38647, -4.05],
							"size": [0.35, 0.15, 0.1],
							"pivot": [-0.47928, 16.38647, -4.05],
							"rotation": [0, 0, 10],
							"uv": {
								"north": {"uv": [66.5, 1], "uv_size": [-0.5, 0.5]},
								"east": {"uv": [66.5, 1], "uv_size": [-0.5, 0.5]},
								"south": {"uv": [66.5, 1], "uv_size": [-0.5, 0.5]},
								"west": {"uv": [66.5, 1], "uv_size": [-0.5, 0.5]},
								"up": {"uv": [66.5, 1.5], "uv_size": [-0.5, -0.5]},
								"down": {"uv": [66.5, 1.5], "uv_size": [-0.5, -0.5]}
							}
						},
						{
							"origin": [0.47928, 16.38647, -4.05],
							"size": [0.35, 0.15, 0.1],
							"pivot": [0.47928, 16.38647, -4.05],
							"rotation": [0, 0, -10],
							"uv": {
								"north": {"uv": [66, 1], "uv_size": [0.5, 0.5]},
								"east": {"uv": [66, 1], "uv_size": [0.5, 0.5]},
								"south": {"uv": [66, 1], "uv_size": [0.5, 0.5]},
								"west": {"uv": [66, 1], "uv_size": [0.5, 0.5]},
								"up": {"uv": [66, 1.5], "uv_size": [0.5, -0.5]},
								"down": {"uv": [66, 1.5], "uv_size": [0.5, -0.5]}
							}
						}
					]
				},
				{
					"name": "frown",
					"parent": "mouth",
					"pivot": [0, 16.46954, -4],
					"cubes": [
						{
							"origin": [-0.49, 16.45, -4.05],
							"size": [0.5, 0.15, 0.1],
							"pivot": [0, 16.5, -4.075],
							"rotation": [0, 0, -7.5],
							"uv": {
								"north": {"uv": [66, 2], "uv_size": [0.5, 0.5]},
								"east": {"uv": [66, 2], "uv_size": [0.5, 0.5]},
								"south": {"uv": [66, 2], "uv_size": [0.5, 0.5]},
								"west": {"uv": [66, 2], "uv_size": [0.5, 0.5]},
								"up": {"uv": [66.5, 2], "uv_size": [-0.5, 0.5]},
								"down": {"uv": [66.5, 2.5], "uv_size": [-0.5, -0.5]}
							}
						},
						{
							"origin": [-0.01, 16.45, -4.05],
							"size": [0.5, 0.15, 0.1],
							"pivot": [0, 16.5, -4.075],
							"rotation": [0, 0, 7.5],
							"uv": {
								"north": {"uv": [66, 2], "uv_size": [0.5, 0.5]},
								"east": {"uv": [66, 2], "uv_size": [0.5, 0.5]},
								"south": {"uv": [66, 2], "uv_size": [0.5, 0.5]},
								"west": {"uv": [66, 2], "uv_size": [0.5, 0.5]},
								"up": {"uv": [66.5, 2], "uv_size": [-0.5, 0.5]},
								"down": {"uv": [66.5, 2.5], "uv_size": [-0.5, -0.5]}
							}
						}
					]
				},
				{
					"name": "big_smile",
					"parent": "mouth",
					"pivot": [0.03636, 16.62046, -4.01335],
					"cubes": [
						{
							"origin": [-0.5, 16.26954, -4.025],
							"size": [1, 0.45, 0.025],
							"uv": {
								"north": {"uv": [65, 42], "uv_size": [1, 0.5]},
								"east": {"uv": [65, 42], "uv_size": [1, 0.5]},
								"south": {"uv": [65, 42], "uv_size": [1, 0.5]},
								"west": {"uv": [65, 42], "uv_size": [1, 0.5]},
								"up": {"uv": [66, 42.5], "uv_size": [-1, -0.5]},
								"down": {"uv": [66, 42.5], "uv_size": [-1, -0.5]}
							}
						},
						{
							"origin": [-0.23585, 15.95293, -4.028],
							"size": [0.47, 0.35, 0.028],
							"uv": {
								"north": {"uv": [66, 3], "uv_size": [0.5, 0.5]},
								"east": {"uv": [66, 3], "uv_size": [0.5, 0.5]},
								"south": {"uv": [66, 3], "uv_size": [0.5, 0.5]},
								"west": {"uv": [66, 3], "uv_size": [0.5, 0.5]},
								"up": {"uv": [66.5, 3.5], "uv_size": [-0.5, -0.5]},
								"down": {"uv": [66.5, 3.5], "uv_size": [-0.5, -0.5]}
							}
						},
						{
							"origin": [-0.41148, 16.19259, -4.028],
							"size": [0.82, 0.35, 0.028],
							"uv": {
								"north": {"uv": [66, 3], "uv_size": [0.5, 0.5]},
								"east": {"uv": [66, 3], "uv_size": [0.5, 0.5]},
								"south": {"uv": [66, 3], "uv_size": [0.5, 0.5]},
								"west": {"uv": [66, 3], "uv_size": [0.5, 0.5]},
								"up": {"uv": [66.5, 3.5], "uv_size": [-0.5, -0.5]},
								"down": {"uv": [66.5, 3.5], "uv_size": [-0.5, -0.5]}
							}
						},
						{
							"origin": [-0.7, 16.71954, -4.025],
							"size": [1.4, 0.25, 0.025],
							"uv": {
								"north": {"uv": [65, 42], "uv_size": [1, 0.5]},
								"east": {"uv": [65, 42], "uv_size": [1, 0.5]},
								"south": {"uv": [65, 42], "uv_size": [1, 0.5]},
								"west": {"uv": [65, 42], "uv_size": [1, 0.5]},
								"up": {"uv": [66, 42.5], "uv_size": [-1, -0.5]},
								"down": {"uv": [66, 42.5], "uv_size": [-1, -0.5]}
							}
						},
						{
							"origin": [0.35, 16.81954, -4.03],
							"size": [0.25, 0.25, 0.025],
							"uv": {
								"north": {"uv": [66, 4], "uv_size": [0.5, 0.5]},
								"east": {"uv": [66, 4], "uv_size": [0.5, 0.5]},
								"south": {"uv": [66, 4], "uv_size": [0.5, 0.5]},
								"west": {"uv": [66, 4], "uv_size": [0.5, 0.5]},
								"up": {"uv": [66.5, 4.5], "uv_size": [-0.5, -0.5]},
								"down": {"uv": [66.5, 4.5], "uv_size": [-0.5, -0.5]}
							}
						},
						{
							"origin": [-0.7, 16.26954, -4.025],
							"size": [0.25, 0.45, 0.025],
							"pivot": [-0.7, 16.7195, -4.025],
							"rotation": [0, 0, -8.5],
							"uv": {
								"north": {"uv": [66, 42], "uv_size": [-1, 0.5]},
								"east": {"uv": [66, 42], "uv_size": [-1, 0.5]},
								"south": {"uv": [66, 42], "uv_size": [-1, 0.5]},
								"west": {"uv": [66, 42], "uv_size": [-1, 0.5]},
								"up": {"uv": [65, 42.5], "uv_size": [1, -0.5]},
								"down": {"uv": [65, 42.5], "uv_size": [1, -0.5]}
							}
						},
						{
							"origin": [0.28346, 15.7745, -4.028],
							"size": [0.35, 0.5, 0.028],
							"pivot": [0.63345, 16.27445, -4.025],
							"rotation": [0, 0, 50],
							"uv": {
								"north": {"uv": [66, 3], "uv_size": [0.5, 0.5]},
								"east": {"uv": [66, 3], "uv_size": [0.5, 0.5]},
								"south": {"uv": [66, 3], "uv_size": [0.5, 0.5]},
								"west": {"uv": [66, 3], "uv_size": [0.5, 0.5]},
								"up": {"uv": [66.5, 3.5], "uv_size": [-0.5, -0.5]},
								"down": {"uv": [66.5, 3.5], "uv_size": [-0.5, -0.5]}
							}
						},
						{
							"origin": [-0.63346, 15.7745, -4.028],
							"size": [0.35, 0.5, 0.028],
							"pivot": [-0.63345, 16.27445, -4.025],
							"rotation": [0, 0, -50],
							"uv": {
								"north": {"uv": [66.5, 3], "uv_size": [-0.5, 0.5]},
								"east": {"uv": [66.5, 3], "uv_size": [-0.5, 0.5]},
								"south": {"uv": [66.5, 3], "uv_size": [-0.5, 0.5]},
								"west": {"uv": [66.5, 3], "uv_size": [-0.5, 0.5]},
								"up": {"uv": [66, 3.5], "uv_size": [0.5, -0.5]},
								"down": {"uv": [66, 3.5], "uv_size": [0.5, -0.5]}
							}
						},
						{
							"origin": [0.45, 16.26954, -4.025],
							"size": [0.25, 0.45, 0.025],
							"pivot": [0.7, 16.7195, -4.025],
							"rotation": [0, 0, 8.5],
							"uv": {
								"north": {"uv": [65, 42], "uv_size": [1, 0.5]},
								"east": {"uv": [65, 42], "uv_size": [1, 0.5]},
								"south": {"uv": [65, 42], "uv_size": [1, 0.5]},
								"west": {"uv": [65, 42], "uv_size": [1, 0.5]},
								"up": {"uv": [66, 42.5], "uv_size": [-1, -0.5]},
								"down": {"uv": [66, 42.5], "uv_size": [-1, -0.5]}
							}
						},
						{
							"origin": [-0.70143, 16.77434, -4.025],
							"size": [0.5, 0.25, 0.025],
							"pivot": [-0.20146, 17.02435, -4.025],
							"rotation": [0, 0, 4],
							"uv": {
								"north": {"uv": [66, 42], "uv_size": [-1, 0.5]},
								"east": {"uv": [66, 42], "uv_size": [-1, 0.5]},
								"south": {"uv": [66, 42], "uv_size": [-1, 0.5]},
								"west": {"uv": [66, 42], "uv_size": [-1, 0.5]},
								"up": {"uv": [66, 42.5], "uv_size": [-1, -0.5]},
								"down": {"uv": [66, 42.5], "uv_size": [-1, -0.5]}
							}
						},
						{
							"origin": [-0.02571, 16.91784, -4.025],
							"size": [0.31, 0.15, 0.025],
							"pivot": [-0.00571, 16.96784, -4.075],
							"rotation": [0, 0, 12.5],
							"uv": {
								"north": {"uv": [66, 42], "uv_size": [-1, 0.5]},
								"east": {"uv": [66, 42], "uv_size": [-1, 0.5]},
								"south": {"uv": [66, 42], "uv_size": [-1, 0.5]},
								"west": {"uv": [66, 42], "uv_size": [-1, 0.5]},
								"up": {"uv": [66, 42.5], "uv_size": [-1, -0.5]},
								"down": {"uv": [66, 42.5], "uv_size": [-1, -0.5]}
							}
						},
						{
							"origin": [-0.28429, 16.91784, -4.025],
							"size": [0.31, 0.15, 0.025],
							"pivot": [0.00571, 16.96784, -4.075],
							"rotation": [0, 0, -12.5],
							"uv": {
								"north": {"uv": [65, 42], "uv_size": [1, 0.5]},
								"east": {"uv": [65, 42], "uv_size": [1, 0.5]},
								"south": {"uv": [65, 42], "uv_size": [1, 0.5]},
								"west": {"uv": [65, 42], "uv_size": [1, 0.5]},
								"up": {"uv": [65, 42.5], "uv_size": [1, -0.5]},
								"down": {"uv": [65, 42.5], "uv_size": [1, -0.5]}
							}
						},
						{
							"origin": [0.20143, 16.77434, -4.025],
							"size": [0.5, 0.25, 0.025],
							"pivot": [0.20146, 17.02435, -4.025],
							"rotation": [0, 0, -4],
							"uv": {
								"north": {"uv": [65, 42], "uv_size": [1, 0.5]},
								"east": {"uv": [65, 42], "uv_size": [1, 0.5]},
								"south": {"uv": [65, 42], "uv_size": [1, 0.5]},
								"west": {"uv": [65, 42], "uv_size": [1, 0.5]},
								"up": {"uv": [65, 42.5], "uv_size": [1, -0.5]},
								"down": {"uv": [65, 42.5], "uv_size": [1, -0.5]}
							}
						}
					]
				},
				{
					"name": "FrontApron",
					"parent": "UpperBody",
					"pivot": [0.5, 9.5, -1.25],
					"rotation": [-8.5, 0, 0]
				},
				{
					"name": "FrontApron2",
					"parent": "FrontApron",
					"pivot": [0.5, 9.5, -1.25],
					"cubes": [
						{
							"origin": [-2, 4.5, -1.25],
							"size": [4, 6, 0.25],
							"uv": {
								"north": {"uv": [42, 53], "uv_size": [4, 6]},
								"east": {"uv": [63, 30], "uv_size": [0.5, 6]},
								"south": {"uv": [46, 53], "uv_size": [4, 6]},
								"west": {"uv": [34, 63], "uv_size": [0.5, 6]},
								"up": {"uv": [64, 9], "uv_size": [4, 0.5]},
								"down": {"uv": [64, 34.5], "uv_size": [4, -0.5]}
							}
						}
					]
				},
				{
					"name": "BackApron",
					"parent": "UpperBody",
					"pivot": [0, 10.5, 1.25],
					"rotation": [7.5, 0, 0]
				},
				{
					"name": "BackApron2",
					"parent": "BackApron",
					"pivot": [0, 10.5, 1.25],
					"cubes": [
						{
							"origin": [-2, 4.5, 1.05],
							"size": [4, 6, 0.2],
							"uv": {
								"north": {"uv": [50, 53], "uv_size": [4, 6]},
								"east": {"uv": [35, 63], "uv_size": [0.5, 6]},
								"south": {"uv": [0, 54], "uv_size": [4, 6]},
								"west": {"uv": [36, 63], "uv_size": [0.5, 6]},
								"up": {"uv": [64, 35], "uv_size": [4, 0.5]},
								"down": {"uv": [64, 47.5], "uv_size": [4, -0.5]}
							}
						}
					]
				},
				{
					"name": "Skirt",
					"parent": "UpperBody",
					"pivot": [0, 9, 0]
				},
				{
					"name": "SkirtFront",
					"parent": "Skirt",
					"pivot": [-1, 9, -1.25],
					"rotation": [-7.5, 0, 0]
				},
				{
					"name": "SkirtFront4",
					"parent": "SkirtFront",
					"pivot": [0, 9, -1.125],
					"cubes": [
						{
							"origin": [-2.5, 8, -1.25],
							"size": [5, 1, 0.25],
							"uv": {
								"north": {"uv": [32, 15], "uv_size": [5, 1]},
								"east": {"uv": [65, 43], "uv_size": [0.5, 1]},
								"south": {"uv": [37, 15], "uv_size": [5, 1]},
								"west": {"uv": [65, 44], "uv_size": [0.5, 1]},
								"up": {"uv": [63, 48], "uv_size": [5, 0.5]},
								"down": {"uv": [63, 49.5], "uv_size": [5, -0.5]}
							}
						}
					]
				},
				{
					"name": "SkirtFront3",
					"parent": "SkirtFront",
					"pivot": [-2.5, 9, -1.25],
					"cubes": [
						{
							"origin": [-2.5, 2, -1.25],
							"size": [3, 7, 0.25],
							"pivot": [-2.5, 9, -1.25],
							"rotation": [0, 0, 4],
							"uv": {
								"north": {"uv": [4, 54], "uv_size": [3, 7]},
								"east": {"uv": [29, 62], "uv_size": [0.5, 7]},
								"south": {"uv": [54, 6], "uv_size": [3, 7]},
								"west": {"uv": [30, 62], "uv_size": [0.5, 7]},
								"up": {"uv": [64, 58], "uv_size": [3, 0.5]},
								"down": {"uv": [64, 59.5], "uv_size": [3, -0.5]}
							}
						}
					]
				},
				{
					"name": "SkirtFront2",
					"parent": "SkirtFront",
					"pivot": [0, 9, -1.125],
					"cubes": [
						{
							"origin": [-1.5, 2, -1.25],
							"size": [3, 7, 0.25],
							"uv": {
								"north": {"uv": [7, 54], "uv_size": [3, 7]},
								"east": {"uv": [31, 62], "uv_size": [0.5, 7]},
								"south": {"uv": [10, 54], "uv_size": [3, 7]},
								"west": {"uv": [32, 62], "uv_size": [0.5, 7]},
								"up": {"uv": [63, 64], "uv_size": [3, 0.5]},
								"down": {"uv": [65, 6.5], "uv_size": [3, -0.5]}
							}
						}
					]
				},
				{
					"name": "SkirtFront1",
					"parent": "SkirtFront",
					"pivot": [2.5, 9, -1.25],
					"cubes": [
						{
							"origin": [-0.5, 2, -1.25],
							"size": [3, 7, 0.25],
							"pivot": [2.5, 9, -1.25],
							"rotation": [0, 0, -4],
							"uv": {
								"north": {"uv": [13, 54], "uv_size": [3, 7]},
								"east": {"uv": [62, 32], "uv_size": [0.5, 7]},
								"south": {"uv": [54, 48], "uv_size": [3, 7]},
								"west": {"uv": [33, 62], "uv_size": [0.5, 7]},
								"up": {"uv": [65, 10], "uv_size": [3, 0.5]},
								"down": {"uv": [65, 11.5], "uv_size": [3, -0.5]}
							}
						}
					]
				},
				{
					"name": "SkirtBack",
					"parent": "Skirt",
					"pivot": [0, 9, 1.25],
					"rotation": [7.5, 0, 0]
				},
				{
					"name": "SkirtBack4",
					"parent": "SkirtBack",
					"pivot": [0, 9, 1.125],
					"cubes": [
						{
							"origin": [-2.5, 8, 1],
							"size": [5, 1, 0.25],
							"uv": {
								"north": {"uv": [42, 15], "uv_size": [-5, 1]},
								"east": {"uv": [65.5, 43], "uv_size": [-0.5, 1]},
								"south": {"uv": [37, 15], "uv_size": [-5, 1]},
								"west": {"uv": [65.5, 44], "uv_size": [-0.5, 1]},
								"up": {"uv": [68, 48], "uv_size": [-5, 0.5]},
								"down": {"uv": [68, 49], "uv_size": [-5, 0.5]}
							}
						}
					]
				},
				{
					"name": "SkirtBack3",
					"parent": "SkirtBack",
					"pivot": [-2.5, 9, 1.25],
					"cubes": [
						{
							"origin": [-2.5, 2, 1],
							"size": [3, 7, 0.25],
							"pivot": [-2.5, 9, 1.25],
							"rotation": [0, 0, 4],
							"uv": {
								"north": {"uv": [57, 6], "uv_size": [-3, 7]},
								"east": {"uv": [29.5, 62], "uv_size": [-0.5, 7]},
								"south": {"uv": [7, 54], "uv_size": [-3, 7]},
								"west": {"uv": [30.5, 62], "uv_size": [-0.5, 7]},
								"up": {"uv": [67, 58], "uv_size": [-3, 0.5]},
								"down": {"uv": [67, 59], "uv_size": [-3, 0.5]}
							}
						}
					]
				},
				{
					"name": "SkirtBack1",
					"parent": "SkirtBack",
					"pivot": [2.5, 9, 1.25],
					"cubes": [
						{
							"origin": [-0.5, 2, 1],
							"size": [3, 7, 0.25],
							"pivot": [2.5, 9, 1.25],
							"rotation": [0, 0, -4],
							"uv": {
								"north": {"uv": [57, 48], "uv_size": [-3, 7]},
								"east": {"uv": [62.5, 32], "uv_size": [-0.5, 7]},
								"south": {"uv": [16, 54], "uv_size": [-3, 7]},
								"west": {"uv": [33.5, 62], "uv_size": [-0.5, 7]},
								"up": {"uv": [68, 10], "uv_size": [-3, 0.5]},
								"down": {"uv": [68, 11], "uv_size": [-3, 0.5]}
							}
						}
					]
				},
				{
					"name": "SkirtBack2",
					"parent": "SkirtBack",
					"pivot": [0, 9, 1.125],
					"cubes": [
						{
							"origin": [-1.5, 2, 1],
							"size": [3, 7, 0.25],
							"uv": {
								"north": {"uv": [16, 55], "uv_size": [3, 7]},
								"east": {"uv": [38, 62], "uv_size": [0.5, 7]},
								"south": {"uv": [19, 55], "uv_size": [3, 7]},
								"west": {"uv": [39, 62], "uv_size": [0.5, 7]},
								"up": {"uv": [65, 12], "uv_size": [3, 0.5]},
								"down": {"uv": [65, 13.5], "uv_size": [3, -0.5]}
							}
						}
					]
				},
				{
					"name": "SkirtLeft",
					"parent": "Skirt",
					"pivot": [-2.375, 9, 0],
					"rotation": [0, 0, 4]
				},
				{
					"name": "SkirtLeft1",
					"parent": "SkirtLeft",
					"pivot": [-2.5, 9, -1.25],
					"cubes": [
						{
							"origin": [-2.5, 2, -1.25],
							"size": [0.25, 7, 2.2],
							"pivot": [-2.5, 9, -1.25],
							"rotation": [-7.5, 0, 0],
							"uv": {
								"north": {"uv": [62, 39], "uv_size": [0.5, 7]},
								"east": {"uv": [38, 55], "uv_size": [2, 7]},
								"south": {"uv": [40, 62], "uv_size": [0.5, 7]},
								"west": {"uv": [40, 55], "uv_size": [2, 7]},
								"up": {"uv": [22, 65], "uv_size": [0.5, 2]},
								"down": {"uv": [23, 67], "uv_size": [0.5, -2]}
							}
						}
					]
				},
				{
					"name": "SkirtLeft2",
					"parent": "SkirtLeft",
					"pivot": [-2.375, 9, 0],
					"cubes": [
						{
							"origin": [-2.5, 2, -0.1],
							"size": [0.25, 7, 1.2],
							"pivot": [-2.375, 2, 1.1],
							"rotation": [4, 0, 0],
							"uv": {
								"north": {"uv": [41, 62], "uv_size": [0.5, 7]},
								"east": {"uv": [60, 53], "uv_size": [1, 7]},
								"south": {"uv": [62, 46], "uv_size": [0.5, 7]},
								"west": {"uv": [58, 60], "uv_size": [1, 7]},
								"up": {"uv": [65, 45], "uv_size": [0.5, 1]},
								"down": {"uv": [65, 47], "uv_size": [0.5, -1]}
							}
						},
						{
							"origin": [-2.5, 2, -1.1],
							"size": [0.25, 7, 1.2],
							"pivot": [-2.375, 2, -1.1],
							"rotation": [-4, 0, 0],
							"uv": {
								"north": {"uv": [48, 62], "uv_size": [0.5, 7]},
								"east": {"uv": [59, 60], "uv_size": [1, 7]},
								"south": {"uv": [49, 62], "uv_size": [0.5, 7]},
								"west": {"uv": [60, 60], "uv_size": [1, 7]},
								"up": {"uv": [65, 54], "uv_size": [0.5, 1]},
								"down": {"uv": [65, 56], "uv_size": [0.5, -1]}
							}
						}
					]
				},
				{
					"name": "SkirtLeft3",
					"parent": "SkirtLeft",
					"pivot": [-2.5, 9, 1.25],
					"cubes": [
						{
							"origin": [-2.5, 2, -0.95],
							"size": [0.25, 7, 2.2],
							"pivot": [-2.5, 9, 1.25],
							"rotation": [7.5, 0, 0],
							"uv": {
								"north": {"uv": [50, 62], "uv_size": [0.5, 7]},
								"east": {"uv": [54, 55], "uv_size": [2, 7]},
								"south": {"uv": [62, 53], "uv_size": [0.5, 7]},
								"west": {"uv": [56, 55], "uv_size": [2, 7]},
								"up": {"uv": [24, 65], "uv_size": [0.5, 2]},
								"down": {"uv": [25, 67], "uv_size": [0.5, -2]}
							}
						}
					]
				},
				{
					"name": "SkirtLeft4",
					"parent": "SkirtLeft",
					"pivot": [-2.375, 9, 0],
					"cubes": [
						{
							"origin": [-2.5, 8, -1.25],
							"size": [0.25, 1, 2.5],
							"uv": {
								"north": {"uv": [65, 56], "uv_size": [0.5, 1]},
								"east": {"uv": [63, 50], "uv_size": [2.5, 1]},
								"south": {"uv": [65, 57], "uv_size": [0.5, 1]},
								"west": {"uv": [63, 51], "uv_size": [2.5, 1]},
								"up": {"uv": [15, 65], "uv_size": [0.5, 2.5]},
								"down": {"uv": [65, 20.5], "uv_size": [0.5, -2.5]}
							}
						}
					]
				},
				{
					"name": "SkirtRight",
					"parent": "Skirt",
					"pivot": [2.5, 9, 0],
					"rotation": [0, 0, -4]
				},
				{
					"name": "SkirtRight1",
					"parent": "SkirtRight",
					"pivot": [2.5, 9, -1.25],
					"cubes": [
						{
							"origin": [2.25, 2, -1.25],
							"size": [0.25, 7, 2.2],
							"pivot": [2.5, 9, -1.25],
							"rotation": [-7.5, 0, 0],
							"uv": {
								"north": {"uv": [54, 62], "uv_size": [0.5, 7]},
								"east": {"uv": [57, 0], "uv_size": [2, 7]},
								"south": {"uv": [55, 62], "uv_size": [0.5, 7]},
								"west": {"uv": [57, 7], "uv_size": [2, 7]},
								"up": {"uv": [26, 65], "uv_size": [0.5, 2]},
								"down": {"uv": [27, 67], "uv_size": [0.5, -2]}
							}
						}
					]
				},
				{
					"name": "SkirtRight3",
					"parent": "SkirtRight",
					"pivot": [2.5, 9, 1.25],
					"cubes": [
						{
							"origin": [2.25, 2, -0.95],
							"size": [0.25, 7, 2.2],
							"pivot": [2.5, 9, 1.25],
							"rotation": [7.5, 0, 0],
							"uv": {
								"north": {"uv": [56, 62], "uv_size": [0.5, 7]},
								"east": {"uv": [57, 25], "uv_size": [2, 7]},
								"south": {"uv": [57, 62], "uv_size": [0.5, 7]},
								"west": {"uv": [57, 32], "uv_size": [2, 7]},
								"up": {"uv": [28, 65], "uv_size": [0.5, 2]},
								"down": {"uv": [65, 32], "uv_size": [0.5, -2]}
							}
						}
					]
				},
				{
					"name": "SkirtRight2",
					"parent": "SkirtRight",
					"pivot": [2.375, 9, 0],
					"cubes": [
						{
							"origin": [2.25, 2, -0.1],
							"size": [0.25, 7, 1.2],
							"pivot": [2.375, 2, 1.1],
							"rotation": [4, 0, 0],
							"uv": {
								"north": {"uv": [62, 60], "uv_size": [0.5, 7]},
								"east": {"uv": [61, 0], "uv_size": [1, 7]},
								"south": {"uv": [1, 63], "uv_size": [0.5, 7]},
								"west": {"uv": [4, 61], "uv_size": [1, 7]},
								"up": {"uv": [65, 60], "uv_size": [0.5, 1]},
								"down": {"uv": [65, 62], "uv_size": [0.5, -1]}
							}
						},
						{
							"origin": [2.25, 2, -1.1],
							"size": [0.25, 7, 1.2],
							"pivot": [2.375, 2, -1.1],
							"rotation": [-4, 0, 0],
							"uv": {
								"north": {"uv": [2, 63], "uv_size": [0.5, 7]},
								"east": {"uv": [5, 61], "uv_size": [1, 7]},
								"south": {"uv": [3, 63], "uv_size": [0.5, 7]},
								"west": {"uv": [6, 61], "uv_size": [1, 7]},
								"up": {"uv": [65, 62], "uv_size": [0.5, 1]},
								"down": {"uv": [63, 66], "uv_size": [0.5, -1]}
							}
						}
					]
				},
				{
					"name": "SkirtRight4",
					"parent": "SkirtRight",
					"pivot": [2.375, 9, 0],
					"cubes": [
						{
							"origin": [2.25, 8, -1.25],
							"size": [0.25, 1, 2.5],
							"uv": {
								"north": {"uv": [65, 63], "uv_size": [0.5, 1]},
								"east": {"uv": [63, 52], "uv_size": [2.5, 1]},
								"south": {"uv": [64, 65], "uv_size": [0.5, 1]},
								"west": {"uv": [63, 53], "uv_size": [2.5, 1]},
								"up": {"uv": [20, 65], "uv_size": [0.5, 2.5]},
								"down": {"uv": [21, 67.5], "uv_size": [0.5, -2.5]}
							}
						}
					]
				},
				{
					"name": "legs",
					"parent": "AllBody",
					"pivot": [0, 0, 0]
				},
				{
					"name": "LeftLeg",
					"parent": "legs",
					"pivot": [1.4, 7, 0]
				},
				{
					"name": "LeftLeg2",
					"parent": "LeftLeg",
					"pivot": [1.4, 7, 0],
					"cubes": [
						{"origin": [1.5, 6, -0.75], "size": [1, 1, 2], "uv": [0, 49]},
						{
							"origin": [0.15, 0, -1.25],
							"size": [2, 7, 2.5],
							"uv": {
								"north": {"uv": [57, 39], "uv_size": [2, 7]},
								"east": {"uv": [22, 55], "uv_size": [2.5, 7]},
								"south": {"uv": [57, 46], "uv_size": [2, 7]},
								"west": {"uv": [25, 55], "uv_size": [2.5, 7]},
								"up": {"uv": [61, 10], "uv_size": [2, 2.5]},
								"down": {"uv": [61, 25.5], "uv_size": [2, -2.5]}
							}
						},
						{"origin": [1.5, 6, -1.25], "size": [1, 1, 1], "uv": [30, 53]},
						{
							"origin": [1.5, 0, -1.25],
							"size": [1, 6, 2.5],
							"pivot": [2.5, 6, -0.25],
							"rotation": [0, 0, 3.35],
							"uv": {
								"north": {"uv": [13, 61], "uv_size": [1, 6]},
								"east": {"uv": [54, 29], "uv_size": [2.5, 6]},
								"south": {"uv": [14, 61], "uv_size": [1, 6]},
								"west": {"uv": [54, 39], "uv_size": [2.5, 6]},
								"up": {"uv": [63, 54], "uv_size": [1, 2.5]},
								"down": {"uv": [63, 59.5], "uv_size": [1, -2.5]}
							}
						}
					]
				},
				{
					"name": "RightLeg",
					"parent": "legs",
					"pivot": [-1.4, 7, 0]
				},
				{
					"name": "RightLeg2",
					"parent": "RightLeg",
					"pivot": [-1.4, 7, 0],
					"cubes": [
						{"origin": [-2.5, 6, -0.75], "size": [1, 1, 2], "uv": [6, 49]},
						{"origin": [-2.5, 6, -1.25], "size": [1, 1, 1], "uv": [34, 53]},
						{
							"origin": [-2.15, 0, -1.25],
							"size": [2, 7, 2.5],
							"uv": {
								"north": {"uv": [58, 53], "uv_size": [2, 7]},
								"east": {"uv": [28, 55], "uv_size": [2.5, 7]},
								"south": {"uv": [59, 0], "uv_size": [2, 7]},
								"west": {"uv": [31, 55], "uv_size": [2.5, 7]},
								"up": {"uv": [61, 26], "uv_size": [2, 2.5]},
								"down": {"uv": [61, 31.5], "uv_size": [2, -2.5]}
							}
						},
						{
							"origin": [-2.5, 0, -1.25],
							"size": [1, 6, 2.5],
							"pivot": [-2.5, 6, -0.25],
							"rotation": [0, 0, -3.35],
							"uv": {
								"north": {"uv": [14, 61], "uv_size": [-1, 6]},
								"east": {"uv": [56.5, 39], "uv_size": [-2.5, 6]},
								"south": {"uv": [15, 61], "uv_size": [-1, 6]},
								"west": {"uv": [56.5, 29], "uv_size": [-2.5, 6]},
								"up": {"uv": [63, 56.5], "uv_size": [1, -2.5]},
								"down": {"uv": [63, 59.5], "uv_size": [1, -2.5]}
							}
						}
					]
				}
			]
		}
	]
}