{
	"format_version": "1.12.0",
	"minecraft:geometry": [
		{
			"description": {
				"identifier": "geometry.unknown",
				"texture_width": 128,
				"texture_height": 128,
				"visible_bounds_width": 3,
				"visible_bounds_height": 4.5,
				"visible_bounds_offset": [0, 1.75, 0]
			},
			"bones": [
				{
					"name": "LeftArm",
					"pivot": [1.15, 29.775, 0.14063],
					"cubes": [
						{
							"origin": [0.17497, 25.76787, -0.96739],
							"size": [2.28085, 5.26336, 2.35408],
							"inflate": 0.002,
							"uv": {
								"north": {"uv": [18.75, 39], "uv_size": [-1.25, 3.25]},
								"east": {"uv": [24.75, 39], "uv_size": [-1.25, 3.25]},
								"south": {"uv": [22.75, 39], "uv_size": [-1.25, 3.25]},
								"west": {"uv": [20.75, 39], "uv_size": [-1.25, 3.25]},
								"up": {"uv": [61.75, 63.5], "uv_size": [-1.25, 1.25]},
								"down": {"uv": [64.75, 61.75], "uv_size": [-1.25, -1.25]}
							}
						},
						{
							"origin": [0.17622, 31.03599, -0.96617],
							"size": [1.65136, 1.28033, 2.35161],
							"inflate": 0.003,
							"uv": {
								"north": {"uv": [5.25, 84.5], "uv_size": [-0.75, 0.75]},
								"east": {"uv": [47.25, 71], "uv_size": [-1.25, 0.75]},
								"south": {"uv": [85.25, 4.5], "uv_size": [-0.75, 0.75]},
								"west": {"uv": [72.25, 35.5], "uv_size": [-1.25, 0.75]},
								"up": {"uv": [38.25, 71], "uv_size": [-0.75, 1.25]},
								"down": {"uv": [43.75, 72.25], "uv_size": [-0.75, -1.25]}
							}
						},
						{
							"origin": [1.34487, 30.3842, -0.96739],
							"size": [0.57024, 1.42949, 2.35558],
							"inflate": 0.001,
							"pivot": [0.78006, 31.87951, 0.19046],
							"rotation": [0, 0, -26],
							"uv": {
								"north": {"uv": [97.25, 84], "uv_size": [-0.25, 0.75]},
								"east": {"uv": [72.25, 48], "uv_size": [-1.25, 0.75]},
								"south": {"uv": [85.25, 97], "uv_size": [-0.25, 0.75]},
								"west": {"uv": [49.25, 71], "uv_size": [-1.25, 0.75]},
								"up": {"uv": [40.75, 92], "uv_size": [-0.25, 1.25]},
								"down": {"uv": [41.75, 93.25], "uv_size": [-0.25, -1.25]}
							}
						},
						{
							"origin": [0.32847, 26.05246, -2.28407],
							"size": [2.0661, 1.51332, 1.51332],
							"inflate": -0.001,
							"pivot": [1.18857, 24.19065, -1.9157],
							"rotation": [-45, 0, 0],
							"uv": {
								"north": {"uv": [80.5, 57.5], "uv_size": [-1, 0.75]},
								"east": {"uv": [85.25, 8], "uv_size": [-0.75, 0.75]},
								"south": {"uv": [80.5, 63.5], "uv_size": [-1, 0.75]},
								"west": {"uv": [7.75, 84.5], "uv_size": [-0.75, 0.75]},
								"up": {"uv": [65.5, 79.5], "uv_size": [-1, 0.75]},
								"down": {"uv": [80.5, 65.75], "uv_size": [-1, -0.75]}
							}
						}
					]
				},
				{
					"name": "LeftForeArm",
					"parent": "LeftArm",
					"pivot": [1.41064, 26.76843, 0.16057],
					"cubes": [
						{
							"origin": [0.17497, 19.80382, -0.96739],
							"size": [2.28085, 5.96205, 2.35408],
							"inflate": 0.001,
							"uv": {
								"north": {"uv": [38.75, 10.5], "uv_size": [-1.25, 3.5]},
								"east": {"uv": [16.75, 38], "uv_size": [-1.25, 3.5]},
								"south": {"uv": [26.75, 37.5], "uv_size": [-1.25, 3.5]},
								"west": {"uv": [14.75, 37.5], "uv_size": [-1.25, 3.5]},
								"up": {"uv": [64.75, 62.5], "uv_size": [-1.25, 1.25]},
								"down": {"uv": [17.75, 65.25], "uv_size": [-1.25, -1.25]}
							}
						},
						{
							"origin": [0.23747, 18.92882, -0.90489],
							"size": [2.15585, 1.08705, 2.22908],
							"inflate": 0.001,
							"uv": {
								"north": {"uv": [5.5, 87.5], "uv_size": [-1, 0.5]},
								"east": {"uv": [8.5, 87.5], "uv_size": [-1, 0.5]},
								"south": {"uv": [88.5, 6], "uv_size": [-1, 0.5]},
								"west": {"uv": [7, 87.5], "uv_size": [-1, 0.5]},
								"up": {"uv": [70.5, 48.5], "uv_size": [-1, 1]},
								"down": {"uv": [50, 70.5], "uv_size": [-1, -1]}
							}
						},
						{
							"origin": [0.44039, 17.72115, 0.58458],
							"size": [1.74419, 1.44084, 1.44084],
							"pivot": [1.2239, 20.11318, 1.6034],
							"rotation": [-45, 0, 0],
							"uv": {
								"north": {"uv": [9.25, 84.5], "uv_size": [-0.75, 0.75]},
								"east": {"uv": [13.25, 84.5], "uv_size": [-0.75, 0.75]},
								"south": {"uv": [10.75, 84.5], "uv_size": [-0.75, 0.75]},
								"west": {"uv": [85.25, 9.5], "uv_size": [-0.75, 0.75]},
								"up": {"uv": [14.75, 84.5], "uv_size": [-0.75, 0.75]},
								"down": {"uv": [85.25, 23.75], "uv_size": [-0.75, -0.75]}
							}
						},
						{
							"origin": [0.32947, 26.0477, -2.29699],
							"size": [2.07973, 1.51132, 1.51132],
							"pivot": [1.18857, 24.17096, -1.9157],
							"rotation": [-45, 0, 0],
							"uv": {
								"north": {"uv": [67, 79.5], "uv_size": [-1, 0.75]},
								"east": {"uv": [27.75, 84.5], "uv_size": [-0.75, 0.75]},
								"south": {"uv": [68.5, 79.5], "uv_size": [-1, 0.75]},
								"west": {"uv": [26.25, 84.5], "uv_size": [-0.75, 0.75]},
								"up": {"uv": [81, 0], "uv_size": [-1, 0.75]},
								"down": {"uv": [81, 2.25], "uv_size": [-1, -0.75]}
							}
						}
					]
				},
				{
					"name": "LeftHand",
					"parent": "LeftForeArm",
					"pivot": [1.21283, 19.05358, 0.16057],
					"cubes": [
						{
							"origin": [0.3075, 17.80974, 0.76177],
							"size": [2.00998, 1.08647, 1.08647],
							"pivot": [1.2239, 20.02458, 1.6034],
							"rotation": [-45, 0, 0],
							"uv": {
								"north": {"uv": [10, 87.5], "uv_size": [-1, 0.5]},
								"east": {"uv": [95, 47.5], "uv_size": [-0.5, 0.5]},
								"south": {"uv": [88.5, 11], "uv_size": [-1, 0.5]},
								"west": {"uv": [95, 46.5], "uv_size": [-0.5, 0.5]},
								"up": {"uv": [13, 87.5], "uv_size": [-1, 0.5]},
								"down": {"uv": [88.5, 12.5], "uv_size": [-1, -0.5]}
							}
						},
						{
							"origin": [0.2826, 18.25623, -0.85826],
							"size": [2.05981, 0.79734, 2.13733],
							"uv": {
								"north": {"uv": [88.5, 13], "uv_size": [-1, 0.5]},
								"east": {"uv": [16, 87.5], "uv_size": [-1, 0.5]},
								"south": {"uv": [88.5, 14], "uv_size": [-1, 0.5]},
								"west": {"uv": [14.5, 87.5], "uv_size": [-1, 0.5]},
								"up": {"uv": [55.5, 69.5], "uv_size": [-1, 1]},
								"down": {"uv": [70.5, 56.5], "uv_size": [-1, -1]}
							}
						},
						{
							"origin": [0.24289, 18.08488, -0.8586],
							"size": [2.13921, 0.65834, 2.13798],
							"inflate": 0.001,
							"uv": {
								"north": {"uv": [49, 94.5], "uv_size": [-1, 0.25]},
								"east": {"uv": [95.5, 49.5], "uv_size": [-1, 0.25]},
								"south": {"uv": [50.5, 94.5], "uv_size": [-1, 0.25]},
								"west": {"uv": [95.5, 48.5], "uv_size": [-1, 0.25]},
								"up": {"uv": [70.5, 60], "uv_size": [-1, 1]},
								"down": {"uv": [70.5, 62.5], "uv_size": [-1, -1]}
							}
						}
					]
				},
				{
					"name": "Left_finger_11",
					"parent": "LeftHand",
					"pivot": [0.41133, 18.07983, -0.10102],
					"cubes": [
						{
							"origin": [0.18123, 18.21194, -1.13512],
							"size": [0.48481, 0.54815, 0.91362],
							"pivot": [1.39002, 18.63552, 0.2104],
							"rotation": [20, 0, 0],
							"uv": {
								"north": {"uv": [24.25, 103.5], "uv_size": [-0.25, 0.25]},
								"east": {"uv": [100.5, 22.5], "uv_size": [-0.5, 0.25]},
								"south": {"uv": [103.75, 25], "uv_size": [-0.25, 0.25]},
								"west": {"uv": [22.5, 100], "uv_size": [-0.5, 0.25]},
								"up": {"uv": [23.25, 100], "uv_size": [-0.25, 0.5]},
								"down": {"uv": [100.25, 24], "uv_size": [-0.25, -0.5]}
							}
						}
					]
				},
				{
					"name": "Left_finger_joint_11",
					"parent": "Left_finger_11",
					"pivot": [0.41134, 17.75815, -0.8134],
					"cubes": [
						{
							"origin": [0.18154, 16.82181, -1.46575],
							"size": [0.48422, 0.4423, 1.06062],
							"inflate": 0.001,
							"pivot": [0.45563, 17.38897, -1.40428],
							"rotation": [90, 0, 0],
							"uv": {
								"north": {"uv": [103.75, 26], "uv_size": [-0.25, 0.25]},
								"east": {"uv": [25.5, 100], "uv_size": [-0.5, 0.25]},
								"south": {"uv": [103.75, 28], "uv_size": [-0.25, 0.25]},
								"west": {"uv": [100.5, 24.5], "uv_size": [-0.5, 0.25]},
								"up": {"uv": [26.25, 100], "uv_size": [-0.25, 0.5]},
								"down": {"uv": [27.25, 100.5], "uv_size": [-0.25, -0.5]}
							}
						}
					]
				},
				{
					"name": "Left_palm",
					"parent": "LeftHand",
					"pivot": [1.62073, 18.09627, 0.2104],
					"cubes": [
						{
							"origin": [1.61704, 16.7889, -0.85889],
							"size": [0.76535, 1.29569, 2.13856],
							"uv": {
								"north": {"uv": [91, 1.5], "uv_size": [-0.5, 0.75]},
								"east": {"uv": [81, 9], "uv_size": [-1, 0.75]},
								"south": {"uv": [3.5, 90.5], "uv_size": [-0.5, 0.75]},
								"west": {"uv": [7, 80], "uv_size": [-1, 0.75]},
								"up": {"uv": [88, 15], "uv_size": [-0.5, 1]},
								"down": {"uv": [88, 17.5], "uv_size": [-0.5, -1]}
							}
						}
					]
				},
				{
					"name": "Left_finger_12",
					"parent": "Left_palm",
					"pivot": [1.6198, 17.38259, 1.02496],
					"cubes": [
						{
							"origin": [0.26012, 16.78918, 0.79515],
							"size": [1.35663, 0.56297, 0.48422],
							"inflate": 0.001,
							"uv": {
								"north": {"uv": [97.75, 85.5], "uv_size": [-0.75, 0.25]},
								"east": {"uv": [30.25, 103.5], "uv_size": [-0.25, 0.25]},
								"south": {"uv": [97.75, 86.5], "uv_size": [-0.75, 0.25]},
								"west": {"uv": [103.75, 29], "uv_size": [-0.25, 0.25]},
								"up": {"uv": [87.75, 97], "uv_size": [-0.75, 0.25]},
								"down": {"uv": [97.75, 87.75], "uv_size": [-0.75, -0.25]}
							}
						}
					]
				},
				{
					"name": "Left_finger_joint_12",
					"parent": "Left_finger_12",
					"pivot": [0.25432, 16.78887, 1.02496],
					"cubes": [
						{
							"origin": [0.0771, 17.10575, 0.79487],
							"size": [1.24031, 0.56356, 0.48481],
							"pivot": [0.60866, 17.32046, 1.02496],
							"rotation": [0, 0, -90],
							"uv": {
								"north": {"uv": [28.5, 100], "uv_size": [-0.5, 0.25]},
								"east": {"uv": [103.75, 31], "uv_size": [-0.25, 0.25]},
								"south": {"uv": [100.5, 28], "uv_size": [-0.5, 0.25]},
								"west": {"uv": [103.75, 30], "uv_size": [-0.25, 0.25]},
								"up": {"uv": [29.5, 100], "uv_size": [-0.5, 0.25]},
								"down": {"uv": [32, 100.25], "uv_size": [-0.5, -0.25]}
							}
						}
					]
				},
				{
					"name": "Left_finger_13",
					"parent": "Left_palm",
					"pivot": [1.6198, 17.38259, 0.49278],
					"cubes": [
						{
							"origin": [0.26012, 16.78918, 0.25067],
							"size": [1.35663, 0.56297, 0.48423],
							"inflate": 0.001,
							"uv": {
								"north": {"uv": [97.75, 88.5], "uv_size": [-0.75, 0.25]},
								"east": {"uv": [103.75, 34], "uv_size": [-0.25, 0.25]},
								"south": {"uv": [97.75, 89.5], "uv_size": [-0.75, 0.25]},
								"west": {"uv": [103.75, 32], "uv_size": [-0.25, 0.25]},
								"up": {"uv": [97.75, 90.5], "uv_size": [-0.75, 0.25]},
								"down": {"uv": [97.75, 91.75], "uv_size": [-0.75, -0.25]}
							}
						}
					]
				},
				{
					"name": "Left_finger_joint_13",
					"parent": "Left_finger_13",
					"pivot": [0.25432, 16.78887, 0.49278],
					"cubes": [
						{
							"origin": [0.86385, 17.85834, 0.25039],
							"size": [1.24031, 0.56356, 0.48481],
							"pivot": [1.37835, 17.30339, 0.2104],
							"rotation": [0, 0, -90],
							"uv": {
								"north": {"uv": [33, 100], "uv_size": [-0.5, 0.25]},
								"east": {"uv": [103.75, 36.5], "uv_size": [-0.25, 0.25]},
								"south": {"uv": [34, 100], "uv_size": [-0.5, 0.25]},
								"west": {"uv": [35.25, 103.5], "uv_size": [-0.25, 0.25]},
								"up": {"uv": [100.5, 34], "uv_size": [-0.5, 0.25]},
								"down": {"uv": [35, 100.25], "uv_size": [-0.5, -0.25]}
							}
						}
					]
				},
				{
					"name": "Left_finger_14",
					"parent": "Left_palm",
					"pivot": [1.61978, 17.38259, 0.2104],
					"cubes": [
						{
							"origin": [0.26012, 16.78918, -0.31411],
							"size": [1.35663, 0.56297, 0.48423],
							"inflate": 0.001,
							"uv": {
								"north": {"uv": [97.75, 92.5], "uv_size": [-0.75, 0.25]},
								"east": {"uv": [103.75, 38.5], "uv_size": [-0.25, 0.25]},
								"south": {"uv": [97.75, 93.5], "uv_size": [-0.75, 0.25]},
								"west": {"uv": [103.75, 37.5], "uv_size": [-0.25, 0.25]},
								"up": {"uv": [96.75, 97], "uv_size": [-0.75, 0.25]},
								"down": {"uv": [0.75, 97.75], "uv_size": [-0.75, -0.25]}
							}
						}
					]
				},
				{
					"name": "Left_finger_joint_14",
					"parent": "Left_finger_14",
					"pivot": [0.25432, 16.78887, -0.072],
					"cubes": [
						{
							"origin": [0.86385, 17.85834, -0.31439],
							"size": [1.24031, 0.56356, 0.48481],
							"pivot": [1.37835, 17.30339, 0.2104],
							"rotation": [0, 0, -90],
							"uv": {
								"north": {"uv": [37, 100], "uv_size": [-0.5, 0.25]},
								"east": {"uv": [103.75, 43], "uv_size": [-0.25, 0.25]},
								"south": {"uv": [100.5, 36.5], "uv_size": [-0.5, 0.25]},
								"west": {"uv": [103.75, 42], "uv_size": [-0.25, 0.25]},
								"up": {"uv": [38, 100], "uv_size": [-0.5, 0.25]},
								"down": {"uv": [39, 100.25], "uv_size": [-0.5, -0.25]}
							}
						}
					]
				},
				{
					"name": "Left_finger_15",
					"parent": "Left_palm",
					"pivot": [1.6198, 17.38259, -0.60418],
					"cubes": [
						{
							"origin": [0.26012, 16.78918, -0.8586],
							"size": [1.35663, 0.56297, 0.48422],
							"inflate": 0.001,
							"uv": {
								"north": {"uv": [98.25, 0], "uv_size": [-0.75, 0.25]},
								"east": {"uv": [47.25, 103.5], "uv_size": [-0.25, 0.25]},
								"south": {"uv": [98.25, 1], "uv_size": [-0.75, 0.25]},
								"west": {"uv": [103.75, 44], "uv_size": [-0.25, 0.25]},
								"up": {"uv": [2.25, 97.5], "uv_size": [-0.75, 0.25]},
								"down": {"uv": [98.25, 2.25], "uv_size": [-0.75, -0.25]}
							}
						}
					]
				},
				{
					"name": "Left_finger_joint_15",
					"parent": "Left_finger_15",
					"pivot": [0.25429, 16.7889, -0.60418],
					"cubes": [
						{
							"origin": [0.86385, 17.85834, -0.85889],
							"size": [1.24031, 0.56356, 0.48481],
							"pivot": [1.37835, 17.30339, 0.25961],
							"rotation": [0, 0, -90],
							"uv": {
								"north": {"uv": [40, 100], "uv_size": [-0.5, 0.25]},
								"east": {"uv": [103.75, 50], "uv_size": [-0.25, 0.25]},
								"south": {"uv": [41, 100], "uv_size": [-0.5, 0.25]},
								"west": {"uv": [103.75, 49], "uv_size": [-0.25, 0.25]},
								"up": {"uv": [100.5, 41], "uv_size": [-0.5, 0.25]},
								"down": {"uv": [42, 100.25], "uv_size": [-0.5, -0.25]}
							}
						}
					]
				},
				{
					"name": "SheathLocator3",
					"parent": "LeftHand",
					"pivot": [1.03564, 17.45889, 0.16057]
				},
				{
					"name": "RightWaistLocator2",
					"parent": "LeftHand",
					"pivot": [1.03564, 17.45889, 0.16057]
				},
				{
					"name": "LeftHandLocator",
					"parent": "LeftHand",
					"pivot": [1.03564, 17.45889, 0.16057]
				},
				{
					"name": "RightArm",
					"pivot": [-1.15, 29.775, 0.14063],
					"cubes": [
						{
							"origin": [-2.45582, 25.76787, -0.96739],
							"size": [2.28085, 5.26336, 2.35408],
							"inflate": 0.002,
							"uv": {
								"north": {"uv": [17.5, 39], "uv_size": [1.25, 3.25]},
								"east": {"uv": [19.5, 39], "uv_size": [1.25, 3.25]},
								"south": {"uv": [21.5, 39], "uv_size": [1.25, 3.25]},
								"west": {"uv": [23.5, 39], "uv_size": [1.25, 3.25]},
								"up": {"uv": [60.5, 63.5], "uv_size": [1.25, 1.25]},
								"down": {"uv": [63.5, 61.75], "uv_size": [1.25, -1.25]}
							}
						},
						{
							"origin": [-1.82758, 31.03599, -0.96617],
							"size": [1.65136, 1.28033, 2.35161],
							"inflate": 0.003,
							"uv": {
								"north": {"uv": [4.5, 84.5], "uv_size": [0.75, 0.75]},
								"east": {"uv": [71, 35.5], "uv_size": [1.25, 0.75]},
								"south": {"uv": [84.5, 4.5], "uv_size": [0.75, 0.75]},
								"west": {"uv": [46, 71], "uv_size": [1.25, 0.75]},
								"up": {"uv": [37.5, 71], "uv_size": [0.75, 1.25]},
								"down": {"uv": [43, 72.25], "uv_size": [0.75, -1.25]}
							}
						},
						{
							"origin": [-1.91511, 30.3842, -0.96739],
							"size": [0.57024, 1.42949, 2.35558],
							"inflate": 0.001,
							"pivot": [-0.78006, 31.87951, 0.19046],
							"rotation": [0, 0, 26],
							"uv": {
								"north": {"uv": [97, 84], "uv_size": [0.25, 0.75]},
								"east": {"uv": [48, 71], "uv_size": [1.25, 0.75]},
								"south": {"uv": [85, 97], "uv_size": [0.25, 0.75]},
								"west": {"uv": [71, 48], "uv_size": [1.25, 0.75]},
								"up": {"uv": [40.5, 92], "uv_size": [0.25, 1.25]},
								"down": {"uv": [41.5, 93.25], "uv_size": [0.25, -1.25]}
							}
						},
						{
							"origin": [-2.39457, 26.05246, -2.28407],
							"size": [2.0661, 1.51332, 1.51332],
							"inflate": -0.001,
							"pivot": [-1.18857, 24.19065, -1.9157],
							"rotation": [-45, 0, 0],
							"uv": {
								"north": {"uv": [79.5, 57.5], "uv_size": [1, 0.75]},
								"east": {"uv": [7, 84.5], "uv_size": [0.75, 0.75]},
								"south": {"uv": [79.5, 63.5], "uv_size": [1, 0.75]},
								"west": {"uv": [84.5, 8], "uv_size": [0.75, 0.75]},
								"up": {"uv": [64.5, 79.5], "uv_size": [1, 0.75]},
								"down": {"uv": [79.5, 65.75], "uv_size": [1, -0.75]}
							}
						}
					]
				},
				{
					"name": "RightForeArm",
					"parent": "RightArm",
					"pivot": [-1.41064, 26.76843, 0.16057],
					"cubes": [
						{
							"origin": [-2.45582, 19.80382, -0.96739],
							"size": [2.28085, 5.96205, 2.35408],
							"inflate": 0.001,
							"uv": {
								"north": {"uv": [37.5, 10.5], "uv_size": [1.25, 3.5]},
								"east": {"uv": [13.5, 37.5], "uv_size": [1.25, 3.5]},
								"south": {"uv": [25.5, 37.5], "uv_size": [1.25, 3.5]},
								"west": {"uv": [15.5, 38], "uv_size": [1.25, 3.5]},
								"up": {"uv": [63.5, 62.5], "uv_size": [1.25, 1.25]},
								"down": {"uv": [16.5, 65.25], "uv_size": [1.25, -1.25]}
							}
						},
						{
							"origin": [-2.39332, 18.92882, -0.90489],
							"size": [2.15585, 1.08705, 2.22908],
							"inflate": 0.001,
							"uv": {
								"north": {"uv": [4.5, 87.5], "uv_size": [1, 0.5]},
								"east": {"uv": [6, 87.5], "uv_size": [1, 0.5]},
								"south": {"uv": [87.5, 6], "uv_size": [1, 0.5]},
								"west": {"uv": [7.5, 87.5], "uv_size": [1, 0.5]},
								"up": {"uv": [69.5, 48.5], "uv_size": [1, 1]},
								"down": {"uv": [49, 70.5], "uv_size": [1, -1]}
							}
						},
						{
							"origin": [-2.18458, 17.72115, 0.58458],
							"size": [1.74419, 1.44084, 1.44084],
							"pivot": [-1.2239, 20.11318, 1.6034],
							"rotation": [-45, 0, 0],
							"uv": {
								"north": {"uv": [8.5, 84.5], "uv_size": [0.75, 0.75]},
								"east": {"uv": [84.5, 9.5], "uv_size": [0.75, 0.75]},
								"south": {"uv": [10, 84.5], "uv_size": [0.75, 0.75]},
								"west": {"uv": [12.5, 84.5], "uv_size": [0.75, 0.75]},
								"up": {"uv": [14, 84.5], "uv_size": [0.75, 0.75]},
								"down": {"uv": [84.5, 23.75], "uv_size": [0.75, -0.75]}
							}
						},
						{
							"origin": [-2.4092, 26.0477, -2.29699],
							"size": [2.07973, 1.51132, 1.51132],
							"pivot": [-1.18857, 24.17096, -1.9157],
							"rotation": [-45, 0, 0],
							"uv": {
								"north": {"uv": [66, 79.5], "uv_size": [1, 0.75]},
								"east": {"uv": [25.5, 84.5], "uv_size": [0.75, 0.75]},
								"south": {"uv": [67.5, 79.5], "uv_size": [1, 0.75]},
								"west": {"uv": [27, 84.5], "uv_size": [0.75, 0.75]},
								"up": {"uv": [80, 0], "uv_size": [1, 0.75]},
								"down": {"uv": [80, 2.25], "uv_size": [1, -0.75]}
							}
						}
					]
				},
				{
					"name": "RightHand",
					"parent": "RightForeArm",
					"pivot": [-1.21283, 19.05358, 0.16057],
					"cubes": [
						{
							"origin": [-2.31748, 17.80974, 0.76177],
							"size": [2.00998, 1.08647, 1.08647],
							"pivot": [-1.2239, 20.02458, 1.6034],
							"rotation": [-45, 0, 0],
							"uv": {
								"north": {"uv": [9, 87.5], "uv_size": [1, 0.5]},
								"east": {"uv": [94.5, 46.5], "uv_size": [0.5, 0.5]},
								"south": {"uv": [87.5, 11], "uv_size": [1, 0.5]},
								"west": {"uv": [94.5, 47.5], "uv_size": [0.5, 0.5]},
								"up": {"uv": [12, 87.5], "uv_size": [1, 0.5]},
								"down": {"uv": [87.5, 12.5], "uv_size": [1, -0.5]}
							}
						},
						{
							"origin": [-2.34241, 18.25623, -0.85826],
							"size": [2.05981, 0.79734, 2.13733],
							"uv": {
								"north": {"uv": [87.5, 13], "uv_size": [1, 0.5]},
								"east": {"uv": [13.5, 87.5], "uv_size": [1, 0.5]},
								"south": {"uv": [87.5, 14], "uv_size": [1, 0.5]},
								"west": {"uv": [15, 87.5], "uv_size": [1, 0.5]},
								"up": {"uv": [54.5, 69.5], "uv_size": [1, 1]},
								"down": {"uv": [69.5, 56.5], "uv_size": [1, -1]}
							}
						},
						{
							"origin": [-2.3821, 18.08488, -0.8586],
							"size": [2.13921, 0.65834, 2.13798],
							"inflate": 0.001,
							"uv": {
								"north": {"uv": [48, 94.5], "uv_size": [1, 0.25]},
								"east": {"uv": [94.5, 48.5], "uv_size": [1, 0.25]},
								"south": {"uv": [49.5, 94.5], "uv_size": [1, 0.25]},
								"west": {"uv": [94.5, 49.5], "uv_size": [1, 0.25]},
								"up": {"uv": [69.5, 60], "uv_size": [1, 1]},
								"down": {"uv": [69.5, 62.5], "uv_size": [1, -1]}
							}
						}
					]
				},
				{
					"name": "Right_finger_11",
					"parent": "RightHand",
					"pivot": [-0.41133, 18.07983, -0.10102],
					"cubes": [
						{
							"origin": [-0.66604, 18.21194, -1.13512],
							"size": [0.48481, 0.54815, 0.91362],
							"pivot": [-1.39002, 18.63552, 0.2104],
							"rotation": [20, 0, 0],
							"uv": {
								"north": {"uv": [24, 103.5], "uv_size": [0.25, 0.25]},
								"east": {"uv": [22, 100], "uv_size": [0.5, 0.25]},
								"south": {"uv": [103.5, 25], "uv_size": [0.25, 0.25]},
								"west": {"uv": [100, 22.5], "uv_size": [0.5, 0.25]},
								"up": {"uv": [23, 100], "uv_size": [0.25, 0.5]},
								"down": {"uv": [100, 24], "uv_size": [0.25, -0.5]}
							}
						}
					]
				},
				{
					"name": "Right_finger_joint_11",
					"parent": "Right_finger_11",
					"pivot": [-0.41134, 17.75815, -0.8134],
					"cubes": [
						{
							"origin": [-0.66576, 16.82181, -1.46575],
							"size": [0.48422, 0.4423, 1.06062],
							"inflate": 0.001,
							"pivot": [-0.45563, 17.38897, -1.40428],
							"rotation": [90, 0, 0],
							"uv": {
								"north": {"uv": [103.5, 26], "uv_size": [0.25, 0.25]},
								"east": {"uv": [100, 24.5], "uv_size": [0.5, 0.25]},
								"south": {"uv": [103.5, 28], "uv_size": [0.25, 0.25]},
								"west": {"uv": [25, 100], "uv_size": [0.5, 0.25]},
								"up": {"uv": [26, 100], "uv_size": [0.25, 0.5]},
								"down": {"uv": [27, 100.5], "uv_size": [0.25, -0.5]}
							}
						}
					]
				},
				{
					"name": "Right_palm",
					"parent": "RightHand",
					"pivot": [-1.62073, 18.09627, 0.2104],
					"cubes": [
						{
							"origin": [-2.38239, 16.7889, -0.85889],
							"size": [0.76535, 1.29569, 2.13856],
							"uv": {
								"north": {"uv": [90.5, 1.5], "uv_size": [0.5, 0.75]},
								"east": {"uv": [6, 80], "uv_size": [1, 0.75]},
								"south": {"uv": [3, 90.5], "uv_size": [0.5, 0.75]},
								"west": {"uv": [80, 9], "uv_size": [1, 0.75]},
								"up": {"uv": [87.5, 15], "uv_size": [0.5, 1]},
								"down": {"uv": [87.5, 17.5], "uv_size": [0.5, -1]}
							}
						}
					]
				},
				{
					"name": "Right_finger_12",
					"parent": "Right_palm",
					"pivot": [-1.6198, 17.38259, 1.02496],
					"cubes": [
						{
							"origin": [-1.61675, 16.78918, 0.79515],
							"size": [1.35663, 0.56297, 0.48422],
							"inflate": 0.001,
							"uv": {
								"north": {"uv": [97, 85.5], "uv_size": [0.75, 0.25]},
								"east": {"uv": [103.5, 29], "uv_size": [0.25, 0.25]},
								"south": {"uv": [97, 86.5], "uv_size": [0.75, 0.25]},
								"west": {"uv": [30, 103.5], "uv_size": [0.25, 0.25]},
								"up": {"uv": [87, 97], "uv_size": [0.75, 0.25]},
								"down": {"uv": [97, 87.75], "uv_size": [0.75, -0.25]}
							}
						}
					]
				},
				{
					"name": "Right_finger_joint_12",
					"parent": "Right_finger_12",
					"pivot": [-0.25432, 16.78887, 1.02496],
					"cubes": [
						{
							"origin": [-1.31741, 17.10575, 0.79487],
							"size": [1.24031, 0.56356, 0.48481],
							"pivot": [-0.60866, 17.32046, 1.02496],
							"rotation": [0, 0, 90],
							"uv": {
								"north": {"uv": [28, 100], "uv_size": [0.5, 0.25]},
								"east": {"uv": [103.5, 30], "uv_size": [0.25, 0.25]},
								"south": {"uv": [100, 28], "uv_size": [0.5, 0.25]},
								"west": {"uv": [103.5, 31], "uv_size": [0.25, 0.25]},
								"up": {"uv": [29, 100], "uv_size": [0.5, 0.25]},
								"down": {"uv": [31.5, 100.25], "uv_size": [0.5, -0.25]}
							}
						}
					]
				},
				{
					"name": "Right_finger_13",
					"parent": "Right_palm",
					"pivot": [-1.6198, 17.38259, 0.49278],
					"cubes": [
						{
							"origin": [-1.61675, 16.78918, 0.25067],
							"size": [1.35663, 0.56297, 0.48423],
							"inflate": 0.001,
							"uv": {
								"north": {"uv": [97, 88.5], "uv_size": [0.75, 0.25]},
								"east": {"uv": [103.5, 32], "uv_size": [0.25, 0.25]},
								"south": {"uv": [97, 89.5], "uv_size": [0.75, 0.25]},
								"west": {"uv": [103.5, 34], "uv_size": [0.25, 0.25]},
								"up": {"uv": [97, 90.5], "uv_size": [0.75, 0.25]},
								"down": {"uv": [97, 91.75], "uv_size": [0.75, -0.25]}
							}
						}
					]
				},
				{
					"name": "Right_finger_joint_13",
					"parent": "Right_finger_13",
					"pivot": [-0.25432, 16.78887, 0.49278],
					"cubes": [
						{
							"origin": [-2.10416, 17.85834, 0.25039],
							"size": [1.24031, 0.56356, 0.48481],
							"pivot": [-1.37835, 17.30339, 0.2104],
							"rotation": [0, 0, 90],
							"uv": {
								"north": {"uv": [32.5, 100], "uv_size": [0.5, 0.25]},
								"east": {"uv": [35, 103.5], "uv_size": [0.25, 0.25]},
								"south": {"uv": [33.5, 100], "uv_size": [0.5, 0.25]},
								"west": {"uv": [103.5, 36.5], "uv_size": [0.25, 0.25]},
								"up": {"uv": [100, 34], "uv_size": [0.5, 0.25]},
								"down": {"uv": [34.5, 100.25], "uv_size": [0.5, -0.25]}
							}
						}
					]
				},
				{
					"name": "Right_finger_14",
					"parent": "Right_palm",
					"pivot": [-1.61978, 17.38259, 0.2104],
					"cubes": [
						{
							"origin": [-1.61675, 16.78918, -0.31411],
							"size": [1.35663, 0.56297, 0.48423],
							"inflate": 0.001,
							"uv": {
								"north": {"uv": [97, 92.5], "uv_size": [0.75, 0.25]},
								"east": {"uv": [103.5, 37.5], "uv_size": [0.25, 0.25]},
								"south": {"uv": [97, 93.5], "uv_size": [0.75, 0.25]},
								"west": {"uv": [103.5, 38.5], "uv_size": [0.25, 0.25]},
								"up": {"uv": [96, 97], "uv_size": [0.75, 0.25]},
								"down": {"uv": [0, 97.75], "uv_size": [0.75, -0.25]}
							}
						}
					]
				},
				{
					"name": "Right_finger_joint_14",
					"parent": "Right_finger_14",
					"pivot": [-0.25432, 16.78887, -0.072],
					"cubes": [
						{
							"origin": [-2.10416, 17.85834, -0.31439],
							"size": [1.24031, 0.56356, 0.48481],
							"pivot": [-1.37835, 17.30339, 0.2104],
							"rotation": [0, 0, 90],
							"uv": {
								"north": {"uv": [36.5, 100], "uv_size": [0.5, 0.25]},
								"east": {"uv": [103.5, 42], "uv_size": [0.25, 0.25]},
								"south": {"uv": [100, 36.5], "uv_size": [0.5, 0.25]},
								"west": {"uv": [103.5, 43], "uv_size": [0.25, 0.25]},
								"up": {"uv": [37.5, 100], "uv_size": [0.5, 0.25]},
								"down": {"uv": [38.5, 100.25], "uv_size": [0.5, -0.25]}
							}
						}
					]
				},
				{
					"name": "Right_finger_15",
					"parent": "Right_palm",
					"pivot": [-1.6198, 17.38259, -0.60418],
					"cubes": [
						{
							"origin": [-1.61675, 16.78918, -0.8586],
							"size": [1.35663, 0.56297, 0.48422],
							"inflate": 0.001,
							"uv": {
								"north": {"uv": [97.5, 0], "uv_size": [0.75, 0.25]},
								"east": {"uv": [103.5, 44], "uv_size": [0.25, 0.25]},
								"south": {"uv": [97.5, 1], "uv_size": [0.75, 0.25]},
								"west": {"uv": [47, 103.5], "uv_size": [0.25, 0.25]},
								"up": {"uv": [1.5, 97.5], "uv_size": [0.75, 0.25]},
								"down": {"uv": [97.5, 2.25], "uv_size": [0.75, -0.25]}
							}
						}
					]
				},
				{
					"name": "Right_finger_joint_15",
					"parent": "Right_finger_15",
					"pivot": [-0.25429, 16.7889, -0.60418],
					"cubes": [
						{
							"origin": [-2.10416, 17.85834, -0.85889],
							"size": [1.24031, 0.56356, 0.48481],
							"pivot": [-1.37835, 17.30339, 0.25961],
							"rotation": [0, 0, 90],
							"uv": {
								"north": {"uv": [39.5, 100], "uv_size": [0.5, 0.25]},
								"east": {"uv": [103.5, 49], "uv_size": [0.25, 0.25]},
								"south": {"uv": [40.5, 100], "uv_size": [0.5, 0.25]},
								"west": {"uv": [103.5, 50], "uv_size": [0.25, 0.25]},
								"up": {"uv": [100, 41], "uv_size": [0.5, 0.25]},
								"down": {"uv": [41.5, 100.25], "uv_size": [0.5, -0.25]}
							}
						}
					]
				},
				{
					"name": "SheathLocator2",
					"parent": "RightHand",
					"pivot": [-1.03564, 17.45889, 0.16057]
				},
				{
					"name": "LeftWaistLocator2",
					"parent": "RightHand",
					"pivot": [-1.03564, 17.45889, 0.16057]
				},
				{
					"name": "RightHandLocator",
					"parent": "RightHand",
					"pivot": [-1.03564, 17.45889, 0.16057]
				}
			]
		}
	]
}