{
	"format_version": "1.21.0",
	"minecraft:geometry": [
		{
			"description": {
				"identifier": "geometry.unknown",
				"texture_width": 256,
				"texture_height": 256,
				"visible_bounds_width": 5,
				"visible_bounds_height": 4.5,
				"visible_bounds_offset": [0, 1.75, 0]
			},
			"bones": [
				{
					"name": "RightArm",
					"pivot": [-1.4, 32.025, 0],
					"cubes": [
						{"origin": [-3.15, 26.075, -1.2], "size": [2.55, 6, 2.5], "uv": [9, 12]},
						{"origin": [-3.3, 25.575, -1.3], "size": [2.85, 4.5, 2.7], "uv": [154, 122]},
						{"origin": [-3.3, 30.075, -1.3], "size": [2.85, 1, 2.7], "uv": [138, 13]},
						{"origin": [-3.3, 31.075, -1.3], "size": [2.85, 1.2, 2.7], "uv": [215, 22]},
						{"origin": [-2.95, 25.9, -1.2], "size": [1.5, 6.3, 2.5], "uv": [107, 2]},
						{"origin": [-2.75, 31.5, -1.2], "size": [2.5, 1.3, 2.5], "pivot": [-1.95, 31.55, -0.2], "rotation": [0, 0, -27.5], "uv": [11, 14]},
						{"origin": [-2.95, 31.6, -1.3], "size": [2.7, 1.3, 2.7], "pivot": [-1.95, 31.55, -0.2], "rotation": [0, 0, -27.5], "uv": [201, 26]},
						{"origin": [-3.15, 25.175, -1.2], "size": [2.55, 2, 2.2], "uv": [11, 14]},
						{"origin": [-3, 25.125, -1.2], "size": [2.2, 2.05, 1.8], "uv": [223, 152]}
					]
				},
				{
					"name": "RightDef",
					"parent": "RightArm",
					"pivot": [2, -5, 0],
					"cubes": [
						{"origin": [-3.8, 26.575, -1.8], "size": [3.85, 6.5, 3.7], "uv": [141, 119]},
						{"origin": [-2.7, 25.575, -1.4], "size": [1.85, 1.5, 2.7], "uv": [71, 139]},
						{"origin": [-2.05, 27.575, -1.9], "size": [0.35, 2.5, 3.7], "uv": [67, 134], "mirror": true},
						{"origin": [-2.2, 31.175, -1.85], "size": [3.35, 2.5, 3.7], "pivot": [-1.875, 29.825, 0.05], "rotation": [0, 0, -25], "uv": [142, 119]}
					]
				},
				{
					"name": "RightForeArm",
					"parent": "RightArm",
					"pivot": [-2.125, 25.075, 0.025],
					"cubes": [
						{"origin": [-3, 21.075, -1.3], "size": [2.25, 4.5, 2.7], "uv": [11, 12]},
						{"origin": [-3.025, 20.375, -1.2], "size": [2.5, 1, 2.5], "pivot": [-1.775, 22.875, 0.05], "rotation": [0, 0, 5], "uv": [173, 125]},
						{"origin": [-0.405, 23.975, -1.2], "size": [1, 1, 2.5], "pivot": [-1.775, 22.875, 0.05], "rotation": [0, 0, -35], "uv": [14, 13]},
						{"origin": [-3.125, 18.075, -1.2], "size": [2.5, 3, 2.5], "uv": [174, 123]},
						{"origin": [-3.125, 25.075, -1.2], "size": [2.5, 1, 2.5], "uv": [12, 15]}
					]
				},
				{
					"name": "bone43",
					"parent": "RightForeArm",
					"pivot": [-6, -3, 0],
					"cubes": [
						{"origin": [-3.375, 18.275, 0.8], "size": [2.6, 0.3, 0.1], "uv": [70, 139], "mirror": true},
						{"origin": [-3.375, 18.775, -0.7], "size": [2.6, 0.1, 0.1], "uv": [70, 139], "mirror": true},
						{"origin": [-3.375, 18.775, 0.3], "size": [2.6, 0.1, 0.1], "uv": [70, 139], "mirror": true},
						{"origin": [-3.375, 18.275, 0.3], "size": [2.6, 0.3, 0.1], "uv": [70, 139], "mirror": true},
						{"origin": [-3.375, 18.775, -0.2], "size": [2.6, 0.1, 0.1], "uv": [70, 139], "mirror": true},
						{"origin": [-3.375, 18.275, -0.7], "size": [2.6, 0.3, 0.1], "uv": [70, 139], "mirror": true},
						{"origin": [-3.375, 18.775, 0.8], "size": [2.6, 0.1, 0.1], "uv": [70, 139], "mirror": true},
						{"origin": [-3.375, 18.275, -0.2], "size": [2.6, 0.3, 0.1], "uv": [70, 139], "mirror": true}
					]
				},
				{
					"name": "RightHandLocator",
					"parent": "RightForeArm",
					"pivot": [-2.125, 19.575, 0.025]
				},
				{
					"name": "LeftArm",
					"pivot": [1.4, 32.025, 0],
					"cubes": [
						{"origin": [0.6, 31.075, -1.2], "size": [2.55, 1, 2.5], "uv": [206, 28], "mirror": true},
						{"origin": [0.35, 25.575, -1.3], "size": [2.85, 4.5, 2.7], "uv": [156, 124], "mirror": true},
						{"origin": [0.85, 25.575, -1.4], "size": [1.85, 1.5, 2.7], "uv": [71, 139], "mirror": true},
						{"origin": [0.35, 30.075, -1.3], "size": [2.85, 1, 2.7], "uv": [229, 135], "mirror": true},
						{"origin": [0.45, 30.9, -1.2], "size": [2.5, 1.2, 2.5], "uv": [200, 16], "mirror": true},
						{"origin": [0.25, 31.5, -1.2], "size": [2.5, 1.3, 2.5], "pivot": [1.95, 31.55, -0.2], "rotation": [0, 0, 27.5], "uv": [11, 14], "mirror": true},
						{"origin": [0.25, 31.6, -1.3], "size": [2.7, 1.3, 2.7], "pivot": [1.95, 31.55, -0.2], "rotation": [0, 0, 27.5], "uv": [217, 25], "mirror": true},
						{"origin": [0.6, 25.175, -1.2], "size": [2.55, 2, 2.2], "uv": [10, 12], "mirror": true},
						{"origin": [0.8, 25.125, -1.2], "size": [2.2, 2.05, 1.8], "uv": [228, 153], "mirror": true}
					]
				},
				{
					"name": "LedtDef",
					"parent": "LeftArm",
					"pivot": [6, -5, 0],
					"cubes": [
						{"origin": [-1.15, 31.175, -1.85], "size": [3.35, 2.5, 3.7], "pivot": [1.875, 29.825, 0.05], "rotation": [0, 0, 25], "uv": [142, 119], "mirror": true},
						{"origin": [0.2, 26.575, -1.8], "size": [3.85, 6.5, 3.7], "uv": [141, 119]},
						{"origin": [1.7, 27.575, -1.9], "size": [0.35, 2.5, 3.7], "uv": [67, 134]}
					]
				},
				{
					"name": "HB",
					"parent": "LedtDef",
					"pivot": [10, 0, 0],
					"cubes": [
						{"origin": [3.15, 30.075, -1], "size": [1.05, 1.5, 2], "uv": [141, 6]},
						{"origin": [3.4, 30.475, -0.8], "size": [0.85, 1, 1.6], "uv": [222, 16]},
						{
							"origin": [3.45, 30.475, -0.8],
							"size": [0.85, 1, 1.6],
							"uv": {
								"north": {"uv": [163, 23.5], "uv_size": [0, 1]},
								"east": {"uv": [165, 15], "uv_size": [1, 1]},
								"south": {"uv": [165, 22], "uv_size": [0, 1]},
								"west": {"uv": [135, 143], "uv_size": [11, 5]},
								"up": {"uv": [165.5, 27.5], "uv_size": [-2, 0.5]},
								"down": {"uv": [164.5, 19], "uv_size": [0, -1]}
							}
						},
						{"origin": [3.15, 29.675, 0], "size": [1.05, 1.414, 1.414], "pivot": [4.775, 31.075, 0], "rotation": [-45, 0, 0], "uv": [142, 7]},
						{"origin": [3.2, 30.125, -0.35], "size": [1.05, 1.014, 0.914], "pivot": [4.775, 31.075, 0], "rotation": [-32.5, 0, 0], "uv": [212, 21]},
						{"origin": [3.2, 29.875, -0.05], "size": [1.05, 0.114, 0.814], "pivot": [4.775, 31.075, 0], "rotation": [-35, 0, 0], "uv": [212, 21]},
						{"origin": [3.2, 29.875, -0.75], "size": [1.05, 0.114, 0.814], "pivot": [4.775, 31.075, 0], "rotation": [32.5, 0, 0], "uv": [212, 21]},
						{"origin": [3.2, 30.485, -0.145], "size": [1.05, 0.914, 1.114], "pivot": [4.775, 31.075, 0], "rotation": [-55, 0, 0], "uv": [207, 26]},
						{"origin": [3.15, 30.075, -0.45], "size": [1.05, 0.5, 0.5], "pivot": [4.675, 30.125, 0], "rotation": [-45, 0, 0], "uv": [139, 6]}
					]
				},
				{
					"name": "LeftForeArm",
					"parent": "LeftArm",
					"pivot": [2.125, 25.075, 0.025],
					"cubes": [
						{"origin": [0.65, 21.075, -1.3], "size": [2.25, 4.5, 2.7], "uv": [12, 11], "mirror": true},
						{"origin": [0.525, 20.375, -1.2], "size": [2.5, 1, 2.5], "pivot": [1.775, 22.875, 0.05], "rotation": [0, 0, -5], "uv": [166, 123], "mirror": true},
						{"origin": [-0.595, 23.975, -1.2], "size": [1, 1, 2.5], "pivot": [1.775, 22.875, 0.05], "rotation": [0, 0, 35], "uv": [10, 13], "mirror": true},
						{"origin": [0.625, 18.075, -1.2], "size": [2.5, 3, 2.5], "uv": [150, 122], "mirror": true},
						{"origin": [0.625, 25.075, -1.2], "size": [2.5, 1, 2.5], "uv": [11, 18], "mirror": true}
					]
				},
				{
					"name": "bone41",
					"parent": "LeftForeArm",
					"pivot": [6, -3, 0],
					"cubes": [
						{"origin": [0.775, 18.275, 0.8], "size": [2.6, 0.3, 0.1], "uv": [143, 9]},
						{"origin": [0.775, 18.775, -0.7], "size": [2.6, 0.1, 0.1], "uv": [143, 9]},
						{"origin": [0.775, 18.775, 0.3], "size": [2.6, 0.1, 0.1], "uv": [143, 9]},
						{"origin": [0.775, 18.275, 0.3], "size": [2.6, 0.3, 0.1], "uv": [143, 9]},
						{"origin": [0.775, 18.775, -0.2], "size": [2.6, 0.1, 0.1], "uv": [143, 9]},
						{"origin": [0.775, 18.275, -0.7], "size": [2.6, 0.3, 0.1], "uv": [143, 9]},
						{"origin": [0.775, 18.775, 0.8], "size": [2.6, 0.1, 0.1], "uv": [143, 9]},
						{"origin": [0.775, 18.275, -0.2], "size": [2.6, 0.3, 0.1], "uv": [143, 9]}
					]
				},
				{
					"name": "LeftHandLocator",
					"parent": "LeftForeArm",
					"pivot": [2.125, 19.575, 0.025]
				}
			]
		}
	]
}