{
	"format_version": "1.12.0",
	"minecraft:geometry": [
		{
			"description": {
				"identifier": "geometry.unknown",
				"texture_width": 128,
				"texture_height": 128,
				"visible_bounds_width": 3,
				"visible_bounds_height": 4.5,
				"visible_bounds_offset": [0, 1.75, 0]
			},
			"bones": [
				{
					"name": "LeftArm",
					"pivot": [1.4, 30.025, 0],
					"rotation": [0, 0, -0.5],
					"cubes": [
						{"origin": [3.15, 24.42247, -0.42834], "size": [0.325, 6.9, 1], "pivot": [3.3125, 27.87247, 0.07166], "rotation": [0, 90, 0], "uv": [63, 109]},
						{"origin": [3.15, 24.42247, 0.37166], "size": [0.325, 6.9, 1], "pivot": [3.3125, 27.87247, 0.87166], "rotation": [0, 90, 0], "uv": [77, 109]},
						{"origin": [3.15, 24.42247, -1.32834], "size": [0.325, 6.9, 1], "pivot": [3.3125, 27.87247, -0.82834], "rotation": [0, 90, 0], "uv": [7, 110]},
						{"origin": [0.45, 23.9, -1.7], "size": [3.25, 7.3, 3.4], "uv": [30, 58]},
						{"origin": [0.6, 24.075, -1.5], "size": [3.05, 7, 3], "uv": [60, 32]},
						{"origin": [0.9, 23.175, -1.1], "size": [2.55, 2, 2.2], "uv": [97, 57]},
						{"origin": [0.8, 23.125, -1.125], "size": [2.7, 2.05, 2.3], "uv": [97, 93]}
					]
				},
				{
					"name": "LeftForeArm2",
					"parent": "LeftArm",
					"pivot": [2.125, 24.075, 0.025],
					"cubes": [
						{"origin": [3.15, 19.52247, 0.37166], "size": [0.325, 4.9, 1], "pivot": [3.3125, 20.97247, 0.87166], "rotation": [0, 90, 0], "uv": [47, 115]},
						{"origin": [3.15, 19.52247, -0.42834], "size": [0.325, 4.9, 1], "pivot": [3.3125, 20.97247, 0.07166], "rotation": [0, 90, 0], "uv": [59, 115]},
						{"origin": [3.15, 19.52247, -1.32834], "size": [0.325, 4.9, 1], "pivot": [3.3125, 20.97247, -0.82834], "rotation": [0, 90, 0], "uv": [62, 117]},
						{"origin": [0.625, 17.075, -1.475], "size": [3, 7, 3], "uv": [0, 65]},
						{"origin": [0.525, 19.375, -1.575], "size": [3.2, 5, 3.2], "uv": [75, 8]},
						{"origin": [0.425, 19.175, -1.675], "size": [3.4, 1, 3.4], "uv": [88, 6]}
					]
				},
				{
					"name": "LeftHand",
					"parent": "LeftForeArm2",
					"pivot": [3.125, 18.575, 0.025]
				},
				{
					"name": "LeftHandLocator2",
					"parent": "LeftHand",
					"pivot": [3.125, 18.575, 0.025]
				},
				{
					"name": "SheathLocator",
					"parent": "LeftHand",
					"pivot": [3.125, 18.575, 0.025]
				},
				{
					"name": "LeftWaistLocator",
					"parent": "LeftHand",
					"pivot": [3.125, 18.575, 0.025]
				},
				{
					"name": "RightArm",
					"pivot": [-1.4, 30.025, 0],
					"rotation": [0, 0, 0.5],
					"cubes": [
						{"origin": [-3.475, 24.42247, -1.32834], "size": [0.325, 6.9, 1], "pivot": [-3.3125, 27.87247, -0.82834], "rotation": [0, -90, 0], "uv": [10, 110]},
						{"origin": [-3.475, 24.42247, -0.42834], "size": [0.325, 6.9, 1], "pivot": [-3.3125, 27.87247, 0.07166], "rotation": [0, -90, 0], "uv": [111, 8]},
						{"origin": [-3.475, 24.42247, 0.37166], "size": [0.325, 6.9, 1], "pivot": [-3.3125, 27.87247, 0.87166], "rotation": [0, -90, 0], "uv": [111, 16]},
						{"origin": [-3.65, 24.075, -1.5], "size": [3.05, 7, 3], "uv": [13, 65]},
						{"origin": [-3.7, 23.9, -1.7], "size": [3.25, 7.3, 3.4], "uv": [43, 65]},
						{"origin": [-3.45, 23.175, -1.1], "size": [2.55, 2, 2.2], "uv": [7, 98]},
						{"origin": [-3.5, 23.125, -1.125], "size": [2.7, 2.05, 2.3], "uv": [97, 98]}
					]
				},
				{
					"name": "RightForeArm2",
					"parent": "RightArm",
					"pivot": [-2.125, 24.075, 0.025],
					"cubes": [
						{"origin": [-3.475, 19.52247, 0.37166], "size": [0.325, 4.9, 1], "pivot": [-3.3125, 20.97247, 0.87166], "rotation": [0, -90, 0], "uv": [76, 117]},
						{"origin": [-3.475, 19.52247, -0.42834], "size": [0.325, 4.9, 1], "pivot": [-3.3125, 20.97247, 0.07166], "rotation": [0, -90, 0], "uv": [85, 117]},
						{"origin": [-3.475, 19.52247, -1.32834], "size": [0.325, 4.9, 1], "pivot": [-3.3125, 20.97247, -0.82834], "rotation": [0, -90, 0], "uv": [88, 117]},
						{"origin": [-3.725, 19.375, -1.575], "size": [3.2, 5, 3.2], "uv": [11, 76]},
						{"origin": [-3.625, 17.075, -1.475], "size": [3, 7, 3], "uv": [56, 65]},
						{"origin": [-3.825, 19.175, -1.675], "size": [3.4, 1, 3.4], "uv": [88, 11]}
					]
				},
				{
					"name": "RightHand",
					"parent": "RightForeArm2",
					"pivot": [-3.125, 19.575, 0.025]
				},
				{
					"name": "RightHandLocator2",
					"parent": "RightHand",
					"pivot": [-3.125, 19.575, 0.025]
				},
				{
					"name": "BladeLocator",
					"parent": "RightHand",
					"pivot": [-3.125, 19.575, 0.025]
				}
			]
		}
	]
}