{
	"format_version": "1.12.0",
	"minecraft:geometry": [
		{
			"description": {
				"identifier": "geometry.unknown",
				"texture_width": 128,
				"texture_height": 128,
				"visible_bounds_width": 7,
				"visible_bounds_height": 7,
				"visible_bounds_offset": [0, 2.5, 0]
			},
			"bones": [
				{
					"name": "Root",
					"pivot": [-0.2, 31.275, 0]
				},
				{
					"name": "MAllBody",
					"parent": "Root",
					"pivot": [0.2, 31.275, 0]
				},
				{
					"name": "AllBody",
					"parent": "MAllBody",
					"pivot": [-0.2, 31.275, 0]
				},
				{
					"name": "UpBody",
					"parent": "AllBody",
					"pivot": [0.2, 31.275, 0]
				},
				{
					"name": "MUpperBody",
					"parent": "UpBody",
					"pivot": [-0.2, 31.275, 0]
				},
				{
					"name": "UpperBody",
					"parent": "MUpperBody",
					"pivot": [0.2, 31.275, 0],
					"cubes": [
						{"origin": [-2.7, 30.15, -2.125], "size": [5.4, 2, 4.2], "uv": [52, 25]},
						{"origin": [-3.5, 25.75, -2.025], "size": [7, 6, 4.05], "uv": [29, 0]},
						{"origin": [-4, 31.575, -1.9], "size": [8, 1, 4], "uv": [33, 19]}
					]
				},
				{
					"name": "fangdangyi1",
					"parent": "UpperBody",
					"pivot": [0, 0, 0],
					"cubes": [
						{"origin": [-2, 31.61689, 2.24417], "size": [4, 2, 0.3], "pivot": [0.5, 32.61689, 2.39417], "rotation": [-10, 0, 0], "uv": [101, 90]},
						{"origin": [0.84021, 32.26041, -2.37655], "size": [2, 1, 0.3], "pivot": [1.84021, 32.76041, -2.22655], "rotation": [58.31048, -42.67862, -54.05537], "uv": [52, 9]},
						{"origin": [-0.28691, 32.81158, -0.76937], "size": [3.8, 1, 0.3], "pivot": [2.21309, 33.31158, -0.61937], "rotation": [0, 90, 0], "uv": [73, 41]},
						{"origin": [-2.5, 25.75, 1.975], "size": [5, 6, 1], "uv": [41, 76]},
						{"origin": [1.86981, 32.09809, -1.41543], "size": [2, 1, 3], "pivot": [2.86981, 32.59809, 0.08457], "rotation": [0, 0, 23], "uv": [24, 90]},
						{"origin": [1.5, 31.75, -2.825], "size": [2, 2, 1], "pivot": [2.5, 31.75, -2.825], "rotation": [-45.16335, -0.4937, 23.85771], "uv": [104, 62]},
						{"origin": [-4.9, 32.05, -2.825], "size": [2, 2, 0.5], "pivot": [-3.9, 32.05, -2.825], "rotation": [-45.16335, -0.4937, 23.85771], "uv": [91, 117]},
						{"origin": [-3.29335, 25.75, 1.68376], "size": [1.1, 6, 1], "pivot": [-2.79335, 29.75, 1.68376], "rotation": [0, -15, 0], "uv": [63, 97]},
						{"origin": [-3.76682, 30.39855, 0.87089], "size": [2, 2, 1], "pivot": [-2.76682, 32.39855, 0.87089], "rotation": [45.16335, -0.4937, -23.85771], "uv": [104, 66]},
						{"origin": [2.73318, 30.79855, 1.37089], "size": [2, 2, 0.5], "pivot": [3.73318, 32.79855, 0.87089], "rotation": [45.16335, -0.4937, -23.85771], "uv": [96, 117]},
						{"origin": [-3.86981, 32.09809, -1.41543], "size": [2, 1, 3], "pivot": [-2.86981, 32.59809, 0.08457], "rotation": [0, 0, -23], "uv": [90, 88]},
						{"origin": [-3.5, 31.75, -2.825], "size": [2, 2, 1], "pivot": [-2.5, 31.75, -2.825], "rotation": [-45.16335, 0.4937, -23.85771], "uv": [42, 105]},
						{"origin": [-4.73318, 30.79855, 1.37089], "size": [2, 2, 0.5], "pivot": [-3.73318, 32.79855, 0.87089], "rotation": [45.16335, 0.4937, 23.85771], "uv": [101, 117]},
						{"origin": [2.9, 32.05, -2.825], "size": [2, 2, 0.5], "pivot": [3.9, 32.05, -2.825], "rotation": [-45.16335, 0.4937, -23.85771], "uv": [117, 113]},
						{"origin": [1.76682, 30.39855, 0.87089], "size": [2, 2, 1], "pivot": [2.76682, 32.39855, 0.87089], "rotation": [45.16335, 0.4937, 23.85771], "uv": [105, 47]},
						{"origin": [-2.5, 25.75, -2.925], "size": [5, 6, 1], "uv": [54, 76]},
						{"origin": [2.29335, 25.75, -2.61624], "size": [1.1, 6, 1], "pivot": [2.89335, 29.75, -2.61624], "rotation": [0, -22, 0], "uv": [99, 62]},
						{"origin": [-3.51309, 32.81158, -0.76937], "size": [3.8, 1, 0.3], "pivot": [-2.21309, 33.31158, -0.61937], "rotation": [0, -90, 0], "uv": [80, 41]},
						{"origin": [-2.84021, 32.26041, -2.37655], "size": [2, 1, 0.3], "pivot": [-1.84021, 32.76041, -2.22655], "rotation": [58.31048, 42.67862, 54.05537], "uv": [35, 82]},
						{"origin": [-1.5, 31.75, -2.525], "size": [3, 1, 0.3], "pivot": [1.5, 30.75, -2.325], "rotation": [22.5, 0, 0], "uv": [93, 86]},
						{"origin": [-1.2, 28.55, -3.225], "size": [0.1, 1, 1], "uv": [75, 91]},
						{"origin": [2.19335, 25.75, 1.68376], "size": [1.1, 6, 1], "pivot": [2.79335, 29.75, 1.68376], "rotation": [0, 15, 0], "uv": [100, 49]},
						{"origin": [-1.5, 29.85, -3.225], "size": [3, 1, 1], "uv": [73, 102]},
						{"origin": [-3.39335, 25.75, -2.61624], "size": [1.1, 6, 1], "pivot": [-2.89335, 29.75, -2.61624], "rotation": [0, 22, 0], "uv": [68, 100]},
						{"origin": [1.23832, 25.59756, -3.125], "size": [1, 5, 1], "pivot": [1.73832, 27.59756, -2.625], "rotation": [0, 0, -8], "uv": [34, 101]},
						{"origin": [-1.7, 25.75, -3.125], "size": [3.4, 5, 1], "uv": [9, 91]},
						{"origin": [2.245, 28.8, -2.94923], "size": [0.5, 2, 1], "pivot": [2.495, 29.8, -2.44923], "rotation": [-8, 0, 90], "uv": [29, 11]},
						{"origin": [-2.745, 28.8, -2.94923], "size": [0.5, 2, 1], "pivot": [-2.495, 29.8, -2.44923], "rotation": [-8, 0, -90], "uv": [26, 65]},
						{"origin": [-2.23832, 25.59756, -3.125], "size": [1, 5, 1], "pivot": [-1.73832, 27.59756, -2.625], "rotation": [0, 0, 8], "uv": [89, 101]},
						{"origin": [-0.6, 28.55, -3.225], "size": [0.1, 1, 1], "pivot": [-0.55, 29.05, -2.725], "rotation": [0, 0, 4], "uv": [119, 12]},
						{"origin": [-0.3, 28.55, -3.225], "size": [0.1, 1.1, 1], "pivot": [-0.25, 29.05, -2.725], "rotation": [0, 0, -5], "uv": [119, 15]},
						{"origin": [0.29962, 28.54128, -3.225], "size": [0.1, 1.1, 1], "pivot": [0.34962, 29.04128, -2.725], "rotation": [0, 0, 5], "uv": [17, 119]},
						{"origin": [1.2, 28.55, -3.225], "size": [0.1, 1.1, 1], "pivot": [1.25, 29.05, -2.725], "rotation": [0, 0, -15], "uv": [119, 18]},
						{"origin": [0.9, 28.55, -3.225], "size": [0.1, 1.1, 1], "pivot": [0.95, 29.05, -2.725], "rotation": [0, 0, 15], "uv": [26, 119]},
						{"origin": [1.89411, 27.75, -3.08729], "size": [1, 4, 1], "pivot": [3.09411, 28.75, -2.58729], "rotation": [0, -10, 0], "uv": [29, 105]},
						{"origin": [1.99411, 27.25, -3.38729], "size": [0.8, 1, 1], "pivot": [3.09411, 28.25, -2.88729], "rotation": [0, -10, 0], "uv": [29, 119]},
						{"origin": [2.09411, 27.75, -3.18729], "size": [0.6, 4, 1], "pivot": [3.09411, 28.75, -2.68729], "rotation": [0, -10, 0], "uv": [18, 113]},
						{"origin": [2.00488, 31.05695, -2.74251], "size": [0.6, 2, 1], "pivot": [2.30488, 32.05695, -2.24251], "rotation": [-47.5, -10, 0], "uv": [64, 92]},
						{"origin": [1.80488, 31.05695, -2.64251], "size": [1, 2, 1], "pivot": [2.30488, 32.05695, -2.14251], "rotation": [-47.5, -10, 0], "uv": [18, 91]},
						{"origin": [-2.89411, 27.75, -3.08729], "size": [1, 4, 1], "pivot": [-3.09411, 28.75, -2.58729], "rotation": [0, 10, 0], "uv": [105, 51]},
						{"origin": [-2.69411, 27.75, -3.18729], "size": [0.6, 4, 1], "pivot": [-3.09411, 28.75, -2.68729], "rotation": [0, 10, 0], "uv": [51, 114]},
						{"origin": [-2.60488, 31.05695, -2.74251], "size": [0.6, 2, 1], "pivot": [-2.30488, 32.05695, -2.24251], "rotation": [-47.5, 10, 0], "uv": [25, 99]},
						{"origin": [-2.80488, 31.05695, -2.64251], "size": [1, 2, 1], "pivot": [-2.30488, 32.05695, -2.14251], "rotation": [-47.5, 10, 0], "uv": [112, 47]},
						{"origin": [-2.79411, 27.25, -3.38729], "size": [0.8, 1, 1], "pivot": [-3.09411, 28.25, -2.88729], "rotation": [0, 10, 0], "uv": [32, 119]},
						{"origin": [2.68351, 26.41285, 1.50928], "size": [1, 0.8, 2], "pivot": [3.18351, 27.51285, 2.50928], "rotation": [43.77802, -85.16093, 7.37542], "uv": [111, 44]},
						{"origin": [3.45867, 25.24663, 1.02001], "size": [1, 0.8, 2], "pivot": [3.95867, 26.04663, 2.02001], "rotation": [7.80228, -58.3624, 42.23646], "uv": [111, 41]},
						{"origin": [-3.00889, 29.33074, 2.08008], "size": [6, 1.1, 1], "pivot": [0.39111, 29.83074, 2.58008], "rotation": [0, 0, 50], "uv": [87, 46]},
						{"origin": [-4.45867, 25.24663, 1.02001], "size": [1, 0.8, 2], "pivot": [-3.95867, 26.04663, 2.02001], "rotation": [7.80228, 58.3624, -42.23646], "uv": [111, 64]},
						{"origin": [-3.68351, 26.41285, 1.50928], "size": [1, 0.8, 2], "pivot": [-3.18351, 27.51285, 2.50928], "rotation": [43.77802, 85.16093, -7.37542], "uv": [111, 67]},
						{"origin": [-2.99111, 29.33074, 2.08008], "size": [6, 1.1, 1], "pivot": [-0.39111, 29.83074, 2.58008], "rotation": [0, 0, -50], "uv": [84, 71]},
						{"origin": [-1.91649, 32.31285, 1.00928], "size": [1, 0.8, 2], "pivot": [-1.41649, 33.41285, 2.00928], "rotation": [178.57051, -53.4838, -127.6473], "uv": [51, 111]},
						{"origin": [0.91649, 32.31285, 1.00928], "size": [1, 0.8, 2], "pivot": [1.41649, 33.41285, 2.00928], "rotation": [178.57051, 53.4838, 127.6473], "uv": [111, 61]},
						{"origin": [1.1, 28.75, -3.225], "size": [0.1, 0.4, 1], "pivot": [1.15, 28.85, -2.725], "rotation": [0, 0, -90], "uv": [75, 91], "mirror": true},
						{"origin": [0.70741, 28.69753, -3.225], "size": [0.1, 0.4, 1], "pivot": [0.75741, 28.59753, -2.725], "rotation": [0, 0, -89], "uv": [119, 12], "mirror": true},
						{"origin": [0.20741, 28.69753, -3.225], "size": [0.1, 0.4, 1], "pivot": [0.25741, 28.59753, -2.725], "rotation": [0, 0, -89], "uv": [119, 12], "mirror": true},
						{"origin": [-1.2, 29.05, -3.225], "size": [0.1, 0.6, 1], "pivot": [-1.15, 29.05, -2.725], "rotation": [0, 0, 42.5], "uv": [119, 18], "mirror": true},
						{"origin": [-1.2, 28.55, -3.225], "size": [0.1, 0.5, 1], "pivot": [-1.15, 29.05, -2.725], "rotation": [0, 0, -32.5], "uv": [26, 119], "mirror": true}
					]
				},
				{
					"name": "danguan--1",
					"parent": "fangdangyi1",
					"pivot": [0, 26.54185, -3.85423],
					"cubes": [
						{"origin": [0.3, 25.75, -4.525], "size": [1.3, 1, 1], "pivot": [0.95, 26.25, -4.025], "rotation": [0, -7.5, 0], "uv": [117, 116]},
						{"origin": [0.38243, 25.56742, -4.75109], "size": [1.3, 1.5, 0.2], "pivot": [1.03243, 26.31742, -4.65109], "rotation": [-5, -7.5, 0], "uv": [39, 112]},
						{"origin": [0.3, 26.75, -4.525], "size": [1.3, 0.2, 1], "pivot": [0.95, 26.85, -4.025], "rotation": [-12.5, -7.5, 0], "uv": [117, 6]},
						{"origin": [1.49411, 25.75, -3.28729], "size": [2, 2, 1], "pivot": [2.69411, 26.75, -2.78729], "rotation": [0, -17.5, 0], "uv": [60, 105]},
						{"origin": [1.99411, 25.75, -4.18729], "size": [1.3, 1, 1], "pivot": [3.19411, 26.75, -3.68729], "rotation": [0, -17.5, 0], "uv": [7, 118]},
						{"origin": [2.20946, 25.56742, -4.55495], "size": [1.3, 1.5, 0.2], "pivot": [2.85946, 26.31742, -4.45495], "rotation": [-5, -17.5, 0], "uv": [119, 21]},
						{"origin": [2.01956, 26.75, -4.35268], "size": [1.3, 0.2, 1], "pivot": [2.66956, 26.85, -3.85268], "rotation": [-12.5, -17.5, 0], "uv": [118, 32]},
						{"origin": [-3.31956, 26.75, -4.35268], "size": [1.3, 0.2, 1], "pivot": [-2.66956, 26.85, -3.85268], "rotation": [-12.5, 17.5, 0], "uv": [118, 90]},
						{"origin": [-3.49411, 25.75, -3.28729], "size": [2, 2, 1], "pivot": [-2.69411, 26.75, -2.78729], "rotation": [0, 17.5, 0], "uv": [73, 105]},
						{"origin": [-1.7, 25.75, -3.625], "size": [3.4, 2, 1], "uv": [100, 39]},
						{"origin": [-1.6, 26.75, -4.525], "size": [1.3, 0.2, 1], "pivot": [-0.95, 26.85, -4.025], "rotation": [-12.5, 7.5, 0], "uv": [118, 92]},
						{"origin": [-3.50946, 25.56742, -4.55495], "size": [1.3, 1.5, 0.2], "pivot": [-2.85946, 26.31742, -4.45495], "rotation": [-5, 17.5, 0], "uv": [41, 119]},
						{"origin": [-3.31614, 25.12027, -4.62138], "size": [0.9, 0.9, 0.2], "pivot": [-2.86614, 25.57027, -4.52138], "rotation": [8.24015, 16.73775, 47.19379], "uv": [59, 32]},
						{"origin": [-1.68243, 25.56742, -4.75109], "size": [1.3, 1.5, 0.2], "pivot": [-1.03243, 26.31742, -4.65109], "rotation": [-5, 7.5, 0], "uv": [44, 119]},
						{"origin": [-1.27425, 25.20204, -4.79323], "size": [0.9, 0.9, 0.2], "pivot": [-1.02425, 25.85204, -4.69323], "rotation": [0.81423, 9.82335, 45.49955], "uv": [59, 33]},
						{"origin": [-3.29411, 25.75, -4.18729], "size": [1.3, 1, 1], "pivot": [-3.19411, 26.75, -3.68729], "rotation": [0, 17.5, 0], "uv": [12, 118]},
						{"origin": [-1.6, 25.75, -4.525], "size": [1.3, 1, 1], "pivot": [-0.95, 26.25, -4.025], "rotation": [0, 7.5, 0], "uv": [21, 118]},
						{"origin": [0.37425, 25.20204, -4.79323], "size": [0.9, 0.9, 0.2], "pivot": [1.02425, 25.85204, -4.69323], "rotation": [0.81423, -9.82335, -45.49955], "uv": [59, 34]},
						{"origin": [2.41614, 25.12027, -4.62138], "size": [0.9, 0.9, 0.2], "pivot": [2.86614, 25.57027, -4.52138], "rotation": [8.24015, -16.73775, -47.19379], "uv": [50, 60]}
					]
				},
				{
					"name": "bone2",
					"parent": "UpperBody",
					"pivot": [0, 25.85, 0],
					"cubes": [
						{"origin": [-3.7, 24.35, -1.725], "size": [7.4, 3, 3.45], "uv": [51, 50]},
						{"origin": [-2.5, 24.25, 1.575], "size": [5, 3.5, 1], "pivot": [0, 26, 2.075], "rotation": [-7, 0, 0], "uv": [87, 41]}
					]
				},
				{
					"name": "bone",
					"parent": "UpperBody",
					"pivot": [0, 21.75, 0.05],
					"cubes": [
						{"origin": [-3.5, 20.75, -1.925], "size": [7, 5, 4.05], "uv": [29, 25]},
						{"origin": [-1.5, 19.75, -2.025], "size": [3, 1, 4.05], "uv": [72, 51]}
					]
				},
				{
					"name": "fangdangyi2",
					"parent": "bone",
					"pivot": [0.00061, 22.65732, -0.9366],
					"cubes": [
						{"origin": [-2.5, 20.75, 1.975], "size": [5, 5, 1], "uv": [80, 74]},
						{"origin": [-2.5, 20.75, -2.925], "size": [5, 5, 1], "uv": [80, 81]},
						{"origin": [-1.0942, 19.33579, -2.925], "size": [2.2, 1.4, 1], "uv": [52, 32]},
						{"origin": [-1.0942, 19.33579, 1.975], "size": [2.2, 1.4, 1], "uv": [110, 51]},
						{"origin": [-2.08579, 19.75, -2.925], "size": [2, 2, 1], "pivot": [-1.08579, 20.75, -2.425], "rotation": [0, 0, -45], "uv": [7, 106]},
						{"origin": [-1.7, 22.75, -3.125], "size": [3.4, 3, 1], "uv": [97, 34]},
						{"origin": [1.2, 22.95, -3.125], "size": [1, 3, 1], "pivot": [1.2, 24.45, -2.625], "rotation": [0, 0, 13], "uv": [110, 86]},
						{"origin": [-3.99335, 22.75, 1.68376], "size": [2, 3, 1], "pivot": [-2.59335, 23.75, 1.68376], "rotation": [0, -15, 0], "uv": [102, 74]},
						{"origin": [2.19335, 22.75, -2.61624], "size": [2, 3, 1], "pivot": [2.79335, 23.75, -2.61624], "rotation": [0, -22, 0], "uv": [102, 79]},
						{"origin": [1.4, 20.65, -3.025], "size": [0.5, 5, 1], "uv": [21, 111]},
						{"origin": [1.99335, 22.75, 1.68376], "size": [2, 3, 1], "pivot": [2.59335, 23.75, 1.68376], "rotation": [0, 15, 0], "uv": [82, 102]},
						{"origin": [-1.9, 20.65, -3.025], "size": [0.5, 5, 1], "uv": [24, 111]},
						{"origin": [-2.2, 22.95, -3.125], "size": [1, 3, 1], "pivot": [-1.2, 24.45, -2.625], "rotation": [0, 0, -13], "uv": [111, 24]},
						{"origin": [-4.19335, 22.75, -2.61624], "size": [2, 3, 1], "pivot": [-2.79335, 23.75, -2.61624], "rotation": [0, 22, 0], "uv": [0, 103]},
						{"origin": [0.08579, 19.75, -2.925], "size": [2, 2, 1], "pivot": [1.08579, 20.75, -2.425], "rotation": [0, 0, 45], "uv": [106, 33]},
						{"origin": [0.08579, 19.75, 1.975], "size": [2, 2, 1], "pivot": [1.08579, 20.75, 2.475], "rotation": [0, 0, 45], "uv": [106, 57]},
						{"origin": [1.58579, 21.75, -2.525], "size": [3, 2, 0], "pivot": [2.58579, 22.75, -2.025], "rotation": [-18.79829, 12.54437, 127.48676], "uv": [110, 54]},
						{"origin": [-4.58579, 21.75, -2.525], "size": [3, 2, 0], "pivot": [-2.58579, 22.75, -2.025], "rotation": [-18.79829, -12.54437, -127.48676], "uv": [27, 111]},
						{"origin": [-2.08579, 19.75, 1.975], "size": [2, 2, 1], "pivot": [-1.08579, 20.75, 2.475], "rotation": [0, 0, -45], "uv": [106, 93]}
					]
				},
				{
					"name": "danguan--2",
					"parent": "fangdangyi2",
					"pivot": [0, 24.66875, -3.46253],
					"cubes": [
						{"origin": [-1.7, 23.25, -3.625], "size": [3.4, 2.5, 1], "uv": [101, 5]},
						{"origin": [-1.6, 23.75, -4.525], "size": [1.3, 2, 1], "pivot": [-0.95, 24.75, -4.025], "rotation": [0, 7.5, 0], "uv": [113, 57]},
						{"origin": [1.50336, 23.35, -3.34744], "size": [2, 2.4, 1], "pivot": [2.50336, 24.75, -2.84744], "rotation": [0, -17.5, 0], "uv": [106, 97]},
						{"origin": [2.67442, 23.55, -2.40756], "size": [2, 2.4, 1], "pivot": [3.67442, 24.95, -1.90756], "rotation": [0, -60, 0], "uv": [51, 107]},
						{"origin": [3.60743, 23.55, -1.29154], "size": [1, 2.4, 3], "uv": [93, 74]},
						{"origin": [3.14844, 23.55, 1.2832], "size": [1, 1, 2], "pivot": [3.64844, 24.45, 2.2832], "rotation": [0, -32.5, 0], "uv": [80, 107]},
						{"origin": [1.9375, 23.55, 2.1711], "size": [1, 1, 2], "pivot": [2.4375, 24.75, 3.1711], "rotation": [0, -75, 0], "uv": [0, 108]},
						{"origin": [2.00336, 23.75, -4.24744], "size": [1.3, 2, 1], "pivot": [3.00336, 24.75, -3.74744], "rotation": [0, -17.5, 0], "uv": [66, 114]},
						{"origin": [-3.30336, 23.75, -4.24744], "size": [1.3, 2, 1], "pivot": [-3.00336, 24.75, -3.74744], "rotation": [0, 17.5, 0], "uv": [114, 74]},
						{"origin": [-3.50336, 23.35, -3.34744], "size": [2, 2.4, 1], "pivot": [-2.50336, 24.75, -2.84744], "rotation": [0, 17.5, 0], "uv": [108, 0]},
						{"origin": [0.3, 23.75, -4.525], "size": [1.3, 2, 1], "pivot": [0.95, 24.75, -4.025], "rotation": [0, -7.5, 0], "uv": [114, 78]}
					]
				},
				{
					"name": "danguan--4",
					"parent": "fangdangyi2",
					"pivot": [0, 24.66875, -3.46253],
					"cubes": [
						{"origin": [-4.67442, 23.55, -2.40756], "size": [2, 2.4, 1], "pivot": [-3.67442, 24.95, -1.90756], "rotation": [0, 60, 0], "uv": [87, 108]},
						{"origin": [-4.60743, 23.55, -1.29154], "size": [1, 2.4, 3], "uv": [93, 80]},
						{"origin": [-1.59902, 23.55, 2.91288], "size": [3.2, 1, 1], "uv": [7, 103]},
						{"origin": [-4.14844, 23.55, 1.2832], "size": [1, 1, 2], "pivot": [-3.64844, 24.45, 2.2832], "rotation": [0, 32.5, 0], "uv": [101, 108]},
						{"origin": [-2.9375, 23.55, 2.1711], "size": [1, 1, 2], "pivot": [-2.4375, 24.75, 3.1711], "rotation": [0, 75, 0], "uv": [108, 101]}
					]
				},
				{
					"name": "Skirt",
					"parent": "bone",
					"pivot": [0, 23.85, 0.1]
				},
				{
					"name": "RightSkirt",
					"parent": "Skirt",
					"pivot": [-3.525, 23.9, 0.0375],
					"rotation": [0, 0, 17.5]
				},
				{
					"name": "LeftSkirt",
					"parent": "Skirt",
					"pivot": [3.6, 23.9, 0.0375],
					"rotation": [0, 0, -17.5],
					"cubes": [
						{"origin": [2.7, 21.075, -1.9625], "size": [1, 3, 4], "uv": [35, 84]},
						{"origin": [3.2, 22.675, -1.9625], "size": [1, 3, 4], "pivot": [3.7, 24.175, 0.0375], "rotation": [0, 0, 17.5], "uv": [46, 84]},
						{"origin": [3.3, 22.675, -1.9625], "size": [1, 3, 4], "pivot": [3.8, 24.175, 0.0375], "rotation": [0, 0, 17.5], "uv": [57, 84], "mirror": true}
					]
				},
				{
					"name": "FrontSkirt",
					"parent": "Skirt",
					"pivot": [0, 24.25, -2.0125],
					"rotation": [-20, 0, 0]
				},
				{
					"name": "BackSkirt",
					"parent": "Skirt",
					"pivot": [0, 24.1, 2.4125],
					"rotation": [12.5, 0, 0]
				},
				{
					"name": "RightSkirt2",
					"parent": "Skirt",
					"pivot": [-3.6, 23.9, 0.0375],
					"rotation": [0, 0, 17.5],
					"cubes": [
						{"origin": [-4.3, 22.675, -1.9625], "size": [1, 3, 4], "pivot": [-3.8, 24.175, 0.0375], "rotation": [0, 0, -17.5], "uv": [57, 84]},
						{"origin": [-3.7, 21.075, -1.9625], "size": [1, 3, 4], "uv": [35, 84], "mirror": true},
						{"origin": [-4.2, 22.675, -1.9625], "size": [1, 3, 4], "pivot": [-3.7, 24.175, 0.0375], "rotation": [0, 0, -17.5], "uv": [46, 84], "mirror": true}
					]
				},
				{
					"name": "LeftSkirt2",
					"parent": "Skirt",
					"pivot": [3.525, 23.9, 0.0375],
					"rotation": [0, 0, -17.5]
				},
				{
					"name": "fangdangyi3",
					"parent": "bone",
					"pivot": [-0.00061, 22.65732, -0.9366],
					"cubes": [
						{"origin": [-1.1058, 19.33579, -2.925], "size": [2.2, 1.4, 1], "uv": [52, 32], "mirror": true},
						{"origin": [-1.1058, 19.33579, 1.975], "size": [2.2, 1.4, 1], "uv": [110, 51], "mirror": true}
					]
				},
				{
					"name": "AllHead",
					"parent": "UpperBody",
					"pivot": [0, 32.425, -0.025],
					"cubes": [
						{"origin": [-1.5, 31.925, -1.525], "size": [3, 2, 3], "uv": [84, 57]}
					]
				},
				{
					"name": "MHead",
					"parent": "AllHead",
					"pivot": [0, 33.05, 0]
				},
				{
					"name": "Head",
					"parent": "MHead",
					"pivot": [0, 33.05, 0],
					"cubes": [
						{"origin": [-3.5, 33.05, -3.5], "size": [7, 7, 7], "uv": [0, 0]}
					]
				},
				{
					"name": "Hair",
					"parent": "Head",
					"pivot": [-0.14783, 37.76957, 0.42174],
					"cubes": [
						{"origin": [-2, 40, -4.4], "size": [4, 2, 1], "uv": [18, 95]},
						{"origin": [-4, 40.6, -4], "size": [8, 1, 8], "uv": [0, 15]},
						{"origin": [-2, 41.8, -2.8], "size": [4, 1, 6], "uv": [30, 50]},
						{"origin": [-3, 41.8, -1.8], "size": [1, 1, 4], "uv": [60, 43]},
						{"origin": [2, 41.8, -1.8], "size": [1, 1, 4], "uv": [68, 85]},
						{"origin": [-5, 34.4, 0.825], "size": [1, 6, 2], "uv": [68, 91]},
						{"origin": [4, 34.4, 0.825], "size": [1, 6, 2], "uv": [35, 92]},
						{"origin": [-5, 32.4, -0.175], "size": [1, 8, 1], "uv": [29, 95]},
						{"origin": [-5, 35.4, -1.175], "size": [1, 4, 1], "uv": [42, 109]},
						{"origin": [3.5, 33.4, -2.65], "size": [1, 8, 6], "uv": [0, 35]},
						{"origin": [4, 32.4, -0.175], "size": [1, 8, 1], "uv": [97, 16]},
						{"origin": [4, 35.4, -1.175], "size": [1, 4, 1], "uv": [58, 109]},
						{"origin": [-4.4, 36, -3.8], "size": [1, 4, 2], "uv": [43, 58]},
						{"origin": [1.34924, 33.14972, 7.48277], "size": [2, 6, 1], "pivot": [1.86604, 17.10616, 2.88004], "rotation": [49.1895, 86.7138, 42.8839], "uv": [97, 26]},
						{"origin": [-3.34924, 33.14972, 7.48277], "size": [2, 6, 1], "pivot": [-1.86604, 17.10616, 2.88004], "rotation": [49.1895, -86.7138, -42.8839], "uv": [42, 97]},
						{"origin": [-4.5, 33.4, -2.65], "size": [1, 8, 6], "uv": [15, 35]},
						{"origin": [-2.5, 35.34601, 6.88558], "size": [5, 3, 1], "pivot": [0, 19.14601, 1.88558], "rotation": [7.5, 0, 0], "uv": [87, 49]},
						{"origin": [-4, 33.6, 3], "size": [8, 7, 1], "uv": [52, 0]},
						{"origin": [-3, 34.6, 4], "size": [6, 6, 1], "uv": [73, 33]},
						{"origin": [-2.5, 40.6, 4], "size": [5, 1, 1], "uv": [87, 54]},
						{"origin": [4.52853, 37.45397, -2.92152], "size": [1.025, 3, 1], "pivot": [4.52187, 36.69327, -2.86585], "rotation": [-0.4958, -0.0652, -14.9788], "uv": [87, 112]},
						{"origin": [4.42592, 35.66357, -2.92341], "size": [1.025, 2, 1], "pivot": [4.92833, 35.99488, -2.83741], "rotation": [-0.4995, 0.0219, -4.9792], "uv": [115, 70]},
						{"origin": [3.44985, 36.44593, -3.69748], "size": [1.025, 2, 1], "pivot": [4.37735, 36.62243, -2.86577], "rotation": [-0.4948, -0.2395, -7.4885], "uv": [71, 115]},
						{"origin": [-5.55353, 37.45397, -2.92152], "size": [1.025, 3, 1], "pivot": [-4.52187, 36.69327, -2.86585], "rotation": [-0.4958, 0.0652, 14.9788], "uv": [92, 112]},
						{"origin": [-5.45092, 35.66357, -2.92341], "size": [1.025, 2, 1], "pivot": [-4.92833, 35.99488, -2.83741], "rotation": [-0.4995, -0.0219, 4.9792], "uv": [115, 86]},
						{"origin": [-4.47485, 36.44593, -3.69748], "size": [1.025, 2, 1], "pivot": [-4.37735, 36.62243, -2.86577], "rotation": [-0.4948, 0.2395, 7.4885], "uv": [115, 101]},
						{"origin": [-5.25695, 34.61898, 2.89112], "size": [2, 5, 1], "pivot": [-4.25695, 36.61898, 3.34112], "rotation": [1.2933, -55.2049, 3.0808], "uv": [56, 97]},
						{"origin": [-3.025, 41.3, -4], "size": [6, 1, 8], "uv": [0, 25], "mirror": true},
						{"origin": [2.975, 41.3, -2.8], "size": [1, 1, 6], "uv": [73, 17], "mirror": true},
						{"origin": [-4.025, 41.3, -2.8], "size": [1, 1, 6], "uv": [73, 25], "mirror": true},
						{"origin": [3.4, 36, -3.8], "size": [1, 4, 2], "uv": [43, 58], "mirror": true},
						{"origin": [3.25695, 34.61898, 2.89112], "size": [2, 5, 1], "pivot": [4.25695, 36.61898, 3.34112], "rotation": [1.2933, 55.2049, -3.0808], "uv": [56, 97], "mirror": true}
					]
				},
				{
					"name": "front_h1",
					"parent": "Hair",
					"pivot": [0, 40.5, -4.2],
					"cubes": [
						{"origin": [-4.3375, 36.825, -4.15], "size": [1, 4, 3], "uv": [0, 87]},
						{"origin": [-3.5, 36.925, -4.575], "size": [1, 4, 1], "uv": [72, 109]},
						{"origin": [-1.5, 39.025, -4.825], "size": [3, 2, 1], "uv": [101, 86]},
						{"origin": [1.499, 38.025, -5], "size": [1, 3, 1], "uv": [102, 112]},
						{"origin": [-0.64455, 36.44665, -5.2], "size": [1, 4, 1], "pivot": [-0.44455, 37.57165, -4.7], "rotation": [0, 0, -30], "uv": [109, 74]},
						{"origin": [-2.775, 36.9, -5.075], "size": [1, 3, 1], "pivot": [-2, 39.275, -4.575], "rotation": [0, 0, 25], "uv": [113, 29]},
						{"origin": [0.8, 38.525, -5.2], "size": [1, 3, 1], "pivot": [3, 39.65, -4.7], "rotation": [0, 0, -30], "uv": [113, 91]},
						{"origin": [0, 36.65, -5.2], "size": [1, 5, 1], "pivot": [1.2, 38.75, -4.7], "rotation": [0, 0, -30], "uv": [23, 104]},
						{"origin": [3.3375, 36.825, -4.15], "size": [1, 4, 3], "uv": [88, 24]},
						{"origin": [2.5, 36.925, -4.575], "size": [1, 4, 1], "uv": [109, 80]},
						{"origin": [-2.499, 38.025, -5], "size": [1, 3, 1], "uv": [107, 113]},
						{"origin": [1.775, 36.9, -5.075], "size": [1, 3, 1], "pivot": [2, 39.275, -4.575], "rotation": [0, 0, -25], "uv": [112, 113]},
						{"origin": [-1.8, 38.525, -5.1], "size": [1, 3, 1], "pivot": [-3, 39.65, -4.6], "rotation": [0, 0, 30], "uv": [113, 91], "mirror": true}
					]
				},
				{
					"name": "corner_h1",
					"parent": "Hair",
					"pivot": [-4.37735, 36.62243, -2.86577],
					"cubes": [
						{"origin": [3.41137, 32.09775, -3.95436], "size": [1.025, 2, 1], "pivot": [3.78868, 31.91337, -3.36686], "rotation": [-6.0826, -1.7565, 4.4725], "uv": [115, 105]},
						{"origin": [4.41183, 32.91888, -2.9848], "size": [1.025, 3, 1], "pivot": [4.71154, 32.58917, -2.89858], "rotation": [-3.5529, -1.8007, -0.0898], "uv": [114, 8]},
						{"origin": [4.20269, 31.06569, -2.98457], "size": [1.025, 2, 1], "pivot": [4.58767, 32.6054, -2.90297], "rotation": [-3.8112, -1.1568, 9.8928], "uv": [115, 109]},
						{"origin": [3.48618, 33.51399, -3.67248], "size": [1.025, 3, 1], "pivot": [4.37735, 36.62243, -2.86577], "rotation": [-0.5218, -0.1729, 0.0112], "uv": [114, 13]},
						{"origin": [-5.22769, 31.06569, -2.98457], "size": [1.025, 2, 1], "pivot": [-4.58767, 32.6054, -2.90297], "rotation": [-3.8112, 1.1568, -9.8928], "uv": [116, 23]},
						{"origin": [-5.43683, 32.91888, -2.9848], "size": [1.025, 3, 1], "pivot": [-4.71154, 32.58917, -2.89858], "rotation": [-3.5529, 1.8007, 0.0898], "uv": [114, 18]},
						{"origin": [-4.43637, 32.09775, -3.95436], "size": [1.025, 2, 1], "pivot": [-3.78868, 31.91337, -3.36686], "rotation": [-6.0826, 1.7565, -4.4725], "uv": [116, 36]},
						{"origin": [-4.51118, 33.51399, -3.67248], "size": [1.025, 3, 1], "pivot": [-4.37735, 36.62243, -2.86577], "rotation": [-0.5218, 0.1729, -0.0112], "uv": [27, 114]}
					]
				},
				{
					"name": "FLongHair",
					"parent": "Hair",
					"pivot": [0.325, 35.56866, 5.28289]
				},
				{
					"name": "MLongHair",
					"parent": "FLongHair",
					"pivot": [0.325, 35.5687, 5.28289]
				},
				{
					"name": "LongHair",
					"parent": "MLongHair",
					"pivot": [0.325, 35.5687, 5.28289]
				},
				{
					"name": "hl_side",
					"parent": "LongHair",
					"pivot": [0, 32.71651, 5.24811]
				},
				{
					"name": "hl_m",
					"parent": "LongHair",
					"pivot": [-1, 38.62846, 5.21781],
					"rotation": [-17.5, 0, 0],
					"cubes": [
						{"origin": [-3, 32.82846, 6.99281], "size": [1, 3, 1], "pivot": [-0.5, 18.62846, 2.61781], "rotation": [7.5, 0, 0], "uv": [32, 114]},
						{"origin": [-2, 31.90677, 7.56268], "size": [4, 4, 1], "pivot": [-0.5, 18.70677, 2.81268], "rotation": [7.5, 0, 0], "uv": [79, 88]},
						{"origin": [2, 32.82846, 6.99281], "size": [1, 3, 1], "pivot": [0.5, 18.62846, 2.61781], "rotation": [7.5, 0, 0], "uv": [37, 114]}
					]
				},
				{
					"name": "Face",
					"parent": "Head",
					"pivot": [-1.05, 16.05, -4.5]
				},
				{
					"name": "Eyes",
					"parent": "Face",
					"pivot": [-1.05, 16.05, -4.5]
				},
				{
					"name": "Eyebrow",
					"parent": "Eyes",
					"pivot": [0, 36, -3]
				},
				{
					"name": "RightEyebrow",
					"parent": "Eyebrow",
					"pivot": [-2.875, 35.85, -3.2],
					"cubes": [
						{"origin": [-3.8746, 35.12356, -3.6], "size": [0.7, 0.4, 0.9], "pivot": [-3.5246, 35.32356, -3.15], "rotation": [0, 0, -102.5], "uv": [29, 67]},
						{"origin": [-3.99839, 35.69671, -3.7], "size": [2, 0.4, 1], "pivot": [-2.94839, 36.19671, -3.2], "rotation": [0, 0, -10], "uv": [116, 27]},
						{"origin": [-1.99547, 35.66311, -3.7], "size": [0.7, 0.4, 1], "pivot": [-1.34547, 36.16311, -3.2], "rotation": [0, 0, 17.5], "uv": [119, 84]}
					]
				},
				{
					"name": "LeftEyebrow",
					"parent": "Eyebrow",
					"pivot": [2.875, 35.85, -3.2],
					"cubes": [
						{"origin": [1.99839, 35.69671, -3.7], "size": [2, 0.4, 1], "pivot": [2.94839, 36.19671, -3.2], "rotation": [0, 0, 10], "uv": [117, 4]},
						{"origin": [1.275, 35.85, -3.7], "size": [0.7, 0.4, 1], "pivot": [1.925, 36.35, -3.2], "rotation": [0, 0, -12.5], "uv": [119, 84]},
						{"origin": [3.1746, 35.12356, -3.6], "size": [0.7, 0.4, 0.9], "pivot": [3.5246, 35.32356, -3.15], "rotation": [0, 0, 102.5], "uv": [29, 68]}
					]
				},
				{
					"name": "Eyelid",
					"parent": "Eyes",
					"pivot": [0, 35.05, -3.075]
				},
				{
					"name": "RightEyelid",
					"parent": "Eyelid",
					"pivot": [-2.325, 34.55, -3.075],
					"cubes": [
						{"origin": [-3.5, 34.05, -3.525], "size": [2, 2, 1], "uv": [108, 109]}
					]
				},
				{
					"name": "RightEyesBase",
					"parent": "RightEyelid",
					"pivot": [-2.2875, 35.05, -3.0875],
					"cubes": [
						{"origin": [-3.025, 34.05, -3.575], "size": [1.4, 2, 1], "uv": [117, 47]},
						{"origin": [-1.95, 35.4, -3.6], "size": [0.4, 0.3, 1], "uv": [116, 119]}
					]
				},
				{
					"name": "RightPupil",
					"parent": "RightEyesBase",
					"pivot": [-2.325, 35.05, -3.125],
					"cubes": [
						{"origin": [-2.625, 34.55, -3.625], "size": [0.6, 1, 1], "uv": [35, 119]}
					]
				},
				{
					"name": "LeftEyelid",
					"parent": "Eyelid",
					"pivot": [2.325, 34.55, -3.075],
					"cubes": [
						{"origin": [1.5, 34.05, -3.525], "size": [2, 2, 1], "uv": [110, 4]}
					]
				},
				{
					"name": "LeftEyesBase",
					"parent": "LeftEyelid",
					"pivot": [2.2875, 35.05, -3.0875],
					"cubes": [
						{"origin": [2.675, 35.4, -3.6], "size": [0.4, 0.3, 1], "uv": [119, 119]},
						{"origin": [1.625, 34.05, -3.575], "size": [1.4, 2, 1], "uv": [117, 51]}
					]
				},
				{
					"name": "LeftPupil",
					"parent": "LeftEyesBase",
					"pivot": [2.325, 35.05, -3.125],
					"cubes": [
						{"origin": [2.025, 34.55, -3.625], "size": [0.6, 1, 1], "uv": [38, 119]}
					]
				},
				{
					"name": "LeftShoulderLocator",
					"parent": "Head",
					"pivot": [3, 42.8, 0]
				},
				{
					"name": "RightShoulderLocator",
					"parent": "Head",
					"pivot": [-3, 42.8, 0]
				},
				{
					"name": "tokuai--1",
					"parent": "Head",
					"pivot": [0, 32.725, -0.025],
					"cubes": [
						{"origin": [3.48492, 33.35, -0.98492], "size": [1, 6, 4], "uv": [69, 74]},
						{"origin": [-4.48492, 33.35, -0.98492], "size": [1, 6, 4], "uv": [0, 76]},
						{"origin": [-4.78492, 36.75, -0.38492], "size": [1, 1, 1], "pivot": [-4.28492, 37.25, 0.11508], "rotation": [-45, 0, 0], "uv": [118, 29]},
						{"origin": [-4.48492, 37.35, -2.98492], "size": [1, 2, 2], "uv": [94, 103]},
						{"origin": [-4.39497, 37.35, -3.76777], "size": [2.1, 2, 1], "pivot": [-3.49497, 38.85, -3.26777], "rotation": [0, 45, 0], "uv": [108, 105]},
						{"origin": [2.38284, 33.35, 3.01005], "size": [2.1, 6, 1], "pivot": [3.28284, 38.85, 3.51005], "rotation": [0, 45, 0], "uv": [90, 93]},
						{"origin": [2.7, 39.03492, -3.68492], "size": [1, 1, 1], "pivot": [3.2, 39.53492, -3.18492], "rotation": [-45, -45, 0], "uv": [118, 43]},
						{"origin": [-3, 33.35, 3.5], "size": [6, 6, 1], "uv": [58, 17]},
						{"origin": [-3, 39.83492, -2.98492], "size": [6, 1, 6], "uv": [33, 11]},
						{"origin": [-0.5, 39.91066, -3.00919], "size": [1, 1, 6], "uv": [69, 66]},
						{"origin": [-0.3, 40.91066, -0.20919], "size": [0.6, 0.1, 0.6], "pivot": [0, 40.96066, 0.09081], "rotation": [32.5, 0, 0], "uv": [50, 61]},
						{"origin": [1.2, 39.91066, -3.00919], "size": [1, 1, 6], "uv": [71, 0]},
						{"origin": [-2.2, 39.91066, -3.00919], "size": [1, 1, 6], "uv": [72, 43]},
						{"origin": [-4.43891, 39.23891, -2.98492], "size": [2.1, 1, 6], "pivot": [-3.38891, 39.73891, 0.01508], "rotation": [0, 0, -45], "uv": [51, 57]},
						{"origin": [2.33891, 39.23891, -2.98492], "size": [2.1, 1, 6], "pivot": [3.38891, 39.73891, 0.01508], "rotation": [0, 0, 45], "uv": [58, 9]},
						{"origin": [-3, 37.35, -4.46985], "size": [6, 2, 1], "uv": [84, 63]},
						{"origin": [-0.5, 37.25, -4.56985], "size": [1, 2.1, 1], "uv": [80, 114]},
						{"origin": [1.2, 37.25, -4.56985], "size": [1, 2.1, 1], "uv": [114, 82]},
						{"origin": [-2.2, 37.25, -4.56985], "size": [1, 2.1, 1], "uv": [0, 115]},
						{"origin": [-3, 38.65, -3.76274], "size": [6, 2.1, 1], "pivot": [0, 39.85, -3.26274], "rotation": [-45, 0, 0], "uv": [84, 67]},
						{"origin": [-0.5, 38.65, -3.86274], "size": [1, 2.2, 1], "pivot": [2.5, 39.85, -3.36274], "rotation": [-45, 0, 0], "uv": [115, 0]},
						{"origin": [1.2, 38.65, -3.86274], "size": [1, 2.2, 1], "pivot": [4.2, 39.85, -3.36274], "rotation": [-45, 0, 0], "uv": [42, 115]},
						{"origin": [-2.2, 38.65, -3.86274], "size": [1, 2.2, 1], "pivot": [-4.2, 39.85, -3.36274], "rotation": [-45, 0, 0], "uv": [54, 115]},
						{"origin": [-3, 39.25, 2.02721], "size": [6, 1, 2.1], "pivot": [0, 39.35, 3.22721], "rotation": [-45, 0, 0], "uv": [24, 78]},
						{"origin": [-0.5, 39.32574, 2.00295], "size": [1, 1, 2.1], "pivot": [-2.5, 39.42574, 3.20295], "rotation": [-45, 0, 0], "uv": [14, 109]},
						{"origin": [2.29497, 37.35, -3.76777], "size": [2.1, 2, 1], "pivot": [3.49497, 38.85, -3.26777], "rotation": [0, -45, 0], "uv": [109, 37]},
						{"origin": [-3.7, 39.03492, -3.68492], "size": [1, 1, 1], "pivot": [-3.2, 39.53492, -3.18492], "rotation": [-35.26439, -30, 54.73561], "uv": [118, 55]},
						{"origin": [3.48492, 37.35, -2.98492], "size": [1, 2, 2], "uv": [101, 103]},
						{"origin": [-3.7, 39.03492, 2.71508], "size": [1, 1, 1], "pivot": [-3.2, 39.53492, 3.21508], "rotation": [45, -45, 0], "uv": [118, 58]},
						{"origin": [3.78492, 36.75, -0.38492], "size": [1, 1, 1], "pivot": [4.28492, 37.25, 0.11508], "rotation": [-45, 0, 0], "uv": [118, 61]},
						{"origin": [4.20451, 33.75, -3.04962], "size": [0.5, 4.6, 3], "uv": [82, 94]},
						{"origin": [4.2523, 32.98063, -3.05946], "size": [0.5, 1, 3], "pivot": [4.5023, 33.48063, -1.55946], "rotation": [7.5, 0, 0], "uv": [16, 104]},
						{"origin": [2.98829, 33.35, -3.78686], "size": [2.1, 5, 0.5], "pivot": [4.18829, 37.85, -3.78686], "rotation": [0, -55, 0], "uv": [34, 108]},
						{"origin": [2.84746, 32.55, -4.01634], "size": [2.1, 1, 0.5], "pivot": [3.89746, 33.05, -3.76634], "rotation": [17.17679, -53.10479, -21.13216], "uv": [118, 94]},
						{"origin": [1.44404, 36.35, -5.04796], "size": [2.1, 2, 0.5], "pivot": [2.64404, 37.85, -5.04796], "rotation": [0, -18, 0], "uv": [118, 64]},
						{"origin": [2.44404, 35.35, -5.24796], "size": [1.1, 0.5, 0.3], "pivot": [2.64404, 36.35, -5.24796], "rotation": [0, -18, 0], "uv": [60, 49]},
						{"origin": [1.44404, 35.85, -5.24796], "size": [2.1, 1, 0.5], "pivot": [2.64404, 37.35, -5.24796], "rotation": [0, -18, 0], "uv": [118, 96]},
						{"origin": [3.05455, 36.25, -5.18294], "size": [0.3, 0.3, 0.5], "pivot": [3.20455, 36.4, -4.93294], "rotation": [12.93932, -12.62142, -46.437], "uv": [50, 62]},
						{"origin": [1.34404, 35.95, -5.34796], "size": [1, 1, 0.5], "pivot": [2.54404, 37.45, -5.34796], "rotation": [0, -18, 0], "uv": [54, 119]},
						{"origin": [1.34404, 36.95, -5.14796], "size": [0.9, 1.5, 0.5], "pivot": [2.54404, 38.45, -5.14796], "rotation": [0, -18, 0], "uv": [32, 11]},
						{"origin": [1.34404, 33.55, -5.34796], "size": [1, 1.7, 0.5], "pivot": [2.54404, 35.75, -5.34796], "rotation": [0, -18, 0], "uv": [70, 119]},
						{"origin": [1.44404, 32.55, -5.14796], "size": [0.7, 1, 0.5], "pivot": [2.54404, 34.05, -5.14796], "rotation": [0, -18, 0], "uv": [32, 13]},
						{"origin": [1.44404, 33.95, -5.24796], "size": [2.1, 1.4, 0.5], "pivot": [2.64404, 35.35, -5.24796], "rotation": [0, -18, 0], "uv": [118, 98]},
						{"origin": [1.29488, 33.71089, -5.3323], "size": [2.1, 1, 0.5], "pivot": [2.34488, 34.21089, -5.0823], "rotation": [4.02273, -17.55926, -13.12154], "uv": [106, 118]},
						{"origin": [1.44404, 32.35, -5.04796], "size": [2.1, 2.3, 0.5], "pivot": [2.64404, 34.85, -5.04796], "rotation": [0, -18, 0], "uv": [65, 118]},
						{"origin": [-1.49722, 36.35, -5.41878], "size": [3, 2, 0.5], "uv": [80, 111]},
						{"origin": [-1.49722, 33.45, -5.71878], "size": [3, 1.9, 0.5], "uv": [102, 84]},
						{"origin": [-1.49722, 32.35, -5.41878], "size": [3, 2.3, 0.5], "uv": [0, 112]},
						{"origin": [-3.54404, 32.35, -5.04796], "size": [2.1, 2.3, 0.5], "pivot": [-2.64404, 34.85, -5.04796], "rotation": [0, 18, 0], "uv": [118, 67]},
						{"origin": [-4.70451, 33.75, -3.04962], "size": [0.5, 4.6, 3], "uv": [0, 95]},
						{"origin": [-4.94746, 32.55, -4.01634], "size": [2.1, 1, 0.5], "pivot": [-3.89746, 33.05, -3.76634], "rotation": [17.17679, 53.10479, 21.13216], "uv": [111, 118]},
						{"origin": [-3.54404, 36.35, -5.04796], "size": [2.1, 2, 0.5], "pivot": [-2.64404, 37.85, -5.04796], "rotation": [0, 18, 0], "uv": [79, 118]},
						{"origin": [-3.39488, 33.71089, -5.3323], "size": [2.1, 1, 0.5], "pivot": [-2.34488, 34.21089, -5.0823], "rotation": [4.02273, 17.55926, 13.12154], "uv": [0, 119]},
						{"origin": [-3.54404, 33.95, -5.24796], "size": [2.1, 1.4, 0.5], "pivot": [-2.64404, 35.35, -5.24796], "rotation": [0, 18, 0], "uv": [119, 8]},
						{"origin": [-5.08829, 33.35, -3.78686], "size": [2.1, 5, 0.5], "pivot": [-4.18829, 37.85, -3.78686], "rotation": [0, 55, 0], "uv": [67, 108]},
						{"origin": [-4.7523, 32.98063, -3.05946], "size": [0.5, 1, 3], "pivot": [-4.5023, 33.48063, -1.55946], "rotation": [7.5, 0, 0], "uv": [104, 25]},
						{"origin": [-3.54404, 35.85, -5.24796], "size": [2.1, 1, 0.5], "pivot": [-2.64404, 37.35, -5.24796], "rotation": [0, 18, 0], "uv": [119, 10]},
						{"origin": [-3.54404, 35.35, -5.24796], "size": [1.1, 0.5, 0.3], "pivot": [-2.64404, 36.35, -5.24796], "rotation": [0, 18, 0], "uv": [63, 49]},
						{"origin": [-1.50278, 35.85, -5.71878], "size": [3, 1, 0.5], "uv": [113, 34]},
						{"origin": [-0.50278, 35.95, -5.81878], "size": [1, 1, 0.5], "uv": [73, 119]},
						{"origin": [-0.50278, 36.95, -5.51878], "size": [1, 1.5, 0.5], "uv": [119, 74]},
						{"origin": [-0.50278, 33.35, -5.81878], "size": [1, 1.9, 0.5], "uv": [119, 76]},
						{"origin": [-0.40278, 32.45, -5.61878], "size": [0.8, 0.9, 0.5], "uv": [120, 76]},
						{"origin": [-2.14404, 32.55, -5.14796], "size": [0.7, 1, 0.5], "pivot": [-2.54404, 34.05, -5.14796], "rotation": [0, 18, 0], "uv": [57, 9]},
						{"origin": [-2.24404, 36.95, -5.14796], "size": [0.9, 1.5, 0.5], "pivot": [-2.54404, 38.45, -5.14796], "rotation": [0, 18, 0], "uv": [50, 58]},
						{"origin": [-2.34404, 33.55, -5.34796], "size": [1, 1.7, 0.5], "pivot": [-2.54404, 35.75, -5.34796], "rotation": [0, 18, 0], "uv": [119, 78]},
						{"origin": [-2.34404, 35.95, -5.34796], "size": [1, 1, 0.5], "pivot": [-2.54404, 37.45, -5.34796], "rotation": [0, 18, 0], "uv": [119, 80]},
						{"origin": [-3.35455, 34.95, -5.18294], "size": [0.3, 0.3, 0.5], "pivot": [-3.20455, 35.1, -4.93294], "rotation": [12.93932, 12.62142, 46.437], "uv": [29, 65]},
						{"origin": [-3.35455, 36.25, -5.18294], "size": [0.3, 0.3, 0.5], "pivot": [-3.20455, 36.4, -4.93294], "rotation": [12.93932, 12.62142, 46.437], "uv": [29, 66]},
						{"origin": [3.05455, 34.95, -5.18294], "size": [0.3, 0.3, 0.5], "pivot": [3.20455, 35.1, -4.93294], "rotation": [12.93932, -12.62142, -46.437], "uv": [50, 63]},
						{"origin": [-4.48284, 33.35, 3.01005], "size": [2.1, 6, 1], "pivot": [-3.28284, 38.85, 3.51005], "rotation": [0, -45, 0], "uv": [90, 93], "mirror": true},
						{"origin": [2.7, 39.03492, 2.71508], "size": [1, 1, 1], "pivot": [3.2, 39.53492, 3.21508], "rotation": [45, 45, 0], "uv": [118, 58], "mirror": true}
					]
				},
				{
					"name": "Arm",
					"parent": "UpperBody",
					"pivot": [-0.2, 31.275, 0]
				},
				{
					"name": "LeftArm",
					"parent": "Arm",
					"pivot": [3.4, 31.025, 0],
					"rotation": [0, 0, -18],
					"cubes": [
						{"origin": [5.15, 25.42247, -0.42834], "size": [0.325, 6.9, 1], "pivot": [5.3125, 28.87247, 0.07166], "rotation": [0, 90, 0], "uv": [63, 109]},
						{"origin": [5.15, 25.42247, 0.37166], "size": [0.325, 6.9, 1], "pivot": [5.3125, 28.87247, 0.87166], "rotation": [0, 90, 0], "uv": [77, 109]},
						{"origin": [5.15, 25.42247, -1.32834], "size": [0.325, 6.9, 1], "pivot": [5.3125, 28.87247, -0.82834], "rotation": [0, 90, 0], "uv": [7, 110]},
						{"origin": [2.45, 24.9, -1.7], "size": [3.25, 7.3, 3.4], "uv": [30, 58]},
						{"origin": [2.6, 25.075, -1.5], "size": [3.05, 7, 3], "uv": [60, 32]},
						{"origin": [2.9, 24.175, -1.1], "size": [2.55, 2, 2.2], "uv": [97, 57]},
						{"origin": [2.8, 24.125, -1.125], "size": [2.7, 2.05, 2.3], "uv": [97, 93]}
					]
				},
				{
					"name": "LeftForeArm",
					"parent": "LeftArm",
					"pivot": [4.125, 25.075, 0.025],
					"cubes": [
						{"origin": [5.15, 20.52247, 0.37166], "size": [0.325, 4.9, 1], "pivot": [5.3125, 21.97247, 0.87166], "rotation": [0, 90, 0], "uv": [47, 115]},
						{"origin": [5.15, 20.52247, -0.42834], "size": [0.325, 4.9, 1], "pivot": [5.3125, 21.97247, 0.07166], "rotation": [0, 90, 0], "uv": [59, 115]},
						{"origin": [5.15, 20.52247, -1.32834], "size": [0.325, 4.9, 1], "pivot": [5.3125, 21.97247, -0.82834], "rotation": [0, 90, 0], "uv": [62, 117]},
						{"origin": [2.625, 18.075, -1.475], "size": [3, 7, 3], "uv": [0, 65]},
						{"origin": [2.525, 20.375, -1.575], "size": [3.2, 5, 3.2], "uv": [75, 8]},
						{"origin": [2.425, 20.175, -1.675], "size": [3.4, 1, 3.4], "uv": [88, 6]}
					]
				},
				{
					"name": "LeftHand",
					"parent": "LeftForeArm",
					"pivot": [4.125, 19.575, 0.025]
				},
				{
					"name": "LeftHandLocator",
					"parent": "LeftHand",
					"pivot": [4.125, 19.575, 0.025]
				},
				{
					"name": "SheathLocator",
					"parent": "LeftHand",
					"pivot": [4.125, 19.575, 0.025]
				},
				{
					"name": "LeftWaistLocator",
					"parent": "LeftHand",
					"pivot": [4.125, 19.575, 0.025]
				},
				{
					"name": "RightArm",
					"parent": "Arm",
					"pivot": [-3.4, 31.025, 0],
					"rotation": [0, 0, 18],
					"cubes": [
						{"origin": [-5.475, 25.42247, -1.32834], "size": [0.325, 6.9, 1], "pivot": [-5.3125, 28.87247, -0.82834], "rotation": [0, -90, 0], "uv": [10, 110]},
						{"origin": [-5.475, 25.42247, -0.42834], "size": [0.325, 6.9, 1], "pivot": [-5.3125, 28.87247, 0.07166], "rotation": [0, -90, 0], "uv": [111, 8]},
						{"origin": [-5.475, 25.42247, 0.37166], "size": [0.325, 6.9, 1], "pivot": [-5.3125, 28.87247, 0.87166], "rotation": [0, -90, 0], "uv": [111, 16]},
						{"origin": [-5.65, 25.075, -1.5], "size": [3.05, 7, 3], "uv": [13, 65]},
						{"origin": [-5.7, 24.9, -1.7], "size": [3.25, 7.3, 3.4], "uv": [43, 65]},
						{"origin": [-5.45, 24.175, -1.1], "size": [2.55, 2, 2.2], "uv": [7, 98]},
						{"origin": [-5.5, 24.125, -1.125], "size": [2.7, 2.05, 2.3], "uv": [97, 98]}
					]
				},
				{
					"name": "RightForeArm",
					"parent": "RightArm",
					"pivot": [-4.125, 25.075, 0.025],
					"cubes": [
						{"origin": [-5.475, 20.52247, 0.37166], "size": [0.325, 4.9, 1], "pivot": [-5.3125, 21.97247, 0.87166], "rotation": [0, -90, 0], "uv": [76, 117]},
						{"origin": [-5.475, 20.52247, -0.42834], "size": [0.325, 4.9, 1], "pivot": [-5.3125, 21.97247, 0.07166], "rotation": [0, -90, 0], "uv": [85, 117]},
						{"origin": [-5.475, 20.52247, -1.32834], "size": [0.325, 4.9, 1], "pivot": [-5.3125, 21.97247, -0.82834], "rotation": [0, -90, 0], "uv": [88, 117]},
						{"origin": [-5.725, 20.375, -1.575], "size": [3.2, 5, 3.2], "uv": [11, 76]},
						{"origin": [-5.625, 18.075, -1.475], "size": [3, 7, 3], "uv": [56, 65]},
						{"origin": [-5.825, 20.175, -1.675], "size": [3.4, 1, 3.4], "uv": [88, 11]}
					]
				},
				{
					"name": "RightHand",
					"parent": "RightForeArm",
					"pivot": [-4.125, 19.575, 0.025]
				},
				{
					"name": "RightHandLocator",
					"parent": "RightHand",
					"pivot": [-4.125, 19.575, 0.025]
				},
				{
					"name": "BladeLocator",
					"parent": "RightHand",
					"pivot": [-4.125, 19.575, 0.025]
				},
				{
					"name": "Collar",
					"parent": "UpperBody",
					"pivot": [0, 30.925, -0.025],
					"rotation": [-15, 0, 0]
				},
				{
					"name": "ElytraLocator",
					"parent": "UpperBody",
					"pivot": [0, 31.65, 2]
				},
				{
					"name": "RifleLocator",
					"parent": "UpperBody",
					"pivot": [0, 25.15, 2.3],
					"rotation": [0, 0, 45]
				},
				{
					"name": "BackpackLocator",
					"parent": "UpperBody",
					"pivot": [0, 30, 0]
				},
				{
					"name": "Arm2",
					"parent": "UpperBody",
					"pivot": [-3.4, 31.025, 0],
					"rotation": [0, 0, 18]
				},
				{
					"name": "RightArm2",
					"parent": "Arm2",
					"pivot": [-4.125, 25.075, 0.025]
				},
				{
					"name": "PistolLocator",
					"parent": "UpBody",
					"pivot": [-4, 24.75, -1.6],
					"rotation": [-30, 0, 0]
				},
				{
					"name": "RightWaistLocator",
					"parent": "UpBody",
					"pivot": [-4, 23, 0],
					"rotation": [-5, 0, 0]
				},
				{
					"name": "DownBody",
					"parent": "AllBody",
					"pivot": [0, 20.65, 0]
				},
				{
					"name": "Leg",
					"parent": "DownBody",
					"pivot": [0, 21.15, 0]
				},
				{
					"name": "LeftLeg",
					"parent": "Leg",
					"pivot": [2.4, 21.15, 0],
					"cubes": [
						{"origin": [0.375, 11.65, -2], "size": [3.65, 10, 4], "uv": [30, 35]},
						{"origin": [3.9, 11.65, -1.1], "size": [0.3, 10, 0.3], "uv": [28, 99]},
						{"origin": [3.9, 11.65, 0.8], "size": [0.3, 10, 0.3], "uv": [39, 101]},
						{"origin": [3.9, 11.65, -0.2], "size": [0.3, 10, 0.3], "uv": [40, 101]},
						{"origin": [0.725, 9.95, -1.5], "size": [2.9, 2.7, 2.4], "pivot": [2.2, 11.75, -0.6], "rotation": [45, 0, 0], "uv": [99, 0]}
					]
				},
				{
					"name": "LeftLowerLeg",
					"parent": "LeftLeg",
					"pivot": [2.2, 11.7, 0],
					"cubes": [
						{"origin": [0.5, 2, -1.9], "size": [3.4, 10, 4], "uv": [45, 35]},
						{"origin": [3.8, 4, -1.1], "size": [0.3, 7.8, 0.3], "uv": [67, 76]},
						{"origin": [3.8, 4, 0.8], "size": [0.3, 7.8, 0.3], "uv": [68, 76]},
						{"origin": [3.8, 4, -0.2], "size": [0.3, 7.8, 0.3], "uv": [68, 76]},
						{"origin": [0.7, 10.7, -1.3], "size": [3, 2.5, 2.35], "pivot": [2.2, 11.95, -0.05], "rotation": [45, 0, 0], "uv": [42, 92]}
					]
				},
				{
					"name": "LeftFoot",
					"parent": "LeftLowerLeg",
					"pivot": [2.1875, 2.5, 0.1375],
					"cubes": [
						{"origin": [0.25, 0, -2.1], "size": [3.875, 4, 4.375], "uv": [26, 69]},
						{"origin": [0.35, 0, -4.4], "size": [3.675, 2, 3], "uv": [11, 85]},
						{"origin": [0.95, 2.075, -2.15], "size": [2.675, 1, 2], "pivot": [2.6875, 2, -1.85], "rotation": [60, 0, 0], "uv": [102, 13]},
						{"origin": [0.825, 3.46071, -2.44796], "size": [3, 1, 1], "pivot": [2.325, 3.96071, -1.94796], "rotation": [115, 0, 0], "uv": [104, 30]},
						{"origin": [0.95, 1.175, -3.8], "size": [2.675, 1, 2], "pivot": [2.6875, 1.1, -3.5], "rotation": [22.5, 0, 0], "uv": [102, 17]}
					]
				},
				{
					"name": "RightLeg",
					"parent": "Leg",
					"pivot": [-2.4, 21.15, 0],
					"cubes": [
						{"origin": [-4.2, 11.65, -0.2], "size": [0.3, 10, 0.3], "uv": [41, 101]},
						{"origin": [-3.625, 9.95, -1.5], "size": [2.9, 2.7, 2.4], "pivot": [-2.2, 11.75, -0.6], "rotation": [45, 0, 0], "uv": [16, 99]},
						{"origin": [-4.025, 11.65, -2], "size": [3.65, 10, 4], "uv": [0, 50]},
						{"origin": [-4.2, 11.65, -1.1], "size": [0.3, 10, 0.3], "uv": [49, 104]},
						{"origin": [-4.2, 11.65, 0.8], "size": [0.3, 10, 0.3], "uv": [50, 104]}
					]
				},
				{
					"name": "RightLowerLeg",
					"parent": "RightLeg",
					"pivot": [-2.2, 11.7, 0],
					"cubes": [
						{"origin": [-3.7, 10.7, -1.3], "size": [3, 2.5, 2.35], "pivot": [-2.2, 11.95, -0.05], "rotation": [45, 0, 0], "uv": [53, 92]},
						{"origin": [-4.1, 4, 0.8], "size": [0.3, 7.8, 0.3], "uv": [5, 115]},
						{"origin": [-3.9, 2, -1.9], "size": [3.4, 10, 4], "uv": [15, 50]},
						{"origin": [-4.1, 4, -0.2], "size": [0.3, 7.8, 0.3], "uv": [6, 115]},
						{"origin": [-4.1, 4, -1.1], "size": [0.3, 7.8, 0.3], "uv": [6, 115]}
					]
				},
				{
					"name": "RightFoot",
					"parent": "RightLowerLeg",
					"pivot": [-2.1875, 2.5, 0.1375],
					"cubes": [
						{"origin": [-4.125, 0, -2.1], "size": [3.875, 4, 4.375], "uv": [69, 57]},
						{"origin": [-4.025, 0, -4.4], "size": [3.675, 2, 3], "uv": [86, 0]},
						{"origin": [-3.625, 1.175, -3.8], "size": [2.675, 1, 2], "pivot": [-2.6875, 1.1, -3.5], "rotation": [22.5, 0, 0], "uv": [102, 21]},
						{"origin": [-3.625, 2.075, -2.15], "size": [2.675, 1, 2], "pivot": [-2.6875, 2, -1.85], "rotation": [60, 0, 0], "uv": [102, 43]},
						{"origin": [-3.825, 3.46071, -2.44796], "size": [3, 1, 1], "pivot": [-2.325, 3.96071, -1.94796], "rotation": [115, 0, 0], "uv": [51, 104]}
					]
				},
				{
					"name": "molang",
					"parent": "Root",
					"pivot": [0, -0.35, 0]
				},
				{
					"name": "Root2",
					"pivot": [0.2, 31.275, 0]
				},
				{
					"name": "MAllBody2",
					"parent": "Root2",
					"pivot": [-0.2, 31.275, 0]
				},
				{
					"name": "AllBody2",
					"parent": "MAllBody2",
					"pivot": [0.2, 31.275, 0]
				},
				{
					"name": "UpBody2",
					"parent": "AllBody2",
					"pivot": [-0.2, 31.275, 0]
				},
				{
					"name": "MUpperBody2",
					"parent": "UpBody2",
					"pivot": [0.2, 31.275, 0]
				},
				{
					"name": "UpperBody2",
					"parent": "MUpperBody2",
					"pivot": [-0.2, 31.275, 0]
				},
				{
					"name": "Arm3",
					"parent": "UpperBody2",
					"pivot": [0.2, 31.275, 0]
				},
				{
					"name": "RightArm3",
					"parent": "Arm3",
					"pivot": [-3.4, 31.025, 0],
					"rotation": [0, 0, 18]
				}
			]
		}
	]
}