{
	"format_version": "1.12.0",
	"minecraft:geometry": [
		{
			"description": {
				"identifier": "geometry.unknown",
				"texture_width": 256,
				"texture_height": 256,
				"visible_bounds_width": 7,
				"visible_bounds_height": 7,
				"visible_bounds_offset": [0, 2.5, 0]
			},
			"bones": [
				{
					"name": "Arm",
					"pivot": [-0.2, 31.275, 0]
				},
				{
					"name": "LeftArm",
					"parent": "Arm",
					"pivot": [1.9, 33.4, 0],
					"cubes": [
						{
							"origin": [0.20783, 26.65181, -1.5],
							"size": [2.5, 7.25, 3],
							"uv": {
								"north": {"uv": [58, 156.5], "uv_size": [2.5, 7]},
								"east": {"uv": [4, 150.5], "uv_size": [3, 7]},
								"south": {"uv": [68, 95.5], "uv_size": [2.5, 7]},
								"west": {"uv": [8, 150.5], "uv_size": [3, 7]},
								"up": {"uv": [92, 143.5], "uv_size": [2.5, 3]},
								"down": {"uv": [0, 185.5], "uv_size": [2.5, -3]}
							}
						},
						{
							"origin": [0.14533, 26.62056, -1.5625],
							"size": [2.625, 7.34375, 3.125],
							"uv": {
								"north": {"uv": [36, 155.5], "uv_size": [2.5, 7.5]},
								"east": {"uv": [41, 146.5], "uv_size": [3, 7.5]},
								"south": {"uv": [40, 155.5], "uv_size": [2.5, 7.5]},
								"west": {"uv": [50, 146.5], "uv_size": [3, 7.5]},
								"up": {"uv": [93, 89.5], "uv_size": [2.5, 3]},
								"down": {"uv": [93, 96.5], "uv_size": [2.5, -3]}
							}
						},
						{
							"origin": [0.45783, 25.75181, -1.1],
							"size": [2.05, 2, 2.2],
							"uv": {
								"north": {"uv": [113, 106.5], "uv_size": [2, 2]},
								"east": {"uv": [113, 109.5], "uv_size": [2, 2]},
								"south": {"uv": [113, 160.5], "uv_size": [2, 2]},
								"west": {"uv": [113, 175.5], "uv_size": [2, 2]},
								"up": {"uv": [113, 178.5], "uv_size": [2, 2]},
								"down": {"uv": [113, 202.5], "uv_size": [2, -2]}
							}
						},
						{
							"origin": [0.39533, 25.68931, -1.1625],
							"size": [2.175, 2.0625, 2.325],
							"uv": {
								"north": {"uv": [114, 97.5], "uv_size": [2, 2]},
								"east": {"uv": [105, 89.5], "uv_size": [2.5, 2]},
								"south": {"uv": [114, 112.5], "uv_size": [2, 2]},
								"west": {"uv": [18, 194.5], "uv_size": [2.5, 2]},
								"up": {"uv": [105, 107.5], "uv_size": [2, 2.5]},
								"down": {"uv": [105, 114], "uv_size": [2, -2.5]}
							}
						}
					]
				},
				{
					"name": "SanLian",
					"parent": "LeftArm",
					"pivot": [2.37859, 30.50125, 0],
					"cubes": [
						{
							"origin": [1.87859, 32.88145, -0.30178],
							"size": [1, 0.5, 0.5],
							"pivot": [2.37859, 33.00645, -0.17678],
							"rotation": [-45, 0, 0],
							"uv": {
								"north": {"uv": [89, 245.5], "uv_size": [1, 0.5]},
								"east": {"uv": [161, 200.5], "uv_size": [0.5, 0.5]},
								"south": {"uv": [156, 186.5], "uv_size": [1, 0.5]},
								"west": {"uv": [161, 202.5], "uv_size": [0.5, 0.5]},
								"up": {"uv": [98, 245.5], "uv_size": [1, 0.5]},
								"down": {"uv": [102, 246], "uv_size": [1, -0.5]}
							}
						},
						{
							"origin": [1.87859, 31.88145, -0.30178],
							"size": [1, 0.5, 0.5],
							"pivot": [2.37859, 32.00645, -0.17678],
							"rotation": [-45, 0, 0],
							"uv": {
								"north": {"uv": [104, 245.5], "uv_size": [1, 0.5]},
								"east": {"uv": [161, 204.5], "uv_size": [0.5, 0.5]},
								"south": {"uv": [106, 245.5], "uv_size": [1, 0.5]},
								"west": {"uv": [161, 208.5], "uv_size": [0.5, 0.5]},
								"up": {"uv": [110, 245.5], "uv_size": [1, 0.5]},
								"down": {"uv": [112, 246], "uv_size": [1, -0.5]}
							}
						},
						{
							"origin": [1.87859, 30.88145, -0.30178],
							"size": [1, 0.5, 0.5],
							"pivot": [2.37859, 31.00645, -0.17678],
							"rotation": [-45, 0, 0],
							"uv": {
								"north": {"uv": [114, 245.5], "uv_size": [1, 0.5]},
								"east": {"uv": [161, 210.5], "uv_size": [0.5, 0.5]},
								"south": {"uv": [116, 245.5], "uv_size": [1, 0.5]},
								"west": {"uv": [161, 212.5], "uv_size": [0.5, 0.5]},
								"up": {"uv": [156, 206.5], "uv_size": [1, 0.5]},
								"down": {"uv": [118, 246], "uv_size": [1, -0.5]}
							}
						}
					]
				},
				{
					"name": "XieGang",
					"parent": "LeftArm",
					"pivot": [2.37859, 30.50125, 0],
					"cubes": [
						{
							"origin": [0.12859, 29.12625, -1.57812],
							"size": [2.65625, 0.75, 3.15625],
							"uv": {
								"north": {"uv": [127, 122.5], "uv_size": [2.5, 1]},
								"east": {"uv": [121, 133.5], "uv_size": [3, 1]},
								"south": {"uv": [127, 135.5], "uv_size": [2.5, 1]},
								"west": {"uv": [121, 150.5], "uv_size": [3, 1]},
								"up": {"uv": [93, 97.5], "uv_size": [2.5, 3]},
								"down": {"uv": [12, 185.5], "uv_size": [2.5, -3]}
							}
						},
						{
							"origin": [0.12859, 27.68875, -1.57812],
							"size": [2.65625, 0.75, 3.15625],
							"uv": {
								"north": {"uv": [127, 187.5], "uv_size": [2.5, 1]},
								"east": {"uv": [121, 200.5], "uv_size": [3, 1]},
								"south": {"uv": [123, 216.5], "uv_size": [2.5, 1]},
								"west": {"uv": [122, 127.5], "uv_size": [3, 1]},
								"up": {"uv": [93, 101.5], "uv_size": [2.5, 3]},
								"down": {"uv": [16, 185.5], "uv_size": [2.5, -3]}
							}
						}
					]
				},
				{
					"name": "LeftForeArm",
					"parent": "LeftArm",
					"pivot": [1.45662, 26.34771, 0],
					"cubes": [
						{
							"origin": [0.20783, 18.40181, -1.5],
							"size": [2.5, 8.25, 3],
							"uv": {
								"north": {"uv": [60, 98.5], "uv_size": [2.5, 8.5]},
								"east": {"uv": [0, 140.5], "uv_size": [3, 8.5]},
								"south": {"uv": [32, 149.5], "uv_size": [2.5, 8.5]},
								"west": {"uv": [4, 140.5], "uv_size": [3, 8.5]},
								"up": {"uv": [93, 105.5], "uv_size": [2.5, 3]},
								"down": {"uv": [93, 112.5], "uv_size": [2.5, -3]}
							}
						},
						{
							"origin": [0.14533, 20.40181, -1.5625],
							"size": [2.625, 6.28125, 3.125],
							"uv": {
								"north": {"uv": [32, 159.5], "uv_size": [2.5, 6.5]},
								"east": {"uv": [20, 154.5], "uv_size": [3, 6.5]},
								"south": {"uv": [0, 160.5], "uv_size": [2.5, 6.5]},
								"west": {"uv": [66, 104.5], "uv_size": [3, 6.5]},
								"up": {"uv": [93, 113.5], "uv_size": [2.5, 3]},
								"down": {"uv": [93, 120.5], "uv_size": [2.5, -3]}
							}
						}
					]
				},
				{
					"name": "PiDaiZS8",
					"parent": "LeftForeArm",
					"pivot": [1.93437, 21.55384, 0],
					"rotation": [0, 0, 90],
					"cubes": [
						{
							"origin": [0.32475, 21.14503, -1.625],
							"size": [0.75, 1.26563, 3.25],
							"uv": {
								"north": {"uv": [145, 110.5], "uv_size": [1, 1.5]},
								"east": {"uv": [103, 165.5], "uv_size": [3.5, 1.5]},
								"south": {"uv": [145, 115.5], "uv_size": [1, 1.5]},
								"west": {"uv": [103, 168.5], "uv_size": [3.5, 1.5]},
								"up": {"uv": [69, 206.5], "uv_size": [1, 3.5]},
								"down": {"uv": [71, 210], "uv_size": [1, -3.5]}
							}
						},
						{
							"origin": [1.07475, 21.34816, -1.6875],
							"size": [0.125, 1.125, 3.375],
							"uv": {
								"north": {"uv": [120, 245.5], "uv_size": [0.5, 1]},
								"east": {"uv": [117, 127.5], "uv_size": [3.5, 1]},
								"south": {"uv": [122, 245.5], "uv_size": [0.5, 1]},
								"west": {"uv": [117, 163.5], "uv_size": [3.5, 1]},
								"up": {"uv": [32, 229.5], "uv_size": [0.5, 3.5]},
								"down": {"uv": [107, 233], "uv_size": [0.5, -3.5]}
							}
						},
						{
							"origin": [1.00612, 21.09203, -1.6875],
							"size": [0.125, 0.375, 3.375],
							"pivot": [0.94362, 21.27953, -0.5],
							"rotation": [0, 0, 30],
							"uv": {
								"north": {"uv": [161, 214.5], "uv_size": [0.5, 0.5]},
								"east": {"uv": [109, 229.5], "uv_size": [3.5, 0.5]},
								"south": {"uv": [161, 216.5], "uv_size": [0.5, 0.5]},
								"west": {"uv": [140, 205.5], "uv_size": [3.5, 0.5]},
								"up": {"uv": [114, 229.5], "uv_size": [0.5, 3.5]},
								"down": {"uv": [116, 233], "uv_size": [0.5, -3.5]}
							}
						},
						{
							"origin": [0.88725, 21.0234, -1.6875],
							"size": [0.125, 0.625, 3.375],
							"pivot": [0.94975, 21.0859, -0.5],
							"rotation": [0, 0, -90],
							"uv": {
								"north": {"uv": [161, 218.5], "uv_size": [0.5, 0.5]},
								"east": {"uv": [139, 229.5], "uv_size": [3.5, 0.5]},
								"south": {"uv": [161, 220.5], "uv_size": [0.5, 0.5]},
								"west": {"uv": [34, 230.5], "uv_size": [3.5, 0.5]},
								"up": {"uv": [120, 229.5], "uv_size": [0.5, 3.5]},
								"down": {"uv": [125, 233], "uv_size": [0.5, -3.5]}
							}
						},
						{
							"origin": [0.50861, 21.40313, -1.6875],
							"size": [0.375, 0.375, 3.375],
							"pivot": [0.69611, 21.59063, -0.5],
							"rotation": [0, 0, -45],
							"uv": {
								"north": {"uv": [161, 222.5], "uv_size": [0.5, 0.5]},
								"east": {"uv": [39, 230.5], "uv_size": [3.5, 0.5]},
								"south": {"uv": [161, 224.5], "uv_size": [0.5, 0.5]},
								"west": {"uv": [141, 131.5], "uv_size": [3.5, 0.5]},
								"up": {"uv": [0, 230.5], "uv_size": [0.5, 3.5]},
								"down": {"uv": [23, 234], "uv_size": [0.5, -3.5]}
							}
						},
						{
							"origin": [0.56637, 21.10489, -1.6875],
							"size": [0.125, 0.375, 3.375],
							"pivot": [0.62887, 20.72989, -0.5],
							"rotation": [0, 0, -30],
							"uv": {
								"north": {"uv": [161, 226.5], "uv_size": [0.5, 0.5]},
								"east": {"uv": [46, 230.5], "uv_size": [3.5, 0.5]},
								"south": {"uv": [161, 228.5], "uv_size": [0.5, 0.5]},
								"west": {"uv": [141, 136.5], "uv_size": [3.5, 0.5]},
								"up": {"uv": [54, 230.5], "uv_size": [0.5, 3.5]},
								"down": {"uv": [56, 234], "uv_size": [0.5, -3.5]}
							}
						},
						{
							"origin": [0.19975, 21.34816, -1.6875],
							"size": [0.125, 1.125, 3.375],
							"uv": {
								"north": {"uv": [124, 245.5], "uv_size": [0.5, 1]},
								"east": {"uv": [76, 206.5], "uv_size": [3.5, 1]},
								"south": {"uv": [126, 245.5], "uv_size": [0.5, 1]},
								"west": {"uv": [117, 165.5], "uv_size": [3.5, 1]},
								"up": {"uv": [58, 230.5], "uv_size": [0.5, 3.5]},
								"down": {"uv": [60, 234], "uv_size": [0.5, -3.5]}
							}
						}
					]
				},
				{
					"name": "PiDaiZS7",
					"parent": "LeftForeArm",
					"pivot": [1.93437, 20.30384, 0],
					"rotation": [0, 0, 90],
					"cubes": [
						{
							"origin": [0.32475, 19.89503, -1.625],
							"size": [0.75, 1.26563, 3.25],
							"uv": {
								"north": {"uv": [145, 118.5], "uv_size": [1, 1.5]},
								"east": {"uv": [104, 136.5], "uv_size": [3.5, 1.5]},
								"south": {"uv": [32, 234.5], "uv_size": [1, 1.5]},
								"west": {"uv": [104, 139.5], "uv_size": [3.5, 1.5]},
								"up": {"uv": [81, 206.5], "uv_size": [1, 3.5]},
								"down": {"uv": [83, 210], "uv_size": [1, -3.5]}
							}
						},
						{
							"origin": [1.07475, 20.09816, -1.6875],
							"size": [0.125, 1.125, 3.375],
							"uv": {
								"north": {"uv": [128, 245.5], "uv_size": [0.5, 1]},
								"east": {"uv": [117, 167.5], "uv_size": [3.5, 1]},
								"south": {"uv": [130, 245.5], "uv_size": [0.5, 1]},
								"west": {"uv": [90, 206.5], "uv_size": [3.5, 1]},
								"up": {"uv": [141, 151.5], "uv_size": [0.5, 3.5]},
								"down": {"uv": [141, 160], "uv_size": [0.5, -3.5]}
							}
						},
						{
							"origin": [1.00612, 19.84203, -1.6875],
							"size": [0.125, 0.375, 3.375],
							"pivot": [0.94362, 20.02953, -0.5],
							"rotation": [0, 0, 30],
							"uv": {
								"north": {"uv": [161, 230.5], "uv_size": [0.5, 0.5]},
								"east": {"uv": [141, 140.5], "uv_size": [3.5, 0.5]},
								"south": {"uv": [161, 232.5], "uv_size": [0.5, 0.5]},
								"west": {"uv": [141, 163.5], "uv_size": [3.5, 0.5]},
								"up": {"uv": [141, 180.5], "uv_size": [0.5, 3.5]},
								"down": {"uv": [141, 189], "uv_size": [0.5, -3.5]}
							}
						},
						{
							"origin": [0.88725, 19.7734, -1.6875],
							"size": [0.125, 0.625, 3.375],
							"pivot": [0.94975, 19.8359, -0.5],
							"rotation": [0, 0, -90],
							"uv": {
								"north": {"uv": [161, 234.5], "uv_size": [0.5, 0.5]},
								"east": {"uv": [141, 165.5], "uv_size": [3.5, 0.5]},
								"south": {"uv": [161, 236.5], "uv_size": [0.5, 0.5]},
								"west": {"uv": [141, 170.5], "uv_size": [3.5, 0.5]},
								"up": {"uv": [99, 230.5], "uv_size": [0.5, 3.5]},
								"down": {"uv": [118, 234], "uv_size": [0.5, -3.5]}
							}
						},
						{
							"origin": [0.50861, 20.15313, -1.6875],
							"size": [0.375, 0.375, 3.375],
							"pivot": [0.69611, 20.34063, -0.5],
							"rotation": [0, 0, -45],
							"uv": {
								"north": {"uv": [161, 238.5], "uv_size": [0.5, 0.5]},
								"east": {"uv": [141, 172.5], "uv_size": [3.5, 0.5]},
								"south": {"uv": [150, 250.5], "uv_size": [0.5, 0.5]},
								"west": {"uv": [141, 201.5], "uv_size": [3.5, 0.5]},
								"up": {"uv": [141, 207.5], "uv_size": [0.5, 3.5]},
								"down": {"uv": [122, 234], "uv_size": [0.5, -3.5]}
							}
						},
						{
							"origin": [0.56637, 19.85489, -1.6875],
							"size": [0.125, 0.375, 3.375],
							"pivot": [0.62887, 19.47989, -0.5],
							"rotation": [0, 0, -30],
							"uv": {
								"north": {"uv": [161, 240.5], "uv_size": [0.5, 0.5]},
								"east": {"uv": [141, 203.5], "uv_size": [3.5, 0.5]},
								"south": {"uv": [152, 250.5], "uv_size": [0.5, 0.5]},
								"west": {"uv": [141, 212.5], "uv_size": [3.5, 0.5]},
								"up": {"uv": [127, 230.5], "uv_size": [0.5, 3.5]},
								"down": {"uv": [129, 234], "uv_size": [0.5, -3.5]}
							}
						},
						{
							"origin": [0.19975, 20.09816, -1.6875],
							"size": [0.125, 1.125, 3.375],
							"uv": {
								"north": {"uv": [132, 245.5], "uv_size": [0.5, 1]},
								"east": {"uv": [117, 190.5], "uv_size": [3.5, 1]},
								"south": {"uv": [134, 245.5], "uv_size": [0.5, 1]},
								"west": {"uv": [117, 192.5], "uv_size": [3.5, 1]},
								"up": {"uv": [131, 230.5], "uv_size": [0.5, 3.5]},
								"down": {"uv": [133, 234], "uv_size": [0.5, -3.5]}
							}
						}
					]
				},
				{
					"name": "LeftHand",
					"parent": "LeftForeArm",
					"pivot": [1.45, 19.25, 0]
				},
				{
					"name": "LeftHandLocator",
					"parent": "LeftHand",
					"pivot": [1.45, 19.25, 0.05]
				},
				{
					"name": "SheathLocator",
					"parent": "LeftHand",
					"pivot": [1.45, 19.25, 0.05]
				},
				{
					"name": "LeftWaistLocator",
					"parent": "LeftHand",
					"pivot": [1.45, 19.25, 0.05]
				},
				{
					"name": "RightArm",
					"parent": "Arm",
					"pivot": [-1.9, 33.4, 0],
					"cubes": [
						{
							"origin": [-2.71242, 26.69952, -1.5],
							"size": [2.5, 7.25, 3],
							"uv": {
								"north": {"uv": [49, 155.5], "uv_size": [2.5, 7.5]},
								"east": {"uv": [58, 89.5], "uv_size": [3, 7.5]},
								"south": {"uv": [24, 156.5], "uv_size": [2.5, 7.5]},
								"west": {"uv": [54, 147.5], "uv_size": [3, 7.5]},
								"up": {"uv": [38, 182.5], "uv_size": [2.5, 3]},
								"down": {"uv": [42, 185.5], "uv_size": [2.5, -3]}
							}
						},
						{
							"origin": [-2.77492, 26.66827, -1.5625],
							"size": [2.625, 7.34375, 3.125],
							"uv": {
								"north": {"uv": [28, 156.5], "uv_size": [2.5, 7.5]},
								"east": {"uv": [58, 147.5], "uv_size": [3, 7.5]},
								"south": {"uv": [67, 141.5], "uv_size": [2.5, 7.5]},
								"west": {"uv": [45, 148.5], "uv_size": [3, 7.5]},
								"up": {"uv": [46, 182.5], "uv_size": [2.5, 3]},
								"down": {"uv": [66, 185.5], "uv_size": [2.5, -3]}
							}
						},
						{
							"origin": [-2.51242, 25.79952, -1.1],
							"size": [2.05, 2, 2.2],
							"uv": {
								"north": {"uv": [114, 127.5], "uv_size": [2, 2]},
								"east": {"uv": [39, 203.5], "uv_size": [2, 2]},
								"south": {"uv": [114, 163.5], "uv_size": [2, 2]},
								"west": {"uv": [114, 166.5], "uv_size": [2, 2]},
								"up": {"uv": [113, 203.5], "uv_size": [2, 2]},
								"down": {"uv": [115, 91.5], "uv_size": [2, -2]}
							}
						},
						{
							"origin": [-2.57492, 25.73702, -1.1625],
							"size": [2.175, 2.0625, 2.325],
							"uv": {
								"north": {"uv": [115, 92.5], "uv_size": [2, 2]},
								"east": {"uv": [105, 115.5], "uv_size": [2.5, 2]},
								"south": {"uv": [17, 204.5], "uv_size": [2, 2]},
								"west": {"uv": [105, 118.5], "uv_size": [2.5, 2]},
								"up": {"uv": [105, 121.5], "uv_size": [2, 2.5]},
								"down": {"uv": [36, 197], "uv_size": [2, -2.5]}
							}
						}
					]
				},
				{
					"name": "LiuLian",
					"parent": "RightArm",
					"pivot": [-2.38318, 30.54895, 0],
					"cubes": [
						{
							"origin": [-2.88318, 32.92916, -0.30178],
							"size": [1, 0.5, 0.5],
							"pivot": [-2.38318, 33.05416, -0.17678],
							"rotation": [-45, 0, 0],
							"uv": {
								"north": {"uv": [89, 245.5], "uv_size": [1, 0.5]},
								"east": {"uv": [161, 202.5], "uv_size": [0.5, 0.5]},
								"south": {"uv": [156, 186.5], "uv_size": [1, 0.5]},
								"west": {"uv": [161, 200.5], "uv_size": [0.5, 0.5]},
								"up": {"uv": [99, 246], "uv_size": [-1, -0.5]},
								"down": {"uv": [103, 246], "uv_size": [-1, -0.5]}
							}
						},
						{
							"origin": [-2.88318, 31.92916, -0.30178],
							"size": [1, 0.5, 0.5],
							"pivot": [-2.38318, 32.05416, -0.17678],
							"rotation": [-45, 0, 0],
							"uv": {
								"north": {"uv": [104, 245.5], "uv_size": [1, 0.5]},
								"east": {"uv": [161, 208.5], "uv_size": [0.5, 0.5]},
								"south": {"uv": [106, 245.5], "uv_size": [1, 0.5]},
								"west": {"uv": [161, 204.5], "uv_size": [0.5, 0.5]},
								"up": {"uv": [111, 246], "uv_size": [-1, -0.5]},
								"down": {"uv": [113, 246], "uv_size": [-1, -0.5]}
							}
						},
						{
							"origin": [-2.88318, 30.92916, -0.30178],
							"size": [1, 0.5, 0.5],
							"pivot": [-2.38318, 31.05416, -0.17678],
							"rotation": [-45, 0, 0],
							"uv": {
								"north": {"uv": [114, 245.5], "uv_size": [1, 0.5]},
								"east": {"uv": [161, 212.5], "uv_size": [0.5, 0.5]},
								"south": {"uv": [116, 245.5], "uv_size": [1, 0.5]},
								"west": {"uv": [161, 210.5], "uv_size": [0.5, 0.5]},
								"up": {"uv": [157, 207], "uv_size": [-1, -0.5]},
								"down": {"uv": [119, 246], "uv_size": [-1, -0.5]}
							}
						},
						{
							"origin": [-2.88318, 29.92916, -0.30178],
							"size": [1, 0.5, 0.5],
							"pivot": [-2.38318, 30.05416, -0.17678],
							"rotation": [-45, 0, 0],
							"uv": {
								"north": {"uv": [136, 245.5], "uv_size": [1, 0.5]},
								"east": {"uv": [154, 250.5], "uv_size": [0.5, 0.5]},
								"south": {"uv": [138, 245.5], "uv_size": [1, 0.5]},
								"west": {"uv": [161, 244.5], "uv_size": [0.5, 0.5]},
								"up": {"uv": [140, 245.5], "uv_size": [1, 0.5]},
								"down": {"uv": [142, 246], "uv_size": [1, -0.5]}
							}
						},
						{
							"origin": [-2.88318, 28.92916, -0.30178],
							"size": [1, 0.5, 0.5],
							"pivot": [-2.38318, 29.05416, -0.17678],
							"rotation": [-45, 0, 0],
							"uv": {
								"north": {"uv": [144, 245.5], "uv_size": [1, 0.5]},
								"east": {"uv": [156, 250.5], "uv_size": [0.5, 0.5]},
								"south": {"uv": [146, 245.5], "uv_size": [1, 0.5]},
								"west": {"uv": [158, 250.5], "uv_size": [0.5, 0.5]},
								"up": {"uv": [148, 245.5], "uv_size": [1, 0.5]},
								"down": {"uv": [156, 243], "uv_size": [1, -0.5]}
							}
						},
						{
							"origin": [-2.88318, 27.92916, -0.30178],
							"size": [1, 0.5, 0.5],
							"pivot": [-2.38318, 28.05416, -0.17678],
							"rotation": [-45, 0, 0],
							"uv": {
								"north": {"uv": [0, 246.5], "uv_size": [1, 0.5]},
								"east": {"uv": [160, 250.5], "uv_size": [0.5, 0.5]},
								"south": {"uv": [2, 246.5], "uv_size": [1, 0.5]},
								"west": {"uv": [162, 89.5], "uv_size": [0.5, 0.5]},
								"up": {"uv": [157, 91.5], "uv_size": [1, 0.5]},
								"down": {"uv": [4, 247], "uv_size": [1, -0.5]}
							}
						}
					]
				},
				{
					"name": "RightForeArm",
					"parent": "RightArm",
					"pivot": [-1.46122, 26.39541, 0],
					"cubes": [
						{
							"origin": [-2.71242, 18.44952, -1.5],
							"size": [2.5, 8.25, 3],
							"uv": {
								"north": {"uv": [60, 136.5], "uv_size": [2.5, 8.5]},
								"east": {"uv": [8, 140.5], "uv_size": [3, 8.5]},
								"south": {"uv": [0, 150.5], "uv_size": [2.5, 8.5]},
								"west": {"uv": [51, 104.5], "uv_size": [3, 8.5]},
								"up": {"uv": [93, 178.5], "uv_size": [2.5, 3]},
								"down": {"uv": [93, 185.5], "uv_size": [2.5, -3]}
							}
						},
						{
							"origin": [-2.77492, 20.44952, -1.5625],
							"size": [2.625, 6.28125, 3.125],
							"uv": {
								"north": {"uv": [72, 146.5], "uv_size": [2.5, 6.5]},
								"east": {"uv": [66, 112.5], "uv_size": [3, 6.5]},
								"south": {"uv": [72, 154.5], "uv_size": [2.5, 6.5]},
								"west": {"uv": [66, 120.5], "uv_size": [3, 6.5]},
								"up": {"uv": [7, 183.5], "uv_size": [2.5, 3]},
								"down": {"uv": [20, 186.5], "uv_size": [2.5, -3]}
							}
						}
					]
				},
				{
					"name": "PiDaiZS5",
					"parent": "RightForeArm",
					"pivot": [-1.9806, 20.4024, 0],
					"rotation": [0, 0, -90],
					"cubes": [
						{
							"origin": [-1.12098, 19.99358, -1.625],
							"size": [0.75, 1.26563, 3.25],
							"uv": {
								"north": {"uv": [145, 118.5], "uv_size": [1, 1.5]},
								"east": {"uv": [104, 139.5], "uv_size": [3.5, 1.5]},
								"south": {"uv": [32, 234.5], "uv_size": [1, 1.5]},
								"west": {"uv": [104, 136.5], "uv_size": [3.5, 1.5]},
								"up": {"uv": [82, 210], "uv_size": [-1, -3.5]},
								"down": {"uv": [84, 210], "uv_size": [-1, -3.5]}
							}
						},
						{
							"origin": [-1.24598, 20.19671, -1.6875],
							"size": [0.125, 1.125, 3.375],
							"uv": {
								"north": {"uv": [128, 245.5], "uv_size": [0.5, 1]},
								"east": {"uv": [90, 206.5], "uv_size": [3.5, 1]},
								"south": {"uv": [130, 245.5], "uv_size": [0.5, 1]},
								"west": {"uv": [117, 167.5], "uv_size": [3.5, 1]},
								"up": {"uv": [141.5, 155], "uv_size": [-0.5, -3.5]},
								"down": {"uv": [141.5, 160], "uv_size": [-0.5, -3.5]}
							}
						},
						{
							"origin": [-1.17735, 19.94058, -1.6875],
							"size": [0.125, 0.375, 3.375],
							"pivot": [-0.98985, 20.12808, -0.5],
							"rotation": [0, 0, -30],
							"uv": {
								"north": {"uv": [161, 230.5], "uv_size": [0.5, 0.5]},
								"east": {"uv": [141, 163.5], "uv_size": [3.5, 0.5]},
								"south": {"uv": [161, 232.5], "uv_size": [0.5, 0.5]},
								"west": {"uv": [141, 140.5], "uv_size": [3.5, 0.5]},
								"up": {"uv": [141.5, 184], "uv_size": [-0.5, -3.5]},
								"down": {"uv": [141.5, 189], "uv_size": [-0.5, -3.5]}
							}
						},
						{
							"origin": [-1.05848, 19.87195, -1.6875],
							"size": [0.125, 0.625, 3.375],
							"pivot": [-0.99598, 19.93445, -0.5],
							"rotation": [0, 0, 90],
							"uv": {
								"north": {"uv": [161, 234.5], "uv_size": [0.5, 0.5]},
								"east": {"uv": [141, 170.5], "uv_size": [3.5, 0.5]},
								"south": {"uv": [161, 236.5], "uv_size": [0.5, 0.5]},
								"west": {"uv": [141, 165.5], "uv_size": [3.5, 0.5]},
								"up": {"uv": [99.5, 234], "uv_size": [-0.5, -3.5]},
								"down": {"uv": [118.5, 234], "uv_size": [-0.5, -3.5]}
							}
						},
						{
							"origin": [-0.92984, 20.25168, -1.6875],
							"size": [0.375, 0.375, 3.375],
							"pivot": [-0.74234, 20.43918, -0.5],
							"rotation": [0, 0, 45],
							"uv": {
								"north": {"uv": [161, 238.5], "uv_size": [0.5, 0.5]},
								"east": {"uv": [141, 201.5], "uv_size": [3.5, 0.5]},
								"south": {"uv": [150, 250.5], "uv_size": [0.5, 0.5]},
								"west": {"uv": [141, 172.5], "uv_size": [3.5, 0.5]},
								"up": {"uv": [141.5, 211], "uv_size": [-0.5, -3.5]},
								"down": {"uv": [122.5, 234], "uv_size": [-0.5, -3.5]}
							}
						},
						{
							"origin": [-0.7376, 19.95344, -1.6875],
							"size": [0.125, 0.375, 3.375],
							"pivot": [-0.6751, 19.57844, -0.5],
							"rotation": [0, 0, 30],
							"uv": {
								"north": {"uv": [161, 240.5], "uv_size": [0.5, 0.5]},
								"east": {"uv": [141, 212.5], "uv_size": [3.5, 0.5]},
								"south": {"uv": [152, 250.5], "uv_size": [0.5, 0.5]},
								"west": {"uv": [141, 203.5], "uv_size": [3.5, 0.5]},
								"up": {"uv": [127.5, 234], "uv_size": [-0.5, -3.5]},
								"down": {"uv": [129.5, 234], "uv_size": [-0.5, -3.5]}
							}
						},
						{
							"origin": [-0.37098, 20.19671, -1.6875],
							"size": [0.125, 1.125, 3.375],
							"uv": {
								"north": {"uv": [132, 245.5], "uv_size": [0.5, 1]},
								"east": {"uv": [117, 192.5], "uv_size": [3.5, 1]},
								"south": {"uv": [134, 245.5], "uv_size": [0.5, 1]},
								"west": {"uv": [117, 190.5], "uv_size": [3.5, 1]},
								"up": {"uv": [131.5, 234], "uv_size": [-0.5, -3.5]},
								"down": {"uv": [133.5, 234], "uv_size": [-0.5, -3.5]}
							}
						}
					]
				},
				{
					"name": "PiDaiZS6",
					"parent": "RightForeArm",
					"pivot": [-1.9806, 21.6524, 0],
					"rotation": [0, 0, -90],
					"cubes": [
						{
							"origin": [-1.12098, 21.24358, -1.625],
							"size": [0.75, 1.26563, 3.25],
							"uv": {
								"north": {"uv": [145, 110.5], "uv_size": [1, 1.5]},
								"east": {"uv": [103, 168.5], "uv_size": [3.5, 1.5]},
								"south": {"uv": [145, 115.5], "uv_size": [1, 1.5]},
								"west": {"uv": [103, 165.5], "uv_size": [3.5, 1.5]},
								"up": {"uv": [70, 210], "uv_size": [-1, -3.5]},
								"down": {"uv": [72, 210], "uv_size": [-1, -3.5]}
							}
						},
						{
							"origin": [-1.24598, 21.44671, -1.6875],
							"size": [0.125, 1.125, 3.375],
							"uv": {
								"north": {"uv": [120, 245.5], "uv_size": [0.5, 1]},
								"east": {"uv": [117, 163.5], "uv_size": [3.5, 1]},
								"south": {"uv": [122, 245.5], "uv_size": [0.5, 1]},
								"west": {"uv": [117, 127.5], "uv_size": [3.5, 1]},
								"up": {"uv": [32.5, 233], "uv_size": [-0.5, -3.5]},
								"down": {"uv": [107.5, 233], "uv_size": [-0.5, -3.5]}
							}
						},
						{
							"origin": [-1.17735, 21.19058, -1.6875],
							"size": [0.125, 0.375, 3.375],
							"pivot": [-0.98985, 21.37808, -0.5],
							"rotation": [0, 0, -30],
							"uv": {
								"north": {"uv": [161, 214.5], "uv_size": [0.5, 0.5]},
								"east": {"uv": [140, 205.5], "uv_size": [3.5, 0.5]},
								"south": {"uv": [161, 216.5], "uv_size": [0.5, 0.5]},
								"west": {"uv": [109, 229.5], "uv_size": [3.5, 0.5]},
								"up": {"uv": [114.5, 233], "uv_size": [-0.5, -3.5]},
								"down": {"uv": [116.5, 233], "uv_size": [-0.5, -3.5]}
							}
						},
						{
							"origin": [-1.05848, 21.12195, -1.6875],
							"size": [0.125, 0.625, 3.375],
							"pivot": [-0.99598, 21.18445, -0.5],
							"rotation": [0, 0, 90],
							"uv": {
								"north": {"uv": [161, 218.5], "uv_size": [0.5, 0.5]},
								"east": {"uv": [34, 230.5], "uv_size": [3.5, 0.5]},
								"south": {"uv": [161, 220.5], "uv_size": [0.5, 0.5]},
								"west": {"uv": [139, 229.5], "uv_size": [3.5, 0.5]},
								"up": {"uv": [120.5, 233], "uv_size": [-0.5, -3.5]},
								"down": {"uv": [125.5, 233], "uv_size": [-0.5, -3.5]}
							}
						},
						{
							"origin": [-0.92984, 21.50168, -1.6875],
							"size": [0.375, 0.375, 3.375],
							"pivot": [-0.74234, 21.68918, -0.5],
							"rotation": [0, 0, 45],
							"uv": {
								"north": {"uv": [161, 222.5], "uv_size": [0.5, 0.5]},
								"east": {"uv": [141, 131.5], "uv_size": [3.5, 0.5]},
								"south": {"uv": [161, 224.5], "uv_size": [0.5, 0.5]},
								"west": {"uv": [39, 230.5], "uv_size": [3.5, 0.5]},
								"up": {"uv": [0.5, 234], "uv_size": [-0.5, -3.5]},
								"down": {"uv": [23.5, 234], "uv_size": [-0.5, -3.5]}
							}
						},
						{
							"origin": [-0.7376, 21.20344, -1.6875],
							"size": [0.125, 0.375, 3.375],
							"pivot": [-0.6751, 20.82844, -0.5],
							"rotation": [0, 0, 30],
							"uv": {
								"north": {"uv": [161, 226.5], "uv_size": [0.5, 0.5]},
								"east": {"uv": [141, 136.5], "uv_size": [3.5, 0.5]},
								"south": {"uv": [161, 228.5], "uv_size": [0.5, 0.5]},
								"west": {"uv": [46, 230.5], "uv_size": [3.5, 0.5]},
								"up": {"uv": [54.5, 234], "uv_size": [-0.5, -3.5]},
								"down": {"uv": [56.5, 234], "uv_size": [-0.5, -3.5]}
							}
						},
						{
							"origin": [-0.37098, 21.44671, -1.6875],
							"size": [0.125, 1.125, 3.375],
							"uv": {
								"north": {"uv": [124, 245.5], "uv_size": [0.5, 1]},
								"east": {"uv": [117, 165.5], "uv_size": [3.5, 1]},
								"south": {"uv": [126, 245.5], "uv_size": [0.5, 1]},
								"west": {"uv": [76, 206.5], "uv_size": [3.5, 1]},
								"up": {"uv": [58.5, 234], "uv_size": [-0.5, -3.5]},
								"down": {"uv": [60.5, 234], "uv_size": [-0.5, -3.5]}
							}
						}
					]
				},
				{
					"name": "RightHand",
					"parent": "RightForeArm",
					"pivot": [-1.45, 19.25, 0]
				},
				{
					"name": "RightHandLocator",
					"parent": "RightHand",
					"pivot": [-1.45, 19.25, 0.05]
				},
				{
					"name": "BladeLocator",
					"parent": "RightHand",
					"pivot": [-1.45, 19.25, 0.05]
				}
			]
		}
	]
}