{
	"format_version": "1.8.0",
	"animations": {
		"extra1": {
			"animation_length": 1.375,
			"bones": {
				"UpBody": {
					"rotation": {
						"0.0": [0, 0, 0],
						"0.0417": [-0.03391, 3.91064, -1.87489],
						"0.0833": [-0.29512, 7.08127, -2.52866],
						"0.125": [-0.32902, 7.49282, -2.52154],
						"0.1667": [-0.33767, 3.76654, -1.19755],
						"0.2083": [-0.38233, 1.33125, -0.18026],
						"0.25": [-0.42699, -0.72404, 0.21291],
						"0.2917": [-0.43564, -2.49039, 0.03797],
						"0.3333": [-0.43584, -2.30684, -0.33087],
						"0.375": [-0.43644, -1.05446, -0.56932],
						"0.4167": [-0.43731, 0.59451, -0.66808],
						"0.4583": [-0.43819, 2.51866, -0.61805],
						"0.5": [-0.43879, 4.72129, -0.41069],
						"0.5417": [-0.43899, 7.50932, -0.03833],
						"0.5833": [-0.43876, 7.10977, 0.3623],
						"0.625": [-0.43793, 4.56106, 0.59003],
						"0.6667": [-0.43669, 1.6062, 0.58293],
						"0.7083": [-0.43587, -1.15831, 0.37153],
						"0.75": [-0.43564, -2.49039, 0.03797],
						"0.7917": [-0.43564, -1.89885, -0.23253],
						"0.8333": [-0.43564, -1.72209, -0.31122],
						"0.875": [-0.43564, -1.73311, -0.24534],
						"0.9167": [-0.43564, -1.87491, -0.11664],
						"0.9583": [-0.43564, -2.12803, -0.00519],
						"1.0": [-0.43564, -2.49039, 0.03797]
					}
				},
				"UpperBody": {
					"rotation": {
						"0.0": {
							"post": [0, 0, 0],
							"lerp_mode": "catmullrom"
						},
						"0.125": {
							"post": [0, -1.5, 0],
							"lerp_mode": "catmullrom"
						},
						"0.2917": {
							"post": [-0.02399, -1.0001, -0.49901],
							"lerp_mode": "catmullrom"
						},
						"0.5417": {
							"post": [0.04807, 3.49958, 1.00178],
							"lerp_mode": "catmullrom"
						},
						"0.75": [-0.02399, -1.0001, -0.49901],
						"0.7917": [-0.02399, 1.14339, -0.4991],
						"0.8333": [-0.024, 1.97059, -0.49938],
						"0.875": [-0.024, 2.43844, -0.49979],
						"0.9167": [-0.02401, 2.69725, -0.5002],
						"0.9583": [-0.02401, 2.79841, -0.50048],
						"1.5": {
							"pre": [-0.02402, 2.7499, -0.50058],
							"post": [-0.02402, 2.7499, -0.50058],
							"lerp_mode": "catmullrom"
						}
					}
				},
				"LeftArm": {
					"rotation": {
						"0.0": {
							"post": [0, 0, 0],
							"lerp_mode": "catmullrom"
						},
						"0.125": [-12.25091, -6.71887, 17.58623],
						"0.1667": [-11.39908, -7.02448, 10.19771],
						"0.2083": [-6.9991, -8.60309, 5.08116],
						"0.25": [-2.59912, -10.1817, 0.82901],
						"0.2917": [-1.74729, -10.48732, -2.28514],
						"0.5417": {
							"pre": [-2.66406, -10.29476, 2.79451],
							"post": [-2.66406, -10.29476, 2.79451],
							"lerp_mode": "catmullrom"
						},
						"0.75": [-1.74729, -10.48732, -2.28514],
						"0.7917": [-1.74729, -10.48732, -3.10806],
						"0.8333": [-1.74729, -10.48732, -3.61181],
						"0.875": [-1.74729, -10.48732, -3.69984],
						"0.9167": [-1.74729, -10.48732, -3.44376],
						"0.9583": [-1.74729, -10.48732, -2.94657],
						"1.0": [-1.74729, -10.48732, -2.28514]
					}
				},
				"RightArm": {
					"rotation": {
						"0.0": {
							"post": [0, 0, 0],
							"lerp_mode": "catmullrom"
						},
						"0.0833": {
							"post": [-59.42106, -21.71022, 37.05593],
							"lerp_mode": "catmullrom"
						},
						"0.125": {
							"post": [-73.41928, -8.49163, 94.20785],
							"lerp_mode": "catmullrom"
						},
						"0.2917": {
							"post": [62.34569, 75.04635, 168.42398],
							"lerp_mode": "catmullrom"
						},
						"0.5417": {
							"post": [-71.5683, 83.00411, 75.42083],
							"lerp_mode": "catmullrom"
						},
						"0.75": {
							"post": [40.00135, 81.00522, 145.62559],
							"lerp_mode": "catmullrom"
						}
					}
				},
				"RightForeArm": {
					"rotation": {
						"0.0": [0, 0, 0],
						"0.0417": [-4.072, 0.1226, -0.29885],
						"0.0833": [-20.06372, 1.06713, -2.60116],
						"0.125": [-78.92621, 1.18974, -2.9],
						"0.1667": [-51.36971, 1.18974, -2.9],
						"0.2083": [-21.51789, 1.18974, -2.9],
						"0.25": [-1.51698, 1.18974, -2.9],
						"0.2917": [0.52379, 1.18974, -2.9],
						"0.3333": [-5.3035, 1.18974, -2.9],
						"0.375": [-5.06397, 1.18974, -2.9],
						"0.4167": [-3.18571, 1.18974, -2.9],
						"0.4583": [-2.19363, 1.18974, -2.9],
						"0.5": [-5.23463, 1.18974, -2.9],
						"0.5417": [-21.42621, 1.18974, -2.9],
						"0.5833": [-35.93479, 1.18974, -2.9],
						"0.625": [-34.04018, 1.18974, -2.9],
						"0.6667": [-25.65621, 1.18974, -2.9],
						"0.7083": [-14.30415, 1.18974, -2.9],
						"0.75": [-3.92621, 1.18974, -2.9],
						"0.7917": [2.299, 1.18974, -2.9],
						"0.8333": [5.57495, 1.18974, -2.9],
						"0.875": [5.7414, 1.18974, -2.9],
						"0.9167": [3.81863, 1.18974, -2.9],
						"0.9583": [0.46448, 1.18974, -2.9],
						"1.0": [-3.92621, 1.18974, -2.9]
					},
					"position": [0, 0, 0]
				},
				"Head": {
					"rotation": {
						"0.0": {
							"post": [0, 0, 0],
							"lerp_mode": "catmullrom"
						},
						"0.125": {
							"post": [-0.10912, -7.49286, 2.49762],
							"lerp_mode": "catmullrom"
						},
						"0.2917": {
							"post": [0.54552, 5.02574, -2.42624],
							"lerp_mode": "catmullrom"
						},
						"0.5417": {
							"post": [0.98265, -5.03951, 2.4211],
							"lerp_mode": "catmullrom"
						},
						"0.75": {
							"post": [0.54552, 5.02574, -2.42624],
							"lerp_mode": "catmullrom"
						}
					}
				},
				"ysmGlow_offhand_bow_": {
					"scale": 0
				},
				"RoundShield": {
					"scale": 0
				},
				"black_barrel": {
					"scale": 0
				},
				"LeftForeArm": {
					"position": [0, 0, 0]
				}
			}
		},
		"extra2": {
			"animation_length": 1.5,
			"bones": {
				"Root": {
					"scale": 1
				},
				"UpBody": {
					"rotation": {
						"0.0": [0, 0, 0],
						"0.0833": [0.30154, 8.79463, 1.72251],
						"0.125": [0.55404, 12.48791, 2.56062],
						"0.2083": [0.3047, 12.71256, 2.60542],
						"0.2917": [0.3879, 12.49408, 1.79246],
						"0.3333": [0.54852, 12.26934, 1.88488],
						"0.4167": [0.55404, 12.48791, 2.56062],
						"0.5": [0.3047, 12.71256, 2.60542],
						"0.5833": [0.3879, 12.49408, 1.79246],
						"0.625": [0.54852, 12.26934, 1.88488],
						"0.7083": [0.55404, 12.48791, 2.56062],
						"0.7917": [0.3047, 12.71256, 2.60542],
						"0.8333": [0.3879, 12.49408, 1.79246],
						"0.9167": [0.54852, 12.26934, 1.88488],
						"1.0": [0.55404, 12.48791, 2.56062]
					}
				},
				"UpperBody": {
					"rotation": {
						"0.0": {
							"post": [0, 0, 0],
							"lerp_mode": "catmullrom"
						},
						"0.2917": {
							"post": [-0.03935, 4.49983, -0.50155],
							"lerp_mode": "catmullrom"
						},
						"0.4167": {
							"post": [0, 0.5, 0],
							"lerp_mode": "catmullrom"
						},
						"0.5833": {
							"post": [-0.03935, 4.49983, -0.50155],
							"lerp_mode": "catmullrom"
						},
						"0.7083": {
							"post": [0, 0.5, 0],
							"lerp_mode": "catmullrom"
						},
						"0.8333": {
							"post": [0, 2.5, 0],
							"lerp_mode": "catmullrom"
						},
						"1.0": {
							"post": [0, 0.5, 0],
							"lerp_mode": "catmullrom"
						}
					}
				},
				"LeftArm": {
					"rotation": {
						"0.0": {
							"post": [0, 0, 0],
							"lerp_mode": "catmullrom"
						},
						"0.125": {
							"post": [-59.37411, 31.46067, -44.33946],
							"lerp_mode": "catmullrom"
						},
						"0.2917": {
							"post": [-60.01498, 34.88013, -45.41058],
							"lerp_mode": "catmullrom"
						},
						"0.4167": {
							"post": [-67.89729, 33.23008, -48.58633],
							"lerp_mode": "catmullrom"
						},
						"0.5833": {
							"post": [-59.37411, 31.46067, -44.33946],
							"lerp_mode": "catmullrom"
						},
						"0.625": {
							"post": [-60.01498, 34.88013, -45.41058],
							"lerp_mode": "catmullrom"
						},
						"0.7083": {
							"post": [-67.89729, 33.23008, -48.58633],
							"lerp_mode": "catmullrom"
						},
						"0.8333": {
							"post": [-59.37411, 31.46067, -44.33946],
							"lerp_mode": "catmullrom"
						},
						"0.9167": {
							"post": [-60.01498, 34.88013, -45.41058],
							"lerp_mode": "catmullrom"
						},
						"1.0": {
							"post": [-67.89729, 33.23008, -48.58633],
							"lerp_mode": "catmullrom"
						}
					}
				},
				"LeftForeArm": {
					"rotation": {
						"0.0": {
							"post": [0, 0, 0],
							"lerp_mode": "catmullrom"
						},
						"0.125": {
							"post": [-57.5, 0, 0],
							"lerp_mode": "catmullrom"
						},
						"0.2917": {
							"post": [-52.5, 0, 0],
							"lerp_mode": "catmullrom"
						},
						"0.4167": {
							"post": [-57.5, 0, 0],
							"lerp_mode": "catmullrom"
						},
						"0.5833": {
							"post": [-57.5, 0, 0],
							"lerp_mode": "catmullrom"
						},
						"0.625": {
							"post": [-52.5, 0, 0],
							"lerp_mode": "catmullrom"
						},
						"0.7083": {
							"post": [-57.5, 0, 0],
							"lerp_mode": "catmullrom"
						},
						"0.8333": {
							"post": [-57.5, 0, 0],
							"lerp_mode": "catmullrom"
						},
						"0.9167": {
							"post": [-52.5, 0, 0],
							"lerp_mode": "catmullrom"
						},
						"1.0": {
							"post": [-57.5, 0, 0],
							"lerp_mode": "catmullrom"
						}
					},
					"position": [0, 1.2, 0.1]
				},
				"RightArm": {
					"rotation": {
						"0.0": {
							"post": [0, 0, 0],
							"lerp_mode": "catmullrom"
						},
						"0.125": {
							"post": [-65.61482, -1.0823, 78.81763],
							"lerp_mode": "catmullrom"
						},
						"0.2917": {
							"post": [-67.81604, 1.71605, 47.4038],
							"lerp_mode": "catmullrom"
						},
						"0.4167": {
							"post": [-74.59409, -20.31435, 65.81328],
							"lerp_mode": "catmullrom"
						},
						"0.5833": {
							"post": [-65.61482, -1.0823, 78.81763],
							"lerp_mode": "catmullrom"
						},
						"0.625": {
							"post": [-67.81604, 1.71605, 47.4038],
							"lerp_mode": "catmullrom"
						},
						"0.7083": {
							"post": [-74.59409, -20.31435, 65.81328],
							"lerp_mode": "catmullrom"
						},
						"0.8333": {
							"post": [-65.61482, -1.0823, 78.81763],
							"lerp_mode": "catmullrom"
						},
						"0.9167": {
							"post": [-67.81604, 1.71605, 47.4038],
							"lerp_mode": "catmullrom"
						},
						"1.0": {
							"post": [-74.59409, -20.31435, 65.81328],
							"lerp_mode": "catmullrom"
						}
					}
				},
				"RightForeArm": {
					"rotation": {
						"0.0": {
							"post": [0, 0, 0],
							"lerp_mode": "catmullrom"
						},
						"0.125": {
							"post": [-75, 0, 0],
							"lerp_mode": "catmullrom"
						},
						"0.2917": {
							"post": [-74.77926, 9.65594, 2.61298],
							"lerp_mode": "catmullrom"
						},
						"0.4167": {
							"post": [-62.5, 0, 0],
							"lerp_mode": "catmullrom"
						},
						"0.5833": {
							"post": [-75, 0, 0],
							"lerp_mode": "catmullrom"
						},
						"0.625": {
							"post": [-74.77926, 9.65594, 2.61298],
							"lerp_mode": "catmullrom"
						},
						"0.7083": {
							"post": [-62.5, 0, 0],
							"lerp_mode": "catmullrom"
						},
						"0.8333": {
							"post": [-75, 0, 0],
							"lerp_mode": "catmullrom"
						},
						"0.9167": {
							"post": [-74.77926, 9.65594, 2.61298],
							"lerp_mode": "catmullrom"
						},
						"1.0": {
							"post": [-62.5, 0, 0],
							"lerp_mode": "catmullrom"
						}
					},
					"position": [0, 0, 0]
				},
				"AllBody": {
					"scale": 1
				},
				"Head": {
					"rotation": {
						"0.0": [0, 0, 0],
						"0.125": [0.39753, -13.49938, -1.03041]
					}
				},
				"ysmGlow_offhand_bow_": {
					"scale": 0
				},
				"RoundShield": {
					"scale": 0
				},
				"black_barrel": {
					"scale": 0
				}
			}
		},
		"extra3": {
			"animation_length": 1.5,
			"bones": {
				"Root": {
					"position": {
						"0.0": {
							"post": [0, 0, 0],
							"lerp_mode": "catmullrom"
						},
						"0.25": {
							"post": [0, -0.25, 0],
							"lerp_mode": "catmullrom"
						}
					},
					"scale": {
						"0.0": {
							"post": [1, 1, 1],
							"lerp_mode": "catmullrom"
						}
					}
				},
				"UpBody": {
					"rotation": {
						"0.0": {
							"post": [0, 0, 0],
							"lerp_mode": "catmullrom"
						},
						"0.1667": {
							"post": [-2.5, 0, 0],
							"lerp_mode": "catmullrom"
						},
						"0.3333": {
							"post": [-4, 0, 0],
							"lerp_mode": "catmullrom"
						},
						"0.4167": {
							"post": [-3, 0, 0],
							"lerp_mode": "catmullrom"
						},
						"0.6667": {
							"post": [-3.5, 0, 0],
							"lerp_mode": "catmullrom"
						},
						"0.8333": {
							"post": [-4, 0, 0],
							"lerp_mode": "catmullrom"
						}
					}
				},
				"UpperBody": {
					"rotation": {
						"0.0": {
							"post": [0, 0, 0],
							"lerp_mode": "catmullrom"
						},
						"0.25": {
							"post": [-5, 0, 0],
							"lerp_mode": "catmullrom"
						},
						"0.4167": {
							"post": [5, 0, 0],
							"lerp_mode": "catmullrom"
						},
						"0.6667": {
							"post": [4.25, 0, 0],
							"lerp_mode": "catmullrom"
						},
						"0.8333": {
							"post": [5, 0, 0],
							"lerp_mode": "catmullrom"
						}
					}
				},
				"LeftArm": {
					"rotation": {
						"0.0": {
							"post": [0, 0, 0],
							"lerp_mode": "catmullrom"
						},
						"0.25": {
							"post": [-87.85882, 4.61451, -80.51949],
							"lerp_mode": "catmullrom"
						},
						"0.4167": {
							"post": [-98.55733, 36.48777, -85.68129],
							"lerp_mode": "catmullrom"
						}
					}
				},
				"LeftForeArm": {
					"rotation": {
						"0.0": {
							"post": [0, 0, 0],
							"lerp_mode": "catmullrom"
						},
						"0.25": {
							"post": [-105, 0, 0],
							"lerp_mode": "catmullrom"
						}
					},
					"position": {
						"0.0833": [0, 0, 0],
						"0.25": [0, 0.67615, 0.18117]
					}
				},
				"RightArm": {
					"rotation": {
						"0.0": {
							"post": [0, 0, 0],
							"lerp_mode": "catmullrom"
						},
						"0.25": {
							"post": [-84.83476, -27.0478, 78.75686],
							"lerp_mode": "catmullrom"
						},
						"0.4167": {
							"post": [-95.77005, -45.85387, 82.64597],
							"lerp_mode": "catmullrom"
						}
					}
				},
				"RightForeArm": {
					"rotation": {
						"0.0": {
							"post": [0, 0, 0],
							"lerp_mode": "catmullrom"
						},
						"0.25": {
							"post": [-105, 0, 0],
							"lerp_mode": "catmullrom"
						},
						"0.4167": {
							"post": [-100, 0, 0],
							"lerp_mode": "catmullrom"
						}
					},
					"position": {
						"0.0833": [0, 0, 0],
						"0.25": [0, 0.67615, 0.18117]
					}
				},
				"LeftLeg": {
					"rotation": {
						"0.0": {
							"post": [0, 0, 0],
							"lerp_mode": "catmullrom"
						},
						"0.25": {
							"post": [0, -5, -5],
							"lerp_mode": "catmullrom"
						}
					}
				},
				"LeftFoot": {
					"rotation": {
						"0.0": {
							"post": [0, 0, 0],
							"lerp_mode": "catmullrom"
						},
						"0.25": {
							"post": [0, -5, 5],
							"lerp_mode": "catmullrom"
						}
					}
				},
				"RightLeg": {
					"rotation": {
						"0.0": {
							"post": [0, 0, 0],
							"lerp_mode": "catmullrom"
						},
						"0.25": {
							"post": [0, 5, 5],
							"lerp_mode": "catmullrom"
						}
					}
				},
				"RightFoot": {
					"rotation": {
						"0.0": {
							"post": [0, 0, 0],
							"lerp_mode": "catmullrom"
						},
						"0.25": {
							"post": [0, 5, -5],
							"lerp_mode": "catmullrom"
						}
					}
				},
				"AllBody": {
					"scale": 1
				},
				"Head": {
					"rotation": {
						"0.0": [0, 0, 0],
						"0.0833": [1.77084, 0, 0],
						"0.1667": [4.01873, 0, 0],
						"0.25": [-4.7, 0, 0],
						"0.3333": [-4.92143, 0, 0],
						"0.4167": [17.5, 0, 0],
						"0.5": [20.09526, 0, 0],
						"0.5833": [11.799, 0, 0],
						"0.6667": [-4.7, 0, 0],
						"0.75": [-3.67156, 0, 0],
						"0.8333": [17.5, 0, 0],
						"0.9167": [21.79995, 0, 0],
						"1.0": [5, 0, 0]
					}
				},
				"ysmGlow_offhand_bow_": {
					"scale": 0
				},
				"RoundShield": {
					"scale": 0
				},
				"black_barrel": {
					"scale": 0
				}
			}
		},
		"extra4": {
			"animation_length": 1.5,
			"bones": {
				"Root": {
					"position": {
						"0.0": {
							"post": [0, 0, 0],
							"lerp_mode": "catmullrom"
						},
						"0.25": {
							"post": [0, -0.25, 0],
							"lerp_mode": "catmullrom"
						}
					},
					"scale": {
						"0.0": {
							"post": [1, 1, 1],
							"lerp_mode": "catmullrom"
						}
					}
				},
				"UpBody": {
					"rotation": {
						"0.0": {
							"post": [0, 0, 0],
							"lerp_mode": "catmullrom"
						},
						"0.1667": {
							"post": [-2.5, 0, 0],
							"lerp_mode": "catmullrom"
						},
						"0.3333": {
							"post": [-3, 0, 0],
							"lerp_mode": "catmullrom"
						},
						"0.4167": {
							"post": [-2, 0, 0],
							"lerp_mode": "catmullrom"
						},
						"0.6667": {
							"post": [-2.5, 0, 0],
							"lerp_mode": "catmullrom"
						},
						"0.8333": {
							"post": [-3, 0, 0],
							"lerp_mode": "catmullrom"
						}
					}
				},
				"UpperBody": {
					"rotation": {
						"0.0": {
							"post": [0, 0, 0],
							"lerp_mode": "catmullrom"
						},
						"0.25": {
							"post": [-5.01372, 2.9838, -0.37109],
							"lerp_mode": "catmullrom"
						},
						"0.4167": {
							"post": [5.01215, -2.33475, -0.34919],
							"lerp_mode": "catmullrom"
						},
						"0.6667": {
							"post": [4.25682, 1.21605, 0.24111],
							"lerp_mode": "catmullrom"
						},
						"0.8333": {
							"post": [5.00384, -2.24143, -0.1962],
							"lerp_mode": "catmullrom"
						}
					}
				},
				"LeftArm": {
					"rotation": {
						"0.0": {
							"post": [0, 0, 0],
							"lerp_mode": "catmullrom"
						},
						"0.25": {
							"post": [-87.85882, 4.61451, -80.51949],
							"lerp_mode": "catmullrom"
						},
						"0.4167": {
							"post": [-98.55733, 36.48777, -85.68129],
							"lerp_mode": "catmullrom"
						}
					}
				},
				"LeftForeArm": {
					"rotation": {
						"0.0": {
							"post": [0, 0, 0],
							"lerp_mode": "catmullrom"
						},
						"0.25": {
							"post": [-105, 0, 0],
							"lerp_mode": "catmullrom"
						}
					},
					"position": {
						"0.0833": [0, 0, 0],
						"0.25": [0, 0.67615, 0.18117]
					}
				},
				"RightArm": {
					"rotation": {
						"0.0": {
							"post": [0, 0, 0],
							"lerp_mode": "catmullrom"
						},
						"0.25": {
							"post": [-84.83476, -27.0478, 78.75686],
							"lerp_mode": "catmullrom"
						},
						"0.4167": {
							"post": [-95.77005, -45.85387, 82.64597],
							"lerp_mode": "catmullrom"
						}
					}
				},
				"RightForeArm": {
					"rotation": {
						"0.0": {
							"post": [0, 0, 0],
							"lerp_mode": "catmullrom"
						},
						"0.25": {
							"post": [-105, 0, 0],
							"lerp_mode": "catmullrom"
						},
						"0.4167": {
							"post": [-100, 0, 0],
							"lerp_mode": "catmullrom"
						}
					},
					"position": {
						"0.0833": [0, 0, 0],
						"0.25": [0, 0.67615, 0.18117]
					}
				},
				"LeftLeg": {
					"rotation": {
						"0.0": {
							"post": [0, 0, 0],
							"lerp_mode": "catmullrom"
						},
						"0.25": {
							"post": [0, -5, -5],
							"lerp_mode": "catmullrom"
						}
					}
				},
				"LeftFoot": {
					"rotation": {
						"0.0": {
							"post": [0, 0, 0],
							"lerp_mode": "catmullrom"
						},
						"0.25": {
							"post": [0, -5, 5],
							"lerp_mode": "catmullrom"
						}
					}
				},
				"RightLeg": {
					"rotation": {
						"0.0": {
							"post": [0, 0, 0],
							"lerp_mode": "catmullrom"
						},
						"0.25": {
							"post": [0, 5, 5],
							"lerp_mode": "catmullrom"
						}
					}
				},
				"RightFoot": {
					"rotation": {
						"0.0": {
							"post": [0, 0, 0],
							"lerp_mode": "catmullrom"
						},
						"0.25": {
							"post": [0, 5, -5],
							"lerp_mode": "catmullrom"
						}
					}
				},
				"AllBody": {
					"scale": 1
				},
				"Head": {
					"rotation": {
						"0.0": [0, 0, 0],
						"0.0833": [12.5, 0, 0],
						"0.1667": [12.7931, 13.51805, 3.54067],
						"0.25": [13.08619, 20.37228, 3.90399],
						"0.3333": [13.02579, -0.16859, 1.84312],
						"0.4167": [12.56041, -10.02382, -0.08408],
						"0.5": [12.5, 0, 0],
						"0.5833": [12.7931, 24.77059, 3.54067],
						"0.6667": [13.08619, 17.07228, 3.90399],
						"0.75": [12.85958, 4.71206, 0.5573],
						"0.8333": [12.60443, -7.32123, -1.63219],
						"0.9167": [12.60443, -10.01867, -1.9225],
						"1.0": [12.60443, -7.32123, -1.63219]
					}
				},
				"ysmGlow_offhand_bow_": {
					"scale": 0
				},
				"RoundShield": {
					"scale": 0
				},
				"black_barrel": {
					"scale": 0
				}
			}
		},
		"extra5": {
			"animation_length": 1,
			"bones": {
				"Root": {
					"rotation": {
						"0.0": {
							"post": [0, 0, 0],
							"lerp_mode": "catmullrom"
						},
						"0.3333": {
							"post": [0, -20, 0],
							"lerp_mode": "catmullrom"
						}
					},
					"position": {
						"0.0": [0, 0, 0],
						"0.0417": [-0.01826, -0.05122, -0.14633],
						"0.0833": [-0.06254, -0.16855, -0.41346],
						"0.125": [-0.12163, -0.3249, -0.79281],
						"0.1667": [-0.1875, -0.50772, -1.27482],
						"0.2083": [-0.25337, -0.70978, -1.84719],
						"0.25": [-0.31246, -0.92608, -2.49039],
						"0.2917": [-0.35674, -1.15186, -3.16128],
						"0.3333": [-0.375, -1.375, -3.675],
						"0.375": [-0.375, -1.54582, -3.75114],
						"0.4167": [-0.375, -1.50564, -3.7054],
						"0.4583": [-0.375, -1.375, -3.675]
					},
					"scale": {
						"0.0": {
							"post": [1, 1, 1],
							"lerp_mode": "catmullrom"
						}
					}
				},
				"UpBody": {
					"rotation": {
						"0.0": [0, 0, 0],
						"0.0417": [0.01174, 11.1732, 0.00026],
						"0.0833": [0.04276, 15.37257, 0.00096],
						"0.125": [0.0859, 16.83369, 0.00192],
						"0.1667": [0.13318, 16.96005, 0.00298],
						"0.2083": [0.17633, 16.44034, 0.00394],
						"0.2917": [0.21909, 14.99048, 0.0049],
						"0.375": {
							"pre": [-8.59255, -10.34495, -1.16423],
							"post": [-8.59255, -10.34495, -1.16423],
							"lerp_mode": "catmullrom"
						},
						"0.4583": {
							"post": [-8.20156, -10.72575, -3.84805],
							"lerp_mode": "catmullrom"
						}
					}
				},
				"UpperBody": {
					"rotation": {
						"0.0": [0, 0, 0],
						"0.0417": [-0.72116, 3.65767, -0.01691],
						"0.0833": [-1.40299, 6.3144, -0.72116],
						"0.125": [-2.02507, 8.25192, -1.90892],
						"0.1667": [-2.55025, 9.54815, -3.38647],
						"0.2083": [-2.90052, 10.14096, -4.95903],
						"0.25": [-2.85823, 9.70327, -6.41858],
						"0.2917": [-0.65426, 4.95712, -7.52832],
						"0.3333": [5.83922, -10.85293, -6.66635],
						"0.375": [8.96506, -17.36218, 9.11495],
						"0.4167": [9.53234, -11.50382, 11.91238],
						"0.4583": [8.58647, -5.00731, 11.05521]
					}
				},
				"LeftArm": {
					"rotation": {
						"0.0": {
							"post": [0, 0, 0],
							"lerp_mode": "catmullrom"
						},
						"0.25": {
							"post": [-67.73749, -4.55749, -54.03725],
							"lerp_mode": "catmullrom"
						},
						"0.375": {
							"post": [40.18099, 2.05164, -12.84903],
							"lerp_mode": "catmullrom"
						},
						"0.4583": {
							"post": [41.8045, 2.0833, -15.50787],
							"lerp_mode": "catmullrom"
						}
					}
				},
				"LeftForeArm": {
					"rotation": {
						"0.0": {
							"post": [0, 0, 0],
							"lerp_mode": "catmullrom"
						},
						"0.25": {
							"post": [-85, 0, 0],
							"lerp_mode": "catmullrom"
						},
						"0.375": {
							"post": [-115, 0, 0],
							"lerp_mode": "catmullrom"
						},
						"0.4583": {
							"post": [-110.5, 0, 0],
							"lerp_mode": "catmullrom"
						}
					},
					"position": {
						"0.125": [0, 0, 0],
						"0.25": [0, 0.4981, -0.04358],
						"0.375": [0, 0.95315, 0.17131]
					}
				},
				"RightArm": {
					"rotation": {
						"0.0": {
							"post": [0, 0, 0],
							"lerp_mode": "catmullrom"
						},
						"0.25": {
							"post": [40.93314, 36.80848, 64.60554],
							"lerp_mode": "catmullrom"
						},
						"0.375": {
							"post": [-119.31175, 46.15073, 6.4512],
							"lerp_mode": "catmullrom"
						},
						"0.4583": {
							"post": [-110.81699, 44.56049, 19.26117],
							"lerp_mode": "catmullrom"
						}
					}
				},
				"RightForeArm": {
					"rotation": {
						"0.0": {
							"post": [0, 0, 0],
							"lerp_mode": "catmullrom"
						},
						"0.25": {
							"post": [-112.5, 0, 0],
							"lerp_mode": "catmullrom"
						},
						"0.375": {
							"post": [-15, 0, 0],
							"lerp_mode": "catmullrom"
						},
						"0.4583": {
							"post": [-20, 0, 0],
							"lerp_mode": "catmullrom"
						}
					},
					"position": [0, 0, 0]
				},
				"LeftLeg": {
					"rotation": {
						"0.0": {
							"post": [0, 0, 0],
							"lerp_mode": "catmullrom"
						},
						"0.3333": [-8.62435, -13.62998, -2.24027],
						"0.375": [-9.21873, -15.21227, -2.26711],
						"0.4167": [-9.07498, -14.74765, -2.47386],
						"0.4583": [-8.31416, -13.62303, -2.5007]
					}
				},
				"LeftLowerLeg": {
					"rotation": {
						"0.0": {
							"post": [0, 0, 0],
							"lerp_mode": "catmullrom"
						},
						"0.3333": [40, 0, 0],
						"0.375": [41.41459, 0, 0],
						"0.4167": [41.79314, 0, 0],
						"0.4583": [40, 0, 0]
					}
				},
				"LeftFoot": {
					"rotation": {
						"0.0": {
							"post": [0, 0, 0],
							"lerp_mode": "catmullrom"
						},
						"0.3333": {
							"post": [-24.74777, 0.1194, 0.49341],
							"lerp_mode": "catmullrom"
						}
					}
				},
				"RightLeg": {
					"rotation": {
						"0.0": {
							"post": [0, 0, 0],
							"lerp_mode": "catmullrom"
						},
						"0.125": {
							"post": [-13.82143, 7.5, 0],
							"lerp_mode": "catmullrom"
						},
						"0.2917": {
							"post": [-45, 20, 0],
							"lerp_mode": "catmullrom"
						},
						"0.3333": {
							"post": [-35, 22.5, -0.00001],
							"lerp_mode": "catmullrom"
						}
					}
				},
				"RightLowerLeg": {
					"rotation": {
						"0.0": {
							"post": [0, 0, 0],
							"lerp_mode": "catmullrom"
						},
						"0.125": {
							"post": [31.79, 0, 0],
							"lerp_mode": "catmullrom"
						},
						"0.2917": {
							"post": [60, 0, 0],
							"lerp_mode": "catmullrom"
						},
						"0.3333": {
							"post": [37.5, 0, 0],
							"lerp_mode": "catmullrom"
						}
					}
				},
				"RightFoot": {
					"rotation": {
						"0.0": {
							"post": [0, 0, 0],
							"lerp_mode": "catmullrom"
						},
						"0.125": {
							"post": [-9.64, 0, 0],
							"lerp_mode": "catmullrom"
						},
						"0.2917": {
							"post": [-5, 0, 0],
							"lerp_mode": "catmullrom"
						},
						"0.3333": {
							"post": [0, 0, 0],
							"lerp_mode": "catmullrom"
						}
					}
				},
				"AllBody": {
					"scale": 1
				},
				"Head": {
					"rotation": {
						"0.0": {
							"post": [0, 0, 0],
							"lerp_mode": "catmullrom"
						},
						"0.25": {
							"post": [6.81895, -8.12356, 5.00749],
							"lerp_mode": "catmullrom"
						},
						"0.375": {
							"post": [14.36123, 31.79305, 8.11991],
							"lerp_mode": "catmullrom"
						},
						"0.4583": {
							"post": [13.14995, 22.07793, 5.45591],
							"lerp_mode": "catmullrom"
						}
					}
				},
				"bletB": {
					"rotation": {
						"0.0": {
							"post": [0, 0, 0],
							"lerp_mode": "catmullrom"
						},
						"0.125": {
							"post": [3, 0, 0],
							"lerp_mode": "catmullrom"
						},
						"0.2917": {
							"post": [3, 0, 0],
							"lerp_mode": "catmullrom"
						},
						"0.4167": {
							"post": [-13, 0, 0],
							"lerp_mode": "catmullrom"
						},
						"0.7083": {
							"post": [-5, 0, 0],
							"lerp_mode": "catmullrom"
						}
					}
				},
				"beltC": {
					"rotation": {
						"0.2917": {
							"pre": [0, 0, 0],
							"post": [0, 0, 0],
							"lerp_mode": "catmullrom"
						},
						"0.4167": {
							"post": [-4, 0, 0],
							"lerp_mode": "catmullrom"
						},
						"0.7083": {
							"post": [-2, 0, 0],
							"lerp_mode": "catmullrom"
						}
					}
				},
				"RskirtA": {
					"rotation": {
						"0.125": {
							"pre": [-6, 0, 0],
							"post": [-6, 0, 0],
							"lerp_mode": "catmullrom"
						},
						"0.25": {
							"post": [-20, 0, 0],
							"lerp_mode": "catmullrom"
						},
						"0.375": {
							"post": [-22, 0, 0],
							"lerp_mode": "catmullrom"
						},
						"0.5": {
							"post": [-14, 0, 0],
							"lerp_mode": "catmullrom"
						},
						"0.75": {
							"post": [-5, 0, 0],
							"lerp_mode": "catmullrom"
						}
					}
				},
				"RskirtA1": {
					"rotation": {
						"0.0": {
							"post": [0, 0, 0],
							"lerp_mode": "catmullrom"
						},
						"0.125": {
							"post": [-6, 0, 0],
							"lerp_mode": "catmullrom"
						},
						"0.25": {
							"post": [-17, 0, 0],
							"lerp_mode": "catmullrom"
						},
						"0.375": {
							"post": [-19, 0, 0],
							"lerp_mode": "catmullrom"
						},
						"0.5": {
							"post": [-11, 0, 0],
							"lerp_mode": "catmullrom"
						},
						"0.75": {
							"post": [-4, 0, 0],
							"lerp_mode": "catmullrom"
						}
					}
				},
				"RskirtA2": {
					"rotation": {
						"0.0": {
							"post": [0, 0, 0],
							"lerp_mode": "catmullrom"
						},
						"0.125": {
							"post": [-5, 0, 0],
							"lerp_mode": "catmullrom"
						},
						"0.25": {
							"post": [-10, 0, 0],
							"lerp_mode": "catmullrom"
						},
						"0.375": {
							"post": [-9, 0, 0],
							"lerp_mode": "catmullrom"
						},
						"0.5": {
							"post": [-7, 0, 0],
							"lerp_mode": "catmullrom"
						},
						"0.75": {
							"post": [-4, 0, 0],
							"lerp_mode": "catmullrom"
						}
					}
				},
				"RskirtA3": {
					"rotation": {
						"0.0": {
							"post": [0, 0, 0],
							"lerp_mode": "catmullrom"
						},
						"0.125": {
							"post": [1, 0, 0],
							"lerp_mode": "catmullrom"
						},
						"0.25": {
							"post": [-2, 0, 0],
							"lerp_mode": "catmullrom"
						},
						"0.375": {
							"post": [-5, 0, 0],
							"lerp_mode": "catmullrom"
						},
						"0.5": {
							"post": [-3, 0, 0],
							"lerp_mode": "catmullrom"
						},
						"0.75": {
							"post": [-5, 0, 0],
							"lerp_mode": "catmullrom"
						}
					}
				},
				"LskirtA1": {
					"rotation": {
						"0.0": {
							"post": [0, 0, 0],
							"lerp_mode": "catmullrom"
						},
						"0.125": {
							"post": [3, 0, 0],
							"lerp_mode": "catmullrom"
						},
						"0.2917": {
							"post": [3, 0, 0],
							"lerp_mode": "catmullrom"
						},
						"0.4167": {
							"post": [-13, 0, 0],
							"lerp_mode": "catmullrom"
						},
						"0.7083": {
							"post": [-5, 0, 0],
							"lerp_mode": "catmullrom"
						}
					}
				},
				"LskirtA2": {
					"rotation": {
						"0.2917": {
							"pre": [0, 0, 0],
							"post": [0, 0, 0],
							"lerp_mode": "catmullrom"
						},
						"0.4167": {
							"post": [-4, 0, 0],
							"lerp_mode": "catmullrom"
						},
						"0.7083": {
							"post": [-2, 0, 0],
							"lerp_mode": "catmullrom"
						}
					}
				},
				"LskirtA3": {
					"rotation": {
						"0.2917": {
							"pre": [0, 0, 0],
							"post": [0, 0, 0],
							"lerp_mode": "catmullrom"
						},
						"0.4167": {
							"post": [-7, 0, 0],
							"lerp_mode": "catmullrom"
						},
						"0.7083": {
							"post": [1, 0, 0],
							"lerp_mode": "catmullrom"
						}
					}
				},
				"ysmGlow_offhand_bow_": {
					"scale": 0
				},
				"RoundShield": {
					"scale": 0
				},
				"black_barrel": {
					"scale": 0
				}
			}
		},
		"extra6": {
			"loop": true,
			"timeline": {
				"0.0": "v.extra6=1;"
			}
		},
		"extra6_": {
			"animation_length": 8.5,
			"bones": {
				"UpBody": {
					"rotation": {
						"0.0": [0, 0, 0],
						"4.0": [0, 0, 0],
						"8.0": [0, 0, 0]
					},
					"position": {
						"0.0": {
							"post": [0, 0, 0],
							"lerp_mode": "catmullrom"
						},
						"0.9167": {
							"post": [0, 0.08201, 0],
							"lerp_mode": "catmullrom"
						},
						"2.0": {
							"post": [0, 0, 0],
							"lerp_mode": "catmullrom"
						},
						"3.0": {
							"post": [0, -0.07584, 0],
							"lerp_mode": "catmullrom"
						},
						"4.0": {
							"post": [0, 0, 0],
							"lerp_mode": "catmullrom"
						},
						"4.9167": {
							"post": [0, 0.08201, 0],
							"lerp_mode": "catmullrom"
						},
						"6.0": {
							"post": [0, 0, 0],
							"lerp_mode": "catmullrom"
						},
						"7.0": {
							"post": [0, -0.07584, 0],
							"lerp_mode": "catmullrom"
						},
						"8.0": {
							"post": [0, 0, 0],
							"lerp_mode": "catmullrom"
						}
					}
				},
				"Head": {
					"rotation": {
						"0.0": ["23+math.min(ysm.head_pitch+40,0)", 0, 0],
						"3.875": {
							"pre": ["23+math.min(ysm.head_pitch+40,0)", 0, 0],
							"post": ["23+math.min(ysm.head_pitch+40,0)", 0, 0],
							"lerp_mode": "catmullrom"
						},
						"5.0": {
							"post": ["-5+math.min(ysm.head_pitch+40,0)", 0, 0],
							"lerp_mode": "catmullrom"
						},
						"6.25": {
							"post": ["-5+math.min(ysm.head_pitch+40,0)", 0, 0],
							"lerp_mode": "catmullrom"
						},
						"7.25": {
							"post": ["0+math.min(ysm.head_pitch+40,0)", 0, 0],
							"lerp_mode": "catmullrom"
						}
					}
				},
				"LeftArm": {
					"rotation": {
						"0.0": {
							"post": [-29.91, 2.5, 4.33],
							"lerp_mode": "catmullrom"
						},
						"2.0": {
							"post": [-31.91, 2.5, 4.33],
							"lerp_mode": "catmullrom"
						},
						"4.0": {
							"post": [-29.9055, 2.49762, 4.33287],
							"lerp_mode": "catmullrom"
						},
						"5.0": {
							"post": [0, 0, 0],
							"lerp_mode": "catmullrom"
						}
					}
				},
				"LeftForeArm": {
					"rotation": {
						"0.0": {
							"post": [-39.96914, 14.55568, 20.50774],
							"lerp_mode": "catmullrom"
						},
						"2.0": {
							"post": [-39.97, 14.56, 20.51],
							"lerp_mode": "catmullrom"
						},
						"5.0": {
							"post": [0, 0, 0],
							"lerp_mode": "catmullrom"
						}
					},
					"position": {
						"0.0": [-0.39116, -0.26281, -0.26061],
						"2.0": {
							"pre": [-0.39, -0.26, -0.26],
							"post": [-0.39, -0.26, -0.26],
							"lerp_mode": "catmullrom"
						},
						"5.0": {
							"post": [0, 0, 0],
							"lerp_mode": "catmullrom"
						}
					}
				},
				"RightArm": {
					"rotation": {
						"0.0": [-29.9055, -2.49762, -4.33287],
						"2.0": [-31.91, -2.5, -4.33],
						"4.0": {
							"pre": [-29.9055, -2.49762, -4.33287],
							"post": [-29.9055, -2.49762, -4.33287],
							"lerp_mode": "catmullrom"
						},
						"5.0": {
							"post": [-101.50289, 12.13588, -16.43506],
							"lerp_mode": "catmullrom"
						},
						"6.5": {
							"post": [-101.5, 12.14, -16.44],
							"lerp_mode": "catmullrom"
						},
						"7.25": {
							"post": [-49.5, 12.14, -16.44],
							"lerp_mode": "catmullrom"
						},
						"8.25": {
							"post": [0, 0, 0],
							"lerp_mode": "catmullrom"
						}
					}
				},
				"RightForeArm": {
					"rotation": {
						"0.0": [-36.26423, -16.84706, -25.18473],
						"4.0": {
							"pre": [-36.26, -16.85, -25.18],
							"post": [-36.26, -16.85, -25.18],
							"lerp_mode": "catmullrom"
						},
						"5.0": {
							"post": [-41.20837, -5.1512, -9.89719],
							"lerp_mode": "catmullrom"
						},
						"6.5": {
							"post": [-41.21, -5.15, -9.9],
							"lerp_mode": "catmullrom"
						},
						"7.25": {
							"post": [-24.21, -5.15, -9.9],
							"lerp_mode": "catmullrom"
						},
						"8.25": {
							"post": [0, 0, 0],
							"lerp_mode": "catmullrom"
						}
					},
					"position": {
						"0.0": [0.37252, -0.18123, -0.16849],
						"4.0": {
							"pre": [0.37, -0.18, -0.17],
							"post": [0.37, -0.18, -0.17],
							"lerp_mode": "catmullrom"
						},
						"5.0": {
							"post": [0, 0, 0],
							"lerp_mode": "catmullrom"
						}
					}
				},
				"ysmGlow_SaintQuartz": {
					"rotation": {
						"4.0": {
							"pre": [0, 0, 0],
							"post": [0, 0, 0],
							"lerp_mode": "catmullrom"
						},
						"4.7917": {
							"post": [-15, 0, 0],
							"lerp_mode": "catmullrom"
						},
						"5.5417": {
							"post": [-15, 0, 0],
							"lerp_mode": "catmullrom"
						},
						"6.8333": {
							"post": [0, 0, 0],
							"lerp_mode": "catmullrom"
						},
						"7.5": {
							"post": [0, 0, 0],
							"lerp_mode": "catmullrom"
						}
					},
					"position": {
						"0.0": [0, 0, 0],
						"4.0": {
							"pre": [0, 0, 0],
							"post": [0, 0, 0],
							"lerp_mode": "catmullrom"
						},
						"5.25": [0, 13, 0.8],
						"5.375": [0, 13.2, 0.8],
						"5.5": [0, 13.5, 0.85],
						"5.625": [0, 13.3, 0.86],
						"5.75": [0, 13, 0.8]
					},
					"scale": {
						"0.0": {
							"post": [0, 0, 0],
							"lerp_mode": "catmullrom"
						},
						"0.25": {
							"post": [1.3, 1.3, 1.3],
							"lerp_mode": "catmullrom"
						},
						"0.5": {
							"post": [1.15, 1.15, 1.15],
							"lerp_mode": "catmullrom"
						}
					}
				},
				"SaintQuartz_": {
					"scale": 1
				},
				"Face": {
					"scale": {
						"0.125": [0, 0, 0],
						"7.25": {
							"pre": [0, 0, 0],
							"post": [1, 1, 1]
						}
					}
				},
				"ysmGlow_offhand_bow_": {
					"scale": 0
				},
				"RoundShield": {
					"scale": 0
				},
				"black_barrel": {
					"scale": 0
				},
				"Mouth": {
					"scale": {
						"0.125": [0, 0, 0],
						"7.25": {
							"pre": [0, 0, 0],
							"post": [1, 1, 1]
						}
					}
				},
				"RightEyebrow2": {
					"scale": 1
				},
				"LeftEyebrow2": {
					"scale": 1
				},
				"OpenedMouth2": {
					"scale": 1
				},
				"expressions": {
					"scale": {
						"0.125": [1, 1, 1],
						"7.25": {
							"pre": [1, 1, 1],
							"post": [0, 0, 0]
						}
					}
				},
				"ysmGlow_StarLeftEyelid2_": {
					"scale": 1
				},
				"ysmGlow_StarRightEyelid2_": {
					"scale": 1
				},
				"LeftEyelid2_": {
					"scale": 1
				},
				"RightEyelid2_": {
					"scale": 1
				},
				"RightEyebrow2_": {
					"scale": 1
				},
				"LeftEyebrow2_": {
					"scale": 1
				}
			},
			"timeline": {
				"0.0": "v.extra6=1;"
			}
		},
		"extra0": {
			"loop": true,
			"animation_length": 1.0833,
			"bones": {
				"Root": {
					"position": {
						"0.0": {
							"post": [0, -4.9, 0],
							"lerp_mode": "catmullrom"
						},
						"0.2917": {
							"post": [0, 1.1, 0],
							"lerp_mode": "catmullrom"
						},
						"0.5417": {
							"post": [0, -4.9, 0],
							"lerp_mode": "catmullrom"
						},
						"0.8333": {
							"post": [0, 1.1, 0],
							"lerp_mode": "catmullrom"
						},
						"1.0833": {
							"post": [0, -4.9, 0],
							"lerp_mode": "catmullrom"
						}
					},
					"scale": {
						"0.0": {
							"post": [1, 1, 1],
							"lerp_mode": "catmullrom"
						}
					}
				},
				"AllBody": {
					"scale": 1
				},
				"LeftArm": {
					"rotation": {
						"0.0": {
							"post": [27.78262, 22.98187, -87.39673],
							"lerp_mode": "catmullrom"
						},
						"0.2917": {
							"post": [-12.96126, 47.9816, -30.51447],
							"lerp_mode": "catmullrom"
						},
						"0.5417": {
							"post": [-72.8577, 47.72648, -67.37094],
							"lerp_mode": "catmullrom"
						},
						"0.8333": {
							"post": [-12.96126, 47.9816, -30.51447],
							"lerp_mode": "catmullrom"
						},
						"1.0833": {
							"post": [27.78262, 22.98187, -87.39673],
							"lerp_mode": "catmullrom"
						}
					}
				},
				"LeftForeArm": {
					"rotation": {
						"0.0": {
							"post": [-12.5, 0, 0],
							"lerp_mode": "catmullrom"
						},
						"0.2917": {
							"post": [-22.5, 0, 0],
							"lerp_mode": "catmullrom"
						},
						"0.5417": {
							"post": [-42.5, 0, 0],
							"lerp_mode": "catmullrom"
						},
						"0.8333": {
							"post": [-22.5, 0, 0],
							"lerp_mode": "catmullrom"
						},
						"1.0833": {
							"post": [-12.5, 0, 0],
							"lerp_mode": "catmullrom"
						}
					}
				},
				"RightArm": {
					"rotation": {
						"0.0": {
							"post": [-72.8577, -47.72648, 67.37094],
							"lerp_mode": "catmullrom"
						},
						"0.2917": {
							"post": [-12.96126, -47.9816, 30.51447],
							"lerp_mode": "catmullrom"
						},
						"0.5417": {
							"post": [27.78262, -22.98187, 87.39673],
							"lerp_mode": "catmullrom"
						},
						"0.8333": {
							"post": [-12.96126, -47.9816, 30.51447],
							"lerp_mode": "catmullrom"
						},
						"1.0833": {
							"post": [-72.8577, -47.72648, 67.37094],
							"lerp_mode": "catmullrom"
						}
					}
				},
				"RightForeArm": {
					"rotation": {
						"0.0": {
							"post": [-42.5, 0, 0],
							"lerp_mode": "catmullrom"
						},
						"0.2917": {
							"post": [-22.5, 0, 0],
							"lerp_mode": "catmullrom"
						},
						"0.5417": {
							"post": [-12.5, 0, 0],
							"lerp_mode": "catmullrom"
						},
						"0.8333": {
							"post": [-22.5, 0, 0],
							"lerp_mode": "catmullrom"
						},
						"1.0833": {
							"post": [-42.5, 0, 0],
							"lerp_mode": "catmullrom"
						}
					}
				},
				"LeftLeg": {
					"rotation": {
						"0.0": {
							"post": [-34.29798, -47.22879, 0.4418],
							"lerp_mode": "catmullrom"
						},
						"0.2917": {
							"post": [-19.18172, -10.14587, -5.15952],
							"lerp_mode": "catmullrom"
						},
						"0.5417": {
							"post": [2.30829, -26.57803, -22.15059],
							"lerp_mode": "catmullrom"
						},
						"0.8333": {
							"post": [-19.18172, -10.14587, -5.15952],
							"lerp_mode": "catmullrom"
						},
						"1.0833": {
							"post": [-34.29798, -47.22879, 0.4418],
							"lerp_mode": "catmullrom"
						}
					}
				},
				"LeftLowerLeg": {
					"rotation": {
						"0.0": {
							"post": [85, 0, 0],
							"lerp_mode": "catmullrom"
						},
						"0.2917": {
							"post": [47.5, 0, 0],
							"lerp_mode": "catmullrom"
						},
						"0.5417": {
							"post": [112.5, 0, 0],
							"lerp_mode": "catmullrom"
						},
						"0.8333": {
							"post": [47.5, 0, 0],
							"lerp_mode": "catmullrom"
						},
						"1.0833": {
							"post": [85, 0, 0],
							"lerp_mode": "catmullrom"
						}
					}
				},
				"LeftFoot": {
					"rotation": {
						"0.0": {
							"post": [-20, 0, 0],
							"lerp_mode": "catmullrom"
						},
						"0.2917": {
							"post": [12.5, 0, 0],
							"lerp_mode": "catmullrom"
						},
						"0.5417": {
							"post": [0, 0, 0],
							"lerp_mode": "catmullrom"
						},
						"0.8333": {
							"post": [12.5, 0, 0],
							"lerp_mode": "catmullrom"
						},
						"1.0833": {
							"post": [-20, 0, 0],
							"lerp_mode": "catmullrom"
						}
					}
				},
				"RightLeg": {
					"rotation": {
						"0.0": {
							"post": [2.30829, 26.57803, 22.15059],
							"lerp_mode": "catmullrom"
						},
						"0.2917": {
							"post": [-19.18172, 10.14587, 5.15952],
							"lerp_mode": "catmullrom"
						},
						"0.5417": {
							"post": [-34.29798, 47.22879, -0.4418],
							"lerp_mode": "catmullrom"
						},
						"0.8333": {
							"post": [-19.18172, 10.14587, 5.15952],
							"lerp_mode": "catmullrom"
						},
						"1.0833": {
							"post": [2.30829, 26.57803, 22.15059],
							"lerp_mode": "catmullrom"
						}
					}
				},
				"RightLowerLeg": {
					"rotation": {
						"0.0": {
							"post": [112.5, 0, 0],
							"lerp_mode": "catmullrom"
						},
						"0.2917": {
							"post": [47.5, 0, 0],
							"lerp_mode": "catmullrom"
						},
						"0.5417": {
							"post": [85, 0, 0],
							"lerp_mode": "catmullrom"
						},
						"0.8333": {
							"post": [47.5, 0, 0],
							"lerp_mode": "catmullrom"
						},
						"1.0833": {
							"post": [112.5, 0, 0],
							"lerp_mode": "catmullrom"
						}
					}
				},
				"RightFoot": {
					"rotation": {
						"0.0": {
							"post": [0, 0, 0],
							"lerp_mode": "catmullrom"
						},
						"0.2917": {
							"post": [12.5, 0, 0],
							"lerp_mode": "catmullrom"
						},
						"0.5417": {
							"post": [-20, 0, 0],
							"lerp_mode": "catmullrom"
						},
						"0.8333": {
							"post": [12.5, 0, 0],
							"lerp_mode": "catmullrom"
						},
						"1.0833": {
							"post": [0, 0, 0],
							"lerp_mode": "catmullrom"
						}
					}
				}
			}
		},
		"ex_emp": {
			"loop": true
		},
		"ex_emp2": {
			"loop": true
		},
		"ex_emp3": {
			"loop": true
		},
		"Wsitting": {
			"loop": true,
			"animation_length": 3,
			"bones": {
				"MAllBody": {
					"position": [0, 0, 0]
				},
				"AllBody": {
					"position": [0, -16, 0]
				},
				"UpperBody": {
					"rotation": [26, 0, 0],
					"position": {
						"0.0": {
							"post": [0, -0.2, 0.3],
							"lerp_mode": "catmullrom"
						},
						"1.0": {
							"post": [0, -0.1, 0.3],
							"lerp_mode": "catmullrom"
						},
						"3.0": {
							"post": [0, -0.2, 0.3],
							"lerp_mode": "catmullrom"
						}
					},
					"scale": {
						"0.0": {
							"post": [1, 1, 1],
							"lerp_mode": "catmullrom"
						}
					}
				},
				"NeckArmor": {
					"scale": 0
				},
				"ChestArmor": {
					"scale": 0
				},
				"bellyArmor": {
					"scale": 0
				},
				"SkirtArmor": {
					"scale": 0
				},
				"belly": {
					"position": [0, 0.29952, -0.01701]
				},
				"Head": {
					"rotation": {
						"0.0": {
							"post": ["-5+math.min(ysm.head_pitch+40,0)", 0, 0],
							"lerp_mode": "catmullrom"
						},
						"1.5": {
							"post": ["-5.25+math.min(ysm.head_pitch+40,0)", 0, 0],
							"lerp_mode": "catmullrom"
						},
						"3.0": {
							"post": ["-5+math.min(ysm.head_pitch+40,0)", 0, 0],
							"lerp_mode": "catmullrom"
						}
					}
				},
				"Mouth": {
					"scale": 0
				},
				"Face": {
					"scale": 0
				},
				"expressions": {
					"scale": 1
				},
				"Breast": {
					"scale": 1
				},
				"LeftArm": {
					"rotation": {
						"0.0": {
							"post": [-40.34378, 3.33233, 20.63867],
							"lerp_mode": "catmullrom"
						},
						"1.5": {
							"post": [-39.84378, 3.33233, 20.63867],
							"lerp_mode": "catmullrom"
						},
						"3.0": {
							"post": [-40.34378, 3.33233, 20.63867],
							"lerp_mode": "catmullrom"
						}
					},
					"position": [0.06615, -0.21364, -0.19996]
				},
				"LeftForeArm": {
					"rotation": [0, 0, 8],
					"position": [0, 0, 0]
				},
				"LeftArmArmor": {
					"scale": 0
				},
				"holygrail": {
					"scale": 1
				},
				"holygrail_": {
					"rotation": {
						"0.0": {
							"post": [14.08229, -4.74048, -8.96924],
							"lerp_mode": "catmullrom"
						},
						"1.0": {
							"post": [14.08, -4.74, -8.97],
							"lerp_mode": "catmullrom"
						},
						"3.0": {
							"post": [14.08229, -4.74048, -8.96924],
							"lerp_mode": "catmullrom"
						}
					},
					"position": {
						"0.0": {
							"post": [1.11527, -31.36803, -10.66082],
							"lerp_mode": "catmullrom"
						},
						"1.0": {
							"post": [1.12239, -31.37573, -10.68422],
							"lerp_mode": "catmullrom"
						},
						"3.0": {
							"post": [1.1161, -31.37411, -10.66472],
							"lerp_mode": "catmullrom"
						}
					},
					"scale": 1
				},
				"ysmGlow_holyfire": {
					"scale": 0
				},
				"RightArm": {
					"rotation": {
						"0.0": {
							"post": [-40.34378, -3.33233, -20.63867],
							"lerp_mode": "catmullrom"
						},
						"1.5": {
							"post": [-39.84378, -3.33233, -20.63867],
							"lerp_mode": "catmullrom"
						},
						"3.0": {
							"post": [-40.34, -3.33, -20.64],
							"lerp_mode": "catmullrom"
						}
					},
					"position": [-0.06615, -0.21364, -0.19996]
				},
				"RightForeArm": {
					"rotation": [0, 0, -8],
					"position": [0, 0, 0]
				},
				"RoundShield": {
					"scale": 0
				},
				"black_barrel": {
					"scale": 0
				},
				"RightArmArmor": {
					"scale": 0
				},
				"RightLeg": {
					"rotation": {
						"0.0": {
							"post": [-58.86564, -9.65648, 36.80666],
							"lerp_mode": "catmullrom"
						},
						"1.5": {
							"post": [-59.65819, -9.65824, 36.80833],
							"lerp_mode": "catmullrom"
						},
						"3.0": {
							"post": [-58.87, -9.66, 36.81],
							"lerp_mode": "catmullrom"
						}
					},
					"position": [-0.4, 1.8, 0]
				},
				"RightLowerLeg": {
					"rotation": [118.08294, -41.13184, 27.49503],
					"position": [-0.89624, 0.58367, 1.41097]
				},
				"LeftLeg": {
					"rotation": {
						"0.0": {
							"post": [-59.1733, 10.68605, -38.5487],
							"lerp_mode": "catmullrom"
						},
						"1.5": {
							"post": [-59.37, 10.69, -38.55],
							"lerp_mode": "catmullrom"
						},
						"3.0": {
							"post": [-59.1733, 10.68605, -38.5487],
							"lerp_mode": "catmullrom"
						}
					},
					"position": [0.4, 1.8, 0]
				},
				"LeftLowerLeg": {
					"rotation": [117.29619, 39.36081, -28.71259],
					"position": [-0.04035, 1.16033, 1.08706]
				},
				"ScaredMouth2": {
					"scale": 1
				},
				"AngryRightEyebrow_2": {
					"scale": 1
				},
				"AngryRightEyebrow2": {
					"scale": 1
				},
				"AngryLeftEyebrow_2": {
					"scale": 1
				},
				"AngryLeftEyebrow2": {
					"scale": 1
				},
				"LeftAngryEyelid2_": {
					"scale": 1
				},
				"RightAngryEyelid2_": {
					"scale": 1
				},
				"Breast_forextra": {
					"scale": 1
				},
				"holygrail2": {
					"scale": 0
				},
				"holygrail_2": {
					"rotation": {
						"0.0": {
							"post": [14.08229, -4.74048, -8.96924],
							"lerp_mode": "catmullrom"
						},
						"1.0": {
							"post": [14.08, -4.74, -8.97],
							"lerp_mode": "catmullrom"
						},
						"3.0": {
							"post": [14.08229, -4.74048, -8.96924],
							"lerp_mode": "catmullrom"
						}
					},
					"position": {
						"0.0": {
							"post": [1.11527, -31.36803, -10.66082],
							"lerp_mode": "catmullrom"
						},
						"1.0": {
							"post": [1.12239, -31.37573, -10.68422],
							"lerp_mode": "catmullrom"
						},
						"3.0": {
							"post": [1.1161, -31.37411, -10.66472],
							"lerp_mode": "catmullrom"
						}
					},
					"scale": 1
				},
				"ysmGlow_holyfire2": {
					"scale": 0
				},
				"bone25": {
					"position": {
						"0.3": [0, 0, 0],
						"0.4": [0, -1.5, 0],
						"0.5": [0, -3, 0],
						"0.8": [0, 0, 0],
						"0.9": [0, -1.5, 0],
						"1.0": [0, -3, 0],
						"1.3": [0, 0, 0],
						"1.4": [0, -1.5, 0],
						"1.5": [0, -3, 0],
						"1.8": [0, 0, 0],
						"1.9": [0, -1.5, 0],
						"2.0": [0, -3, 0],
						"2.3": [0, 0, 0],
						"2.4": [0, -1.5, 0],
						"2.5": [0, -3, 0],
						"2.8": [0, 0, 0],
						"2.9": [0, -1.5, 0],
						"3.0": [0, -3, 0]
					},
					"scale": {
						"0.2": [0, 0, 0],
						"0.3": [1, 1, 1],
						"0.4": [0.8, 0.8, 0.8],
						"0.5": [0, 0, 0],
						"0.7": [0, 0, 0],
						"0.8": [1, 1, 1],
						"0.9": [0.8, 0.8, 0.8],
						"1.0": [0, 0, 0],
						"1.2": [0, 0, 0],
						"1.3": [1, 1, 1],
						"1.4": [0.8, 0.8, 0.8],
						"1.5": [0, 0, 0],
						"1.7": [0, 0, 0],
						"1.8": [1, 1, 1],
						"1.9": [0.8, 0.8, 0.8],
						"2.0": [0, 0, 0],
						"2.2": [0, 0, 0],
						"2.3": [1, 1, 1],
						"2.4": [0.8, 0.8, 0.8],
						"2.5": [0, 0, 0],
						"2.7": [0, 0, 0],
						"2.8": [1, 1, 1],
						"2.9": [0.8, 0.8, 0.8],
						"3.0": [0, 0, 0]
					}
				},
				"bone24": {
					"position": {
						"0.0": {
							"post": [0, 0, 0],
							"lerp_mode": "catmullrom"
						},
						"0.3": {
							"post": [0, -2, 0],
							"lerp_mode": "catmullrom"
						},
						"0.5": {
							"post": [0, 0, 0],
							"lerp_mode": "catmullrom"
						},
						"0.8": {
							"post": [0, -2, 0],
							"lerp_mode": "catmullrom"
						},
						"1.0": {
							"post": [0, 0, 0],
							"lerp_mode": "catmullrom"
						},
						"1.3": {
							"post": [0, -2, 0],
							"lerp_mode": "catmullrom"
						},
						"1.5": {
							"post": [0, 0, 0],
							"lerp_mode": "catmullrom"
						},
						"1.8": {
							"post": [0, -2, 0],
							"lerp_mode": "catmullrom"
						},
						"2.0": {
							"post": [0, 0, 0],
							"lerp_mode": "catmullrom"
						},
						"2.3": {
							"post": [0, -2, 0],
							"lerp_mode": "catmullrom"
						},
						"2.5": {
							"post": [0, 0, 0],
							"lerp_mode": "catmullrom"
						},
						"2.8": {
							"post": [0, -2, 0],
							"lerp_mode": "catmullrom"
						},
						"3.0": {
							"post": [0, 0, 0],
							"lerp_mode": "catmullrom"
						}
					},
					"scale": {
						"0.0": [1, 1, 1],
						"0.1": [0.8, 0.8, 0.8],
						"0.3": [0, 0, 0],
						"0.5": [0, 0, 0],
						"0.6": [0.8, 0.8, 0.8],
						"0.8": [0, 0, 0],
						"1.0": [0, 0, 0],
						"1.1": [0.8, 0.8, 0.8],
						"1.3": [0, 0, 0],
						"1.5": [1, 1, 1],
						"1.6": [0.8, 0.8, 0.8],
						"1.8": [0, 0, 0],
						"2.0": [0, 0, 0],
						"2.1": [0.8, 0.8, 0.8],
						"2.3": [0, 0, 0],
						"2.5": [0, 0, 0],
						"2.6": [0.8, 0.8, 0.8],
						"2.8": [0, 0, 0],
						"3.0": [0, 0, 0]
					}
				}
			}
		},
		"pose": {
			"loop": true,
			"bones": {
				"MAllBody": {
					"rotation": [0, 0, 0]
				},
				"AllBody": {
					"rotation": [2.27396, 37.09856, 9.27567],
					"position": [-3.79683, -0.06271, 7.25203]
				},
				"UpBody": {
					"rotation": [0, 0, 0]
				},
				"UpperBody": {
					"rotation": [0, 0, 4]
				},
				"beltA": {
					"rotation": [0, 0, -4]
				},
				"bletB": {
					"rotation": {
						"0.0": {
							"post": [1, 0, "-4-v.FrontHairA*math.sin(query.anim_time*360*v.FrontHairOmega)"],
							"lerp_mode": "catmullrom"
						}
					}
				},
				"beltC": {
					"rotation": [0, 0, "-9-v.FrontHairA*math.sin(query.anim_time*360*v.FrontHairOmega + 20*v.FrontHairPhi)"]
				},
				"RskirtA1": {
					"rotation": [2, 0, "-3-v.FrontHairA*math.sin(query.anim_time*360*v.FrontHairOmega)"]
				},
				"RskirtA2": {
					"rotation": [2, 0, "-4-v.FrontHairA*math.sin(query.anim_time*360*v.FrontHairOmega + 20*v.FrontHairPhi)"]
				},
				"LskirtA": {
					"rotation": [0, 0, -6]
				},
				"LskirtA1": {
					"rotation": {
						"0.0": {
							"post": [0, 0, "-8-v.FrontHairA*math.sin(query.anim_time*360*v.FrontHairOmega)"],
							"lerp_mode": "catmullrom"
						}
					}
				},
				"LskirtA2": {
					"rotation": [0, 0, "0-v.FrontHairA*math.sin(query.anim_time*360*v.FrontHairOmega + 20*v.FrontHairPhi)"]
				},
				"RskirtD1": {
					"rotation": [0, 0, "-3-v.FrontHairA*math.sin(query.anim_time*360*v.FrontHairOmega)"]
				},
				"RskirtD2": {
					"rotation": [0, 0, "-3-v.FrontHairA*math.sin(query.anim_time*360*v.FrontHairOmega + 20*v.FrontHairPhi)"]
				},
				"LskirtD1": {
					"rotation": [0, 0, "-15-v.FrontHairA*math.sin(query.anim_time*360*v.FrontHairOmega)"]
				},
				"LskirtD2": {
					"rotation": [0, 0, "-7-v.FrontHairA*math.sin(query.anim_time*360*v.FrontHairOmega + 20*v.FrontHairPhi)"]
				},
				"Head": {
					"rotation": ["math.min(ysm.head_pitch+40,0)", -15, 5]
				},
				"LeftArm": {
					"rotation": ["24.9699170164+2*math.sin(60*q.anim_time)", -1.26738, "-33.2806329701+3*math.sin(80*q.anim_time)"]
				},
				"LeftForeArm": {
					"rotation": [0, 0, 0],
					"position": [0, 0, 0]
				},
				"ysmGlow_holyfire": {
					"scale": 0
				},
				"RightArm": {
					"rotation": [27.87346, -13.87143, 37.34534]
				},
				"RightForeArm": {
					"rotation": [0, 0, 0],
					"position": [0, 0, 0]
				},
				"RoundShield": {
					"rotation": [154.93013, -5.65455, 148.06987],
					"scale": 1
				},
				"ysmGlowmagicshield": {
					"scale": 0
				},
				"purpleflame": {
					"scale": 0
				},
				"ysmGlow_bone57": {
					"scale": 0
				},
				"ysmGlow_bone55": {
					"scale": 0
				},
				"ysmGlow_circles3": {
					"scale": 0
				},
				"mofazhen": {
					"scale": 0
				},
				"attack_flames": {
					"scale": 0
				},
				"attack_flames2": {
					"scale": 0
				},
				"attack_flames_side": {
					"scale": 0
				},
				"attack_flames_down": {
					"scale": 0
				},
				"attack1_shine": {
					"scale": 0
				},
				"black_barrel": {
					"scale": 0
				},
				"RightLeg": {
					"rotation": [7, 0, 0]
				},
				"LeftLeg": {
					"rotation": [-3, 0, -13]
				},
				"LeftLowerLeg": {
					"rotation": [1.99878, -0.06978, 1.99878]
				},
				"bone16": {
					"scale": "ysm.particle('minecraft:cherry_leaves',0,0,0,1.2,1.2,1.2,0.05,1,25)"
				},
				"ysmGlow_holyfire2": {
					"scale": 0
				},
				"Mouth": {
					"scale": 1
				},
				"Face": {
					"scale": 1
				},
				"expressions": {
					"scale": 0
				}
			}
		}
	},
	"geckolib_format_version": 2
}