{
	"format_version": "1.12.0",
	"minecraft:geometry": [
		{
			"description": {
				"identifier": "geometry.unknown",
				"texture_width": 256,
				"texture_height": 256,
				"visible_bounds_width": 7,
				"visible_bounds_height": 7,
				"visible_bounds_offset": [0, 2.5, 0]
			},
			"bones": [
				{
					"name": "Arm",
					"pivot": [-0.2, 29.65, 0]
				},
				{
					"name": "RightArm",
					"parent": "Arm",
					"pivot": [-5.23496, 29.07743, -0.075],
					"cubes": [
						{
							"origin": [-5.24531, 22.63234, -1.574],
							"size": [2.35, 6.5, 3],
							"uv": {
								"north": {"uv": [196, 54], "uv_size": [2, 7]},
								"east": {"uv": [192, 28], "uv_size": [3, 7]},
								"south": {"uv": [149, 55], "uv_size": [2, 7]},
								"west": {"uv": [191, 44], "uv_size": [3, 7]},
								"up": {"uv": [219, 59], "uv_size": [2, 3]},
								"down": {"uv": [217, 73], "uv_size": [2, -3]}
							}
						},
						{
							"origin": [-4.93593, 21.48234, -1.299],
							"size": [1.81875, 1.75, 2.45],
							"uv": {
								"north": {"uv": [232, 60], "uv_size": [2, 2]},
								"east": {"uv": [232, 64], "uv_size": [2, 2]},
								"south": {"uv": [217, 83], "uv_size": [2, 2]},
								"west": {"uv": [219, 83], "uv_size": [2, 2]},
								"up": {"uv": [232, 72], "uv_size": [2, 2]},
								"down": {"uv": [232, 76], "uv_size": [2, -2]}
							}
						}
					]
				},
				{
					"name": "RightAC",
					"parent": "RightArm",
					"pivot": [0.3148, 0.41565, 0.001],
					"cubes": [
						{
							"origin": [-5.31524, 22.6142, -1.699],
							"size": [2.5375, 6.625, 3.25],
							"uv": {
								"north": {"uv": [156, 43], "uv_size": [3, 7]},
								"east": {"uv": [159, 43], "uv_size": [3, 7]},
								"south": {"uv": [162, 43], "uv_size": [3, 7]},
								"west": {"uv": [165, 43], "uv_size": [3, 7]},
								"up": {"uv": [213, 62], "uv_size": [3, 3]},
								"down": {"uv": [152, 68], "uv_size": [3, -3]}
							}
						},
						{
							"origin": [-5.03399, 21.47358, -1.33962],
							"size": [1.94375, 1.76562, 2.54687],
							"uv": {
								"north": {"uv": [227, 86], "uv_size": [2, 2]},
								"east": {"uv": [223, 38], "uv_size": [3, 2]},
								"south": {"uv": [235, 83], "uv_size": [2, 2]},
								"west": {"uv": [223, 40], "uv_size": [3, 2]},
								"up": {"uv": [223, 42], "uv_size": [2, 3]},
								"down": {"uv": [223, 48], "uv_size": [2, -3]}
							}
						}
					]
				},
				{
					"name": "RightForeArm",
					"parent": "RightArm",
					"pivot": [-4.0174, 22.5275, 0.075],
					"cubes": [
						{
							"origin": [-5.15781, 16.25734, -1.549],
							"size": [2.2375, 6.375, 3],
							"uv": {
								"north": {"uv": [151, 55], "uv_size": [2, 7]},
								"east": {"uv": [194, 0], "uv_size": [3, 7]},
								"south": {"uv": [204, 41], "uv_size": [2, 7]},
								"west": {"uv": [194, 7], "uv_size": [3, 7]},
								"up": {"uv": [219, 70], "uv_size": [2, 3]},
								"down": {"uv": [155, 74], "uv_size": [2, -3]}
							}
						}
					]
				},
				{
					"name": "RightFAC",
					"parent": "RightForeArm",
					"pivot": [0.3148, 0.41565, 0.001],
					"cubes": [
						{
							"origin": [-5.31524, 17.8017, -1.699],
							"size": [2.55, 4.875, 3.25],
							"uv": {
								"north": {"uv": [174, 53], "uv_size": [3, 5]},
								"east": {"uv": [184, 53], "uv_size": [3, 5]},
								"south": {"uv": [187, 53], "uv_size": [3, 5]},
								"west": {"uv": [201, 53], "uv_size": [3, 5]},
								"up": {"uv": [214, 4], "uv_size": [3, 3]},
								"down": {"uv": [214, 10], "uv_size": [3, -3]}
							}
						},
						{
							"origin": [-5.25274, 17.3017, -1.6365],
							"size": [2.425, 1, 3.125],
							"uv": {
								"north": {"uv": [244, 59], "uv_size": [2, 1]},
								"east": {"uv": [190, 91], "uv_size": [3, 1]},
								"south": {"uv": [244, 60], "uv_size": [2, 1]},
								"west": {"uv": [240, 41], "uv_size": [3, 1]},
								"up": {"uv": [157, 71], "uv_size": [2, 3]},
								"down": {"uv": [159, 74], "uv_size": [2, -3]}
							}
						}
					]
				},
				{
					"name": "RightHand",
					"parent": "RightFAC",
					"pivot": [-4.31775, 15.94491, 0.075]
				},
				{
					"name": "RightHandLocator",
					"parent": "RightHand",
					"pivot": [-4, 16.375, 0]
				},
				{
					"name": "BladeLocator",
					"parent": "RightHand",
					"pivot": [-4.31775, 15.94491, 0.075]
				},
				{
					"name": "LeftArm",
					"parent": "Arm",
					"pivot": [5.23496, 29.07743, -0.075],
					"cubes": [
						{
							"origin": [2.89531, 22.63234, -1.574],
							"size": [2.35, 6.5, 3],
							"uv": {
								"north": {"uv": [177, 54], "uv_size": [2, 7]},
								"east": {"uv": [153, 40], "uv_size": [3, 7]},
								"south": {"uv": [179, 54], "uv_size": [2, 7]},
								"west": {"uv": [189, 30], "uv_size": [3, 7]},
								"up": {"uv": [194, 68], "uv_size": [2, 3]},
								"down": {"uv": [217, 48], "uv_size": [2, -3]}
							}
						},
						{
							"origin": [3.13281, 21.48234, -1.299],
							"size": [1.85, 1.75, 2.45],
							"uv": {
								"north": {"uv": [228, 70], "uv_size": [2, 2]},
								"east": {"uv": [228, 76], "uv_size": [2, 2]},
								"south": {"uv": [228, 78], "uv_size": [2, 2]},
								"west": {"uv": [229, 5], "uv_size": [2, 2]},
								"up": {"uv": [170, 80], "uv_size": [2, 2]},
								"down": {"uv": [172, 82], "uv_size": [2, -2]}
							}
						}
					]
				},
				{
					"name": "LeftAC",
					"parent": "LeftArm",
					"pivot": [-0.3148, 0.41565, 0.001],
					"cubes": [
						{
							"origin": [2.77774, 22.62983, -1.699],
							"size": [2.5375, 6.60938, 3.25],
							"uv": {
								"north": {"uv": [191, 14], "uv_size": [3, 7]},
								"east": {"uv": [191, 21], "uv_size": [3, 7]},
								"south": {"uv": [174, 42], "uv_size": [3, 7]},
								"west": {"uv": [191, 37], "uv_size": [3, 7]},
								"up": {"uv": [213, 31], "uv_size": [3, 3]},
								"down": {"uv": [213, 56], "uv_size": [3, -3]}
							}
						},
						{
							"origin": [3.09024, 21.45795, -1.33962],
							"size": [1.94375, 1.78125, 2.79687],
							"uv": {
								"north": {"uv": [235, 85], "uv_size": [2, 2]},
								"east": {"uv": [223, 48], "uv_size": [3, 2]},
								"south": {"uv": [149, 87], "uv_size": [2, 2]},
								"west": {"uv": [223, 50], "uv_size": [3, 2]},
								"up": {"uv": [223, 52], "uv_size": [2, 3]},
								"down": {"uv": [223, 58], "uv_size": [2, -3]}
							}
						}
					]
				},
				{
					"name": "LeftForeArm",
					"parent": "LeftArm",
					"pivot": [4.01742, 22.52748, 0.075],
					"cubes": [
						{
							"origin": [2.92031, 16.25734, -1.549],
							"size": [2.2375, 6.375, 3],
							"uv": {
								"north": {"uv": [203, 34], "uv_size": [2, 7]},
								"east": {"uv": [191, 0], "uv_size": [3, 7]},
								"south": {"uv": [194, 54], "uv_size": [2, 7]},
								"west": {"uv": [191, 7], "uv_size": [3, 7]},
								"up": {"uv": [196, 68], "uv_size": [2, 3]},
								"down": {"uv": [217, 51], "uv_size": [2, -3]}
							}
						}
					]
				},
				{
					"name": "LeftFAC",
					"parent": "LeftForeArm",
					"pivot": [-0.07682, 1.12689, 0.001],
					"cubes": [
						{
							"origin": [2.76524, 17.8017, -1.699],
							"size": [2.55, 4.875, 3.25],
							"uv": {
								"north": {"uv": [153, 53], "uv_size": [3, 5]},
								"east": {"uv": [202, 8], "uv_size": [3, 5]},
								"south": {"uv": [202, 18], "uv_size": [3, 5]},
								"west": {"uv": [171, 53], "uv_size": [3, 5]},
								"up": {"uv": [213, 56], "uv_size": [3, 3]},
								"down": {"uv": [213, 62], "uv_size": [3, -3]}
							}
						},
						{
							"origin": [2.82774, 17.3017, -1.6365],
							"size": [2.425, 1, 3.125],
							"uv": {
								"north": {"uv": [244, 58], "uv_size": [2, 1]},
								"east": {"uv": [187, 91], "uv_size": [3, 1]},
								"south": {"uv": [208, 95], "uv_size": [2, 1]},
								"west": {"uv": [240, 40], "uv_size": [3, 1]},
								"up": {"uv": [219, 21], "uv_size": [2, 3]},
								"down": {"uv": [219, 42], "uv_size": [2, -3]}
							}
						}
					]
				},
				{
					"name": "zhuangshi",
					"parent": "LeftFAC",
					"pivot": [4.75155, 19.78305, -1.83333],
					"rotation": [0, 0, -23],
					"cubes": [
						{
							"origin": [4.04209, 18.92513, -2],
							"size": [0.5125, 0.16421, 0.3125],
							"pivot": [4.14209, 19.06974, -1.84375],
							"rotation": [0, 0, 40],
							"uv": {
								"north": {"uv": [252, 59], "uv_size": [1, 1]},
								"east": {"uv": [209, 103], "uv_size": [1, 1]},
								"south": {"uv": [252, 60], "uv_size": [1, 1]},
								"west": {"uv": [210, 103], "uv_size": [1, 1]},
								"up": {"uv": [252, 61], "uv_size": [1, 1]},
								"down": {"uv": [211, 104], "uv_size": [1, -1]}
							}
						},
						{
							"origin": [3.66796, 18.51514, -2],
							"size": [1.5125, 0.28922, 0.3125],
							"pivot": [4.76796, 18.78475, -1.84375],
							"rotation": [0, 0, 170],
							"uv": {
								"north": {"uv": [245, 39], "uv_size": [2, 1]},
								"east": {"uv": [252, 66], "uv_size": [1, 1]},
								"south": {"uv": [245, 40], "uv_size": [2, 1]},
								"west": {"uv": [216, 103], "uv_size": [1, 1]},
								"up": {"uv": [245, 41], "uv_size": [2, 1]},
								"down": {"uv": [245, 43], "uv_size": [2, -1]}
							}
						},
						{
							"origin": [3.99566, 18.65512, -2],
							"size": [0.5125, 0.60172, 0.3125],
							"pivot": [4.09566, 19.17473, -1.84375],
							"rotation": [0, 0, -40],
							"uv": {
								"north": {"uv": [252, 62], "uv_size": [1, 1]},
								"east": {"uv": [212, 103], "uv_size": [1, 1]},
								"south": {"uv": [252, 63], "uv_size": [1, 1]},
								"west": {"uv": [213, 103], "uv_size": [1, 1]},
								"up": {"uv": [252, 64], "uv_size": [1, 1]},
								"down": {"uv": [214, 104], "uv_size": [1, -1]}
							}
						},
						{
							"origin": [4.37066, 18.46762, -2],
							"size": [0.3875, 0.41422, 0.3125],
							"pivot": [4.09566, 19.17473, -1.84375],
							"rotation": [0, 0, -40],
							"uv": {
								"north": {"uv": [252, 67], "uv_size": [1, 1]},
								"east": {"uv": [217, 103], "uv_size": [1, 1]},
								"south": {"uv": [252, 68], "uv_size": [1, 1]},
								"west": {"uv": [218, 103], "uv_size": [1, 1]},
								"up": {"uv": [252, 69], "uv_size": [1, 1]},
								"down": {"uv": [219, 104], "uv_size": [1, -1]}
							}
						},
						{
							"origin": [3.24566, 18.78012, -1.875],
							"size": [0.6375, 0.66422, 0],
							"uv": {
								"north": {"uv": [252, 70], "uv_size": [1, 1]},
								"east": {"uv": [220, 103], "uv_size": [1, 1]},
								"south": {"uv": [252, 71], "uv_size": [1, 1]},
								"west": {"uv": [221, 103], "uv_size": [1, 1]},
								"up": {"uv": [252, 72], "uv_size": [1, 1]},
								"down": {"uv": [222, 104], "uv_size": [1, -1]}
							}
						},
						{
							"origin": [3.15465, 19.31159, -2],
							"size": [1.5125, 0.28922, 0.3125],
							"pivot": [4.50465, 19.3937, -1.84375],
							"rotation": [0, 0, -170],
							"uv": {
								"north": {"uv": [245, 34], "uv_size": [2, 1]},
								"east": {"uv": [252, 65], "uv_size": [1, 1]},
								"south": {"uv": [245, 36], "uv_size": [2, 1]},
								"west": {"uv": [215, 103], "uv_size": [1, 1]},
								"up": {"uv": [245, 37], "uv_size": [2, 1]},
								"down": {"uv": [245, 39], "uv_size": [2, -1]}
							}
						}
					]
				},
				{
					"name": "octagon",
					"parent": "zhuangshi",
					"pivot": [11.81436, 11.814, -9.625],
					"cubes": [
						{
							"origin": [3.36927, 18.60276, -2],
							"size": [0.41422, 0.2, 0.3125],
							"pivot": [3.57638, 19.10276, -1.625],
							"rotation": [0, 0, 45],
							"uv": {
								"north": {"uv": [252, 35], "uv_size": [1, 1]},
								"east": {"uv": [185, 103], "uv_size": [1, 1]},
								"south": {"uv": [252, 36], "uv_size": [1, 1]},
								"west": {"uv": [186, 103], "uv_size": [1, 1]},
								"up": {"uv": [252, 37], "uv_size": [1, 1]},
								"down": {"uv": [187, 104], "uv_size": [1, -1]}
							}
						},
						{
							"origin": [3.36927, 18.60276, -2],
							"size": [0.41422, 0.2, 0.3125],
							"uv": {
								"north": {"uv": [252, 38], "uv_size": [1, 1]},
								"east": {"uv": [188, 103], "uv_size": [1, 1]},
								"south": {"uv": [252, 39], "uv_size": [1, 1]},
								"west": {"uv": [189, 103], "uv_size": [1, 1]},
								"up": {"uv": [252, 40], "uv_size": [1, 1]},
								"down": {"uv": [190, 104], "uv_size": [1, -1]}
							}
						},
						{
							"origin": [3.36927, 19.40276, -2],
							"size": [0.41422, 0.2, 0.3125],
							"pivot": [3.57638, 19.10276, -1.625],
							"rotation": [0, 0, 45],
							"uv": {
								"north": {"uv": [252, 41], "uv_size": [1, 1]},
								"east": {"uv": [191, 103], "uv_size": [1, 1]},
								"south": {"uv": [252, 42], "uv_size": [1, 1]},
								"west": {"uv": [192, 103], "uv_size": [1, 1]},
								"up": {"uv": [252, 43], "uv_size": [1, 1]},
								"down": {"uv": [193, 104], "uv_size": [1, -1]}
							}
						},
						{
							"origin": [3.36927, 19.40276, -2],
							"size": [0.41422, 0.2, 0.3125],
							"uv": {
								"north": {"uv": [252, 44], "uv_size": [1, 1]},
								"east": {"uv": [194, 103], "uv_size": [1, 1]},
								"south": {"uv": [252, 45], "uv_size": [1, 1]},
								"west": {"uv": [195, 103], "uv_size": [1, 1]},
								"up": {"uv": [252, 46], "uv_size": [1, 1]},
								"down": {"uv": [196, 104], "uv_size": [1, -1]}
							}
						},
						{
							"origin": [3.87638, 18.89565, -2],
							"size": [0.2, 0.41421, 0.3125],
							"pivot": [3.57638, 19.10276, -1.625],
							"rotation": [0, 0, 45],
							"uv": {
								"north": {"uv": [252, 47], "uv_size": [1, 1]},
								"east": {"uv": [197, 103], "uv_size": [1, 1]},
								"south": {"uv": [252, 48], "uv_size": [1, 1]},
								"west": {"uv": [198, 103], "uv_size": [1, 1]},
								"up": {"uv": [252, 49], "uv_size": [1, 1]},
								"down": {"uv": [199, 104], "uv_size": [1, -1]}
							}
						},
						{
							"origin": [3.87638, 18.89565, -2],
							"size": [0.2, 0.41421, 0.3125],
							"uv": {
								"north": {"uv": [252, 50], "uv_size": [1, 1]},
								"east": {"uv": [200, 103], "uv_size": [1, 1]},
								"south": {"uv": [252, 51], "uv_size": [1, 1]},
								"west": {"uv": [201, 103], "uv_size": [1, 1]},
								"up": {"uv": [252, 52], "uv_size": [1, 1]},
								"down": {"uv": [202, 104], "uv_size": [1, -1]}
							}
						},
						{
							"origin": [3.07638, 18.89565, -2],
							"size": [0.2, 0.41421, 0.3125],
							"pivot": [3.57638, 19.10276, -1.625],
							"rotation": [0, 0, 45],
							"uv": {
								"north": {"uv": [252, 53], "uv_size": [1, 1]},
								"east": {"uv": [203, 103], "uv_size": [1, 1]},
								"south": {"uv": [252, 54], "uv_size": [1, 1]},
								"west": {"uv": [204, 103], "uv_size": [1, 1]},
								"up": {"uv": [252, 55], "uv_size": [1, 1]},
								"down": {"uv": [205, 104], "uv_size": [1, -1]}
							}
						},
						{
							"origin": [3.07638, 18.89565, -2],
							"size": [0.2, 0.41421, 0.3125],
							"uv": {
								"north": {"uv": [252, 56], "uv_size": [1, 1]},
								"east": {"uv": [206, 103], "uv_size": [1, 1]},
								"south": {"uv": [252, 57], "uv_size": [1, 1]},
								"west": {"uv": [207, 103], "uv_size": [1, 1]},
								"up": {"uv": [252, 58], "uv_size": [1, 1]},
								"down": {"uv": [208, 104], "uv_size": [1, -1]}
							}
						}
					]
				},
				{
					"name": "zhuangshi2",
					"parent": "LeftFAC",
					"pivot": [4.85459, 21.16813, -1.83333],
					"rotation": [0, 0, -23],
					"cubes": [
						{
							"origin": [4.14513, 20.31021, -2],
							"size": [0.5125, 0.16422, 0.3125],
							"pivot": [4.24513, 20.45482, -1.84375],
							"rotation": [0, 0, 40],
							"uv": {
								"north": {"uv": [181, 104], "uv_size": [1, 1]},
								"east": {"uv": [253, 32], "uv_size": [1, 1]},
								"south": {"uv": [182, 104], "uv_size": [1, 1]},
								"west": {"uv": [253, 33], "uv_size": [1, 1]},
								"up": {"uv": [183, 104], "uv_size": [1, 1]},
								"down": {"uv": [253, 35], "uv_size": [1, -1]}
							}
						},
						{
							"origin": [3.771, 19.90023, -2],
							"size": [1.5125, 0.28921, 0.3125],
							"pivot": [4.871, 20.16983, -1.84375],
							"rotation": [0, 0, 170],
							"uv": {
								"north": {"uv": [245, 51], "uv_size": [2, 1]},
								"east": {"uv": [184, 104], "uv_size": [1, 1]},
								"south": {"uv": [245, 52], "uv_size": [2, 1]},
								"west": {"uv": [253, 35], "uv_size": [1, 1]},
								"up": {"uv": [245, 53], "uv_size": [2, 1]},
								"down": {"uv": [203, 97], "uv_size": [2, -1]}
							}
						},
						{
							"origin": [4.09871, 20.04021, -2],
							"size": [0.5125, 0.60171, 0.3125],
							"pivot": [4.19871, 20.55981, -1.84375],
							"rotation": [0, 0, -40],
							"uv": {
								"north": {"uv": [185, 104], "uv_size": [1, 1]},
								"east": {"uv": [253, 36], "uv_size": [1, 1]},
								"south": {"uv": [186, 104], "uv_size": [1, 1]},
								"west": {"uv": [253, 37], "uv_size": [1, 1]},
								"up": {"uv": [187, 104], "uv_size": [1, 1]},
								"down": {"uv": [253, 39], "uv_size": [1, -1]}
							}
						},
						{
							"origin": [4.47371, 19.85271, -2],
							"size": [0.3875, 0.41421, 0.3125],
							"pivot": [4.19871, 20.55981, -1.84375],
							"rotation": [0, 0, -40],
							"uv": {
								"north": {"uv": [188, 104], "uv_size": [1, 1]},
								"east": {"uv": [253, 39], "uv_size": [1, 1]},
								"south": {"uv": [189, 104], "uv_size": [1, 1]},
								"west": {"uv": [253, 40], "uv_size": [1, 1]},
								"up": {"uv": [190, 104], "uv_size": [1, 1]},
								"down": {"uv": [253, 42], "uv_size": [1, -1]}
							}
						},
						{
							"origin": [3.34871, 20.16521, -1.875],
							"size": [0.6375, 0.66421, 0],
							"uv": {
								"north": {"uv": [191, 104], "uv_size": [1, 1]},
								"east": {"uv": [253, 42], "uv_size": [1, 1]},
								"south": {"uv": [192, 104], "uv_size": [1, 1]},
								"west": {"uv": [253, 43], "uv_size": [1, 1]},
								"up": {"uv": [193, 104], "uv_size": [1, 1]},
								"down": {"uv": [253, 45], "uv_size": [1, -1]}
							}
						},
						{
							"origin": [3.2577, 20.69668, -2],
							"size": [1.5125, 0.28921, 0.3125],
							"pivot": [4.6077, 20.77878, -1.84375],
							"rotation": [0, 0, -170],
							"uv": {
								"north": {"uv": [205, 96], "uv_size": [2, 1]},
								"east": {"uv": [194, 104], "uv_size": [1, 1]},
								"south": {"uv": [245, 56], "uv_size": [2, 1]},
								"west": {"uv": [253, 45], "uv_size": [1, 1]},
								"up": {"uv": [245, 57], "uv_size": [2, 1]},
								"down": {"uv": [208, 97], "uv_size": [2, -1]}
							}
						}
					]
				},
				{
					"name": "octagon2",
					"parent": "zhuangshi2",
					"pivot": [11.9174, 13.19908, -9.625],
					"cubes": [
						{
							"origin": [3.47231, 19.98784, -2],
							"size": [0.41422, 0.2, 0.3125],
							"pivot": [3.67942, 20.48784, -1.625],
							"rotation": [0, 0, 45],
							"uv": {
								"north": {"uv": [157, 104], "uv_size": [1, 1]},
								"east": {"uv": [253, 8], "uv_size": [1, 1]},
								"south": {"uv": [158, 104], "uv_size": [1, 1]},
								"west": {"uv": [253, 9], "uv_size": [1, 1]},
								"up": {"uv": [159, 104], "uv_size": [1, 1]},
								"down": {"uv": [253, 11], "uv_size": [1, -1]}
							}
						},
						{
							"origin": [3.47231, 19.98784, -2],
							"size": [0.41422, 0.2, 0.3125],
							"uv": {
								"north": {"uv": [160, 104], "uv_size": [1, 1]},
								"east": {"uv": [253, 11], "uv_size": [1, 1]},
								"south": {"uv": [161, 104], "uv_size": [1, 1]},
								"west": {"uv": [253, 12], "uv_size": [1, 1]},
								"up": {"uv": [162, 104], "uv_size": [1, 1]},
								"down": {"uv": [253, 14], "uv_size": [1, -1]}
							}
						},
						{
							"origin": [3.47231, 20.78784, -2],
							"size": [0.41422, 0.2, 0.3125],
							"pivot": [3.67942, 20.48784, -1.625],
							"rotation": [0, 0, 45],
							"uv": {
								"north": {"uv": [163, 104], "uv_size": [1, 1]},
								"east": {"uv": [253, 14], "uv_size": [1, 1]},
								"south": {"uv": [164, 104], "uv_size": [1, 1]},
								"west": {"uv": [253, 15], "uv_size": [1, 1]},
								"up": {"uv": [165, 104], "uv_size": [1, 1]},
								"down": {"uv": [253, 17], "uv_size": [1, -1]}
							}
						},
						{
							"origin": [3.47231, 20.78784, -2],
							"size": [0.41422, 0.2, 0.3125],
							"uv": {
								"north": {"uv": [166, 104], "uv_size": [1, 1]},
								"east": {"uv": [253, 17], "uv_size": [1, 1]},
								"south": {"uv": [167, 104], "uv_size": [1, 1]},
								"west": {"uv": [253, 18], "uv_size": [1, 1]},
								"up": {"uv": [168, 104], "uv_size": [1, 1]},
								"down": {"uv": [253, 20], "uv_size": [1, -1]}
							}
						},
						{
							"origin": [3.97942, 20.28073, -2],
							"size": [0.2, 0.41422, 0.3125],
							"pivot": [3.67942, 20.48784, -1.625],
							"rotation": [0, 0, 45],
							"uv": {
								"north": {"uv": [169, 104], "uv_size": [1, 1]},
								"east": {"uv": [253, 20], "uv_size": [1, 1]},
								"south": {"uv": [170, 104], "uv_size": [1, 1]},
								"west": {"uv": [253, 21], "uv_size": [1, 1]},
								"up": {"uv": [171, 104], "uv_size": [1, 1]},
								"down": {"uv": [253, 23], "uv_size": [1, -1]}
							}
						},
						{
							"origin": [3.97942, 20.28073, -2],
							"size": [0.2, 0.41422, 0.3125],
							"uv": {
								"north": {"uv": [172, 104], "uv_size": [1, 1]},
								"east": {"uv": [253, 23], "uv_size": [1, 1]},
								"south": {"uv": [173, 104], "uv_size": [1, 1]},
								"west": {"uv": [253, 24], "uv_size": [1, 1]},
								"up": {"uv": [174, 104], "uv_size": [1, 1]},
								"down": {"uv": [253, 26], "uv_size": [1, -1]}
							}
						},
						{
							"origin": [3.17942, 20.28073, -2],
							"size": [0.2, 0.41422, 0.3125],
							"pivot": [3.67942, 20.48784, -1.625],
							"rotation": [0, 0, 45],
							"uv": {
								"north": {"uv": [175, 104], "uv_size": [1, 1]},
								"east": {"uv": [253, 26], "uv_size": [1, 1]},
								"south": {"uv": [176, 104], "uv_size": [1, 1]},
								"west": {"uv": [253, 27], "uv_size": [1, 1]},
								"up": {"uv": [177, 104], "uv_size": [1, 1]},
								"down": {"uv": [253, 29], "uv_size": [1, -1]}
							}
						},
						{
							"origin": [3.17942, 20.28073, -2],
							"size": [0.2, 0.41422, 0.3125],
							"uv": {
								"north": {"uv": [178, 104], "uv_size": [1, 1]},
								"east": {"uv": [253, 29], "uv_size": [1, 1]},
								"south": {"uv": [179, 104], "uv_size": [1, 1]},
								"west": {"uv": [253, 30], "uv_size": [1, 1]},
								"up": {"uv": [180, 104], "uv_size": [1, 1]},
								"down": {"uv": [253, 32], "uv_size": [1, -1]}
							}
						}
					]
				},
				{
					"name": "LeftHand",
					"parent": "LeftForeArm",
					"pivot": [4.07182, 15.58046, 0.025]
				},
				{
					"name": "LeftHandLocator",
					"parent": "LeftHand",
					"pivot": [4, 16.375, 0]
				},
				{
					"name": "SheathLocator",
					"parent": "LeftHand",
					"pivot": [4.07182, 15.58046, 0.025]
				},
				{
					"name": "LeftWaistLocator",
					"parent": "LeftHand",
					"pivot": [4.07182, 15.58046, 0.025]
				}
			]
		}
	]
}