{
	"format_version": "1.21.0",
	"minecraft:geometry": [
		{
			"description": {
				"identifier": "geometry.unknown",
				"texture_width": 256,
				"texture_height": 256,
				"visible_bounds_width": 5,
				"visible_bounds_height": 4.5,
				"visible_bounds_offset": [0, 1.75, 0]
			},
			"bones": [
				{
					"name": "LeftArm",
					"pivot": [1.4, 32.025, 0],
					"rotation": [0, 0, -0.5],
					"cubes": [
						{"origin": [0.6, 26.075, -1.2], "size": [2.55, 6, 2.5], "uv": [221, 145], "mirror": true},
						{"origin": [0.35, 25.575, -1.3], "size": [2.85, 6.5, 2.7], "uv": [106, 3], "mirror": true},
						{"origin": [2.25, 28.575, -1], "size": [1.05, 0.5, 2.1], "uv": [121, 81], "mirror": true},
						{"origin": [2.25, 29.075, -1], "size": [1.05, 0.5, 2.1], "uv": [57, 86], "mirror": true},
						{"origin": [2.25, 29.575, -1], "size": [1.05, 0.5, 2.1], "uv": [28, 108], "mirror": true},
						{"origin": [0.45, 25.9, -1.2], "size": [2.5, 6.3, 2.5], "uv": [220, 134], "mirror": true},
						{"origin": [0.25, 31.5, -1.2], "size": [2.5, 1.3, 2.5], "pivot": [1.95, 31.55, -0.2], "rotation": [0, 0, 27.5], "uv": [11, 14], "mirror": true},
						{"origin": [0.25, 31.6, -1.3], "size": [2.7, 1.3, 2.7], "pivot": [1.95, 31.55, -0.2], "rotation": [0, 0, 27.5], "uv": [4, 32], "mirror": true},
						{"origin": [0.25, 32.1, -1], "size": [1.5, 1.3, 2.4], "pivot": [1.95, 31.55, -0.2], "rotation": [0, 0, 27.5], "uv": [76, 89], "mirror": true},
						{"origin": [0.85, 32.2, -1], "size": [0.3, 1.3, 2.4], "pivot": [1.95, 31.55, -0.2], "rotation": [0, 0, 27.5], "uv": [12, 96], "mirror": true},
						{"origin": [0.25, 30.6, -1], "size": [1.5, 1.9, 3.1], "pivot": [1.95, 31.55, -0.2], "rotation": [27.5, 0, 27.5], "uv": [75, 88], "mirror": true},
						{"origin": [0.6606, 31.2596, -1.5], "size": [1.5, 2, 2.1], "pivot": [1.43056, 32.60957, 0.05], "rotation": [-22.1966, -0.25896, 27.38865], "uv": [77, 90], "mirror": true},
						{"origin": [0.6, 25.175, -1.2], "size": [2.55, 2, 2.2], "uv": [229, 155], "mirror": true},
						{"origin": [0.8, 25.125, -1.2], "size": [2.2, 2.05, 1.8], "uv": [228, 153], "mirror": true},
						{"origin": [1.6606, 31.3596, -1.6], "size": [0.3, 0.3, 0.3], "pivot": [1.43056, 32.60957, 0.05], "rotation": [-22.1966, -0.25896, 27.38865], "uv": [122, 82], "mirror": true}
					]
				},
				{
					"name": "bone45",
					"parent": "LeftArm",
					"pivot": [2.43056, 32.60957, -0.95],
					"rotation": [89.34298, -62.19237, -143.18878],
					"cubes": [
						{"origin": [2.606, 32.7596, -1.9], "size": [0.3, 1.2, 2.1], "pivot": [2.43056, 32.60957, -0.95], "rotation": [-17.1966, -2.75896, 29.88865], "uv": [10, 101], "mirror": true},
						{"origin": [2.89146, 32.45077, -1.66743], "size": [0.3, 1.2, 2.1], "pivot": [3.04146, 33.05077, -0.61743], "rotation": [-17.1966, -2.75896, 39.88865], "uv": [10, 101], "mirror": true},
						{"origin": [2.89146, 32.45077, -1.66743], "size": [0.3, 1.2, 2.1], "pivot": [3.04146, 33.05077, -0.61743], "rotation": [-17.1966, -2.75896, 19.88865], "uv": [10, 101], "mirror": true}
					]
				},
				{
					"name": "bone44",
					"parent": "LeftArm",
					"pivot": [1.43056, 32.60957, 0.05],
					"cubes": [
						{"origin": [1.306, 32.2596, -1.6], "size": [0.3, 1, 2.1], "pivot": [1.43056, 32.60957, 0.05], "rotation": [-22.1966, -0.25896, 27.38865], "uv": [10, 101], "mirror": true},
						{"origin": [1.206, 32.2596, -1.6], "size": [0.3, 1, 2.1], "pivot": [1.43056, 32.60957, 0.05], "rotation": [-21.77216, 4.43651, 38.98422], "uv": [10, 101], "mirror": true},
						{"origin": [1.406, 32.2596, -1.6], "size": [0.3, 1, 2.1], "pivot": [1.43056, 32.60957, 0.05], "rotation": [-21.99355, -3.08351, 20.43719], "uv": [10, 101], "mirror": true}
					]
				},
				{
					"name": "LeftForeArm",
					"parent": "LeftArm",
					"pivot": [2.125, 25.075, 0.025],
					"cubes": [
						{"origin": [0.35, 21.075, -1.3], "size": [2.85, 4.5, 2.7], "uv": [106, 3], "mirror": true},
						{"origin": [0.3, 20.075, -1.4], "size": [2.95, 2, 2.9], "uv": [29, 107], "mirror": true},
						{"origin": [0.5, 20.075, -1.4], "size": [2.95, 2, 2.9], "uv": [29, 107], "mirror": true},
						{"origin": [0.525, 20.375, -1.2], "size": [2.5, 5, 2.5], "pivot": [1.775, 22.875, 0.05], "rotation": [0, 0, -5], "uv": [106, 1], "mirror": true},
						{"origin": [-0.795, 23.975, -1.2], "size": [1, 1, 2.5], "pivot": [1.775, 22.875, 0.05], "rotation": [0, 0, 35], "uv": [104, 5], "mirror": true},
						{"origin": [0.625, 18.075, -1.2], "size": [2.5, 7, 2.5], "uv": [6, 99], "mirror": true},
						{"origin": [0.625, 25.075, -1.2], "size": [2.5, 1, 2.5], "uv": [220, 150], "mirror": true},
						{"origin": [0.25, 20.575, -1.45], "size": [3.35, 0.1, 3], "uv": [108, 6], "mirror": true},
						{"origin": [0.25, 21.575, -1.45], "size": [3.35, 0.1, 3], "uv": [108, 6], "mirror": true}
					]
				},
				{
					"name": "LeftHandLocator",
					"parent": "LeftForeArm",
					"pivot": [2.125, 19.575, 0.025]
				},
				{
					"name": "RightArm",
					"pivot": [-1.4, 32.025, 0],
					"rotation": [0, 0, 0.5],
					"cubes": [
						{"origin": [-3.15, 26.075, -1.2], "size": [2.55, 6, 2.5], "uv": [9, 12]},
						{"origin": [-3.3, 25.575, -1.3], "size": [2.85, 6.5, 2.7], "uv": [106, 3]},
						{"origin": [-2.95, 25.9, -1.2], "size": [2.5, 6.3, 2.5], "uv": [106, 2]},
						{"origin": [-2.75, 31.5, -1.2], "size": [2.5, 1.3, 2.5], "pivot": [-1.95, 31.55, -0.2], "rotation": [0, 0, -27.5], "uv": [11, 14]},
						{"origin": [-2.95, 31.6, -1.3], "size": [2.7, 1.3, 2.7], "pivot": [-1.95, 31.55, -0.2], "rotation": [0, 0, -27.5], "uv": [4, 32]},
						{"origin": [-1.75, 32.1, -1], "size": [1.5, 1.3, 2.4], "pivot": [-1.95, 31.55, -0.2], "rotation": [0, 0, -27.5], "uv": [78, 91]},
						{"origin": [-1.05, 32.21, -1], "size": [0.1, 1.3, 2.4], "pivot": [-1.95, 31.55, -0.2], "rotation": [0, 0, -27.5], "uv": [106, 2]},
						{"origin": [-1.75, 30.6, -1], "size": [1.5, 1.9, 3.1], "pivot": [-1.95, 31.55, -0.2], "rotation": [27.5, 0, -27.5], "uv": [75, 88]},
						{"origin": [-1.05, 30.6, -0.9], "size": [0.1, 1.9, 3.1], "pivot": [-1.95, 31.55, -0.2], "rotation": [27.5, 0, -27.5], "uv": [107, 1]},
						{"origin": [-2.1606, 31.2596, -1.5], "size": [1.5, 2, 2.1], "pivot": [-1.43056, 32.60957, 0.05], "rotation": [-22.1966, 0.25896, -27.38865], "uv": [77, 90]},
						{"origin": [-1.4606, 31.3596, -1.55], "size": [0.1, 2, 2.1], "pivot": [-1.43056, 32.60957, 0.05], "rotation": [-22.1966, 0.25896, -27.38865], "uv": [107, 1]},
						{"origin": [-1.5606, 31.3596, -1.6], "size": [0.3, 0.3, 0.3], "pivot": [-1.43056, 32.60957, 0.05], "rotation": [-22.1966, 0.25896, -27.38865], "uv": [122, 82]},
						{"origin": [-3.15, 25.175, -1.2], "size": [2.55, 2, 2.2], "uv": [226, 152]},
						{"origin": [-3, 25.125, -1.2], "size": [2.2, 2.05, 1.8], "uv": [223, 152]}
					]
				},
				{
					"name": "RightForeArm",
					"parent": "RightArm",
					"pivot": [-2.125, 25.075, 0.025],
					"cubes": [
						{"origin": [-3.3, 21.075, -1.3], "size": [2.85, 4.5, 2.7], "uv": [106, 3]},
						{"origin": [-3.25, 20.075, -1.4], "size": [2.95, 2, 2.9], "uv": [29, 107]},
						{"origin": [-3.6, 20.575, -1.45], "size": [3.35, 0.1, 3], "uv": [108, 6]},
						{"origin": [-3.6, 21.575, -1.45], "size": [3.35, 0.1, 3], "uv": [108, 6]},
						{"origin": [-3.45, 20.075, -1.4], "size": [2.95, 2, 2.9], "uv": [29, 107]},
						{"origin": [-3.025, 20.375, -1.2], "size": [2.5, 5, 2.5], "pivot": [-1.775, 22.875, 0.05], "rotation": [0, 0, 5], "uv": [105, 0]},
						{"origin": [-0.205, 23.975, -1.2], "size": [1, 1, 2.5], "pivot": [-1.775, 22.875, 0.05], "rotation": [0, 0, -35], "uv": [106, 1]},
						{"origin": [-3.125, 18.075, -1.2], "size": [2.5, 7, 2.5], "uv": [2, 101]},
						{"origin": [-3.125, 25.075, -1.2], "size": [2.5, 1, 2.5], "uv": [230, 157]}
					]
				},
				{
					"name": "IRON",
					"parent": "RightForeArm",
					"pivot": [2, -4, 0],
					"cubes": [
						{"origin": [-3.75, 20.75, -1], "size": [1.75, 0.75, 2], "uv": [5, 106]},
						{"origin": [-3.85, 20.85, -0.9], "size": [1.75, 0.55, 1.8], "uv": [5, 31]},
						{"origin": [-3.75, 20.1, -0.375], "size": [1.75, 2, 0.75], "uv": [7, 108]},
						{"origin": [-3.85, 20.2, -0.275], "size": [1.75, 1.8, 0.55], "uv": [8, 31]}
					]
				},
				{
					"name": "RightHandLocator",
					"parent": "RightForeArm",
					"pivot": [-2.125, 19.575, 0.025]
				}
			]
		}
	]
}