{
	"format_version": "1.12.0",
	"minecraft:geometry": [
		{
			"description": {
				"identifier": "geometry.unknown",
				"texture_width": 512,
				"texture_height": 512,
				"visible_bounds_width": 7,
				"visible_bounds_height": 7,
				"visible_bounds_offset": [0, 2.5, 0]
			},
			"bones": [
				{
					"name": "Arm",
					"pivot": [-0.2, 28.525, 0]
				},
				{
					"name": "LeftArm",
					"parent": "Arm",
					"pivot": [4.9, 30.65, 0]
				},
				{
					"name": "LeftJie",
					"parent": "LeftArm",
					"pivot": [4.54765, 26.07146, 1.72927],
					"rotation": [0, 0, 15],
					"cubes": [
						{
							"origin": [4.24841, 25.60935, 1.47768],
							"size": [0.34516, 0.94, 0.49938],
							"pivot": [4.54216, 26.07935, 1.71268],
							"rotation": [11.4574, 0.99563, -4.90012],
							"uv": {
								"north": {"uv": [506.5, 27], "uv_size": [0.5, 1]},
								"east": {"uv": [397.5, 137], "uv_size": [0.5, 1]},
								"south": {"uv": [506.5, 28], "uv_size": [0.5, 1]},
								"west": {"uv": [398.5, 137], "uv_size": [0.5, 1]},
								"up": {"uv": [398.5, 140], "uv_size": [0.5, 0.5]},
								"down": {"uv": [509.5, 29.5], "uv_size": [0.5, -0.5]}
							}
						},
						{
							"origin": [4.51279, 25.60935, 1.47768],
							"size": [0.32312, 0.94, 0.49938],
							"pivot": [4.54216, 26.07935, 1.71268],
							"rotation": [11.4574, -0.99563, 4.90012],
							"uv": {
								"north": {"uv": [506.5, 29], "uv_size": [0.5, 1]},
								"east": {"uv": [399.5, 137], "uv_size": [0.5, 1]},
								"south": {"uv": [506.5, 30], "uv_size": [0.5, 1]},
								"west": {"uv": [400.5, 137], "uv_size": [0.5, 1]},
								"up": {"uv": [399.5, 140], "uv_size": [0.5, 0.5]},
								"down": {"uv": [509.5, 30.5], "uv_size": [0.5, -0.5]}
							}
						}
					]
				},
				{
					"name": "Dai",
					"parent": "LeftJie",
					"pivot": [5.3654, 25.46525, 1.735],
					"rotation": [0, 0, 43],
					"cubes": [
						{
							"origin": [4.25355, 25.23124, 1.9111],
							"size": [0.94, 0.64625, 0.1175],
							"pivot": [5.3654, 25.46525, 1.735],
							"rotation": [0, -9, 0],
							"uv": {
								"north": {"uv": [506.5, 31], "uv_size": [1, 0.5]},
								"east": {"uv": [400.5, 140], "uv_size": [0.5, 0.5]},
								"south": {"uv": [401.5, 137], "uv_size": [1, 0.5]},
								"west": {"uv": [509.5, 31], "uv_size": [0.5, 0.5]},
								"up": {"uv": [506.5, 32], "uv_size": [1, 0.5]},
								"down": {"uv": [402.5, 137.5], "uv_size": [1, -0.5]}
							}
						},
						{
							"origin": [4.25355, 25.23124, 1.4414],
							"size": [0.94, 0.47, 0.1175],
							"pivot": [5.3654, 25.46525, 1.735],
							"rotation": [0, 9, 0],
							"uv": {
								"north": {"uv": [506.5, 33], "uv_size": [1, 0.5]},
								"east": {"uv": [401.5, 140], "uv_size": [0.5, 0.5]},
								"south": {"uv": [403.5, 137], "uv_size": [1, 0.5]},
								"west": {"uv": [509.5, 32], "uv_size": [0.5, 0.5]},
								"up": {"uv": [506.5, 34], "uv_size": [1, 0.5]},
								"down": {"uv": [404.5, 137.5], "uv_size": [1, -0.5]}
							}
						},
						{
							"origin": [5.14974, 25.05499, 1.4719],
							"size": [0.705, 0.64625, 0.1175],
							"uv": {
								"north": {"uv": [402.5, 140], "uv_size": [0.5, 0.5]},
								"east": {"uv": [509.5, 33], "uv_size": [0.5, 0.5]},
								"south": {"uv": [403.5, 140], "uv_size": [0.5, 0.5]},
								"west": {"uv": [509.5, 34], "uv_size": [0.5, 0.5]},
								"up": {"uv": [404.5, 140], "uv_size": [0.5, 0.5]},
								"down": {"uv": [509.5, 35.5], "uv_size": [0.5, -0.5]}
							}
						},
						{
							"origin": [5.67021, 25.35635, 1.23881],
							"size": [0.38922, 0.20563, 0.1175],
							"pivot": [5.3654, 25.46525, 1.735],
							"rotation": [17.63481, -30.73448, -31.88226],
							"uv": {
								"north": {"uv": [405.5, 140], "uv_size": [0.5, 0.5]},
								"east": {"uv": [509.5, 36], "uv_size": [0.5, 0.5]},
								"south": {"uv": [406.5, 140], "uv_size": [0.5, 0.5]},
								"west": {"uv": [509.5, 37], "uv_size": [0.5, 0.5]},
								"up": {"uv": [407.5, 140], "uv_size": [0.5, 0.5]},
								"down": {"uv": [509.5, 38.5], "uv_size": [0.5, -0.5]}
							}
						},
						{
							"origin": [5.61533, 25.23124, 2.11369],
							"size": [0.41125, 0.64625, 0.1175],
							"pivot": [5.3654, 25.46525, 1.735],
							"rotation": [0, 35, 0],
							"uv": {
								"north": {"uv": [408.5, 140], "uv_size": [0.5, 0.5]},
								"east": {"uv": [509.5, 39], "uv_size": [0.5, 0.5]},
								"south": {"uv": [409.5, 140], "uv_size": [0.5, 0.5]},
								"west": {"uv": [509.5, 40], "uv_size": [0.5, 0.5]},
								"up": {"uv": [410.5, 140], "uv_size": [0.5, 0.5]},
								"down": {"uv": [509.5, 41.5], "uv_size": [0.5, -0.5]}
							}
						},
						{
							"origin": [5.14974, 25.23124, 1.8806],
							"size": [0.705, 0.64625, 0.1175],
							"uv": {
								"north": {"uv": [411.5, 140], "uv_size": [0.5, 0.5]},
								"east": {"uv": [509.5, 42], "uv_size": [0.5, 0.5]},
								"south": {"uv": [412.5, 140], "uv_size": [0.5, 0.5]},
								"west": {"uv": [509.5, 43], "uv_size": [0.5, 0.5]},
								"up": {"uv": [413.5, 140], "uv_size": [0.5, 0.5]},
								"down": {"uv": [509.5, 44.5], "uv_size": [0.5, -0.5]}
							}
						},
						{
							"origin": [5.61533, 25.23124, 1.23881],
							"size": [0.4186, 0.47, 0.11016],
							"pivot": [5.3654, 25.46525, 1.735],
							"rotation": [0, -35, 0],
							"uv": {
								"north": {"uv": [414.5, 140], "uv_size": [0.5, 0.5]},
								"east": {"uv": [509.5, 45], "uv_size": [0.5, 0.5]},
								"south": {"uv": [415.5, 140], "uv_size": [0.5, 0.5]},
								"west": {"uv": [509.5, 46], "uv_size": [0.5, 0.5]},
								"up": {"uv": [416.5, 140], "uv_size": [0.5, 0.5]},
								"down": {"uv": [509.5, 47.5], "uv_size": [0.5, -0.5]}
							}
						},
						{
							"origin": [5.48763, 24.95324, 1.23881],
							"size": [0.36719, 0.20563, 0.1175],
							"pivot": [5.3654, 25.46525, 1.735],
							"rotation": [17.63481, -30.73448, -31.88226],
							"uv": {
								"north": {"uv": [417.5, 140], "uv_size": [0.5, 0.5]},
								"east": {"uv": [509.5, 48], "uv_size": [0.5, 0.5]},
								"south": {"uv": [418.5, 140], "uv_size": [0.5, 0.5]},
								"west": {"uv": [509.5, 49], "uv_size": [0.5, 0.5]},
								"up": {"uv": [419.5, 140], "uv_size": [0.5, 0.5]},
								"down": {"uv": [509.5, 50.5], "uv_size": [0.5, -0.5]}
							}
						},
						{
							"origin": [5.61129, 25.06454, 1.23881],
							"size": [0.09547, 0.235, 0.11016],
							"pivot": [5.3654, 25.46525, 1.735],
							"rotation": [0, -35, 0],
							"uv": {
								"north": {"uv": [420.5, 140], "uv_size": [0.5, 0.5]},
								"east": {"uv": [509.5, 51], "uv_size": [0.5, 0.5]},
								"south": {"uv": [421.5, 140], "uv_size": [0.5, 0.5]},
								"west": {"uv": [509.5, 52], "uv_size": [0.5, 0.5]},
								"up": {"uv": [422.5, 140], "uv_size": [0.5, 0.5]},
								"down": {"uv": [509.5, 53.5], "uv_size": [0.5, -0.5]}
							}
						},
						{
							"origin": [4.3274, 25.03138, 1.4414],
							"size": [0.94, 0.235, 0.1175],
							"pivot": [5.3654, 25.46525, 1.735],
							"rotation": [1.57542, 8.86216, 10.12209],
							"uv": {
								"north": {"uv": [506.5, 35], "uv_size": [1, 0.5]},
								"east": {"uv": [423.5, 140], "uv_size": [0.5, 0.5]},
								"south": {"uv": [405.5, 137], "uv_size": [1, 0.5]},
								"west": {"uv": [509.5, 54], "uv_size": [0.5, 0.5]},
								"up": {"uv": [506.5, 36], "uv_size": [1, 0.5]},
								"down": {"uv": [406.5, 137.5], "uv_size": [1, -0.5]}
							}
						}
					]
				},
				{
					"name": "Dai2",
					"parent": "LeftJie",
					"pivot": [4.10652, 25.98209, 1.63196],
					"rotation": [0, 0, -43],
					"cubes": [
						{
							"origin": [3.60167, 25.68834, 1.54397],
							"size": [0.94, 0.47, 0.1175],
							"pivot": [4.07167, 25.74709, 1.66147],
							"rotation": [0, -9, 0],
							"uv": {
								"north": {"uv": [506.5, 37], "uv_size": [1, 0.5]},
								"east": {"uv": [424.5, 140], "uv_size": [0.5, 0.5]},
								"south": {"uv": [407.5, 137], "uv_size": [1, 0.5]},
								"west": {"uv": [509.5, 55], "uv_size": [0.5, 0.5]},
								"up": {"uv": [506.5, 38], "uv_size": [1, 0.5]},
								"down": {"uv": [408.5, 137.5], "uv_size": [1, -0.5]}
							}
						},
						{
							"origin": [3.58365, 25.59191, 1.54039],
							"size": [0.94, 0.235, 0.1175],
							"pivot": [4.05365, 25.70941, 1.59914],
							"rotation": [1.57542, -8.86216, -10.12209],
							"uv": {
								"north": {"uv": [506.5, 39], "uv_size": [1, 0.5]},
								"east": {"uv": [425.5, 140], "uv_size": [0.5, 0.5]},
								"south": {"uv": [409.5, 137], "uv_size": [1, 0.5]},
								"west": {"uv": [509.5, 56], "uv_size": [0.5, 0.5]},
								"up": {"uv": [506.5, 40], "uv_size": [1, 0.5]},
								"down": {"uv": [410.5, 137.5], "uv_size": [1, -0.5]}
							}
						},
						{
							"origin": [3.60167, 25.68834, 1.80852],
							"size": [0.94, 0.64625, 0.1175],
							"pivot": [4.07167, 25.92334, 1.80852],
							"rotation": [0, 9, 0],
							"uv": {
								"north": {"uv": [506.5, 41], "uv_size": [1, 0.5]},
								"east": {"uv": [426.5, 140], "uv_size": [0.5, 0.5]},
								"south": {"uv": [411.5, 137], "uv_size": [1, 0.5]},
								"west": {"uv": [509.5, 57], "uv_size": [0.5, 0.5]},
								"up": {"uv": [506.5, 42], "uv_size": [1, 0.5]},
								"down": {"uv": [412.5, 137.5], "uv_size": [1, -0.5]}
							}
						},
						{
							"origin": [2.92084, 25.68834, 1.8806],
							"size": [0.705, 0.64625, 0.1175],
							"uv": {
								"north": {"uv": [427.5, 140], "uv_size": [0.5, 0.5]},
								"east": {"uv": [509.5, 58], "uv_size": [0.5, 0.5]},
								"south": {"uv": [428.5, 140], "uv_size": [0.5, 0.5]},
								"west": {"uv": [509.5, 59], "uv_size": [0.5, 0.5]},
								"up": {"uv": [429.5, 140], "uv_size": [0.5, 0.5]},
								"down": {"uv": [509.5, 60.5], "uv_size": [0.5, -0.5]}
							}
						},
						{
							"origin": [2.80971, 25.68834, 2.04411],
							"size": [0.41125, 0.64625, 0.1175],
							"pivot": [3.33019, 26.20474, 1.60392],
							"rotation": [0, -35, 0],
							"uv": {
								"north": {"uv": [430.5, 140], "uv_size": [0.5, 0.5]},
								"east": {"uv": [509.5, 61], "uv_size": [0.5, 0.5]},
								"south": {"uv": [431.5, 140], "uv_size": [0.5, 0.5]},
								"west": {"uv": [509.5, 62], "uv_size": [0.5, 0.5]},
								"up": {"uv": [432.5, 140], "uv_size": [0.5, 0.5]},
								"down": {"uv": [509.5, 63.5], "uv_size": [0.5, -0.5]}
							}
						},
						{
							"origin": [2.92447, 25.68834, 1.34689],
							"size": [0.4186, 0.47, 0.11016],
							"pivot": [3.33019, 26.02849, 2.07896],
							"rotation": [0, 35, 0],
							"uv": {
								"north": {"uv": [433.5, 140], "uv_size": [0.5, 0.5]},
								"east": {"uv": [509.5, 64], "uv_size": [0.5, 0.5]},
								"south": {"uv": [434.5, 140], "uv_size": [0.5, 0.5]},
								"west": {"uv": [509.5, 65], "uv_size": [0.5, 0.5]},
								"up": {"uv": [435.5, 140], "uv_size": [0.5, 0.5]},
								"down": {"uv": [509.5, 66.5], "uv_size": [0.5, -0.5]}
							}
						},
						{
							"origin": [3.25091, 25.52164, 1.34457],
							"size": [0.09547, 0.235, 0.11016],
							"pivot": [3.3335, 26.2657, 2.07664],
							"rotation": [0, 35, 0],
							"uv": {
								"north": {"uv": [436.5, 140], "uv_size": [0.5, 0.5]},
								"east": {"uv": [509.5, 67], "uv_size": [0.5, 0.5]},
								"south": {"uv": [437.5, 140], "uv_size": [0.5, 0.5]},
								"west": {"uv": [509.5, 68], "uv_size": [0.5, 0.5]},
								"up": {"uv": [438.5, 140], "uv_size": [0.5, 0.5]},
								"down": {"uv": [509.5, 69.5], "uv_size": [0.5, -0.5]}
							}
						},
						{
							"origin": [2.92494, 25.96129, 1.36713],
							"size": [0.38922, 0.20563, 0.1175],
							"pivot": [3.30128, 26.03707, 2.0992],
							"rotation": [17.63481, 30.73448, 31.88226],
							"uv": {
								"north": {"uv": [439.5, 140], "uv_size": [0.5, 0.5]},
								"east": {"uv": [509.5, 70], "uv_size": [0.5, 0.5]},
								"south": {"uv": [440.5, 140], "uv_size": [0.5, 0.5]},
								"west": {"uv": [509.5, 71], "uv_size": [0.5, 0.5]},
								"up": {"uv": [441.5, 140], "uv_size": [0.5, 0.5]},
								"down": {"uv": [509.5, 72.5], "uv_size": [0.5, -0.5]}
							}
						},
						{
							"origin": [3.19747, 25.42918, 1.1763],
							"size": [0.36719, 0.20563, 0.1175],
							"pivot": [3.57381, 26.23934, 1.90837],
							"rotation": [17.63481, 30.73448, 31.88226],
							"uv": {
								"north": {"uv": [442.5, 140], "uv_size": [0.5, 0.5]},
								"east": {"uv": [509.5, 73], "uv_size": [0.5, 0.5]},
								"south": {"uv": [443.5, 140], "uv_size": [0.5, 0.5]},
								"west": {"uv": [509.5, 74], "uv_size": [0.5, 0.5]},
								"up": {"uv": [444.5, 140], "uv_size": [0.5, 0.5]},
								"down": {"uv": [509.5, 75.5], "uv_size": [0.5, -0.5]}
							}
						},
						{
							"origin": [2.92084, 25.51209, 1.4719],
							"size": [0.705, 0.64625, 0.1175],
							"uv": {
								"north": {"uv": [445.5, 140], "uv_size": [0.5, 0.5]},
								"east": {"uv": [509.5, 76], "uv_size": [0.5, 0.5]},
								"south": {"uv": [446.5, 140], "uv_size": [0.5, 0.5]},
								"west": {"uv": [509.5, 77], "uv_size": [0.5, 0.5]},
								"up": {"uv": [447.5, 140], "uv_size": [0.5, 0.5]},
								"down": {"uv": [509.5, 78.5], "uv_size": [0.5, -0.5]}
							}
						}
					]
				},
				{
					"name": "LeftLongDai",
					"parent": "LeftArm",
					"pivot": [4.40555, 25.87395, 1.453],
					"cubes": [
						{
							"origin": [4.1384, 14.45047, 1.35268],
							"size": [0.53266, 11.94, 0.1875],
							"pivot": [4.61965, 25.92047, 1.58768],
							"rotation": [0, 0, 19],
							"uv": {
								"north": {"uv": [424.5, 112], "uv_size": [0.5, 12]},
								"east": {"uv": [444.5, 112], "uv_size": [0.5, 12]},
								"south": {"uv": [451.5, 112], "uv_size": [0.5, 12]},
								"west": {"uv": [452.5, 112], "uv_size": [0.5, 12]},
								"up": {"uv": [448.5, 140], "uv_size": [0.5, 0.5]},
								"down": {"uv": [509.5, 79.5], "uv_size": [0.5, -0.5]}
							}
						}
					]
				},
				{
					"name": "LD1",
					"parent": "LeftLongDai",
					"pivot": [4.40555, 25.87395, 1.453],
					"cubes": [
						{
							"origin": [2.79732, 23.50902, 1.72768],
							"size": [0.53266, 3, 0.1875],
							"pivot": [3.43865, 21.03902, 1.44643],
							"rotation": [0, 0, 16],
							"uv": {
								"north": {"uv": [457.5, 127], "uv_size": [0.5, 3]},
								"east": {"uv": [458.5, 127], "uv_size": [0.5, 3]},
								"south": {"uv": [459.5, 127], "uv_size": [0.5, 3]},
								"west": {"uv": [460.5, 127], "uv_size": [0.5, 3]},
								"up": {"uv": [449.5, 140], "uv_size": [0.5, 0.5]},
								"down": {"uv": [509.5, 80.5], "uv_size": [0.5, -0.5]}
							}
						}
					]
				},
				{
					"name": "LD2",
					"parent": "LD1",
					"pivot": [4.40555, 25.87395, 1.453],
					"cubes": [
						{
							"origin": [2.79732, 20.50902, 1.72768],
							"size": [0.53266, 3, 0.1875],
							"pivot": [3.43865, 21.03902, 1.44643],
							"rotation": [0, 0, 16],
							"uv": {
								"north": {"uv": [461.5, 127], "uv_size": [0.5, 3]},
								"east": {"uv": [462.5, 127], "uv_size": [0.5, 3]},
								"south": {"uv": [463.5, 127], "uv_size": [0.5, 3]},
								"west": {"uv": [464.5, 127], "uv_size": [0.5, 3]},
								"up": {"uv": [450.5, 140], "uv_size": [0.5, 0.5]},
								"down": {"uv": [509.5, 81.5], "uv_size": [0.5, -0.5]}
							}
						}
					]
				},
				{
					"name": "LD3",
					"parent": "LD2",
					"pivot": [4.40555, 25.87395, 1.453],
					"cubes": [
						{
							"origin": [2.79732, 17.50902, 1.72768],
							"size": [0.53266, 3, 0.1875],
							"pivot": [3.43865, 21.03902, 1.44643],
							"rotation": [0, 0, 16],
							"uv": {
								"north": {"uv": [465.5, 127], "uv_size": [0.5, 3]},
								"east": {"uv": [466.5, 127], "uv_size": [0.5, 3]},
								"south": {"uv": [467.5, 127], "uv_size": [0.5, 3]},
								"west": {"uv": [468.5, 127], "uv_size": [0.5, 3]},
								"up": {"uv": [451.5, 140], "uv_size": [0.5, 0.5]},
								"down": {"uv": [509.5, 82.5], "uv_size": [0.5, -0.5]}
							}
						}
					]
				},
				{
					"name": "LD4",
					"parent": "LD3",
					"pivot": [4.40555, 25.87395, 1.453],
					"cubes": [
						{
							"origin": [2.79732, 14.50902, 1.72768],
							"size": [0.53266, 3, 0.1875],
							"pivot": [3.43865, 21.03902, 1.44643],
							"rotation": [0, 0, 16],
							"uv": {
								"north": {"uv": [469.5, 127], "uv_size": [0.5, 3]},
								"east": {"uv": [470.5, 127], "uv_size": [0.5, 3]},
								"south": {"uv": [471.5, 127], "uv_size": [0.5, 3]},
								"west": {"uv": [496.5, 102], "uv_size": [0.5, 3]},
								"up": {"uv": [452.5, 140], "uv_size": [0.5, 0.5]},
								"down": {"uv": [509.5, 83.5], "uv_size": [0.5, -0.5]}
							}
						}
					]
				},
				{
					"name": "LD5",
					"parent": "LD4",
					"pivot": [4.40555, 25.87395, 1.453],
					"cubes": [
						{
							"origin": [2.79732, 13.57152, 1.72768],
							"size": [0.53266, 0.9375, 0.1875],
							"pivot": [3.43865, 21.03902, 1.44643],
							"rotation": [0, 0, 16],
							"uv": {
								"north": {"uv": [506.5, 43], "uv_size": [0.5, 1]},
								"east": {"uv": [413.5, 137], "uv_size": [0.5, 1]},
								"south": {"uv": [506.5, 44], "uv_size": [0.5, 1]},
								"west": {"uv": [414.5, 137], "uv_size": [0.5, 1]},
								"up": {"uv": [453.5, 140], "uv_size": [0.5, 0.5]},
								"down": {"uv": [509.5, 84.5], "uv_size": [0.5, -0.5]}
							}
						}
					]
				},
				{
					"name": "JinSanJiao2",
					"parent": "LD5",
					"pivot": [4.70301, 24.05332, 1.58768],
					"cubes": [
						{
							"origin": [0.76904, 13.23447, 1.72768],
							"size": [0.375, 0.5, 0.1875],
							"pivot": [0.95928, 13.68767, 1.82143],
							"rotation": [0, 0, -5],
							"uv": {
								"north": {"uv": [454.5, 140], "uv_size": [0.5, 0.5]},
								"east": {"uv": [509.5, 85], "uv_size": [0.5, 0.5]},
								"south": {"uv": [455.5, 140], "uv_size": [0.5, 0.5]},
								"west": {"uv": [509.5, 86], "uv_size": [0.5, 0.5]},
								"up": {"uv": [456.5, 140], "uv_size": [0.5, 0.5]},
								"down": {"uv": [509.5, 87.5], "uv_size": [0.5, -0.5]}
							}
						},
						{
							"origin": [0.95654, 13.73447, 1.72768],
							"size": [0.1875, 0.1875, 0.1875],
							"pivot": [0.95928, 13.68767, 1.82143],
							"rotation": [0, 0, -5],
							"uv": {
								"north": {"uv": [457.5, 140], "uv_size": [0.5, 0.5]},
								"east": {"uv": [509.5, 88], "uv_size": [0.5, 0.5]},
								"south": {"uv": [458.5, 140], "uv_size": [0.5, 0.5]},
								"west": {"uv": [509.5, 89], "uv_size": [0.5, 0.5]},
								"up": {"uv": [459.5, 140], "uv_size": [0.5, 0.5]},
								"down": {"uv": [509.5, 90.5], "uv_size": [0.5, -0.5]}
							}
						},
						{
							"origin": [0.86251, 13.78662, 1.72768],
							"size": [0.1803, 0.1875, 0.1875],
							"pivot": [0.95928, 13.68767, 1.82143],
							"rotation": [0, 0, 17],
							"uv": {
								"north": {"uv": [460.5, 140], "uv_size": [0.5, 0.5]},
								"east": {"uv": [509.5, 91], "uv_size": [0.5, 0.5]},
								"south": {"uv": [461.5, 140], "uv_size": [0.5, 0.5]},
								"west": {"uv": [509.5, 92], "uv_size": [0.5, 0.5]},
								"up": {"uv": [462.5, 140], "uv_size": [0.5, 0.5]},
								"down": {"uv": [509.5, 93.5], "uv_size": [0.5, -0.5]}
							}
						},
						{
							"origin": [0.76225, 13.22951, 1.72768],
							"size": [0.375, 0.5, 0.1875],
							"pivot": [0.95928, 13.68767, 1.82143],
							"rotation": [0, 0, 39],
							"uv": {
								"north": {"uv": [463.5, 140], "uv_size": [0.5, 0.5]},
								"east": {"uv": [509.5, 94], "uv_size": [0.5, 0.5]},
								"south": {"uv": [464.5, 140], "uv_size": [0.5, 0.5]},
								"west": {"uv": [509.5, 95], "uv_size": [0.5, 0.5]},
								"up": {"uv": [465.5, 140], "uv_size": [0.5, 0.5]},
								"down": {"uv": [509.5, 96.5], "uv_size": [0.5, -0.5]}
							}
						},
						{
							"origin": [0.76225, 13.72951, 1.72768],
							"size": [0.1875, 0.1875, 0.1875],
							"pivot": [0.95928, 13.68767, 1.82143],
							"rotation": [0, 0, 39],
							"uv": {
								"north": {"uv": [466.5, 140], "uv_size": [0.5, 0.5]},
								"east": {"uv": [509.5, 97], "uv_size": [0.5, 0.5]},
								"south": {"uv": [467.5, 140], "uv_size": [0.5, 0.5]},
								"west": {"uv": [509.5, 98], "uv_size": [0.5, 0.5]},
								"up": {"uv": [468.5, 140], "uv_size": [0.5, 0.5]},
								"down": {"uv": [509.5, 99.5], "uv_size": [0.5, -0.5]}
							}
						}
					]
				},
				{
					"name": "JinSanJiao",
					"parent": "LeftLongDai",
					"pivot": [4.35817, 25.21683, 1.58768],
					"cubes": [
						{
							"origin": [0.43686, 14.41663, 1.35268],
							"size": [0.375, 0.5, 0.1875],
							"pivot": [0.62711, 14.86984, 1.44643],
							"rotation": [0, 0, -5],
							"uv": {
								"north": {"uv": [469.5, 140], "uv_size": [0.5, 0.5]},
								"east": {"uv": [509.5, 100], "uv_size": [0.5, 0.5]},
								"south": {"uv": [470.5, 140], "uv_size": [0.5, 0.5]},
								"west": {"uv": [509.5, 101], "uv_size": [0.5, 0.5]},
								"up": {"uv": [471.5, 140], "uv_size": [0.5, 0.5]},
								"down": {"uv": [509.5, 102.5], "uv_size": [0.5, -0.5]}
							}
						},
						{
							"origin": [0.62436, 14.91663, 1.35268],
							"size": [0.1875, 0.1875, 0.1875],
							"pivot": [0.62711, 14.86984, 1.44643],
							"rotation": [0, 0, -5],
							"uv": {
								"north": {"uv": [472.5, 140], "uv_size": [0.5, 0.5]},
								"east": {"uv": [509.5, 103], "uv_size": [0.5, 0.5]},
								"south": {"uv": [473.5, 140], "uv_size": [0.5, 0.5]},
								"west": {"uv": [509.5, 104], "uv_size": [0.5, 0.5]},
								"up": {"uv": [474.5, 140], "uv_size": [0.5, 0.5]},
								"down": {"uv": [509.5, 105.5], "uv_size": [0.5, -0.5]}
							}
						},
						{
							"origin": [0.53034, 14.96879, 1.35268],
							"size": [0.1803, 0.1875, 0.1875],
							"pivot": [0.62711, 14.86984, 1.44643],
							"rotation": [0, 0, 17],
							"uv": {
								"north": {"uv": [475.5, 140], "uv_size": [0.5, 0.5]},
								"east": {"uv": [509.5, 106], "uv_size": [0.5, 0.5]},
								"south": {"uv": [476.5, 140], "uv_size": [0.5, 0.5]},
								"west": {"uv": [509.5, 107], "uv_size": [0.5, 0.5]},
								"up": {"uv": [477.5, 140], "uv_size": [0.5, 0.5]},
								"down": {"uv": [509.5, 108.5], "uv_size": [0.5, -0.5]}
							}
						},
						{
							"origin": [0.43008, 14.41168, 1.35268],
							"size": [0.375, 0.5, 0.1875],
							"pivot": [0.62711, 14.86984, 1.44643],
							"rotation": [0, 0, 39],
							"uv": {
								"north": {"uv": [478.5, 140], "uv_size": [0.5, 0.5]},
								"east": {"uv": [509.5, 109], "uv_size": [0.5, 0.5]},
								"south": {"uv": [479.5, 140], "uv_size": [0.5, 0.5]},
								"west": {"uv": [509.5, 110], "uv_size": [0.5, 0.5]},
								"up": {"uv": [480.5, 140], "uv_size": [0.5, 0.5]},
								"down": {"uv": [509.5, 111.5], "uv_size": [0.5, -0.5]}
							}
						},
						{
							"origin": [0.43008, 14.91168, 1.35268],
							"size": [0.1875, 0.1875, 0.1875],
							"pivot": [0.62711, 14.86984, 1.44643],
							"rotation": [0, 0, 39],
							"uv": {
								"north": {"uv": [481.5, 140], "uv_size": [0.5, 0.5]},
								"east": {"uv": [509.5, 112], "uv_size": [0.5, 0.5]},
								"south": {"uv": [482.5, 140], "uv_size": [0.5, 0.5]},
								"west": {"uv": [509.5, 113], "uv_size": [0.5, 0.5]},
								"up": {"uv": [483.5, 140], "uv_size": [0.5, 0.5]},
								"down": {"uv": [509.5, 114.5], "uv_size": [0.5, -0.5]}
							}
						}
					]
				},
				{
					"name": "LeftArmelse",
					"parent": "LeftArm",
					"pivot": [4.9, 30.65, 0],
					"cubes": [
						{
							"origin": [3.25624, 24.37512, -1.525],
							"size": [2.5, 6.75, 3],
							"uv": {
								"north": {"uv": [462.5, 91], "uv_size": [2.5, 7]},
								"east": {"uv": [456.5, 87], "uv_size": [3, 7]},
								"south": {"uv": [463.5, 0], "uv_size": [2.5, 7]},
								"west": {"uv": [457.5, 0], "uv_size": [3, 7]},
								"up": {"uv": [387.5, 108], "uv_size": [2.5, 3]},
								"down": {"uv": [396.5, 111], "uv_size": [2.5, -3]}
							}
						},
						{
							"origin": [3.50624, 23.97512, -1.125],
							"size": [2.05, 2, 2.2],
							"uv": {
								"north": {"uv": [408.5, 118], "uv_size": [2, 2]},
								"east": {"uv": [410.5, 118], "uv_size": [2, 2]},
								"south": {"uv": [412.5, 118], "uv_size": [2, 2]},
								"west": {"uv": [414.5, 118], "uv_size": [2, 2]},
								"up": {"uv": [416.5, 118], "uv_size": [2, 2]},
								"down": {"uv": [418.5, 120], "uv_size": [2, -2]}
							}
						},
						{
							"origin": [3.24062, 24.3595, -1.54062],
							"size": [2.53125, 4.01563, 3.03125],
							"uv": {
								"north": {"uv": [434.5, 104], "uv_size": [2.5, 4]},
								"east": {"uv": [372.5, 100], "uv_size": [3, 4]},
								"south": {"uv": [437.5, 104], "uv_size": [2.5, 4]},
								"west": {"uv": [469.5, 4], "uv_size": [3, 4]},
								"up": {"uv": [399.5, 108], "uv_size": [2.5, 3]},
								"down": {"uv": [402.5, 111], "uv_size": [2.5, -3]}
							}
						},
						{
							"origin": [3.49062, 23.6095, -1.22812],
							"size": [2.09375, 0.76563, 2.40625],
							"uv": {
								"north": {"uv": [457.5, 125], "uv_size": [2, 1]},
								"east": {"uv": [492.5, 35], "uv_size": [2.5, 1]},
								"south": {"uv": [459.5, 125], "uv_size": [2, 1]},
								"west": {"uv": [492.5, 36], "uv_size": [2.5, 1]},
								"up": {"uv": [431.5, 116], "uv_size": [2, 2.5]},
								"down": {"uv": [433.5, 118.5], "uv_size": [2, -2.5]}
							}
						},
						{
							"origin": [3.22499, 26.87512, -1.57187],
							"size": [2.5625, 0.5, 3.07813],
							"uv": {
								"north": {"uv": [498.5, 22], "uv_size": [2.5, 0.5]},
								"east": {"uv": [496.5, 82], "uv_size": [3, 0.5]},
								"south": {"uv": [498.5, 23], "uv_size": [2.5, 0.5]},
								"west": {"uv": [496.5, 94], "uv_size": [3, 0.5]},
								"up": {"uv": [477.5, 36], "uv_size": [2.5, 3]},
								"down": {"uv": [408.5, 111], "uv_size": [2.5, -3]}
							}
						},
						{
							"origin": [3.24062, 28.37512, -1.54062],
							"size": [2.53125, 0.5, 3.03125],
							"uv": {
								"north": {"uv": [498.5, 24], "uv_size": [2.5, 0.5]},
								"east": {"uv": [496.5, 95], "uv_size": [3, 0.5]},
								"south": {"uv": [498.5, 25], "uv_size": [2.5, 0.5]},
								"west": {"uv": [472.5, 127], "uv_size": [3, 0.5]},
								"up": {"uv": [477.5, 39], "uv_size": [2.5, 3]},
								"down": {"uv": [411.5, 111], "uv_size": [2.5, -3]}
							}
						},
						{
							"origin": [3.25624, 26.12512, -1.55625],
							"size": [2.5, 0.5, 3.0625],
							"inflate": 0.002,
							"pivot": [4.50624, 26.37512, -0.025],
							"rotation": [0, 0, 34],
							"uv": {
								"north": {"uv": [498.5, 26], "uv_size": [2.5, 0.5]},
								"east": {"uv": [496.5, 105], "uv_size": [3, 0.5]},
								"south": {"uv": [498.5, 27], "uv_size": [2.5, 0.5]},
								"west": {"uv": [475.5, 127], "uv_size": [3, 0.5]},
								"up": {"uv": [477.5, 42], "uv_size": [2.5, 3]},
								"down": {"uv": [414.5, 111], "uv_size": [2.5, -3]}
							}
						},
						{
							"origin": [3.22499, 25.37512, -1.57187],
							"size": [2.5625, 0.5, 3.07813],
							"uv": {
								"north": {"uv": [498.5, 28], "uv_size": [2.5, 0.5]},
								"east": {"uv": [496.5, 106], "uv_size": [3, 0.5]},
								"south": {"uv": [498.5, 29], "uv_size": [2.5, 0.5]},
								"west": {"uv": [496.5, 108], "uv_size": [3, 0.5]},
								"up": {"uv": [477.5, 45], "uv_size": [2.5, 3]},
								"down": {"uv": [417.5, 111], "uv_size": [2.5, -3]}
							}
						}
					]
				},
				{
					"name": "LeftForeArm",
					"parent": "LeftArm",
					"pivot": [4.5, 24, 0]
				},
				{
					"name": "LFAelse",
					"parent": "LeftForeArm",
					"pivot": [4.5, 24, 1],
					"cubes": [
						{
							"origin": [3.25624, 16.62512, -1.525],
							"size": [2.5, 7.75, 3],
							"uv": {
								"north": {"uv": [459.5, 92], "uv_size": [2.5, 8]},
								"east": {"uv": [381.5, 82], "uv_size": [3, 8]},
								"south": {"uv": [390.5, 93], "uv_size": [2.5, 8]},
								"west": {"uv": [442.5, 82], "uv_size": [3, 8]},
								"up": {"uv": [477.5, 48], "uv_size": [2.5, 3]},
								"down": {"uv": [477.5, 54], "uv_size": [2.5, -3]}
							}
						},
						{
							"origin": [3.22499, 19.62512, -1.55625],
							"size": [2.5625, 0.5, 3.0625],
							"uv": {
								"north": {"uv": [498.5, 30], "uv_size": [2.5, 0.5]},
								"east": {"uv": [496.5, 109], "uv_size": [3, 0.5]},
								"south": {"uv": [498.5, 31], "uv_size": [2.5, 0.5]},
								"west": {"uv": [496.5, 110], "uv_size": [3, 0.5]},
								"up": {"uv": [425.5, 108], "uv_size": [2.5, 3]},
								"down": {"uv": [428.5, 111], "uv_size": [2.5, -3]}
							}
						},
						{
							"origin": [3.22499, 18.46887, -1.55625],
							"size": [0.29688, 0.46875, 3.0625],
							"uv": {
								"north": {"uv": [484.5, 140], "uv_size": [0.5, 0.5]},
								"east": {"uv": [496.5, 111], "uv_size": [3, 0.5]},
								"south": {"uv": [509.5, 115], "uv_size": [0.5, 0.5]},
								"west": {"uv": [481.5, 127], "uv_size": [3, 0.5]},
								"up": {"uv": [478.5, 127], "uv_size": [0.5, 3]},
								"down": {"uv": [496.5, 115], "uv_size": [0.5, -3]}
							}
						},
						{
							"origin": [3.2689, 19.00012, -1.55625],
							"size": [2.5, 0.5, 3.0625],
							"pivot": [4.5189, 19.25012, -0.025],
							"rotation": [0, 0, -27],
							"uv": {
								"north": {"uv": [498.5, 32], "uv_size": [2.5, 0.5]},
								"east": {"uv": [484.5, 127], "uv_size": [3, 0.5]},
								"south": {"uv": [498.5, 33], "uv_size": [2.5, 0.5]},
								"west": {"uv": [496.5, 115], "uv_size": [3, 0.5]},
								"up": {"uv": [431.5, 108], "uv_size": [2.5, 3]},
								"down": {"uv": [477.5, 67], "uv_size": [2.5, -3]}
							}
						},
						{
							"origin": [3.24062, 18.37512, -1.54062],
							"size": [2.53125, 6.01563, 3.03125],
							"uv": {
								"north": {"uv": [466.5, 0], "uv_size": [2.5, 6]},
								"east": {"uv": [399.5, 93], "uv_size": [3, 6]},
								"south": {"uv": [466.5, 6], "uv_size": [2.5, 6]},
								"west": {"uv": [402.5, 93], "uv_size": [3, 6]},
								"up": {"uv": [434.5, 108], "uv_size": [2.5, 3]},
								"down": {"uv": [477.5, 70], "uv_size": [2.5, -3]}
							}
						},
						{
							"origin": [5.50624, 17.69191, -1.57068],
							"size": [0.26563, 1.76563, 1],
							"inflate": 0.001,
							"pivot": [4.50624, 18.95753, -0.57068],
							"rotation": [58, 0, 0],
							"uv": {
								"north": {"uv": [502.5, 0], "uv_size": [0.5, 2]},
								"east": {"uv": [494.5, 90], "uv_size": [1, 2]},
								"south": {"uv": [502.5, 2], "uv_size": [0.5, 2]},
								"west": {"uv": [461.5, 125], "uv_size": [1, 2]},
								"up": {"uv": [506.5, 45], "uv_size": [0.5, 1]},
								"down": {"uv": [415.5, 138], "uv_size": [0.5, -1]}
							}
						},
						{
							"origin": [5.50624, 16.84386, 0.0506],
							"size": [0.26563, 1.76563, 1],
							"inflate": 0.001,
							"pivot": [4.50624, 18.10948, 1.0506],
							"rotation": [-58, 0, 0],
							"uv": {
								"north": {"uv": [502.5, 4], "uv_size": [0.5, 2]},
								"east": {"uv": [494.5, 92], "uv_size": [1, 2]},
								"south": {"uv": [374.5, 133], "uv_size": [0.5, 2]},
								"west": {"uv": [462.5, 125], "uv_size": [1, 2]},
								"up": {"uv": [506.5, 46], "uv_size": [0.5, 1]},
								"down": {"uv": [416.5, 138], "uv_size": [0.5, -1]}
							}
						}
					]
				},
				{
					"name": "LeftHand",
					"parent": "LeftForeArm",
					"pivot": [4.45, 16.5, 0]
				},
				{
					"name": "LeftHandLocator",
					"parent": "LeftHand",
					"pivot": [4.45, 16.5, 0.05]
				},
				{
					"name": "SheathLocator",
					"parent": "LeftHand",
					"pivot": [4.45, 16.5, 0.05]
				},
				{
					"name": "LeftWaistLocator",
					"parent": "LeftHand",
					"pivot": [4.45, 16.5, 0.05]
				},
				{
					"name": "LeftForeJIE",
					"parent": "LeftForeArm",
					"pivot": [5.91966, 19.79031, -0.02073],
					"rotation": [0, -90, 0],
					"cubes": [
						{
							"origin": [5.60479, 19.3282, -0.30357],
							"size": [0.34516, 0.94, 0.49938],
							"pivot": [5.89854, 19.7982, -0.06858],
							"rotation": [11.4574, 0.99563, -4.90012],
							"uv": {
								"north": {"uv": [506.5, 47], "uv_size": [0.5, 1]},
								"east": {"uv": [417.5, 137], "uv_size": [0.5, 1]},
								"south": {"uv": [506.5, 48], "uv_size": [0.5, 1]},
								"west": {"uv": [418.5, 137], "uv_size": [0.5, 1]},
								"up": {"uv": [485.5, 140], "uv_size": [0.5, 0.5]},
								"down": {"uv": [509.5, 116.5], "uv_size": [0.5, -0.5]}
							}
						},
						{
							"origin": [5.86917, 19.3282, -0.30357],
							"size": [0.32312, 0.94, 0.49938],
							"pivot": [5.89854, 19.7982, -0.06858],
							"rotation": [11.4574, -0.99563, 4.90012],
							"uv": {
								"north": {"uv": [506.5, 49], "uv_size": [0.5, 1]},
								"east": {"uv": [419.5, 137], "uv_size": [0.5, 1]},
								"south": {"uv": [506.5, 50], "uv_size": [0.5, 1]},
								"west": {"uv": [420.5, 137], "uv_size": [0.5, 1]},
								"up": {"uv": [486.5, 140], "uv_size": [0.5, 0.5]},
								"down": {"uv": [509.5, 117.5], "uv_size": [0.5, -0.5]}
							}
						}
					]
				},
				{
					"name": "Dai3",
					"parent": "LeftForeJIE",
					"pivot": [6.73741, 19.1841, -0.0775],
					"rotation": [0, 0, 43],
					"cubes": [
						{
							"origin": [5.62556, 18.95009, 0.0986],
							"size": [0.94, 0.64625, 0.1175],
							"pivot": [6.73741, 19.1841, -0.0775],
							"rotation": [0, -9, 0],
							"uv": {
								"north": {"uv": [506.5, 51], "uv_size": [1, 0.5]},
								"east": {"uv": [487.5, 140], "uv_size": [0.5, 0.5]},
								"south": {"uv": [421.5, 137], "uv_size": [1, 0.5]},
								"west": {"uv": [509.5, 118], "uv_size": [0.5, 0.5]},
								"up": {"uv": [506.5, 52], "uv_size": [1, 0.5]},
								"down": {"uv": [422.5, 137.5], "uv_size": [1, -0.5]}
							}
						},
						{
							"origin": [5.62556, 18.95009, -0.3711],
							"size": [0.94, 0.47, 0.1175],
							"pivot": [6.73741, 19.1841, -0.0775],
							"rotation": [0, 9, 0],
							"uv": {
								"north": {"uv": [506.5, 53], "uv_size": [1, 0.5]},
								"east": {"uv": [488.5, 140], "uv_size": [0.5, 0.5]},
								"south": {"uv": [423.5, 137], "uv_size": [1, 0.5]},
								"west": {"uv": [509.5, 119], "uv_size": [0.5, 0.5]},
								"up": {"uv": [506.5, 54], "uv_size": [1, 0.5]},
								"down": {"uv": [424.5, 137.5], "uv_size": [1, -0.5]}
							}
						},
						{
							"origin": [6.52174, 18.77384, -0.3406],
							"size": [0.705, 0.64625, 0.1175],
							"uv": {
								"north": {"uv": [489.5, 140], "uv_size": [0.5, 0.5]},
								"east": {"uv": [509.5, 120], "uv_size": [0.5, 0.5]},
								"south": {"uv": [490.5, 140], "uv_size": [0.5, 0.5]},
								"west": {"uv": [509.5, 121], "uv_size": [0.5, 0.5]},
								"up": {"uv": [491.5, 140], "uv_size": [0.5, 0.5]},
								"down": {"uv": [509.5, 122.5], "uv_size": [0.5, -0.5]}
							}
						},
						{
							"origin": [7.04222, 19.0752, -0.57369],
							"size": [0.38922, 0.20563, 0.1175],
							"pivot": [6.73741, 19.1841, -0.0775],
							"rotation": [17.63481, -30.73448, -31.88226],
							"uv": {
								"north": {"uv": [492.5, 140], "uv_size": [0.5, 0.5]},
								"east": {"uv": [509.5, 123], "uv_size": [0.5, 0.5]},
								"south": {"uv": [493.5, 140], "uv_size": [0.5, 0.5]},
								"west": {"uv": [509.5, 124], "uv_size": [0.5, 0.5]},
								"up": {"uv": [494.5, 140], "uv_size": [0.5, 0.5]},
								"down": {"uv": [509.5, 125.5], "uv_size": [0.5, -0.5]}
							}
						},
						{
							"origin": [6.98734, 18.95009, 0.30119],
							"size": [0.41125, 0.64625, 0.1175],
							"pivot": [6.73741, 19.1841, -0.0775],
							"rotation": [0, 35, 0],
							"uv": {
								"north": {"uv": [495.5, 140], "uv_size": [0.5, 0.5]},
								"east": {"uv": [509.5, 126], "uv_size": [0.5, 0.5]},
								"south": {"uv": [496.5, 140], "uv_size": [0.5, 0.5]},
								"west": {"uv": [509.5, 127], "uv_size": [0.5, 0.5]},
								"up": {"uv": [497.5, 140], "uv_size": [0.5, 0.5]},
								"down": {"uv": [509.5, 128.5], "uv_size": [0.5, -0.5]}
							}
						},
						{
							"origin": [6.52174, 18.95009, 0.0681],
							"size": [0.705, 0.64625, 0.1175],
							"uv": {
								"north": {"uv": [498.5, 140], "uv_size": [0.5, 0.5]},
								"east": {"uv": [509.5, 129], "uv_size": [0.5, 0.5]},
								"south": {"uv": [499.5, 140], "uv_size": [0.5, 0.5]},
								"west": {"uv": [509.5, 130], "uv_size": [0.5, 0.5]},
								"up": {"uv": [500.5, 140], "uv_size": [0.5, 0.5]},
								"down": {"uv": [509.5, 131.5], "uv_size": [0.5, -0.5]}
							}
						},
						{
							"origin": [6.98734, 18.95009, -0.57369],
							"size": [0.4186, 0.47, 0.11016],
							"pivot": [6.73741, 19.1841, -0.0775],
							"rotation": [0, -35, 0],
							"uv": {
								"north": {"uv": [501.5, 140], "uv_size": [0.5, 0.5]},
								"east": {"uv": [509.5, 132], "uv_size": [0.5, 0.5]},
								"south": {"uv": [502.5, 140], "uv_size": [0.5, 0.5]},
								"west": {"uv": [509.5, 133], "uv_size": [0.5, 0.5]},
								"up": {"uv": [503.5, 140], "uv_size": [0.5, 0.5]},
								"down": {"uv": [509.5, 134.5], "uv_size": [0.5, -0.5]}
							}
						},
						{
							"origin": [6.85964, 18.67209, -0.57369],
							"size": [0.36719, 0.20563, 0.1175],
							"pivot": [6.73741, 19.1841, -0.0775],
							"rotation": [17.63481, -30.73448, -31.88226],
							"uv": {
								"north": {"uv": [504.5, 140], "uv_size": [0.5, 0.5]},
								"east": {"uv": [509.5, 135], "uv_size": [0.5, 0.5]},
								"south": {"uv": [505.5, 140], "uv_size": [0.5, 0.5]},
								"west": {"uv": [509.5, 136], "uv_size": [0.5, 0.5]},
								"up": {"uv": [506.5, 140], "uv_size": [0.5, 0.5]},
								"down": {"uv": [509.5, 137.5], "uv_size": [0.5, -0.5]}
							}
						},
						{
							"origin": [6.9833, 18.78339, -0.57369],
							"size": [0.09547, 0.235, 0.11016],
							"pivot": [6.73741, 19.1841, -0.0775],
							"rotation": [0, -35, 0],
							"uv": {
								"north": {"uv": [507.5, 140], "uv_size": [0.5, 0.5]},
								"east": {"uv": [509.5, 138], "uv_size": [0.5, 0.5]},
								"south": {"uv": [508.5, 140], "uv_size": [0.5, 0.5]},
								"west": {"uv": [509.5, 139], "uv_size": [0.5, 0.5]},
								"up": {"uv": [509.5, 140], "uv_size": [0.5, 0.5]},
								"down": {"uv": [0, 141.5], "uv_size": [0.5, -0.5]}
							}
						},
						{
							"origin": [5.69941, 18.75023, -0.3711],
							"size": [0.94, 0.235, 0.1175],
							"pivot": [6.73741, 19.1841, -0.0775],
							"rotation": [1.57542, 8.86216, 10.12209],
							"uv": {
								"north": {"uv": [506.5, 55], "uv_size": [1, 0.5]},
								"east": {"uv": [510.5, 0], "uv_size": [0.5, 0.5]},
								"south": {"uv": [425.5, 137], "uv_size": [1, 0.5]},
								"west": {"uv": [1, 141], "uv_size": [0.5, 0.5]},
								"up": {"uv": [506.5, 56], "uv_size": [1, 0.5]},
								"down": {"uv": [426.5, 137.5], "uv_size": [1, -0.5]}
							}
						}
					]
				},
				{
					"name": "Dai4",
					"parent": "LeftForeJIE",
					"pivot": [5.47852, 19.70093, -0.18054],
					"rotation": [0, 0, -43],
					"cubes": [
						{
							"origin": [4.97368, 19.40718, -0.26853],
							"size": [0.94, 0.47, 0.1175],
							"pivot": [5.44368, 19.46593, -0.15103],
							"rotation": [0, -9, 0],
							"uv": {
								"north": {"uv": [506.5, 57], "uv_size": [1, 0.5]},
								"east": {"uv": [510.5, 1], "uv_size": [0.5, 0.5]},
								"south": {"uv": [427.5, 137], "uv_size": [1, 0.5]},
								"west": {"uv": [371.5, 141], "uv_size": [0.5, 0.5]},
								"up": {"uv": [506.5, 58], "uv_size": [1, 0.5]},
								"down": {"uv": [428.5, 137.5], "uv_size": [1, -0.5]}
							}
						},
						{
							"origin": [4.95566, 19.31076, -0.27211],
							"size": [0.94, 0.235, 0.1175],
							"pivot": [5.42566, 19.42826, -0.21336],
							"rotation": [1.57542, -8.86216, -10.12209],
							"uv": {
								"north": {"uv": [506.5, 59], "uv_size": [1, 0.5]},
								"east": {"uv": [510.5, 2], "uv_size": [0.5, 0.5]},
								"south": {"uv": [429.5, 137], "uv_size": [1, 0.5]},
								"west": {"uv": [372.5, 141], "uv_size": [0.5, 0.5]},
								"up": {"uv": [506.5, 60], "uv_size": [1, 0.5]},
								"down": {"uv": [430.5, 137.5], "uv_size": [1, -0.5]}
							}
						},
						{
							"origin": [4.97368, 19.40718, -0.00398],
							"size": [0.94, 0.64625, 0.1175],
							"pivot": [5.44368, 19.64218, -0.00398],
							"rotation": [0, 9, 0],
							"uv": {
								"north": {"uv": [506.5, 61], "uv_size": [1, 0.5]},
								"east": {"uv": [510.5, 3], "uv_size": [0.5, 0.5]},
								"south": {"uv": [431.5, 137], "uv_size": [1, 0.5]},
								"west": {"uv": [373.5, 141], "uv_size": [0.5, 0.5]},
								"up": {"uv": [506.5, 62], "uv_size": [1, 0.5]},
								"down": {"uv": [432.5, 137.5], "uv_size": [1, -0.5]}
							}
						},
						{
							"origin": [4.29285, 19.40718, 0.0681],
							"size": [0.705, 0.64625, 0.1175],
							"uv": {
								"north": {"uv": [510.5, 4], "uv_size": [0.5, 0.5]},
								"east": {"uv": [374.5, 141], "uv_size": [0.5, 0.5]},
								"south": {"uv": [510.5, 5], "uv_size": [0.5, 0.5]},
								"west": {"uv": [375.5, 141], "uv_size": [0.5, 0.5]},
								"up": {"uv": [510.5, 6], "uv_size": [0.5, 0.5]},
								"down": {"uv": [376.5, 141.5], "uv_size": [0.5, -0.5]}
							}
						},
						{
							"origin": [4.18172, 19.40718, 0.23161],
							"size": [0.41125, 0.64625, 0.1175],
							"pivot": [4.7022, 19.92359, -0.20858],
							"rotation": [0, -35, 0],
							"uv": {
								"north": {"uv": [510.5, 7], "uv_size": [0.5, 0.5]},
								"east": {"uv": [377.5, 141], "uv_size": [0.5, 0.5]},
								"south": {"uv": [510.5, 8], "uv_size": [0.5, 0.5]},
								"west": {"uv": [378.5, 141], "uv_size": [0.5, 0.5]},
								"up": {"uv": [510.5, 9], "uv_size": [0.5, 0.5]},
								"down": {"uv": [379.5, 141.5], "uv_size": [0.5, -0.5]}
							}
						},
						{
							"origin": [4.29648, 19.40718, -0.46561],
							"size": [0.4186, 0.47, 0.11016],
							"pivot": [4.7022, 19.74734, 0.26646],
							"rotation": [0, 35, 0],
							"uv": {
								"north": {"uv": [510.5, 10], "uv_size": [0.5, 0.5]},
								"east": {"uv": [380.5, 141], "uv_size": [0.5, 0.5]},
								"south": {"uv": [510.5, 11], "uv_size": [0.5, 0.5]},
								"west": {"uv": [381.5, 141], "uv_size": [0.5, 0.5]},
								"up": {"uv": [510.5, 12], "uv_size": [0.5, 0.5]},
								"down": {"uv": [382.5, 141.5], "uv_size": [0.5, -0.5]}
							}
						},
						{
							"origin": [4.62291, 19.24048, -0.46793],
							"size": [0.09547, 0.235, 0.11016],
							"pivot": [4.70551, 19.98455, 0.26414],
							"rotation": [0, 35, 0],
							"uv": {
								"north": {"uv": [510.5, 13], "uv_size": [0.5, 0.5]},
								"east": {"uv": [383.5, 141], "uv_size": [0.5, 0.5]},
								"south": {"uv": [510.5, 14], "uv_size": [0.5, 0.5]},
								"west": {"uv": [384.5, 141], "uv_size": [0.5, 0.5]},
								"up": {"uv": [510.5, 15], "uv_size": [0.5, 0.5]},
								"down": {"uv": [385.5, 141.5], "uv_size": [0.5, -0.5]}
							}
						},
						{
							"origin": [4.29694, 19.68014, -0.44537],
							"size": [0.38922, 0.20563, 0.1175],
							"pivot": [4.67329, 19.75592, 0.2867],
							"rotation": [17.63481, 30.73448, 31.88226],
							"uv": {
								"north": {"uv": [510.5, 16], "uv_size": [0.5, 0.5]},
								"east": {"uv": [386.5, 141], "uv_size": [0.5, 0.5]},
								"south": {"uv": [510.5, 17], "uv_size": [0.5, 0.5]},
								"west": {"uv": [387.5, 141], "uv_size": [0.5, 0.5]},
								"up": {"uv": [510.5, 18], "uv_size": [0.5, 0.5]},
								"down": {"uv": [388.5, 141.5], "uv_size": [0.5, -0.5]}
							}
						},
						{
							"origin": [4.56948, 19.14802, -0.6362],
							"size": [0.36719, 0.20563, 0.1175],
							"pivot": [4.94582, 19.95818, 0.09587],
							"rotation": [17.63481, 30.73448, 31.88226],
							"uv": {
								"north": {"uv": [510.5, 19], "uv_size": [0.5, 0.5]},
								"east": {"uv": [389.5, 141], "uv_size": [0.5, 0.5]},
								"south": {"uv": [510.5, 20], "uv_size": [0.5, 0.5]},
								"west": {"uv": [390.5, 141], "uv_size": [0.5, 0.5]},
								"up": {"uv": [510.5, 21], "uv_size": [0.5, 0.5]},
								"down": {"uv": [391.5, 141.5], "uv_size": [0.5, -0.5]}
							}
						},
						{
							"origin": [4.29285, 19.23093, -0.3406],
							"size": [0.705, 0.64625, 0.1175],
							"uv": {
								"north": {"uv": [510.5, 22], "uv_size": [0.5, 0.5]},
								"east": {"uv": [392.5, 141], "uv_size": [0.5, 0.5]},
								"south": {"uv": [510.5, 23], "uv_size": [0.5, 0.5]},
								"west": {"uv": [393.5, 141], "uv_size": [0.5, 0.5]},
								"up": {"uv": [510.5, 24], "uv_size": [0.5, 0.5]},
								"down": {"uv": [394.5, 141.5], "uv_size": [0.5, -0.5]}
							}
						}
					]
				},
				{
					"name": "RightArm",
					"parent": "Arm",
					"pivot": [-4.9, 30.65, 0]
				},
				{
					"name": "RightJie",
					"parent": "RightArm",
					"pivot": [-4.54765, 26.07146, 1.72927],
					"rotation": [0, 0, -15],
					"cubes": [
						{
							"origin": [-4.59357, 25.60935, 1.47768],
							"size": [0.34516, 0.94, 0.49938],
							"pivot": [-4.54216, 26.07935, 1.71268],
							"rotation": [11.4574, -0.99563, 4.90012],
							"uv": {
								"north": {"uv": [506.5, 63], "uv_size": [0.5, 1]},
								"east": {"uv": [433.5, 137], "uv_size": [0.5, 1]},
								"south": {"uv": [506.5, 64], "uv_size": [0.5, 1]},
								"west": {"uv": [434.5, 137], "uv_size": [0.5, 1]},
								"up": {"uv": [510.5, 25], "uv_size": [0.5, 0.5]},
								"down": {"uv": [395.5, 141.5], "uv_size": [0.5, -0.5]}
							}
						},
						{
							"origin": [-4.83591, 25.60935, 1.47768],
							"size": [0.32312, 0.94, 0.49938],
							"pivot": [-4.54216, 26.07935, 1.71268],
							"rotation": [11.4574, 0.99563, -4.90012],
							"uv": {
								"north": {"uv": [506.5, 65], "uv_size": [0.5, 1]},
								"east": {"uv": [435.5, 137], "uv_size": [0.5, 1]},
								"south": {"uv": [506.5, 66], "uv_size": [0.5, 1]},
								"west": {"uv": [436.5, 137], "uv_size": [0.5, 1]},
								"up": {"uv": [510.5, 26], "uv_size": [0.5, 0.5]},
								"down": {"uv": [396.5, 141.5], "uv_size": [0.5, -0.5]}
							}
						}
					]
				},
				{
					"name": "Dai5",
					"parent": "RightJie",
					"pivot": [-5.3654, 25.46525, 1.735],
					"rotation": [0, 0, -43],
					"cubes": [
						{
							"origin": [-5.19355, 25.23124, 1.9111],
							"size": [0.94, 0.64625, 0.1175],
							"pivot": [-5.3654, 25.46525, 1.735],
							"rotation": [0, 9, 0],
							"uv": {
								"north": {"uv": [506.5, 67], "uv_size": [1, 0.5]},
								"east": {"uv": [510.5, 27], "uv_size": [0.5, 0.5]},
								"south": {"uv": [437.5, 137], "uv_size": [1, 0.5]},
								"west": {"uv": [397.5, 141], "uv_size": [0.5, 0.5]},
								"up": {"uv": [506.5, 68], "uv_size": [1, 0.5]},
								"down": {"uv": [438.5, 137.5], "uv_size": [1, -0.5]}
							}
						},
						{
							"origin": [-5.19355, 25.23124, 1.4414],
							"size": [0.94, 0.47, 0.1175],
							"pivot": [-5.3654, 25.46525, 1.735],
							"rotation": [0, -9, 0],
							"uv": {
								"north": {"uv": [506.5, 69], "uv_size": [1, 0.5]},
								"east": {"uv": [510.5, 28], "uv_size": [0.5, 0.5]},
								"south": {"uv": [439.5, 137], "uv_size": [1, 0.5]},
								"west": {"uv": [398.5, 141], "uv_size": [0.5, 0.5]},
								"up": {"uv": [506.5, 70], "uv_size": [1, 0.5]},
								"down": {"uv": [440.5, 137.5], "uv_size": [1, -0.5]}
							}
						},
						{
							"origin": [-5.85474, 25.05499, 1.4719],
							"size": [0.705, 0.64625, 0.1175],
							"uv": {
								"north": {"uv": [510.5, 29], "uv_size": [0.5, 0.5]},
								"east": {"uv": [399.5, 141], "uv_size": [0.5, 0.5]},
								"south": {"uv": [510.5, 30], "uv_size": [0.5, 0.5]},
								"west": {"uv": [400.5, 141], "uv_size": [0.5, 0.5]},
								"up": {"uv": [510.5, 31], "uv_size": [0.5, 0.5]},
								"down": {"uv": [401.5, 141.5], "uv_size": [0.5, -0.5]}
							}
						},
						{
							"origin": [-6.05944, 25.35635, 1.23881],
							"size": [0.38922, 0.20563, 0.1175],
							"pivot": [-5.3654, 25.46525, 1.735],
							"rotation": [17.63481, 30.73448, 31.88226],
							"uv": {
								"north": {"uv": [510.5, 32], "uv_size": [0.5, 0.5]},
								"east": {"uv": [402.5, 141], "uv_size": [0.5, 0.5]},
								"south": {"uv": [510.5, 33], "uv_size": [0.5, 0.5]},
								"west": {"uv": [403.5, 141], "uv_size": [0.5, 0.5]},
								"up": {"uv": [510.5, 34], "uv_size": [0.5, 0.5]},
								"down": {"uv": [404.5, 141.5], "uv_size": [0.5, -0.5]}
							}
						},
						{
							"origin": [-6.02658, 25.23124, 2.11369],
							"size": [0.41125, 0.64625, 0.1175],
							"pivot": [-5.3654, 25.46525, 1.735],
							"rotation": [0, -35, 0],
							"uv": {
								"north": {"uv": [510.5, 35], "uv_size": [0.5, 0.5]},
								"east": {"uv": [405.5, 141], "uv_size": [0.5, 0.5]},
								"south": {"uv": [510.5, 36], "uv_size": [0.5, 0.5]},
								"west": {"uv": [406.5, 141], "uv_size": [0.5, 0.5]},
								"up": {"uv": [510.5, 37], "uv_size": [0.5, 0.5]},
								"down": {"uv": [407.5, 141.5], "uv_size": [0.5, -0.5]}
							}
						},
						{
							"origin": [-5.85474, 25.23124, 1.8806],
							"size": [0.705, 0.64625, 0.1175],
							"uv": {
								"north": {"uv": [510.5, 38], "uv_size": [0.5, 0.5]},
								"east": {"uv": [408.5, 141], "uv_size": [0.5, 0.5]},
								"south": {"uv": [510.5, 39], "uv_size": [0.5, 0.5]},
								"west": {"uv": [409.5, 141], "uv_size": [0.5, 0.5]},
								"up": {"uv": [510.5, 40], "uv_size": [0.5, 0.5]},
								"down": {"uv": [410.5, 141.5], "uv_size": [0.5, -0.5]}
							}
						},
						{
							"origin": [-6.03392, 25.23124, 1.23881],
							"size": [0.4186, 0.47, 0.11016],
							"pivot": [-5.3654, 25.46525, 1.735],
							"rotation": [0, 35, 0],
							"uv": {
								"north": {"uv": [510.5, 41], "uv_size": [0.5, 0.5]},
								"east": {"uv": [411.5, 141], "uv_size": [0.5, 0.5]},
								"south": {"uv": [510.5, 42], "uv_size": [0.5, 0.5]},
								"west": {"uv": [412.5, 141], "uv_size": [0.5, 0.5]},
								"up": {"uv": [510.5, 43], "uv_size": [0.5, 0.5]},
								"down": {"uv": [413.5, 141.5], "uv_size": [0.5, -0.5]}
							}
						},
						{
							"origin": [-5.85482, 24.95324, 1.23881],
							"size": [0.36719, 0.20563, 0.1175],
							"pivot": [-5.3654, 25.46525, 1.735],
							"rotation": [17.63481, 30.73448, 31.88226],
							"uv": {
								"north": {"uv": [510.5, 44], "uv_size": [0.5, 0.5]},
								"east": {"uv": [414.5, 141], "uv_size": [0.5, 0.5]},
								"south": {"uv": [510.5, 45], "uv_size": [0.5, 0.5]},
								"west": {"uv": [415.5, 141], "uv_size": [0.5, 0.5]},
								"up": {"uv": [510.5, 46], "uv_size": [0.5, 0.5]},
								"down": {"uv": [416.5, 141.5], "uv_size": [0.5, -0.5]}
							}
						},
						{
							"origin": [-5.70676, 25.06454, 1.23881],
							"size": [0.09547, 0.235, 0.11016],
							"pivot": [-5.3654, 25.46525, 1.735],
							"rotation": [0, 35, 0],
							"uv": {
								"north": {"uv": [510.5, 47], "uv_size": [0.5, 0.5]},
								"east": {"uv": [417.5, 141], "uv_size": [0.5, 0.5]},
								"south": {"uv": [510.5, 48], "uv_size": [0.5, 0.5]},
								"west": {"uv": [418.5, 141], "uv_size": [0.5, 0.5]},
								"up": {"uv": [510.5, 49], "uv_size": [0.5, 0.5]},
								"down": {"uv": [419.5, 141.5], "uv_size": [0.5, -0.5]}
							}
						},
						{
							"origin": [-5.2674, 25.03138, 1.4414],
							"size": [0.94, 0.235, 0.1175],
							"pivot": [-5.3654, 25.46525, 1.735],
							"rotation": [1.57542, -8.86216, -10.12209],
							"uv": {
								"north": {"uv": [506.5, 71], "uv_size": [1, 0.5]},
								"east": {"uv": [510.5, 50], "uv_size": [0.5, 0.5]},
								"south": {"uv": [441.5, 137], "uv_size": [1, 0.5]},
								"west": {"uv": [420.5, 141], "uv_size": [0.5, 0.5]},
								"up": {"uv": [506.5, 72], "uv_size": [1, 0.5]},
								"down": {"uv": [442.5, 137.5], "uv_size": [1, -0.5]}
							}
						}
					]
				},
				{
					"name": "Dai6",
					"parent": "RightJie",
					"pivot": [-4.10652, 25.98209, 1.63196],
					"rotation": [0, 0, 43],
					"cubes": [
						{
							"origin": [-4.54167, 25.68834, 1.54397],
							"size": [0.94, 0.47, 0.1175],
							"pivot": [-4.07167, 25.74709, 1.66147],
							"rotation": [0, 9, 0],
							"uv": {
								"north": {"uv": [506.5, 73], "uv_size": [1, 0.5]},
								"east": {"uv": [510.5, 51], "uv_size": [0.5, 0.5]},
								"south": {"uv": [443.5, 137], "uv_size": [1, 0.5]},
								"west": {"uv": [421.5, 141], "uv_size": [0.5, 0.5]},
								"up": {"uv": [506.5, 74], "uv_size": [1, 0.5]},
								"down": {"uv": [444.5, 137.5], "uv_size": [1, -0.5]}
							}
						},
						{
							"origin": [-4.52365, 25.59191, 1.54039],
							"size": [0.94, 0.235, 0.1175],
							"pivot": [-4.05365, 25.70941, 1.59914],
							"rotation": [1.57542, 8.86216, 10.12209],
							"uv": {
								"north": {"uv": [506.5, 75], "uv_size": [1, 0.5]},
								"east": {"uv": [510.5, 52], "uv_size": [0.5, 0.5]},
								"south": {"uv": [445.5, 137], "uv_size": [1, 0.5]},
								"west": {"uv": [422.5, 141], "uv_size": [0.5, 0.5]},
								"up": {"uv": [506.5, 76], "uv_size": [1, 0.5]},
								"down": {"uv": [446.5, 137.5], "uv_size": [1, -0.5]}
							}
						},
						{
							"origin": [-4.54167, 25.68834, 1.80852],
							"size": [0.94, 0.64625, 0.1175],
							"pivot": [-4.07167, 25.92334, 1.80852],
							"rotation": [0, -9, 0],
							"uv": {
								"north": {"uv": [506.5, 77], "uv_size": [1, 0.5]},
								"east": {"uv": [510.5, 53], "uv_size": [0.5, 0.5]},
								"south": {"uv": [447.5, 137], "uv_size": [1, 0.5]},
								"west": {"uv": [423.5, 141], "uv_size": [0.5, 0.5]},
								"up": {"uv": [506.5, 78], "uv_size": [1, 0.5]},
								"down": {"uv": [448.5, 137.5], "uv_size": [1, -0.5]}
							}
						},
						{
							"origin": [-3.62584, 25.68834, 1.8806],
							"size": [0.705, 0.64625, 0.1175],
							"uv": {
								"north": {"uv": [510.5, 54], "uv_size": [0.5, 0.5]},
								"east": {"uv": [424.5, 141], "uv_size": [0.5, 0.5]},
								"south": {"uv": [510.5, 55], "uv_size": [0.5, 0.5]},
								"west": {"uv": [425.5, 141], "uv_size": [0.5, 0.5]},
								"up": {"uv": [510.5, 56], "uv_size": [0.5, 0.5]},
								"down": {"uv": [426.5, 141.5], "uv_size": [0.5, -0.5]}
							}
						},
						{
							"origin": [-3.22096, 25.68834, 2.04411],
							"size": [0.41125, 0.64625, 0.1175],
							"pivot": [-3.33019, 26.20474, 1.60392],
							"rotation": [0, 35, 0],
							"uv": {
								"north": {"uv": [510.5, 57], "uv_size": [0.5, 0.5]},
								"east": {"uv": [427.5, 141], "uv_size": [0.5, 0.5]},
								"south": {"uv": [510.5, 58], "uv_size": [0.5, 0.5]},
								"west": {"uv": [428.5, 141], "uv_size": [0.5, 0.5]},
								"up": {"uv": [510.5, 59], "uv_size": [0.5, 0.5]},
								"down": {"uv": [429.5, 141.5], "uv_size": [0.5, -0.5]}
							}
						},
						{
							"origin": [-3.34307, 25.68834, 1.34689],
							"size": [0.4186, 0.47, 0.11016],
							"pivot": [-3.33019, 26.02849, 2.07896],
							"rotation": [0, -35, 0],
							"uv": {
								"north": {"uv": [510.5, 60], "uv_size": [0.5, 0.5]},
								"east": {"uv": [430.5, 141], "uv_size": [0.5, 0.5]},
								"south": {"uv": [510.5, 61], "uv_size": [0.5, 0.5]},
								"west": {"uv": [431.5, 141], "uv_size": [0.5, 0.5]},
								"up": {"uv": [510.5, 62], "uv_size": [0.5, 0.5]},
								"down": {"uv": [432.5, 141.5], "uv_size": [0.5, -0.5]}
							}
						},
						{
							"origin": [-3.34638, 25.52164, 1.34457],
							"size": [0.09547, 0.235, 0.11016],
							"pivot": [-3.3335, 26.2657, 2.07664],
							"rotation": [0, -35, 0],
							"uv": {
								"north": {"uv": [510.5, 63], "uv_size": [0.5, 0.5]},
								"east": {"uv": [433.5, 141], "uv_size": [0.5, 0.5]},
								"south": {"uv": [510.5, 64], "uv_size": [0.5, 0.5]},
								"west": {"uv": [434.5, 141], "uv_size": [0.5, 0.5]},
								"up": {"uv": [510.5, 65], "uv_size": [0.5, 0.5]},
								"down": {"uv": [435.5, 141.5], "uv_size": [0.5, -0.5]}
							}
						},
						{
							"origin": [-3.31416, 25.96129, 1.36713],
							"size": [0.38922, 0.20563, 0.1175],
							"pivot": [-3.30128, 26.03707, 2.0992],
							"rotation": [17.63481, -30.73448, -31.88226],
							"uv": {
								"north": {"uv": [510.5, 66], "uv_size": [0.5, 0.5]},
								"east": {"uv": [436.5, 141], "uv_size": [0.5, 0.5]},
								"south": {"uv": [510.5, 67], "uv_size": [0.5, 0.5]},
								"west": {"uv": [437.5, 141], "uv_size": [0.5, 0.5]},
								"up": {"uv": [510.5, 68], "uv_size": [0.5, 0.5]},
								"down": {"uv": [438.5, 141.5], "uv_size": [0.5, -0.5]}
							}
						},
						{
							"origin": [-3.56466, 25.42918, 1.1763],
							"size": [0.36719, 0.20563, 0.1175],
							"pivot": [-3.57381, 26.23934, 1.90837],
							"rotation": [17.63481, -30.73448, -31.88226],
							"uv": {
								"north": {"uv": [510.5, 69], "uv_size": [0.5, 0.5]},
								"east": {"uv": [439.5, 141], "uv_size": [0.5, 0.5]},
								"south": {"uv": [510.5, 70], "uv_size": [0.5, 0.5]},
								"west": {"uv": [440.5, 141], "uv_size": [0.5, 0.5]},
								"up": {"uv": [510.5, 71], "uv_size": [0.5, 0.5]},
								"down": {"uv": [441.5, 141.5], "uv_size": [0.5, -0.5]}
							}
						},
						{
							"origin": [-3.62584, 25.51209, 1.4719],
							"size": [0.705, 0.64625, 0.1175],
							"uv": {
								"north": {"uv": [510.5, 72], "uv_size": [0.5, 0.5]},
								"east": {"uv": [442.5, 141], "uv_size": [0.5, 0.5]},
								"south": {"uv": [510.5, 73], "uv_size": [0.5, 0.5]},
								"west": {"uv": [443.5, 141], "uv_size": [0.5, 0.5]},
								"up": {"uv": [510.5, 74], "uv_size": [0.5, 0.5]},
								"down": {"uv": [444.5, 141.5], "uv_size": [0.5, -0.5]}
							}
						}
					]
				},
				{
					"name": "RightLongDai",
					"parent": "RightArm",
					"pivot": [-4.40555, 25.87395, 1.453],
					"cubes": [
						{
							"origin": [-4.67106, 14.45047, 1.35268],
							"size": [0.53266, 11.94, 0.1875],
							"pivot": [-4.61965, 25.92047, 1.58768],
							"rotation": [0, 0, -19],
							"uv": {
								"north": {"uv": [463.5, 112], "uv_size": [0.5, 12]},
								"east": {"uv": [464.5, 112], "uv_size": [0.5, 12]},
								"south": {"uv": [468.5, 112], "uv_size": [0.5, 12]},
								"west": {"uv": [469.5, 112], "uv_size": [0.5, 12]},
								"up": {"uv": [510.5, 75], "uv_size": [0.5, 0.5]},
								"down": {"uv": [445.5, 141.5], "uv_size": [0.5, -0.5]}
							}
						},
						{
							"origin": [-3.32998, 13.56902, 1.72768],
							"size": [0.53266, 12.94, 0.1875],
							"pivot": [-3.43865, 21.03902, 1.44643],
							"rotation": [0, 0, -16],
							"uv": {
								"north": {"uv": [445.5, 111], "uv_size": [0.5, 13]},
								"east": {"uv": [448.5, 111], "uv_size": [0.5, 13]},
								"south": {"uv": [449.5, 111], "uv_size": [0.5, 13]},
								"west": {"uv": [450.5, 111], "uv_size": [0.5, 13]},
								"up": {"uv": [510.5, 76], "uv_size": [0.5, 0.5]},
								"down": {"uv": [446.5, 141.5], "uv_size": [0.5, -0.5]}
							}
						}
					]
				},
				{
					"name": "JinSanJiao3",
					"parent": "RightLongDai",
					"pivot": [-4.35817, 25.21683, 1.58768],
					"cubes": [
						{
							"origin": [-0.81186, 14.41663, 1.35268],
							"size": [0.375, 0.5, 0.1875],
							"pivot": [-0.62711, 14.86984, 1.44643],
							"rotation": [0, 0, 5],
							"uv": {
								"north": {"uv": [510.5, 77], "uv_size": [0.5, 0.5]},
								"east": {"uv": [447.5, 141], "uv_size": [0.5, 0.5]},
								"south": {"uv": [510.5, 78], "uv_size": [0.5, 0.5]},
								"west": {"uv": [448.5, 141], "uv_size": [0.5, 0.5]},
								"up": {"uv": [510.5, 79], "uv_size": [0.5, 0.5]},
								"down": {"uv": [449.5, 141.5], "uv_size": [0.5, -0.5]}
							}
						},
						{
							"origin": [-0.81186, 14.91663, 1.35268],
							"size": [0.1875, 0.1875, 0.1875],
							"pivot": [-0.62711, 14.86984, 1.44643],
							"rotation": [0, 0, 5],
							"uv": {
								"north": {"uv": [510.5, 80], "uv_size": [0.5, 0.5]},
								"east": {"uv": [450.5, 141], "uv_size": [0.5, 0.5]},
								"south": {"uv": [510.5, 81], "uv_size": [0.5, 0.5]},
								"west": {"uv": [451.5, 141], "uv_size": [0.5, 0.5]},
								"up": {"uv": [510.5, 82], "uv_size": [0.5, 0.5]},
								"down": {"uv": [452.5, 141.5], "uv_size": [0.5, -0.5]}
							}
						},
						{
							"origin": [-0.71064, 14.96879, 1.35268],
							"size": [0.1803, 0.1875, 0.1875],
							"pivot": [-0.62711, 14.86984, 1.44643],
							"rotation": [0, 0, -17],
							"uv": {
								"north": {"uv": [510.5, 83], "uv_size": [0.5, 0.5]},
								"east": {"uv": [453.5, 141], "uv_size": [0.5, 0.5]},
								"south": {"uv": [510.5, 84], "uv_size": [0.5, 0.5]},
								"west": {"uv": [454.5, 141], "uv_size": [0.5, 0.5]},
								"up": {"uv": [510.5, 85], "uv_size": [0.5, 0.5]},
								"down": {"uv": [455.5, 141.5], "uv_size": [0.5, -0.5]}
							}
						},
						{
							"origin": [-0.80508, 14.41168, 1.35268],
							"size": [0.375, 0.5, 0.1875],
							"pivot": [-0.62711, 14.86984, 1.44643],
							"rotation": [0, 0, -39],
							"uv": {
								"north": {"uv": [510.5, 86], "uv_size": [0.5, 0.5]},
								"east": {"uv": [456.5, 141], "uv_size": [0.5, 0.5]},
								"south": {"uv": [510.5, 87], "uv_size": [0.5, 0.5]},
								"west": {"uv": [457.5, 141], "uv_size": [0.5, 0.5]},
								"up": {"uv": [510.5, 88], "uv_size": [0.5, 0.5]},
								"down": {"uv": [458.5, 141.5], "uv_size": [0.5, -0.5]}
							}
						},
						{
							"origin": [-0.61758, 14.91168, 1.35268],
							"size": [0.1875, 0.1875, 0.1875],
							"pivot": [-0.62711, 14.86984, 1.44643],
							"rotation": [0, 0, -39],
							"uv": {
								"north": {"uv": [510.5, 89], "uv_size": [0.5, 0.5]},
								"east": {"uv": [459.5, 141], "uv_size": [0.5, 0.5]},
								"south": {"uv": [510.5, 90], "uv_size": [0.5, 0.5]},
								"west": {"uv": [460.5, 141], "uv_size": [0.5, 0.5]},
								"up": {"uv": [510.5, 91], "uv_size": [0.5, 0.5]},
								"down": {"uv": [461.5, 141.5], "uv_size": [0.5, -0.5]}
							}
						}
					]
				},
				{
					"name": "JinSanJiao4",
					"parent": "RightLongDai",
					"pivot": [-4.70301, 24.05332, 1.58768],
					"cubes": [
						{
							"origin": [-1.14404, 13.23447, 1.72768],
							"size": [0.375, 0.5, 0.1875],
							"pivot": [-0.95928, 13.68767, 1.82143],
							"rotation": [0, 0, 5],
							"uv": {
								"north": {"uv": [510.5, 92], "uv_size": [0.5, 0.5]},
								"east": {"uv": [462.5, 141], "uv_size": [0.5, 0.5]},
								"south": {"uv": [510.5, 93], "uv_size": [0.5, 0.5]},
								"west": {"uv": [463.5, 141], "uv_size": [0.5, 0.5]},
								"up": {"uv": [510.5, 94], "uv_size": [0.5, 0.5]},
								"down": {"uv": [464.5, 141.5], "uv_size": [0.5, -0.5]}
							}
						},
						{
							"origin": [-1.14404, 13.73447, 1.72768],
							"size": [0.1875, 0.1875, 0.1875],
							"pivot": [-0.95928, 13.68767, 1.82143],
							"rotation": [0, 0, 5],
							"uv": {
								"north": {"uv": [510.5, 95], "uv_size": [0.5, 0.5]},
								"east": {"uv": [465.5, 141], "uv_size": [0.5, 0.5]},
								"south": {"uv": [510.5, 96], "uv_size": [0.5, 0.5]},
								"west": {"uv": [466.5, 141], "uv_size": [0.5, 0.5]},
								"up": {"uv": [510.5, 97], "uv_size": [0.5, 0.5]},
								"down": {"uv": [467.5, 141.5], "uv_size": [0.5, -0.5]}
							}
						},
						{
							"origin": [-1.04281, 13.78662, 1.72768],
							"size": [0.1803, 0.1875, 0.1875],
							"pivot": [-0.95928, 13.68767, 1.82143],
							"rotation": [0, 0, -17],
							"uv": {
								"north": {"uv": [510.5, 98], "uv_size": [0.5, 0.5]},
								"east": {"uv": [468.5, 141], "uv_size": [0.5, 0.5]},
								"south": {"uv": [510.5, 99], "uv_size": [0.5, 0.5]},
								"west": {"uv": [469.5, 141], "uv_size": [0.5, 0.5]},
								"up": {"uv": [510.5, 100], "uv_size": [0.5, 0.5]},
								"down": {"uv": [470.5, 141.5], "uv_size": [0.5, -0.5]}
							}
						},
						{
							"origin": [-1.13725, 13.22951, 1.72768],
							"size": [0.375, 0.5, 0.1875],
							"pivot": [-0.95928, 13.68767, 1.82143],
							"rotation": [0, 0, -39],
							"uv": {
								"north": {"uv": [510.5, 101], "uv_size": [0.5, 0.5]},
								"east": {"uv": [471.5, 141], "uv_size": [0.5, 0.5]},
								"south": {"uv": [510.5, 102], "uv_size": [0.5, 0.5]},
								"west": {"uv": [472.5, 141], "uv_size": [0.5, 0.5]},
								"up": {"uv": [510.5, 103], "uv_size": [0.5, 0.5]},
								"down": {"uv": [473.5, 141.5], "uv_size": [0.5, -0.5]}
							}
						},
						{
							"origin": [-0.94975, 13.72951, 1.72768],
							"size": [0.1875, 0.1875, 0.1875],
							"pivot": [-0.95928, 13.68767, 1.82143],
							"rotation": [0, 0, -39],
							"uv": {
								"north": {"uv": [510.5, 104], "uv_size": [0.5, 0.5]},
								"east": {"uv": [474.5, 141], "uv_size": [0.5, 0.5]},
								"south": {"uv": [510.5, 105], "uv_size": [0.5, 0.5]},
								"west": {"uv": [475.5, 141], "uv_size": [0.5, 0.5]},
								"up": {"uv": [510.5, 106], "uv_size": [0.5, 0.5]},
								"down": {"uv": [476.5, 141.5], "uv_size": [0.5, -0.5]}
							}
						}
					]
				},
				{
					"name": "RightArmelse",
					"parent": "RightArm",
					"pivot": [-4.9, 30.65, 0],
					"cubes": [
						{
							"origin": [-5.75624, 24.37512, -1.525],
							"size": [2.5, 6.75, 3],
							"uv": {
								"north": {"uv": [463.5, 7], "uv_size": [2.5, 7]},
								"east": {"uv": [457.5, 16], "uv_size": [3, 7]},
								"south": {"uv": [408.5, 94], "uv_size": [2.5, 7]},
								"west": {"uv": [411.5, 88], "uv_size": [3, 7]},
								"up": {"uv": [437.5, 108], "uv_size": [2.5, 3]},
								"down": {"uv": [477.5, 73], "uv_size": [2.5, -3]}
							}
						},
						{
							"origin": [-5.55624, 23.97512, -1.125],
							"size": [2.05, 2, 2.2],
							"uv": {
								"north": {"uv": [420.5, 118], "uv_size": [2, 2]},
								"east": {"uv": [425.5, 118], "uv_size": [2, 2]},
								"south": {"uv": [487.5, 64], "uv_size": [2, 2]},
								"west": {"uv": [487.5, 66], "uv_size": [2, 2]},
								"up": {"uv": [487.5, 68], "uv_size": [2, 2]},
								"down": {"uv": [487.5, 72], "uv_size": [2, -2]}
							}
						},
						{
							"origin": [-5.58437, 23.6095, -1.22812],
							"size": [2.09375, 0.76563, 2.40625],
							"uv": {
								"north": {"uv": [494.5, 94], "uv_size": [2, 1]},
								"east": {"uv": [492.5, 37], "uv_size": [2.5, 1]},
								"south": {"uv": [494.5, 95], "uv_size": [2, 1]},
								"west": {"uv": [492.5, 38], "uv_size": [2.5, 1]},
								"up": {"uv": [446.5, 116], "uv_size": [2, 2.5]},
								"down": {"uv": [485.5, 83.5], "uv_size": [2, -2.5]}
							}
						},
						{
							"origin": [-5.77187, 24.3595, -1.54062],
							"size": [2.53125, 4.01563, 3.03125],
							"uv": {
								"north": {"uv": [457.5, 104], "uv_size": [2.5, 4]},
								"east": {"uv": [375.5, 100], "uv_size": [3, 4]},
								"south": {"uv": [460.5, 104], "uv_size": [2.5, 4]},
								"west": {"uv": [469.5, 8], "uv_size": [3, 4]},
								"up": {"uv": [440.5, 108], "uv_size": [2.5, 3]},
								"down": {"uv": [477.5, 76], "uv_size": [2.5, -3]}
							}
						},
						{
							"origin": [-5.78749, 26.87512, -1.57187],
							"size": [2.5625, 0.5, 3.07813],
							"uv": {
								"north": {"uv": [498.5, 34], "uv_size": [2.5, 0.5]},
								"east": {"uv": [487.5, 127], "uv_size": [3, 0.5]},
								"south": {"uv": [498.5, 35], "uv_size": [2.5, 0.5]},
								"west": {"uv": [491.5, 127], "uv_size": [3, 0.5]},
								"up": {"uv": [443.5, 108], "uv_size": [2.5, 3]},
								"down": {"uv": [448.5, 111], "uv_size": [2.5, -3]}
							}
						},
						{
							"origin": [-5.77187, 28.37512, -1.54062],
							"size": [2.53125, 0.5, 3.03125],
							"uv": {
								"north": {"uv": [498.5, 36], "uv_size": [2.5, 0.5]},
								"east": {"uv": [496.5, 124], "uv_size": [3, 0.5]},
								"south": {"uv": [498.5, 37], "uv_size": [2.5, 0.5]},
								"west": {"uv": [494.5, 127], "uv_size": [3, 0.5]},
								"up": {"uv": [477.5, 84], "uv_size": [2.5, 3]},
								"down": {"uv": [455.5, 111], "uv_size": [2.5, -3]}
							}
						},
						{
							"origin": [-5.75624, 26.12512, -1.55625],
							"size": [2.5, 0.5, 3.0625],
							"inflate": 0.002,
							"pivot": [-4.50624, 26.37512, -0.025],
							"rotation": [0, 0, -34],
							"uv": {
								"north": {"uv": [408.5, 129], "uv_size": [2.5, 0.5]},
								"east": {"uv": [496.5, 125], "uv_size": [3, 0.5]},
								"south": {"uv": [498.5, 43], "uv_size": [2.5, 0.5]},
								"west": {"uv": [496.5, 126], "uv_size": [3, 0.5]},
								"up": {"uv": [477.5, 87], "uv_size": [2.5, 3]},
								"down": {"uv": [458.5, 111], "uv_size": [2.5, -3]}
							}
						},
						{
							"origin": [-5.78749, 25.37512, -1.57187],
							"size": [2.5625, 0.5, 3.07813],
							"uv": {
								"north": {"uv": [498.5, 44], "uv_size": [2.5, 0.5]},
								"east": {"uv": [369.5, 128], "uv_size": [3, 0.5]},
								"south": {"uv": [498.5, 45], "uv_size": [2.5, 0.5]},
								"west": {"uv": [497.5, 0], "uv_size": [3, 0.5]},
								"up": {"uv": [465.5, 108], "uv_size": [2.5, 3]},
								"down": {"uv": [470.5, 111], "uv_size": [2.5, -3]}
							}
						}
					]
				},
				{
					"name": "RightForeArm",
					"parent": "RightArm",
					"pivot": [-4.5, 24, 0]
				},
				{
					"name": "LFAelse2",
					"parent": "RightForeArm",
					"pivot": [-4.5, 24, 1],
					"cubes": [
						{
							"origin": [-5.75624, 16.62512, -1.525],
							"size": [2.5, 7.76563, 3],
							"uv": {
								"north": {"uv": [393.5, 93], "uv_size": [2.5, 8]},
								"east": {"uv": [384.5, 83], "uv_size": [3, 8]},
								"south": {"uv": [396.5, 93], "uv_size": [2.5, 8]},
								"west": {"uv": [387.5, 83], "uv_size": [3, 8]},
								"up": {"uv": [473.5, 108], "uv_size": [2.5, 3]},
								"down": {"uv": [476.5, 111], "uv_size": [2.5, -3]}
							}
						},
						{
							"origin": [-5.77187, 18.37512, -1.54062],
							"size": [2.53125, 6.0625, 3.03125],
							"uv": {
								"north": {"uv": [380.5, 97], "uv_size": [2.5, 6]},
								"east": {"uv": [452.5, 93], "uv_size": [3, 6]},
								"south": {"uv": [405.5, 97], "uv_size": [2.5, 6]},
								"west": {"uv": [462.5, 85], "uv_size": [3, 6]},
								"up": {"uv": [478.5, 78], "uv_size": [2.5, 3]},
								"down": {"uv": [478.5, 97], "uv_size": [2.5, -3]}
							}
						},
						{
							"origin": [-5.77187, 17.69191, -1.57068],
							"size": [0.26563, 1.78126, 1],
							"inflate": 0.001,
							"pivot": [-4.50624, 18.95753, -0.57068],
							"rotation": [58, 0, 0],
							"uv": {
								"north": {"uv": [375.5, 133], "uv_size": [0.5, 2]},
								"east": {"uv": [465.5, 125], "uv_size": [1, 2]},
								"south": {"uv": [502.5, 6], "uv_size": [0.5, 2]},
								"west": {"uv": [494.5, 96], "uv_size": [1, 2]},
								"up": {"uv": [506.5, 79], "uv_size": [0.5, 1]},
								"down": {"uv": [449.5, 138], "uv_size": [0.5, -1]}
							}
						},
						{
							"origin": [-5.77187, 16.84386, 0.0506],
							"size": [0.26563, 1.78126, 1],
							"inflate": 0.001,
							"pivot": [-4.50624, 18.10948, 1.0506],
							"rotation": [-58, 0, 0],
							"uv": {
								"north": {"uv": [376.5, 133], "uv_size": [0.5, 2]},
								"east": {"uv": [466.5, 125], "uv_size": [1, 2]},
								"south": {"uv": [377.5, 133], "uv_size": [0.5, 2]},
								"west": {"uv": [467.5, 125], "uv_size": [1, 2]},
								"up": {"uv": [506.5, 80], "uv_size": [0.5, 1]},
								"down": {"uv": [450.5, 138], "uv_size": [0.5, -1]}
							}
						}
					]
				},
				{
					"name": "RightHand",
					"parent": "RightForeArm",
					"pivot": [-4.45, 16.5, 0]
				},
				{
					"name": "RightHandLocator",
					"parent": "RightHand",
					"pivot": [-4.45, 16.5, 0.55]
				},
				{
					"name": "BladeLocator",
					"parent": "RightHand",
					"pivot": [-4.45, 16.5, 0.55]
				}
			]
		}
	]
}